block,isa,kind,op,mnemonic,lanes,work_units,median_cyc_per_insn,median_cyc_per_coeff,samples,cpu_hz,timer,hz_source,source
1,neon,lat,add,add,8,65536,2.00140381,0.25017548,1000,4510000000.0,CLOCK_UPTIME_RAW,advertised-pcore-max:Apple-M4-Pro/Max,block-01.csv
1,neon,tp,add,add,8,65536,0.24945068,0.03118134,1000,4510000000.0,CLOCK_UPTIME_RAW,advertised-pcore-max:Apple-M4-Pro/Max,block-01.csv
1,sve,lat,add,add,32,65536,3.42076111,0.10689878,1000,4510000000.0,CLOCK_UPTIME_RAW,advertised-pcore-max:Apple-M4-Pro/Max,block-01.csv
1,sve,tp,add,add,32,65536,1.42216492,0.04444265,1000,4510000000.0,CLOCK_UPTIME_RAW,advertised-pcore-max:Apple-M4-Pro/Max,block-01.csv
1,neon,lat,sub,sub,8,65536,1.99858093,0.24982262,1000,4510000000.0,CLOCK_UPTIME_RAW,advertised-pcore-max:Apple-M4-Pro/Max,block-01.csv
1,neon,tp,sub,sub,8,65536,0.24945068,0.03118134,1000,4510000000.0,CLOCK_UPTIME_RAW,advertised-pcore-max:Apple-M4-Pro/Max,block-01.csv
1,sve,lat,sub,sub,32,65536,3.42082214,0.10690069,1000,4510000000.0,CLOCK_UPTIME_RAW,advertised-pcore-max:Apple-M4-Pro/Max,block-01.csv
1,sve,tp,sub,sub,32,65536,1.42216492,0.04444265,1000,4510000000.0,CLOCK_UPTIME_RAW,advertised-pcore-max:Apple-M4-Pro/Max,block-01.csv
1,neon,lat,mul,mul,8,65536,2.99925232,0.37490654,1000,4510000000.0,CLOCK_UPTIME_RAW,advertised-pcore-max:Apple-M4-Pro/Max,block-01.csv
1,neon,tp,mul,mul,8,65536,0.24945068,0.03118134,1000,4510000000.0,CLOCK_UPTIME_RAW,advertised-pcore-max:Apple-M4-Pro/Max,block-01.csv
1,sve,lat,mul,mul,32,65536,9.14125061,0.28566408,1000,4510000000.0,CLOCK_UPTIME_RAW,advertised-pcore-max:Apple-M4-Pro/Max,block-01.csv
1,sve,tp,mul,mul,32,65536,4.56195068,0.14256096,1000,4510000000.0,CLOCK_UPTIME_RAW,advertised-pcore-max:Apple-M4-Pro/Max,block-01.csv
1,neon,lat,sqrdmulh,sqrdmulh,8,65536,2.99931335,0.37491417,1000,4510000000.0,CLOCK_UPTIME_RAW,advertised-pcore-max:Apple-M4-Pro/Max,block-01.csv
1,neon,tp,sqrdmulh,sqrdmulh,8,65536,0.24945068,0.03118134,1000,4510000000.0,CLOCK_UPTIME_RAW,advertised-pcore-max:Apple-M4-Pro/Max,block-01.csv
1,sve,lat,sqrdmulh,sqrdmulh,32,65536,9.14125061,0.28566408,1000,4510000000.0,CLOCK_UPTIME_RAW,advertised-pcore-max:Apple-M4-Pro/Max,block-01.csv
1,sve,tp,sqrdmulh,sqrdmulh,32,65536,4.55912781,0.14247274,1000,4510000000.0,CLOCK_UPTIME_RAW,advertised-pcore-max:Apple-M4-Pro/Max,block-01.csv
1,neon,lat,mls,mls,8,65536,2.99925232,0.37490654,1000,4510000000.0,CLOCK_UPTIME_RAW,advertised-pcore-max:Apple-M4-Pro/Max,block-01.csv
1,neon,tp,mls,mls,8,65536,0.4329834,0.05412292,1000,4510000000.0,CLOCK_UPTIME_RAW,advertised-pcore-max:Apple-M4-Pro/Max,block-01.csv
1,sve,lat,mls,mls,32,65536,9.14117432,0.2856617,1000,4510000000.0,CLOCK_UPTIME_RAW,advertised-pcore-max:Apple-M4-Pro/Max,block-01.csv
1,sve,tp,mls,mls,32,65536,4.55912781,0.14247274,1000,4510000000.0,CLOCK_UPTIME_RAW,advertised-pcore-max:Apple-M4-Pro/Max,block-01.csv
1,neon,lat,smull,smull,4,65536,2.99925232,0.74981308,1000,4510000000.0,CLOCK_UPTIME_RAW,advertised-pcore-max:Apple-M4-Pro/Max,block-01.csv
1,neon,tp,smull,smull,4,65536,0.24945068,0.06236267,1000,4510000000.0,CLOCK_UPTIME_RAW,advertised-pcore-max:Apple-M4-Pro/Max,block-01.csv
1,sve,lat,smull,smullb,16,65536,9.14117432,0.57132339,1000,4510000000.0,CLOCK_UPTIME_RAW,advertised-pcore-max:Apple-M4-Pro/Max,block-01.csv
1,sve,tp,smull,smullb,16,65536,4.55912781,0.28494549,1000,4510000000.0,CLOCK_UPTIME_RAW,advertised-pcore-max:Apple-M4-Pro/Max,block-01.csv
1,neon,lat,smlsl,smlsl,4,65536,2.99925232,0.74981308,1000,4510000000.0,CLOCK_UPTIME_RAW,advertised-pcore-max:Apple-M4-Pro/Max,block-01.csv
1,neon,tp,smlsl,smlsl,4,65536,0.4329834,0.10824585,1000,4510000000.0,CLOCK_UPTIME_RAW,advertised-pcore-max:Apple-M4-Pro/Max,block-01.csv
1,sve,lat,smlsl,smlslb,16,65536,9.14407349,0.57150459,1000,4510000000.0,CLOCK_UPTIME_RAW,advertised-pcore-max:Apple-M4-Pro/Max,block-01.csv
1,sve,tp,smlsl,smlslb,16,65536,4.55912781,0.28494549,1000,4510000000.0,CLOCK_UPTIME_RAW,advertised-pcore-max:Apple-M4-Pro/Max,block-01.csv
1,neon,lat,zip,zip1,8,65536,1.99858093,0.24982262,1000,4510000000.0,CLOCK_UPTIME_RAW,advertised-pcore-max:Apple-M4-Pro/Max,block-01.csv
1,neon,tp,zip,zip1,8,65536,0.24945068,0.03118134,1000,4510000000.0,CLOCK_UPTIME_RAW,advertised-pcore-max:Apple-M4-Pro/Max,block-01.csv
1,sve,lat,zip,zip1,32,65536,3.42076111,0.10689878,1000,4510000000.0,CLOCK_UPTIME_RAW,advertised-pcore-max:Apple-M4-Pro/Max,block-01.csv
1,sve,tp,zip,zip1,32,65536,1.42216492,0.04444265,1000,4510000000.0,CLOCK_UPTIME_RAW,advertised-pcore-max:Apple-M4-Pro/Max,block-01.csv
1,neon,lat,trn,trn1,8,65536,1.99858093,0.24982262,1000,4510000000.0,CLOCK_UPTIME_RAW,advertised-pcore-max:Apple-M4-Pro/Max,block-01.csv
1,neon,tp,trn,trn1,8,65536,0.24945068,0.03118134,1000,4510000000.0,CLOCK_UPTIME_RAW,advertised-pcore-max:Apple-M4-Pro/Max,block-01.csv
1,sve,lat,trn,trn1,32,65536,3.42076111,0.10689878,1000,4510000000.0,CLOCK_UPTIME_RAW,advertised-pcore-max:Apple-M4-Pro/Max,block-01.csv
1,sve,tp,trn,trn1,32,65536,1.42216492,0.04444265,1000,4510000000.0,CLOCK_UPTIME_RAW,advertised-pcore-max:Apple-M4-Pro/Max,block-01.csv
1,neon,lat,uzp,uzp1,8,65536,1.99858093,0.24982262,1000,4510000000.0,CLOCK_UPTIME_RAW,advertised-pcore-max:Apple-M4-Pro/Max,block-01.csv
1,neon,tp,uzp,uzp1,8,65536,0.24945068,0.03118134,1000,4510000000.0,CLOCK_UPTIME_RAW,advertised-pcore-max:Apple-M4-Pro/Max,block-01.csv
1,sve,lat,uzp,uzp1,32,65536,3.42076111,0.10689878,1000,4510000000.0,CLOCK_UPTIME_RAW,advertised-pcore-max:Apple-M4-Pro/Max,block-01.csv
1,sve,tp,uzp,uzp1,32,65536,1.42216492,0.04444265,1000,4510000000.0,CLOCK_UPTIME_RAW,advertised-pcore-max:Apple-M4-Pro/Max,block-01.csv
1,neon,lat,ld1,ld1,8,65536,0.38420105,0.04802513,1000,4510000000.0,CLOCK_UPTIME_RAW,advertised-pcore-max:Apple-M4-Pro/Max,block-01.csv
1,neon,tp,ld1,ld1,8,65536,0.33265686,0.04158211,1000,4510000000.0,CLOCK_UPTIME_RAW,advertised-pcore-max:Apple-M4-Pro/Max,block-01.csv
1,sve,lat,ld1,ld1h,32,65536,2.64656067,0.08270502,1000,4510000000.0,CLOCK_UPTIME_RAW,advertised-pcore-max:Apple-M4-Pro/Max,block-01.csv
1,sve,tp,ld1,ld1h,32,65536,2.64656067,0.08270502,1000,4510000000.0,CLOCK_UPTIME_RAW,advertised-pcore-max:Apple-M4-Pro/Max,block-01.csv
1,neon,lat,ld2,ld2,16,65536,1.00073242,0.06254578,1000,4510000000.0,CLOCK_UPTIME_RAW,advertised-pcore-max:Apple-M4-Pro/Max,block-01.csv
1,neon,tp,ld2,ld2,16,65536,1.00073242,0.06254578,1000,4510000000.0,CLOCK_UPTIME_RAW,advertised-pcore-max:Apple-M4-Pro/Max,block-01.csv
1,sve,lat,ld2,ld2h,64,65536,4.94332886,0.07723951,1000,4510000000.0,CLOCK_UPTIME_RAW,advertised-pcore-max:Apple-M4-Pro/Max,block-01.csv
1,sve,tp,ld2,ld2h,64,65536,4.94332886,0.07723951,1000,4510000000.0,CLOCK_UPTIME_RAW,advertised-pcore-max:Apple-M4-Pro/Max,block-01.csv
1,neon,lat,st1,st1,8,65536,0.57344055,0.07168007,1000,4510000000.0,CLOCK_UPTIME_RAW,advertised-pcore-max:Apple-M4-Pro/Max,block-01.csv
1,neon,tp,st1,st1,8,65536,0.49891663,0.06236458,1000,4510000000.0,CLOCK_UPTIME_RAW,advertised-pcore-max:Apple-M4-Pro/Max,block-01.csv
1,sve,lat,st1,st1h,32,65536,8.1892395,0.25591373,1000,4510000000.0,CLOCK_UPTIME_RAW,advertised-pcore-max:Apple-M4-Pro/Max,block-01.csv
1,sve,tp,st1,st1h,32,65536,8.14910889,0.25465965,1000,4510000000.0,CLOCK_UPTIME_RAW,advertised-pcore-max:Apple-M4-Pro/Max,block-01.csv
1,sve,lat,mova_h,mova h-store,32,65536,2.63803101,0.08243847,1000,4510000000.0,CLOCK_UPTIME_RAW,advertised-pcore-max:Apple-M4-Pro/Max,block-01.csv
1,sve,tp,mova_h,mova h-store,32,65536,1.42216492,0.04444265,1000,4510000000.0,CLOCK_UPTIME_RAW,advertised-pcore-max:Apple-M4-Pro/Max,block-01.csv
1,sve,lat,mova_v,mova v-load,32,65536,18.31394958,0.57231092,1000,4510000000.0,CLOCK_UPTIME_RAW,advertised-pcore-max:Apple-M4-Pro/Max,block-01.csv
1,sve,tp,mova_v,mova v-load,32,65536,4.55912781,0.14247274,1000,4510000000.0,CLOCK_UPTIME_RAW,advertised-pcore-max:Apple-M4-Pro/Max,block-01.csv
1,sve,tp,mode_switch,smstart+smstop,0,2048,51.47509766,0.0,1000,4510000000.0,CLOCK_UPTIME_RAW,advertised-pcore-max:Apple-M4-Pro/Max,block-01.csv
2,neon,lat,add,add,8,65536,2.00428772,0.25053596,1000,4510000000.0,CLOCK_UPTIME_RAW,advertised-pcore-max:Apple-M4-Pro/Max,block-02.csv
2,neon,tp,add,add,8,65536,0.28675842,0.0358448,1000,4510000000.0,CLOCK_UPTIME_RAW,advertised-pcore-max:Apple-M4-Pro/Max,block-02.csv
2,sve,lat,add,add,32,65536,3.57276917,0.11164904,1000,4510000000.0,CLOCK_UPTIME_RAW,advertised-pcore-max:Apple-M4-Pro/Max,block-02.csv
2,sve,tp,add,add,32,65536,1.42216492,0.04444265,1000,4510000000.0,CLOCK_UPTIME_RAW,advertised-pcore-max:Apple-M4-Pro/Max,block-02.csv
2,neon,lat,sub,sub,8,65536,2.00140381,0.25017548,1000,4510000000.0,CLOCK_UPTIME_RAW,advertised-pcore-max:Apple-M4-Pro/Max,block-02.csv
2,neon,tp,sub,sub,8,65536,0.24945068,0.03118134,1000,4510000000.0,CLOCK_UPTIME_RAW,advertised-pcore-max:Apple-M4-Pro/Max,block-02.csv
2,sve,lat,sub,sub,32,65536,3.42076111,0.10689878,1000,4510000000.0,CLOCK_UPTIME_RAW,advertised-pcore-max:Apple-M4-Pro/Max,block-02.csv
2,sve,tp,sub,sub,32,65536,1.42216492,0.04444265,1000,4510000000.0,CLOCK_UPTIME_RAW,advertised-pcore-max:Apple-M4-Pro/Max,block-02.csv
2,neon,lat,mul,mul,8,65536,2.99925232,0.37490654,1000,4510000000.0,CLOCK_UPTIME_RAW,advertised-pcore-max:Apple-M4-Pro/Max,block-02.csv
2,neon,tp,mul,mul,8,65536,0.24945068,0.03118134,1000,4510000000.0,CLOCK_UPTIME_RAW,advertised-pcore-max:Apple-M4-Pro/Max,block-02.csv
2,sve,lat,mul,mul,32,65536,9.14125061,0.28566408,1000,4510000000.0,CLOCK_UPTIME_RAW,advertised-pcore-max:Apple-M4-Pro/Max,block-02.csv
2,sve,tp,mul,mul,32,65536,4.56195068,0.14256096,1000,4510000000.0,CLOCK_UPTIME_RAW,advertised-pcore-max:Apple-M4-Pro/Max,block-02.csv
2,neon,lat,sqrdmulh,sqrdmulh,8,65536,2.99925232,0.37490654,1000,4510000000.0,CLOCK_UPTIME_RAW,advertised-pcore-max:Apple-M4-Pro/Max,block-02.csv
2,neon,tp,sqrdmulh,sqrdmulh,8,65536,0.24945068,0.03118134,1000,4510000000.0,CLOCK_UPTIME_RAW,advertised-pcore-max:Apple-M4-Pro/Max,block-02.csv
2,sve,lat,sqrdmulh,sqrdmulh,32,65536,9.14407349,0.2857523,1000,4510000000.0,CLOCK_UPTIME_RAW,advertised-pcore-max:Apple-M4-Pro/Max,block-02.csv
2,sve,tp,sqrdmulh,sqrdmulh,32,65536,4.76269531,0.14883423,1000,4510000000.0,CLOCK_UPTIME_RAW,advertised-pcore-max:Apple-M4-Pro/Max,block-02.csv
2,neon,lat,mls,mls,8,65536,2.99925232,0.37490654,1000,4510000000.0,CLOCK_UPTIME_RAW,advertised-pcore-max:Apple-M4-Pro/Max,block-02.csv
2,neon,tp,mls,mls,8,65536,0.4329834,0.05412292,1000,4510000000.0,CLOCK_UPTIME_RAW,advertised-pcore-max:Apple-M4-Pro/Max,block-02.csv
2,sve,lat,mls,mls,32,65536,9.14407349,0.2857523,1000,4510000000.0,CLOCK_UPTIME_RAW,advertised-pcore-max:Apple-M4-Pro/Max,block-02.csv
2,sve,tp,mls,mls,32,65536,4.55912781,0.14247274,1000,4510000000.0,CLOCK_UPTIME_RAW,advertised-pcore-max:Apple-M4-Pro/Max,block-02.csv
2,neon,lat,smull,smull,4,65536,2.99925232,0.74981308,1000,4510000000.0,CLOCK_UPTIME_RAW,advertised-pcore-max:Apple-M4-Pro/Max,block-02.csv
2,neon,tp,smull,smull,4,65536,0.24945068,0.06236267,1000,4510000000.0,CLOCK_UPTIME_RAW,advertised-pcore-max:Apple-M4-Pro/Max,block-02.csv
2,sve,lat,smull,smullb,16,65536,9.14117432,0.57132339,1000,4510000000.0,CLOCK_UPTIME_RAW,advertised-pcore-max:Apple-M4-Pro/Max,block-02.csv
2,sve,tp,smull,smullb,16,65536,4.55912781,0.28494549,1000,4510000000.0,CLOCK_UPTIME_RAW,advertised-pcore-max:Apple-M4-Pro/Max,block-02.csv
2,neon,lat,smlsl,smlsl,4,65536,2.99925232,0.74981308,1000,4510000000.0,CLOCK_UPTIME_RAW,advertised-pcore-max:Apple-M4-Pro/Max,block-02.csv
2,neon,tp,smlsl,smlsl,4,65536,0.4329834,0.10824585,1000,4510000000.0,CLOCK_UPTIME_RAW,advertised-pcore-max:Apple-M4-Pro/Max,block-02.csv
2,sve,lat,smlsl,smlslb,16,65536,9.14125061,0.57132816,1000,4510000000.0,CLOCK_UPTIME_RAW,advertised-pcore-max:Apple-M4-Pro/Max,block-02.csv
2,sve,tp,smlsl,smlslb,16,65536,4.55912781,0.28494549,1000,4510000000.0,CLOCK_UPTIME_RAW,advertised-pcore-max:Apple-M4-Pro/Max,block-02.csv
2,neon,lat,zip,zip1,8,65536,2.00140381,0.25017548,1000,4510000000.0,CLOCK_UPTIME_RAW,advertised-pcore-max:Apple-M4-Pro/Max,block-02.csv
2,neon,tp,zip,zip1,8,65536,0.24945068,0.03118134,1000,4510000000.0,CLOCK_UPTIME_RAW,advertised-pcore-max:Apple-M4-Pro/Max,block-02.csv
2,sve,lat,zip,zip1,32,65536,3.42076111,0.10689878,1000,4510000000.0,CLOCK_UPTIME_RAW,advertised-pcore-max:Apple-M4-Pro/Max,block-02.csv
2,sve,tp,zip,zip1,32,65536,1.42216492,0.04444265,1000,4510000000.0,CLOCK_UPTIME_RAW,advertised-pcore-max:Apple-M4-Pro/Max,block-02.csv
2,neon,lat,trn,trn1,8,65536,1.99858093,0.24982262,1000,4510000000.0,CLOCK_UPTIME_RAW,advertised-pcore-max:Apple-M4-Pro/Max,block-02.csv
2,neon,tp,trn,trn1,8,65536,0.24945068,0.03118134,1000,4510000000.0,CLOCK_UPTIME_RAW,advertised-pcore-max:Apple-M4-Pro/Max,block-02.csv
2,sve,lat,trn,trn1,32,65536,3.42076111,0.10689878,1000,4510000000.0,CLOCK_UPTIME_RAW,advertised-pcore-max:Apple-M4-Pro/Max,block-02.csv
2,sve,tp,trn,trn1,32,65536,1.42216492,0.04444265,1000,4510000000.0,CLOCK_UPTIME_RAW,advertised-pcore-max:Apple-M4-Pro/Max,block-02.csv
2,neon,lat,uzp,uzp1,8,65536,1.99858093,0.24982262,1000,4510000000.0,CLOCK_UPTIME_RAW,advertised-pcore-max:Apple-M4-Pro/Max,block-02.csv
2,neon,tp,uzp,uzp1,8,65536,0.24945068,0.03118134,1000,4510000000.0,CLOCK_UPTIME_RAW,advertised-pcore-max:Apple-M4-Pro/Max,block-02.csv
2,sve,lat,uzp,uzp1,32,65536,3.42076111,0.10689878,1000,4510000000.0,CLOCK_UPTIME_RAW,advertised-pcore-max:Apple-M4-Pro/Max,block-02.csv
2,sve,tp,uzp,uzp1,32,65536,1.42216492,0.04444265,1000,4510000000.0,CLOCK_UPTIME_RAW,advertised-pcore-max:Apple-M4-Pro/Max,block-02.csv
2,neon,lat,ld1,ld1,8,65536,0.38137817,0.04767227,1000,4510000000.0,CLOCK_UPTIME_RAW,advertised-pcore-max:Apple-M4-Pro/Max,block-02.csv
2,neon,tp,ld1,ld1,8,65536,0.33265686,0.04158211,1000,4510000000.0,CLOCK_UPTIME_RAW,advertised-pcore-max:Apple-M4-Pro/Max,block-02.csv
2,sve,lat,ld1,ld1h,32,65536,2.64656067,0.08270502,1000,4510000000.0,CLOCK_UPTIME_RAW,advertised-pcore-max:Apple-M4-Pro/Max,block-02.csv
2,sve,tp,ld1,ld1h,32,65536,2.64656067,0.08270502,1000,4510000000.0,CLOCK_UPTIME_RAW,advertised-pcore-max:Apple-M4-Pro/Max,block-02.csv
2,neon,lat,ld2,ld2,16,65536,1.00073242,0.06254578,1000,4510000000.0,CLOCK_UPTIME_RAW,advertised-pcore-max:Apple-M4-Pro/Max,block-02.csv
2,neon,tp,ld2,ld2,16,65536,1.00073242,0.06254578,1000,4510000000.0,CLOCK_UPTIME_RAW,advertised-pcore-max:Apple-M4-Pro/Max,block-02.csv
2,sve,lat,ld2,ld2h,64,65536,4.94340515,0.07724071,1000,4510000000.0,CLOCK_UPTIME_RAW,advertised-pcore-max:Apple-M4-Pro/Max,block-02.csv
2,sve,tp,ld2,ld2h,64,65536,4.94332886,0.07723951,1000,4510000000.0,CLOCK_UPTIME_RAW,advertised-pcore-max:Apple-M4-Pro/Max,block-02.csv
2,neon,lat,st1,st1,8,65536,0.57344055,0.07168007,1000,4510000000.0,CLOCK_UPTIME_RAW,advertised-pcore-max:Apple-M4-Pro/Max,block-02.csv
2,neon,tp,st1,st1,8,65536,0.49891663,0.06236458,1000,4510000000.0,CLOCK_UPTIME_RAW,advertised-pcore-max:Apple-M4-Pro/Max,block-02.csv
2,sve,lat,st1,st1h,32,65536,8.1892395,0.25591373,1000,4510000000.0,CLOCK_UPTIME_RAW,advertised-pcore-max:Apple-M4-Pro/Max,block-02.csv
2,sve,tp,st1,st1h,32,65536,8.15193176,0.25474787,1000,4510000000.0,CLOCK_UPTIME_RAW,advertised-pcore-max:Apple-M4-Pro/Max,block-02.csv
2,sve,lat,mova_h,mova h-store,32,65536,2.63803101,0.08243847,1000,4510000000.0,CLOCK_UPTIME_RAW,advertised-pcore-max:Apple-M4-Pro/Max,block-02.csv
2,sve,tp,mova_h,mova h-store,32,65536,1.42224121,0.04444504,1000,4510000000.0,CLOCK_UPTIME_RAW,advertised-pcore-max:Apple-M4-Pro/Max,block-02.csv
2,sve,lat,mova_v,mova v-load,32,65536,18.31394958,0.57231092,1000,4510000000.0,CLOCK_UPTIME_RAW,advertised-pcore-max:Apple-M4-Pro/Max,block-02.csv
2,sve,tp,mova_v,mova v-load,32,65536,4.55912781,0.14247274,1000,4510000000.0,CLOCK_UPTIME_RAW,advertised-pcore-max:Apple-M4-Pro/Max,block-02.csv
2,sve,tp,mode_switch,smstart+smstop,0,2048,51.47509766,0.0,1000,4510000000.0,CLOCK_UPTIME_RAW,advertised-pcore-max:Apple-M4-Pro/Max,block-02.csv
3,neon,lat,add,add,8,65536,2.00140381,0.25017548,1000,4510000000.0,CLOCK_UPTIME_RAW,advertised-pcore-max:Apple-M4-Pro/Max,block-03.csv
3,neon,tp,add,add,8,65536,0.24945068,0.03118134,1000,4510000000.0,CLOCK_UPTIME_RAW,advertised-pcore-max:Apple-M4-Pro/Max,block-03.csv
3,sve,lat,add,add,32,65536,3.42364502,0.10698891,1000,4510000000.0,CLOCK_UPTIME_RAW,advertised-pcore-max:Apple-M4-Pro/Max,block-03.csv
3,sve,tp,add,add,32,65536,1.42216492,0.04444265,1000,4510000000.0,CLOCK_UPTIME_RAW,advertised-pcore-max:Apple-M4-Pro/Max,block-03.csv
3,neon,lat,sub,sub,8,65536,2.00140381,0.25017548,1000,4510000000.0,CLOCK_UPTIME_RAW,advertised-pcore-max:Apple-M4-Pro/Max,block-03.csv
3,neon,tp,sub,sub,8,65536,0.24945068,0.03118134,1000,4510000000.0,CLOCK_UPTIME_RAW,advertised-pcore-max:Apple-M4-Pro/Max,block-03.csv
3,sve,lat,sub,sub,32,65536,3.42364502,0.10698891,1000,4510000000.0,CLOCK_UPTIME_RAW,advertised-pcore-max:Apple-M4-Pro/Max,block-03.csv
3,sve,tp,sub,sub,32,65536,1.42224121,0.04444504,1000,4510000000.0,CLOCK_UPTIME_RAW,advertised-pcore-max:Apple-M4-Pro/Max,block-03.csv
3,neon,lat,mul,mul,8,65536,2.99925232,0.37490654,1000,4510000000.0,CLOCK_UPTIME_RAW,advertised-pcore-max:Apple-M4-Pro/Max,block-03.csv
3,neon,tp,mul,mul,8,65536,0.24945068,0.03118134,1000,4510000000.0,CLOCK_UPTIME_RAW,advertised-pcore-max:Apple-M4-Pro/Max,block-03.csv
3,sve,lat,mul,mul,32,65536,9.14125061,0.28566408,1000,4510000000.0,CLOCK_UPTIME_RAW,advertised-pcore-max:Apple-M4-Pro/Max,block-03.csv
3,sve,tp,mul,mul,32,65536,4.56201172,0.14256287,1000,4510000000.0,CLOCK_UPTIME_RAW,advertised-pcore-max:Apple-M4-Pro/Max,block-03.csv
3,neon,lat,sqrdmulh,sqrdmulh,8,65536,2.99931335,0.37491417,1000,4510000000.0,CLOCK_UPTIME_RAW,advertised-pcore-max:Apple-M4-Pro/Max,block-03.csv
3,neon,tp,sqrdmulh,sqrdmulh,8,65536,0.24945068,0.03118134,1000,4510000000.0,CLOCK_UPTIME_RAW,advertised-pcore-max:Apple-M4-Pro/Max,block-03.csv
3,sve,lat,sqrdmulh,sqrdmulh,32,65536,9.14407349,0.2857523,1000,4510000000.0,CLOCK_UPTIME_RAW,advertised-pcore-max:Apple-M4-Pro/Max,block-03.csv
3,sve,tp,sqrdmulh,sqrdmulh,32,65536,4.56195068,0.14256096,1000,4510000000.0,CLOCK_UPTIME_RAW,advertised-pcore-max:Apple-M4-Pro/Max,block-03.csv
3,neon,lat,mls,mls,8,65536,2.99925232,0.37490654,1000,4510000000.0,CLOCK_UPTIME_RAW,advertised-pcore-max:Apple-M4-Pro/Max,block-03.csv
3,neon,tp,mls,mls,8,65536,0.4329834,0.05412292,1000,4510000000.0,CLOCK_UPTIME_RAW,advertised-pcore-max:Apple-M4-Pro/Max,block-03.csv
3,sve,lat,mls,mls,32,65536,9.14407349,0.2857523,1000,4510000000.0,CLOCK_UPTIME_RAW,advertised-pcore-max:Apple-M4-Pro/Max,block-03.csv
3,sve,tp,mls,mls,32,65536,4.76275635,0.14883614,1000,4510000000.0,CLOCK_UPTIME_RAW,advertised-pcore-max:Apple-M4-Pro/Max,block-03.csv
3,neon,lat,smull,smull,4,65536,3.44656372,0.86164093,1000,4510000000.0,CLOCK_UPTIME_RAW,advertised-pcore-max:Apple-M4-Pro/Max,block-03.csv
3,neon,tp,smull,smull,4,65536,0.28668213,0.07167053,1000,4510000000.0,CLOCK_UPTIME_RAW,advertised-pcore-max:Apple-M4-Pro/Max,block-03.csv
3,sve,lat,smull,smullb,16,65536,9.31329346,0.58208084,1000,4510000000.0,CLOCK_UPTIME_RAW,advertised-pcore-max:Apple-M4-Pro/Max,block-03.csv
3,sve,tp,smull,smullb,16,65536,4.55912781,0.28494549,1000,4510000000.0,CLOCK_UPTIME_RAW,advertised-pcore-max:Apple-M4-Pro/Max,block-03.csv
3,neon,lat,smlsl,smlsl,4,65536,2.99931335,0.74982834,1000,4510000000.0,CLOCK_UPTIME_RAW,advertised-pcore-max:Apple-M4-Pro/Max,block-03.csv
3,neon,tp,smlsl,smlsl,4,65536,0.4329834,0.10824585,1000,4510000000.0,CLOCK_UPTIME_RAW,advertised-pcore-max:Apple-M4-Pro/Max,block-03.csv
3,sve,lat,smlsl,smlslb,16,65536,9.29602051,0.58100128,1000,4510000000.0,CLOCK_UPTIME_RAW,advertised-pcore-max:Apple-M4-Pro/Max,block-03.csv
3,sve,tp,smlsl,smlslb,16,65536,4.735466004999999,0.295966625,1000,4510000000.0,CLOCK_UPTIME_RAW,advertised-pcore-max:Apple-M4-Pro/Max,block-03.csv
3,neon,lat,zip,zip1,8,65536,2.29676819,0.28709602,1000,4510000000.0,CLOCK_UPTIME_RAW,advertised-pcore-max:Apple-M4-Pro/Max,block-03.csv
3,neon,tp,zip,zip1,8,65536,0.25227356,0.03153419,1000,4510000000.0,CLOCK_UPTIME_RAW,advertised-pcore-max:Apple-M4-Pro/Max,block-03.csv
3,sve,lat,zip,zip1,32,65536,3.42364502,0.10698891,1000,4510000000.0,CLOCK_UPTIME_RAW,advertised-pcore-max:Apple-M4-Pro/Max,block-03.csv
3,sve,tp,zip,zip1,32,65536,1.42224121,0.04444504,1000,4510000000.0,CLOCK_UPTIME_RAW,advertised-pcore-max:Apple-M4-Pro/Max,block-03.csv
3,neon,lat,trn,trn1,8,65536,2.00146484,0.25018311,1000,4510000000.0,CLOCK_UPTIME_RAW,advertised-pcore-max:Apple-M4-Pro/Max,block-03.csv
3,neon,tp,trn,trn1,8,65536,0.24945068,0.03118134,1000,4510000000.0,CLOCK_UPTIME_RAW,advertised-pcore-max:Apple-M4-Pro/Max,block-03.csv
3,sve,lat,trn,trn1,32,65536,3.42364502,0.10698891,1000,4510000000.0,CLOCK_UPTIME_RAW,advertised-pcore-max:Apple-M4-Pro/Max,block-03.csv
3,sve,tp,trn,trn1,32,65536,1.42216492,0.04444265,1000,4510000000.0,CLOCK_UPTIME_RAW,advertised-pcore-max:Apple-M4-Pro/Max,block-03.csv
3,neon,lat,uzp,uzp1,8,65536,2.00140381,0.25017548,1000,4510000000.0,CLOCK_UPTIME_RAW,advertised-pcore-max:Apple-M4-Pro/Max,block-03.csv
3,neon,tp,uzp,uzp1,8,65536,0.24945068,0.03118134,1000,4510000000.0,CLOCK_UPTIME_RAW,advertised-pcore-max:Apple-M4-Pro/Max,block-03.csv
3,sve,lat,uzp,uzp1,32,65536,3.42076111,0.10689878,1000,4510000000.0,CLOCK_UPTIME_RAW,advertised-pcore-max:Apple-M4-Pro/Max,block-03.csv
3,sve,tp,uzp,uzp1,32,65536,1.42216492,0.04444265,1000,4510000000.0,CLOCK_UPTIME_RAW,advertised-pcore-max:Apple-M4-Pro/Max,block-03.csv
3,neon,lat,ld1,ld1,8,65536,0.38420105,0.04802513,1000,4510000000.0,CLOCK_UPTIME_RAW,advertised-pcore-max:Apple-M4-Pro/Max,block-03.csv
3,neon,tp,ld1,ld1,8,65536,0.33265686,0.04158211,1000,4510000000.0,CLOCK_UPTIME_RAW,advertised-pcore-max:Apple-M4-Pro/Max,block-03.csv
3,sve,lat,ld1,ld1h,32,65536,2.64373779,0.08261681,1000,4510000000.0,CLOCK_UPTIME_RAW,advertised-pcore-max:Apple-M4-Pro/Max,block-03.csv
3,sve,tp,ld1,ld1h,32,65536,2.64373779,0.08261681,1000,4510000000.0,CLOCK_UPTIME_RAW,advertised-pcore-max:Apple-M4-Pro/Max,block-03.csv
3,neon,lat,ld2,ld2,16,65536,1.00073242,0.06254578,1000,4510000000.0,CLOCK_UPTIME_RAW,advertised-pcore-max:Apple-M4-Pro/Max,block-03.csv
3,neon,tp,ld2,ld2,16,65536,1.00073242,0.06254578,1000,4510000000.0,CLOCK_UPTIME_RAW,advertised-pcore-max:Apple-M4-Pro/Max,block-03.csv
3,sve,lat,ld2,ld2h,64,65536,4.94332886,0.07723951,1000,4510000000.0,CLOCK_UPTIME_RAW,advertised-pcore-max:Apple-M4-Pro/Max,block-03.csv
3,sve,tp,ld2,ld2h,64,65536,4.94332886,0.07723951,1000,4510000000.0,CLOCK_UPTIME_RAW,advertised-pcore-max:Apple-M4-Pro/Max,block-03.csv
3,neon,lat,st1,st1,8,65536,0.57344055,0.07168007,1000,4510000000.0,CLOCK_UPTIME_RAW,advertised-pcore-max:Apple-M4-Pro/Max,block-03.csv
3,neon,tp,st1,st1,8,65536,0.5017395,0.06271744,1000,4510000000.0,CLOCK_UPTIME_RAW,advertised-pcore-max:Apple-M4-Pro/Max,block-03.csv
3,sve,lat,st1,st1h,32,65536,8.1892395,0.25591373,1000,4510000000.0,CLOCK_UPTIME_RAW,advertised-pcore-max:Apple-M4-Pro/Max,block-03.csv
3,sve,tp,st1,st1h,32,65536,35.45223999,1.1078825,1000,4510000000.0,CLOCK_UPTIME_RAW,advertised-pcore-max:Apple-M4-Pro/Max,block-03.csv
3,sve,lat,mova_h,mova h-store,32,65536,2.65516663,0.08297396,1000,4510000000.0,CLOCK_UPTIME_RAW,advertised-pcore-max:Apple-M4-Pro/Max,block-03.csv
3,sve,tp,mova_h,mova h-store,32,65536,1.42506409,0.04453325,1000,4510000000.0,CLOCK_UPTIME_RAW,advertised-pcore-max:Apple-M4-Pro/Max,block-03.csv
3,sve,lat,mova_v,mova v-load,32,65536,18.779884340000002,0.586871385,1000,4510000000.0,CLOCK_UPTIME_RAW,advertised-pcore-max:Apple-M4-Pro/Max,block-03.csv
3,sve,tp,mova_v,mova v-load,32,65536,4.55912781,0.14247274,1000,4510000000.0,CLOCK_UPTIME_RAW,advertised-pcore-max:Apple-M4-Pro/Max,block-03.csv
3,sve,tp,mode_switch,smstart+smstop,0,2048,51.47509766,0.0,1000,4510000000.0,CLOCK_UPTIME_RAW,advertised-pcore-max:Apple-M4-Pro/Max,block-03.csv
4,neon,lat,add,add,8,65536,1.99858093,0.24982262,1000,4510000000.0,CLOCK_UPTIME_RAW,advertised-pcore-max:Apple-M4-Pro/Max,block-04.csv
4,neon,tp,add,add,8,65536,0.24945068,0.03118134,1000,4510000000.0,CLOCK_UPTIME_RAW,advertised-pcore-max:Apple-M4-Pro/Max,block-04.csv
4,sve,lat,add,add,32,65536,3.42076111,0.10689878,1000,4510000000.0,CLOCK_UPTIME_RAW,advertised-pcore-max:Apple-M4-Pro/Max,block-04.csv
4,sve,tp,add,add,32,65536,1.42216492,0.04444265,1000,4510000000.0,CLOCK_UPTIME_RAW,advertised-pcore-max:Apple-M4-Pro/Max,block-04.csv
4,neon,lat,sub,sub,8,65536,1.99858093,0.24982262,1000,4510000000.0,CLOCK_UPTIME_RAW,advertised-pcore-max:Apple-M4-Pro/Max,block-04.csv
4,neon,tp,sub,sub,8,65536,0.24945068,0.03118134,1000,4510000000.0,CLOCK_UPTIME_RAW,advertised-pcore-max:Apple-M4-Pro/Max,block-04.csv
4,sve,lat,sub,sub,32,65536,3.42076111,0.10689878,1000,4510000000.0,CLOCK_UPTIME_RAW,advertised-pcore-max:Apple-M4-Pro/Max,block-04.csv
4,sve,tp,sub,sub,32,65536,1.42216492,0.04444265,1000,4510000000.0,CLOCK_UPTIME_RAW,advertised-pcore-max:Apple-M4-Pro/Max,block-04.csv
4,neon,lat,mul,mul,8,65536,2.99925232,0.37490654,1000,4510000000.0,CLOCK_UPTIME_RAW,advertised-pcore-max:Apple-M4-Pro/Max,block-04.csv
4,neon,tp,mul,mul,8,65536,0.24945068,0.03118134,1000,4510000000.0,CLOCK_UPTIME_RAW,advertised-pcore-max:Apple-M4-Pro/Max,block-04.csv
4,sve,lat,mul,mul,32,65536,9.141212464999999,0.28566289,1000,4510000000.0,CLOCK_UPTIME_RAW,advertised-pcore-max:Apple-M4-Pro/Max,block-04.csv
4,sve,tp,mul,mul,32,65536,4.64515686,0.14516115,1000,4510000000.0,CLOCK_UPTIME_RAW,advertised-pcore-max:Apple-M4-Pro/Max,block-04.csv
4,neon,lat,sqrdmulh,sqrdmulh,8,65536,3.00213623,0.37526703,1000,4510000000.0,CLOCK_UPTIME_RAW,advertised-pcore-max:Apple-M4-Pro/Max,block-04.csv
4,neon,tp,sqrdmulh,sqrdmulh,8,65536,0.24945068,0.03118134,1000,4510000000.0,CLOCK_UPTIME_RAW,advertised-pcore-max:Apple-M4-Pro/Max,block-04.csv
4,sve,lat,sqrdmulh,sqrdmulh,32,65536,9.231536864999999,0.28848553,1000,4510000000.0,CLOCK_UPTIME_RAW,advertised-pcore-max:Apple-M4-Pro/Max,block-04.csv
4,sve,tp,sqrdmulh,sqrdmulh,32,65536,4.55912781,0.14247274,1000,4510000000.0,CLOCK_UPTIME_RAW,advertised-pcore-max:Apple-M4-Pro/Max,block-04.csv
4,neon,lat,mls,mls,8,65536,2.99931335,0.37491417,1000,4510000000.0,CLOCK_UPTIME_RAW,advertised-pcore-max:Apple-M4-Pro/Max,block-04.csv
4,neon,tp,mls,mls,8,65536,0.4329834,0.05412292,1000,4510000000.0,CLOCK_UPTIME_RAW,advertised-pcore-max:Apple-M4-Pro/Max,block-04.csv
4,sve,lat,mls,mls,32,65536,9.14407349,0.2857523,1000,4510000000.0,CLOCK_UPTIME_RAW,advertised-pcore-max:Apple-M4-Pro/Max,block-04.csv
4,sve,tp,mls,mls,32,65536,4.55912781,0.14247274,1000,4510000000.0,CLOCK_UPTIME_RAW,advertised-pcore-max:Apple-M4-Pro/Max,block-04.csv
4,neon,lat,smull,smull,4,65536,3.44662476,0.86165619,1000,4510000000.0,CLOCK_UPTIME_RAW,advertised-pcore-max:Apple-M4-Pro/Max,block-04.csv
4,neon,tp,smull,smull,4,65536,0.24945068,0.06236267,1000,4510000000.0,CLOCK_UPTIME_RAW,advertised-pcore-max:Apple-M4-Pro/Max,block-04.csv
4,sve,lat,smull,smullb,16,65536,9.14125061,0.57132816,1000,4510000000.0,CLOCK_UPTIME_RAW,advertised-pcore-max:Apple-M4-Pro/Max,block-04.csv
4,sve,tp,smull,smullb,16,65536,4.55912781,0.28494549,1000,4510000000.0,CLOCK_UPTIME_RAW,advertised-pcore-max:Apple-M4-Pro/Max,block-04.csv
4,neon,lat,smlsl,smlsl,4,65536,2.99931335,0.74982834,1000,4510000000.0,CLOCK_UPTIME_RAW,advertised-pcore-max:Apple-M4-Pro/Max,block-04.csv
4,neon,tp,smlsl,smlsl,4,65536,0.49891663,0.12472916,1000,4510000000.0,CLOCK_UPTIME_RAW,advertised-pcore-max:Apple-M4-Pro/Max,block-04.csv
4,sve,lat,smlsl,smlslb,16,65536,9.14407349,0.57150459,1000,4510000000.0,CLOCK_UPTIME_RAW,advertised-pcore-max:Apple-M4-Pro/Max,block-04.csv
4,sve,tp,smlsl,smlslb,16,65536,4.55912781,0.28494549,1000,4510000000.0,CLOCK_UPTIME_RAW,advertised-pcore-max:Apple-M4-Pro/Max,block-04.csv
4,neon,lat,zip,zip1,8,65536,1.99858093,0.24982262,1000,4510000000.0,CLOCK_UPTIME_RAW,advertised-pcore-max:Apple-M4-Pro/Max,block-04.csv
4,neon,tp,zip,zip1,8,65536,0.24945068,0.03118134,1000,4510000000.0,CLOCK_UPTIME_RAW,advertised-pcore-max:Apple-M4-Pro/Max,block-04.csv
4,sve,lat,zip,zip1,32,65536,3.42076111,0.10689878,1000,4510000000.0,CLOCK_UPTIME_RAW,advertised-pcore-max:Apple-M4-Pro/Max,block-04.csv
4,sve,tp,zip,zip1,32,65536,1.42224121,0.04444504,1000,4510000000.0,CLOCK_UPTIME_RAW,advertised-pcore-max:Apple-M4-Pro/Max,block-04.csv
4,neon,lat,trn,trn1,8,65536,2.00140381,0.25017548,1000,4510000000.0,CLOCK_UPTIME_RAW,advertised-pcore-max:Apple-M4-Pro/Max,block-04.csv
4,neon,tp,trn,trn1,8,65536,0.24945068,0.03118134,1000,4510000000.0,CLOCK_UPTIME_RAW,advertised-pcore-max:Apple-M4-Pro/Max,block-04.csv
4,sve,lat,trn,trn1,32,65536,3.42364502,0.10698891,1000,4510000000.0,CLOCK_UPTIME_RAW,advertised-pcore-max:Apple-M4-Pro/Max,block-04.csv
4,sve,tp,trn,trn1,32,65536,1.41075134,0.04408598,1000,4510000000.0,CLOCK_UPTIME_RAW,advertised-pcore-max:Apple-M4-Pro/Max,block-04.csv
4,neon,lat,uzp,uzp1,8,65536,2.00140381,0.25017548,1000,4510000000.0,CLOCK_UPTIME_RAW,advertised-pcore-max:Apple-M4-Pro/Max,block-04.csv
4,neon,tp,uzp,uzp1,8,65536,0.24945068,0.03118134,1000,4510000000.0,CLOCK_UPTIME_RAW,advertised-pcore-max:Apple-M4-Pro/Max,block-04.csv
4,sve,lat,uzp,uzp1,32,65536,3.42076111,0.10689878,1000,4510000000.0,CLOCK_UPTIME_RAW,advertised-pcore-max:Apple-M4-Pro/Max,block-04.csv
4,sve,tp,uzp,uzp1,32,65536,1.42216492,0.04444265,1000,4510000000.0,CLOCK_UPTIME_RAW,advertised-pcore-max:Apple-M4-Pro/Max,block-04.csv
4,neon,lat,ld1,ld1,8,65536,0.38420105,0.04802513,1000,4510000000.0,CLOCK_UPTIME_RAW,advertised-pcore-max:Apple-M4-Pro/Max,block-04.csv
4,neon,tp,ld1,ld1,8,65536,0.33265686,0.04158211,1000,4510000000.0,CLOCK_UPTIME_RAW,advertised-pcore-max:Apple-M4-Pro/Max,block-04.csv
4,sve,lat,ld1,ld1h,32,65536,2.64656067,0.08270502,1000,4510000000.0,CLOCK_UPTIME_RAW,advertised-pcore-max:Apple-M4-Pro/Max,block-04.csv
4,sve,tp,ld1,ld1h,32,65536,2.64656067,0.08270502,1000,4510000000.0,CLOCK_UPTIME_RAW,advertised-pcore-max:Apple-M4-Pro/Max,block-04.csv
4,neon,lat,ld2,ld2,16,65536,1.00073242,0.06254578,1000,4510000000.0,CLOCK_UPTIME_RAW,advertised-pcore-max:Apple-M4-Pro/Max,block-04.csv
4,neon,tp,ld2,ld2,16,65536,1.00073242,0.06254578,1000,4510000000.0,CLOCK_UPTIME_RAW,advertised-pcore-max:Apple-M4-Pro/Max,block-04.csv
4,sve,lat,ld2,ld2h,64,65536,4.94622803,0.07728481,1000,4510000000.0,CLOCK_UPTIME_RAW,advertised-pcore-max:Apple-M4-Pro/Max,block-04.csv
4,sve,tp,ld2,ld2h,64,65536,4.94332886,0.07723951,1000,4510000000.0,CLOCK_UPTIME_RAW,advertised-pcore-max:Apple-M4-Pro/Max,block-04.csv
4,neon,lat,st1,st1,8,65536,0.57344055,0.07168007,1000,4510000000.0,CLOCK_UPTIME_RAW,advertised-pcore-max:Apple-M4-Pro/Max,block-04.csv
4,neon,tp,st1,st1,8,65536,0.49891663,0.06236458,1000,4510000000.0,CLOCK_UPTIME_RAW,advertised-pcore-max:Apple-M4-Pro/Max,block-04.csv
4,sve,lat,st1,st1h,32,65536,8.18634033,0.25582314,1000,4510000000.0,CLOCK_UPTIME_RAW,advertised-pcore-max:Apple-M4-Pro/Max,block-04.csv
4,sve,tp,st1,st1h,32,65536,8.15193176,0.25474787,1000,4510000000.0,CLOCK_UPTIME_RAW,advertised-pcore-max:Apple-M4-Pro/Max,block-04.csv
4,sve,lat,mova_h,mova h-store,32,65536,2.63803101,0.08243847,1000,4510000000.0,CLOCK_UPTIME_RAW,advertised-pcore-max:Apple-M4-Pro/Max,block-04.csv
4,sve,tp,mova_h,mova h-store,32,65536,1.42216492,0.04444265,1000,4510000000.0,CLOCK_UPTIME_RAW,advertised-pcore-max:Apple-M4-Pro/Max,block-04.csv
4,sve,lat,mova_v,mova v-load,32,65536,18.470207215000002,0.5771939749999999,1000,4510000000.0,CLOCK_UPTIME_RAW,advertised-pcore-max:Apple-M4-Pro/Max,block-04.csv
4,sve,tp,mova_v,mova v-load,32,65536,4.55912781,0.14247274,1000,4510000000.0,CLOCK_UPTIME_RAW,advertised-pcore-max:Apple-M4-Pro/Max,block-04.csv
4,sve,tp,mode_switch,smstart+smstop,0,2048,51.47509766,0.0,1000,4510000000.0,CLOCK_UPTIME_RAW,advertised-pcore-max:Apple-M4-Pro/Max,block-04.csv
5,neon,lat,add,add,8,65536,2.00140381,0.25017548,1000,4510000000.0,CLOCK_UPTIME_RAW,advertised-pcore-max:Apple-M4-Pro/Max,block-05.csv
5,neon,tp,add,add,8,65536,0.24945068,0.03118134,1000,4510000000.0,CLOCK_UPTIME_RAW,advertised-pcore-max:Apple-M4-Pro/Max,block-05.csv
5,sve,lat,add,add,32,65536,3.42364502,0.10698891,1000,4510000000.0,CLOCK_UPTIME_RAW,advertised-pcore-max:Apple-M4-Pro/Max,block-05.csv
5,sve,tp,add,add,32,65536,1.42224121,0.04444504,1000,4510000000.0,CLOCK_UPTIME_RAW,advertised-pcore-max:Apple-M4-Pro/Max,block-05.csv
5,neon,lat,sub,sub,8,65536,2.00140381,0.25017548,1000,4510000000.0,CLOCK_UPTIME_RAW,advertised-pcore-max:Apple-M4-Pro/Max,block-05.csv
5,neon,tp,sub,sub,8,65536,0.24945068,0.03118134,1000,4510000000.0,CLOCK_UPTIME_RAW,advertised-pcore-max:Apple-M4-Pro/Max,block-05.csv
5,sve,lat,sub,sub,32,65536,3.42076111,0.10689878,1000,4510000000.0,CLOCK_UPTIME_RAW,advertised-pcore-max:Apple-M4-Pro/Max,block-05.csv
5,sve,tp,sub,sub,32,65536,1.42216492,0.04444265,1000,4510000000.0,CLOCK_UPTIME_RAW,advertised-pcore-max:Apple-M4-Pro/Max,block-05.csv
5,neon,lat,mul,mul,8,65536,2.99931335,0.37491417,1000,4510000000.0,CLOCK_UPTIME_RAW,advertised-pcore-max:Apple-M4-Pro/Max,block-05.csv
5,neon,tp,mul,mul,8,65536,0.24945068,0.03118134,1000,4510000000.0,CLOCK_UPTIME_RAW,advertised-pcore-max:Apple-M4-Pro/Max,block-05.csv
5,sve,lat,mul,mul,32,65536,9.14125061,0.28566408,1000,4510000000.0,CLOCK_UPTIME_RAW,advertised-pcore-max:Apple-M4-Pro/Max,block-05.csv
5,sve,tp,mul,mul,32,65536,4.56195068,0.14256096,1000,4510000000.0,CLOCK_UPTIME_RAW,advertised-pcore-max:Apple-M4-Pro/Max,block-05.csv
5,neon,lat,sqrdmulh,sqrdmulh,8,65536,2.99925232,0.37490654,1000,4510000000.0,CLOCK_UPTIME_RAW,advertised-pcore-max:Apple-M4-Pro/Max,block-05.csv
5,neon,tp,sqrdmulh,sqrdmulh,8,65536,0.24945068,0.03118134,1000,4510000000.0,CLOCK_UPTIME_RAW,advertised-pcore-max:Apple-M4-Pro/Max,block-05.csv
5,sve,lat,sqrdmulh,sqrdmulh,32,65536,9.14407349,0.2857523,1000,4510000000.0,CLOCK_UPTIME_RAW,advertised-pcore-max:Apple-M4-Pro/Max,block-05.csv
5,sve,tp,sqrdmulh,sqrdmulh,32,65536,4.55912781,0.14247274,1000,4510000000.0,CLOCK_UPTIME_RAW,advertised-pcore-max:Apple-M4-Pro/Max,block-05.csv
5,neon,lat,mls,mls,8,65536,2.99925232,0.37490654,1000,4510000000.0,CLOCK_UPTIME_RAW,advertised-pcore-max:Apple-M4-Pro/Max,block-05.csv
5,neon,tp,mls,mls,8,65536,0.4329834,0.05412292,1000,4510000000.0,CLOCK_UPTIME_RAW,advertised-pcore-max:Apple-M4-Pro/Max,block-05.csv
5,sve,lat,mls,mls,32,65536,9.14117432,0.2856617,1000,4510000000.0,CLOCK_UPTIME_RAW,advertised-pcore-max:Apple-M4-Pro/Max,block-05.csv
5,sve,tp,mls,mls,32,65536,4.55912781,0.14247274,1000,4510000000.0,CLOCK_UPTIME_RAW,advertised-pcore-max:Apple-M4-Pro/Max,block-05.csv
5,neon,lat,smull,smull,4,65536,2.99925232,0.74981308,1000,4510000000.0,CLOCK_UPTIME_RAW,advertised-pcore-max:Apple-M4-Pro/Max,block-05.csv
5,neon,tp,smull,smull,4,65536,0.24945068,0.06236267,1000,4510000000.0,CLOCK_UPTIME_RAW,advertised-pcore-max:Apple-M4-Pro/Max,block-05.csv
5,sve,lat,smull,smullb,16,65536,9.14407349,0.57150459,1000,4510000000.0,CLOCK_UPTIME_RAW,advertised-pcore-max:Apple-M4-Pro/Max,block-05.csv
5,sve,tp,smull,smullb,16,65536,4.56195068,0.28512192,1000,4510000000.0,CLOCK_UPTIME_RAW,advertised-pcore-max:Apple-M4-Pro/Max,block-05.csv
5,neon,lat,smlsl,smlsl,4,65536,2.99925232,0.74981308,1000,4510000000.0,CLOCK_UPTIME_RAW,advertised-pcore-max:Apple-M4-Pro/Max,block-05.csv
5,neon,tp,smlsl,smlsl,4,65536,0.4329834,0.10824585,1000,4510000000.0,CLOCK_UPTIME_RAW,advertised-pcore-max:Apple-M4-Pro/Max,block-05.csv
5,sve,lat,smlsl,smlslb,16,65536,9.14407349,0.57150459,1000,4510000000.0,CLOCK_UPTIME_RAW,advertised-pcore-max:Apple-M4-Pro/Max,block-05.csv
5,sve,tp,smlsl,smlslb,16,65536,4.56195068,0.28512192,1000,4510000000.0,CLOCK_UPTIME_RAW,advertised-pcore-max:Apple-M4-Pro/Max,block-05.csv
5,neon,lat,zip,zip1,8,65536,1.99858093,0.24982262,1000,4510000000.0,CLOCK_UPTIME_RAW,advertised-pcore-max:Apple-M4-Pro/Max,block-05.csv
5,neon,tp,zip,zip1,8,65536,0.24945068,0.03118134,1000,4510000000.0,CLOCK_UPTIME_RAW,advertised-pcore-max:Apple-M4-Pro/Max,block-05.csv
5,sve,lat,zip,zip1,32,65536,3.42076111,0.10689878,1000,4510000000.0,CLOCK_UPTIME_RAW,advertised-pcore-max:Apple-M4-Pro/Max,block-05.csv
5,sve,tp,zip,zip1,32,65536,1.42224121,0.04444504,1000,4510000000.0,CLOCK_UPTIME_RAW,advertised-pcore-max:Apple-M4-Pro/Max,block-05.csv
5,neon,lat,trn,trn1,8,65536,2.00140381,0.25017548,1000,4510000000.0,CLOCK_UPTIME_RAW,advertised-pcore-max:Apple-M4-Pro/Max,block-05.csv
5,neon,tp,trn,trn1,8,65536,0.24945068,0.03118134,1000,4510000000.0,CLOCK_UPTIME_RAW,advertised-pcore-max:Apple-M4-Pro/Max,block-05.csv
5,sve,lat,trn,trn1,32,65536,3.42076111,0.10689878,1000,4510000000.0,CLOCK_UPTIME_RAW,advertised-pcore-max:Apple-M4-Pro/Max,block-05.csv
5,sve,tp,trn,trn1,32,65536,1.42224121,0.04444504,1000,4510000000.0,CLOCK_UPTIME_RAW,advertised-pcore-max:Apple-M4-Pro/Max,block-05.csv
5,neon,lat,uzp,uzp1,8,65536,1.99858093,0.24982262,1000,4510000000.0,CLOCK_UPTIME_RAW,advertised-pcore-max:Apple-M4-Pro/Max,block-05.csv
5,neon,tp,uzp,uzp1,8,65536,0.24945068,0.03118134,1000,4510000000.0,CLOCK_UPTIME_RAW,advertised-pcore-max:Apple-M4-Pro/Max,block-05.csv
5,sve,lat,uzp,uzp1,32,65536,3.42082214,0.10690069,1000,4510000000.0,CLOCK_UPTIME_RAW,advertised-pcore-max:Apple-M4-Pro/Max,block-05.csv
5,sve,tp,uzp,uzp1,32,65536,1.42216492,0.04444265,1000,4510000000.0,CLOCK_UPTIME_RAW,advertised-pcore-max:Apple-M4-Pro/Max,block-05.csv
5,neon,lat,ld1,ld1,8,65536,0.38420105,0.04802513,1000,4510000000.0,CLOCK_UPTIME_RAW,advertised-pcore-max:Apple-M4-Pro/Max,block-05.csv
5,neon,tp,ld1,ld1,8,65536,0.33265686,0.04158211,1000,4510000000.0,CLOCK_UPTIME_RAW,advertised-pcore-max:Apple-M4-Pro/Max,block-05.csv
5,sve,lat,ld1,ld1h,32,65536,2.64373779,0.08261681,1000,4510000000.0,CLOCK_UPTIME_RAW,advertised-pcore-max:Apple-M4-Pro/Max,block-05.csv
5,sve,tp,ld1,ld1h,32,65536,2.64656067,0.08270502,1000,4510000000.0,CLOCK_UPTIME_RAW,advertised-pcore-max:Apple-M4-Pro/Max,block-05.csv
5,neon,lat,ld2,ld2,16,65536,1.0035553,0.06272221,1000,4510000000.0,CLOCK_UPTIME_RAW,advertised-pcore-max:Apple-M4-Pro/Max,block-05.csv
5,neon,tp,ld2,ld2,16,65536,1.02075195,0.063797,1000,4510000000.0,CLOCK_UPTIME_RAW,advertised-pcore-max:Apple-M4-Pro/Max,block-05.csv
5,sve,lat,ld2,ld2h,64,65536,4.94332886,0.07723951,1000,4510000000.0,CLOCK_UPTIME_RAW,advertised-pcore-max:Apple-M4-Pro/Max,block-05.csv
5,sve,tp,ld2,ld2h,64,65536,4.94332886,0.07723951,1000,4510000000.0,CLOCK_UPTIME_RAW,advertised-pcore-max:Apple-M4-Pro/Max,block-05.csv
5,neon,lat,st1,st1,8,65536,0.57351685,0.07168961,1000,4510000000.0,CLOCK_UPTIME_RAW,advertised-pcore-max:Apple-M4-Pro/Max,block-05.csv
5,neon,tp,st1,st1,8,65536,0.49891663,0.06236458,1000,4510000000.0,CLOCK_UPTIME_RAW,advertised-pcore-max:Apple-M4-Pro/Max,block-05.csv
5,sve,lat,st1,st1h,32,65536,8.18634033,0.25582314,1000,4510000000.0,CLOCK_UPTIME_RAW,advertised-pcore-max:Apple-M4-Pro/Max,block-05.csv
5,sve,tp,st1,st1h,32,65536,8.15193176,0.25474787,1000,4510000000.0,CLOCK_UPTIME_RAW,advertised-pcore-max:Apple-M4-Pro/Max,block-05.csv
5,sve,lat,mova_h,mova h-store,32,65536,2.63803101,0.08243847,1000,4510000000.0,CLOCK_UPTIME_RAW,advertised-pcore-max:Apple-M4-Pro/Max,block-05.csv
5,sve,tp,mova_h,mova h-store,32,65536,1.42216492,0.04444265,1000,4510000000.0,CLOCK_UPTIME_RAW,advertised-pcore-max:Apple-M4-Pro/Max,block-05.csv
5,sve,lat,mova_v,mova v-load,32,65536,18.3082428,0.57213259,1000,4510000000.0,CLOCK_UPTIME_RAW,advertised-pcore-max:Apple-M4-Pro/Max,block-05.csv
5,sve,tp,mova_v,mova v-load,32,65536,4.55912781,0.14247274,1000,4510000000.0,CLOCK_UPTIME_RAW,advertised-pcore-max:Apple-M4-Pro/Max,block-05.csv
5,sve,tp,mode_switch,smstart+smstop,0,2048,51.47509766,0.0,1000,4510000000.0,CLOCK_UPTIME_RAW,advertised-pcore-max:Apple-M4-Pro/Max,block-05.csv
6,neon,lat,add,add,8,65536,1.99858093,0.24982262,1000,4510000000.0,CLOCK_UPTIME_RAW,advertised-pcore-max:Apple-M4-Pro/Max,block-06.csv
6,neon,tp,add,add,8,65536,0.24945068,0.03118134,1000,4510000000.0,CLOCK_UPTIME_RAW,advertised-pcore-max:Apple-M4-Pro/Max,block-06.csv
6,sve,lat,add,add,32,65536,3.4838562,0.10887051,1000,4510000000.0,CLOCK_UPTIME_RAW,advertised-pcore-max:Apple-M4-Pro/Max,block-06.csv
6,sve,tp,add,add,32,65536,1.42216492,0.04444265,1000,4510000000.0,CLOCK_UPTIME_RAW,advertised-pcore-max:Apple-M4-Pro/Max,block-06.csv
6,neon,lat,sub,sub,8,65536,2.00140381,0.25017548,1000,4510000000.0,CLOCK_UPTIME_RAW,advertised-pcore-max:Apple-M4-Pro/Max,block-06.csv
6,neon,tp,sub,sub,8,65536,0.24945068,0.03118134,1000,4510000000.0,CLOCK_UPTIME_RAW,advertised-pcore-max:Apple-M4-Pro/Max,block-06.csv
6,sve,lat,sub,sub,32,65536,3.42364502,0.10698891,1000,4510000000.0,CLOCK_UPTIME_RAW,advertised-pcore-max:Apple-M4-Pro/Max,block-06.csv
6,sve,tp,sub,sub,32,65536,1.42224121,0.04444504,1000,4510000000.0,CLOCK_UPTIME_RAW,advertised-pcore-max:Apple-M4-Pro/Max,block-06.csv
6,neon,lat,mul,mul,8,65536,2.99925232,0.37490654,1000,4510000000.0,CLOCK_UPTIME_RAW,advertised-pcore-max:Apple-M4-Pro/Max,block-06.csv
6,neon,tp,mul,mul,8,65536,0.24945068,0.03118134,1000,4510000000.0,CLOCK_UPTIME_RAW,advertised-pcore-max:Apple-M4-Pro/Max,block-06.csv
6,sve,lat,mul,mul,32,65536,9.14407349,0.2857523,1000,4510000000.0,CLOCK_UPTIME_RAW,advertised-pcore-max:Apple-M4-Pro/Max,block-06.csv
6,sve,tp,mul,mul,32,65536,4.56201172,0.14256287,1000,4510000000.0,CLOCK_UPTIME_RAW,advertised-pcore-max:Apple-M4-Pro/Max,block-06.csv
6,neon,lat,sqrdmulh,sqrdmulh,8,65536,3.00213623,0.37526703,1000,4510000000.0,CLOCK_UPTIME_RAW,advertised-pcore-max:Apple-M4-Pro/Max,block-06.csv
6,neon,tp,sqrdmulh,sqrdmulh,8,65536,0.25517273,0.03189659,1000,4510000000.0,CLOCK_UPTIME_RAW,advertised-pcore-max:Apple-M4-Pro/Max,block-06.csv
6,sve,lat,sqrdmulh,sqrdmulh,32,65536,9.44226074,0.29507065,1000,4510000000.0,CLOCK_UPTIME_RAW,advertised-pcore-max:Apple-M4-Pro/Max,block-06.csv
6,sve,tp,sqrdmulh,sqrdmulh,32,65536,4.64804077,0.14525127,1000,4510000000.0,CLOCK_UPTIME_RAW,advertised-pcore-max:Apple-M4-Pro/Max,block-06.csv
6,neon,lat,mls,mls,8,65536,2.99931335,0.37491417,1000,4510000000.0,CLOCK_UPTIME_RAW,advertised-pcore-max:Apple-M4-Pro/Max,block-06.csv
6,neon,tp,mls,mls,8,65536,0.4329834,0.05412292,1000,4510000000.0,CLOCK_UPTIME_RAW,advertised-pcore-max:Apple-M4-Pro/Max,block-06.csv
6,sve,lat,mls,mls,32,65536,9.145484925,0.28579640500000003,1000,4510000000.0,CLOCK_UPTIME_RAW,advertised-pcore-max:Apple-M4-Pro/Max,block-06.csv
6,sve,tp,mls,mls,32,65536,4.55912781,0.14247274,1000,4510000000.0,CLOCK_UPTIME_RAW,advertised-pcore-max:Apple-M4-Pro/Max,block-06.csv
6,neon,lat,smull,smull,4,65536,2.99925232,0.74981308,1000,4510000000.0,CLOCK_UPTIME_RAW,advertised-pcore-max:Apple-M4-Pro/Max,block-06.csv
6,neon,tp,smull,smull,4,65536,0.24945068,0.06236267,1000,4510000000.0,CLOCK_UPTIME_RAW,advertised-pcore-max:Apple-M4-Pro/Max,block-06.csv
6,sve,lat,smull,smullb,16,65536,9.14125061,0.57132816,1000,4510000000.0,CLOCK_UPTIME_RAW,advertised-pcore-max:Apple-M4-Pro/Max,block-06.csv
6,sve,tp,smull,smullb,16,65536,4.56201172,0.28512573,1000,4510000000.0,CLOCK_UPTIME_RAW,advertised-pcore-max:Apple-M4-Pro/Max,block-06.csv
6,neon,lat,smlsl,smlsl,4,65536,3.406440735,0.85161018,1000,4510000000.0,CLOCK_UPTIME_RAW,advertised-pcore-max:Apple-M4-Pro/Max,block-06.csv
6,neon,tp,smlsl,smlsl,4,65536,0.4329834,0.10824585,1000,4510000000.0,CLOCK_UPTIME_RAW,advertised-pcore-max:Apple-M4-Pro/Max,block-06.csv
6,sve,lat,smlsl,smlslb,16,65536,9.14407349,0.57150459,1000,4510000000.0,CLOCK_UPTIME_RAW,advertised-pcore-max:Apple-M4-Pro/Max,block-06.csv
6,sve,tp,smlsl,smlslb,16,65536,4.56195068,0.28512192,1000,4510000000.0,CLOCK_UPTIME_RAW,advertised-pcore-max:Apple-M4-Pro/Max,block-06.csv
6,neon,lat,zip,zip1,8,65536,2.00140381,0.25017548,1000,4510000000.0,CLOCK_UPTIME_RAW,advertised-pcore-max:Apple-M4-Pro/Max,block-06.csv
6,neon,tp,zip,zip1,8,65536,0.24945068,0.03118134,1000,4510000000.0,CLOCK_UPTIME_RAW,advertised-pcore-max:Apple-M4-Pro/Max,block-06.csv
6,sve,lat,zip,zip1,32,65536,3.42364502,0.10698891,1000,4510000000.0,CLOCK_UPTIME_RAW,advertised-pcore-max:Apple-M4-Pro/Max,block-06.csv
6,sve,tp,zip,zip1,32,65536,1.42224121,0.04444504,1000,4510000000.0,CLOCK_UPTIME_RAW,advertised-pcore-max:Apple-M4-Pro/Max,block-06.csv
6,neon,lat,trn,trn1,8,65536,2.00140381,0.25017548,1000,4510000000.0,CLOCK_UPTIME_RAW,advertised-pcore-max:Apple-M4-Pro/Max,block-06.csv
6,neon,tp,trn,trn1,8,65536,0.24945068,0.03118134,1000,4510000000.0,CLOCK_UPTIME_RAW,advertised-pcore-max:Apple-M4-Pro/Max,block-06.csv
6,sve,lat,trn,trn1,32,65536,3.42082214,0.10690069,1000,4510000000.0,CLOCK_UPTIME_RAW,advertised-pcore-max:Apple-M4-Pro/Max,block-06.csv
6,sve,tp,trn,trn1,32,65536,1.41645813,0.04426432,1000,4510000000.0,CLOCK_UPTIME_RAW,advertised-pcore-max:Apple-M4-Pro/Max,block-06.csv
6,neon,lat,uzp,uzp1,8,65536,2.00146484,0.25018311,1000,4510000000.0,CLOCK_UPTIME_RAW,advertised-pcore-max:Apple-M4-Pro/Max,block-06.csv
6,neon,tp,uzp,uzp1,8,65536,0.24945068,0.03118134,1000,4510000000.0,CLOCK_UPTIME_RAW,advertised-pcore-max:Apple-M4-Pro/Max,block-06.csv
6,sve,lat,uzp,uzp1,32,65536,3.452308655,0.107884645,1000,4510000000.0,CLOCK_UPTIME_RAW,advertised-pcore-max:Apple-M4-Pro/Max,block-06.csv
6,sve,tp,uzp,uzp1,32,65536,1.42216492,0.04444265,1000,4510000000.0,CLOCK_UPTIME_RAW,advertised-pcore-max:Apple-M4-Pro/Max,block-06.csv
6,neon,lat,ld1,ld1,8,65536,0.38420105,0.04802513,1000,4510000000.0,CLOCK_UPTIME_RAW,advertised-pcore-max:Apple-M4-Pro/Max,block-06.csv
6,neon,tp,ld1,ld1,8,65536,0.33547974,0.04193497,1000,4510000000.0,CLOCK_UPTIME_RAW,advertised-pcore-max:Apple-M4-Pro/Max,block-06.csv
6,sve,lat,ld1,ld1h,32,65536,2.64945984,0.08279562,1000,4510000000.0,CLOCK_UPTIME_RAW,advertised-pcore-max:Apple-M4-Pro/Max,block-06.csv
6,sve,tp,ld1,ld1h,32,65536,2.64945984,0.08279562,1000,4510000000.0,CLOCK_UPTIME_RAW,advertised-pcore-max:Apple-M4-Pro/Max,block-06.csv
6,neon,lat,ld2,ld2,16,65536,1.01216125,0.06326008,1000,4510000000.0,CLOCK_UPTIME_RAW,advertised-pcore-max:Apple-M4-Pro/Max,block-06.csv
6,neon,tp,ld2,ld2,16,65536,1.00073242,0.06254578,1000,4510000000.0,CLOCK_UPTIME_RAW,advertised-pcore-max:Apple-M4-Pro/Max,block-06.csv
6,sve,lat,ld2,ld2h,64,65536,4.94622803,0.07728481,1000,4510000000.0,CLOCK_UPTIME_RAW,advertised-pcore-max:Apple-M4-Pro/Max,block-06.csv
6,sve,tp,ld2,ld2h,64,65536,4.94911194,0.07732987,1000,4510000000.0,CLOCK_UPTIME_RAW,advertised-pcore-max:Apple-M4-Pro/Max,block-06.csv
6,neon,lat,st1,st1,8,65536,0.50469971,0.06308746,1000,4510000000.0,CLOCK_UPTIME_RAW,advertised-pcore-max:Apple-M4-Pro/Max,block-06.csv
6,neon,tp,st1,st1,8,65536,0.5017395,0.06271744,1000,4510000000.0,CLOCK_UPTIME_RAW,advertised-pcore-max:Apple-M4-Pro/Max,block-06.csv
6,sve,lat,st1,st1h,32,65536,8.21214294,0.25662947,1000,4510000000.0,CLOCK_UPTIME_RAW,advertised-pcore-max:Apple-M4-Pro/Max,block-06.csv
6,sve,tp,st1,st1h,32,65536,37.06513977,1.15828562,1000,4510000000.0,CLOCK_UPTIME_RAW,advertised-pcore-max:Apple-M4-Pro/Max,block-06.csv
6,sve,lat,mova_h,mova h-store,32,65536,2.64945984,0.08279562,1000,4510000000.0,CLOCK_UPTIME_RAW,advertised-pcore-max:Apple-M4-Pro/Max,block-06.csv
6,sve,tp,mova_h,mova h-store,32,65536,1.42216492,0.04444265,1000,4510000000.0,CLOCK_UPTIME_RAW,advertised-pcore-max:Apple-M4-Pro/Max,block-06.csv
6,sve,lat,mova_v,mova v-load,32,65536,18.65515137,0.58297348,1000,4510000000.0,CLOCK_UPTIME_RAW,advertised-pcore-max:Apple-M4-Pro/Max,block-06.csv
6,sve,tp,mova_v,mova v-load,32,65536,4.64515686,0.14516115,1000,4510000000.0,CLOCK_UPTIME_RAW,advertised-pcore-max:Apple-M4-Pro/Max,block-06.csv
6,sve,tp,mode_switch,smstart+smstop,0,2048,51.38476562,0.0,1000,4510000000.0,CLOCK_UPTIME_RAW,advertised-pcore-max:Apple-M4-Pro/Max,block-06.csv
7,neon,lat,add,add,8,65536,2.00140381,0.25017548,1000,4510000000.0,CLOCK_UPTIME_RAW,advertised-pcore-max:Apple-M4-Pro/Max,block-07.csv
7,neon,tp,add,add,8,65536,0.24945068,0.03118134,1000,4510000000.0,CLOCK_UPTIME_RAW,advertised-pcore-max:Apple-M4-Pro/Max,block-07.csv
7,sve,lat,add,add,32,65536,3.42082214,0.10690069,1000,4510000000.0,CLOCK_UPTIME_RAW,advertised-pcore-max:Apple-M4-Pro/Max,block-07.csv
7,sve,tp,add,add,32,65536,1.42216492,0.04444265,1000,4510000000.0,CLOCK_UPTIME_RAW,advertised-pcore-max:Apple-M4-Pro/Max,block-07.csv
7,neon,lat,sub,sub,8,65536,1.99858093,0.24982262,1000,4510000000.0,CLOCK_UPTIME_RAW,advertised-pcore-max:Apple-M4-Pro/Max,block-07.csv
7,neon,tp,sub,sub,8,65536,0.24945068,0.03118134,1000,4510000000.0,CLOCK_UPTIME_RAW,advertised-pcore-max:Apple-M4-Pro/Max,block-07.csv
7,sve,lat,sub,sub,32,65536,3.42076111,0.10689878,1000,4510000000.0,CLOCK_UPTIME_RAW,advertised-pcore-max:Apple-M4-Pro/Max,block-07.csv
7,sve,tp,sub,sub,32,65536,1.42216492,0.04444265,1000,4510000000.0,CLOCK_UPTIME_RAW,advertised-pcore-max:Apple-M4-Pro/Max,block-07.csv
7,neon,lat,mul,mul,8,65536,2.99925232,0.37490654,1000,4510000000.0,CLOCK_UPTIME_RAW,advertised-pcore-max:Apple-M4-Pro/Max,block-07.csv
7,neon,tp,mul,mul,8,65536,0.24945068,0.03118134,1000,4510000000.0,CLOCK_UPTIME_RAW,advertised-pcore-max:Apple-M4-Pro/Max,block-07.csv
7,sve,lat,mul,mul,32,65536,9.14125061,0.28566408,1000,4510000000.0,CLOCK_UPTIME_RAW,advertised-pcore-max:Apple-M4-Pro/Max,block-07.csv
7,sve,tp,mul,mul,32,65536,4.56201172,0.14256287,1000,4510000000.0,CLOCK_UPTIME_RAW,advertised-pcore-max:Apple-M4-Pro/Max,block-07.csv
7,neon,lat,sqrdmulh,sqrdmulh,8,65536,2.99931335,0.37491417,1000,4510000000.0,CLOCK_UPTIME_RAW,advertised-pcore-max:Apple-M4-Pro/Max,block-07.csv
7,neon,tp,sqrdmulh,sqrdmulh,8,65536,0.24945068,0.03118134,1000,4510000000.0,CLOCK_UPTIME_RAW,advertised-pcore-max:Apple-M4-Pro/Max,block-07.csv
7,sve,lat,sqrdmulh,sqrdmulh,32,65536,9.14125061,0.28566408,1000,4510000000.0,CLOCK_UPTIME_RAW,advertised-pcore-max:Apple-M4-Pro/Max,block-07.csv
7,sve,tp,sqrdmulh,sqrdmulh,32,65536,4.55912781,0.14247274,1000,4510000000.0,CLOCK_UPTIME_RAW,advertised-pcore-max:Apple-M4-Pro/Max,block-07.csv
7,neon,lat,mls,mls,8,65536,3.00213623,0.37526703,1000,4510000000.0,CLOCK_UPTIME_RAW,advertised-pcore-max:Apple-M4-Pro/Max,block-07.csv
7,neon,tp,mls,mls,8,65536,0.43870544,0.05483818,1000,4510000000.0,CLOCK_UPTIME_RAW,advertised-pcore-max:Apple-M4-Pro/Max,block-07.csv
7,sve,lat,mls,mls,32,65536,9.16127014,0.28628969,1000,4510000000.0,CLOCK_UPTIME_RAW,advertised-pcore-max:Apple-M4-Pro/Max,block-07.csv
7,sve,tp,mls,mls,32,65536,4.55912781,0.14247274,1000,4510000000.0,CLOCK_UPTIME_RAW,advertised-pcore-max:Apple-M4-Pro/Max,block-07.csv
7,neon,lat,smull,smull,4,65536,2.99925232,0.74981308,1000,4510000000.0,CLOCK_UPTIME_RAW,advertised-pcore-max:Apple-M4-Pro/Max,block-07.csv
7,neon,tp,smull,smull,4,65536,0.24945068,0.06236267,1000,4510000000.0,CLOCK_UPTIME_RAW,advertised-pcore-max:Apple-M4-Pro/Max,block-07.csv
7,sve,lat,smull,smullb,16,65536,9.14117432,0.57132339,1000,4510000000.0,CLOCK_UPTIME_RAW,advertised-pcore-max:Apple-M4-Pro/Max,block-07.csv
7,sve,tp,smull,smullb,16,65536,4.55912781,0.28494549,1000,4510000000.0,CLOCK_UPTIME_RAW,advertised-pcore-max:Apple-M4-Pro/Max,block-07.csv
7,neon,lat,smlsl,smlsl,4,65536,2.99925232,0.74981308,1000,4510000000.0,CLOCK_UPTIME_RAW,advertised-pcore-max:Apple-M4-Pro/Max,block-07.csv
7,neon,tp,smlsl,smlsl,4,65536,0.4329834,0.10824585,1000,4510000000.0,CLOCK_UPTIME_RAW,advertised-pcore-max:Apple-M4-Pro/Max,block-07.csv
7,sve,lat,smlsl,smlslb,16,65536,9.14125061,0.57132816,1000,4510000000.0,CLOCK_UPTIME_RAW,advertised-pcore-max:Apple-M4-Pro/Max,block-07.csv
7,sve,tp,smlsl,smlslb,16,65536,4.55912781,0.28494549,1000,4510000000.0,CLOCK_UPTIME_RAW,advertised-pcore-max:Apple-M4-Pro/Max,block-07.csv
7,neon,lat,zip,zip1,8,65536,1.99858093,0.24982262,1000,4510000000.0,CLOCK_UPTIME_RAW,advertised-pcore-max:Apple-M4-Pro/Max,block-07.csv
7,neon,tp,zip,zip1,8,65536,0.24945068,0.03118134,1000,4510000000.0,CLOCK_UPTIME_RAW,advertised-pcore-max:Apple-M4-Pro/Max,block-07.csv
7,sve,lat,zip,zip1,32,65536,3.42076111,0.10689878,1000,4510000000.0,CLOCK_UPTIME_RAW,advertised-pcore-max:Apple-M4-Pro/Max,block-07.csv
7,sve,tp,zip,zip1,32,65536,1.38204956,0.04318905,1000,4510000000.0,CLOCK_UPTIME_RAW,advertised-pcore-max:Apple-M4-Pro/Max,block-07.csv
7,neon,lat,trn,trn1,8,65536,1.99858093,0.24982262,1000,4510000000.0,CLOCK_UPTIME_RAW,advertised-pcore-max:Apple-M4-Pro/Max,block-07.csv
7,neon,tp,trn,trn1,8,65536,0.24945068,0.03118134,1000,4510000000.0,CLOCK_UPTIME_RAW,advertised-pcore-max:Apple-M4-Pro/Max,block-07.csv
7,sve,lat,trn,trn1,32,65536,3.42076111,0.10689878,1000,4510000000.0,CLOCK_UPTIME_RAW,advertised-pcore-max:Apple-M4-Pro/Max,block-07.csv
7,sve,tp,trn,trn1,32,65536,1.42216492,0.04444265,1000,4510000000.0,CLOCK_UPTIME_RAW,advertised-pcore-max:Apple-M4-Pro/Max,block-07.csv
7,neon,lat,uzp,uzp1,8,65536,1.99858093,0.24982262,1000,4510000000.0,CLOCK_UPTIME_RAW,advertised-pcore-max:Apple-M4-Pro/Max,block-07.csv
7,neon,tp,uzp,uzp1,8,65536,0.24945068,0.03118134,1000,4510000000.0,CLOCK_UPTIME_RAW,advertised-pcore-max:Apple-M4-Pro/Max,block-07.csv
7,sve,lat,uzp,uzp1,32,65536,3.42076111,0.10689878,1000,4510000000.0,CLOCK_UPTIME_RAW,advertised-pcore-max:Apple-M4-Pro/Max,block-07.csv
7,sve,tp,uzp,uzp1,32,65536,1.42216492,0.04444265,1000,4510000000.0,CLOCK_UPTIME_RAW,advertised-pcore-max:Apple-M4-Pro/Max,block-07.csv
7,neon,lat,ld1,ld1,8,65536,0.38137817,0.04767227,1000,4510000000.0,CLOCK_UPTIME_RAW,advertised-pcore-max:Apple-M4-Pro/Max,block-07.csv
7,neon,tp,ld1,ld1,8,65536,0.33265686,0.04158211,1000,4510000000.0,CLOCK_UPTIME_RAW,advertised-pcore-max:Apple-M4-Pro/Max,block-07.csv
7,sve,lat,ld1,ld1h,32,65536,2.64373779,0.08261681,1000,4510000000.0,CLOCK_UPTIME_RAW,advertised-pcore-max:Apple-M4-Pro/Max,block-07.csv
7,sve,tp,ld1,ld1h,32,65536,2.64373779,0.08261681,1000,4510000000.0,CLOCK_UPTIME_RAW,advertised-pcore-max:Apple-M4-Pro/Max,block-07.csv
7,neon,lat,ld2,ld2,16,65536,1.00073242,0.06254578,1000,4510000000.0,CLOCK_UPTIME_RAW,advertised-pcore-max:Apple-M4-Pro/Max,block-07.csv
7,neon,tp,ld2,ld2,16,65536,1.00073242,0.06254578,1000,4510000000.0,CLOCK_UPTIME_RAW,advertised-pcore-max:Apple-M4-Pro/Max,block-07.csv
7,sve,lat,ld2,ld2h,64,65536,4.95193481,0.07737398,1000,4510000000.0,CLOCK_UPTIME_RAW,advertised-pcore-max:Apple-M4-Pro/Max,block-07.csv
7,sve,tp,ld2,ld2h,64,65536,4.95193481,0.07737398,1000,4510000000.0,CLOCK_UPTIME_RAW,advertised-pcore-max:Apple-M4-Pro/Max,block-07.csv
7,neon,lat,st1,st1,8,65536,0.51040649,0.06380081,1000,4510000000.0,CLOCK_UPTIME_RAW,advertised-pcore-max:Apple-M4-Pro/Max,block-07.csv
7,neon,tp,st1,st1,8,65536,0.5017395,0.06271744,1000,4510000000.0,CLOCK_UPTIME_RAW,advertised-pcore-max:Apple-M4-Pro/Max,block-07.csv
7,sve,lat,st1,st1h,32,65536,8.17781067,0.25555658,1000,4510000000.0,CLOCK_UPTIME_RAW,advertised-pcore-max:Apple-M4-Pro/Max,block-07.csv
7,sve,tp,st1,st1h,32,65536,36.93759155,1.15429974,1000,4510000000.0,CLOCK_UPTIME_RAW,advertised-pcore-max:Apple-M4-Pro/Max,block-07.csv
7,sve,lat,mova_h,mova h-store,32,65536,2.64085388,0.08252668,1000,4510000000.0,CLOCK_UPTIME_RAW,advertised-pcore-max:Apple-M4-Pro/Max,block-07.csv
7,sve,tp,mova_h,mova h-store,32,65536,1.42216492,0.04444265,1000,4510000000.0,CLOCK_UPTIME_RAW,advertised-pcore-max:Apple-M4-Pro/Max,block-07.csv
7,sve,lat,mova_v,mova v-load,32,65536,18.475990295000003,0.577374695,1000,4510000000.0,CLOCK_UPTIME_RAW,advertised-pcore-max:Apple-M4-Pro/Max,block-07.csv
7,sve,tp,mova_v,mova v-load,32,65536,4.55912781,0.14247274,1000,4510000000.0,CLOCK_UPTIME_RAW,advertised-pcore-max:Apple-M4-Pro/Max,block-07.csv
7,sve,tp,mode_switch,smstart+smstop,0,2048,51.38476562,0.0,1000,4510000000.0,CLOCK_UPTIME_RAW,advertised-pcore-max:Apple-M4-Pro/Max,block-07.csv
8,neon,lat,add,add,8,65536,2.00140381,0.25017548,1000,4510000000.0,CLOCK_UPTIME_RAW,advertised-pcore-max:Apple-M4-Pro/Max,block-08.csv
8,neon,tp,add,add,8,65536,0.24945068,0.03118134,1000,4510000000.0,CLOCK_UPTIME_RAW,advertised-pcore-max:Apple-M4-Pro/Max,block-08.csv
8,sve,lat,add,add,32,65536,3.42364502,0.10698891,1000,4510000000.0,CLOCK_UPTIME_RAW,advertised-pcore-max:Apple-M4-Pro/Max,block-08.csv
8,sve,tp,add,add,32,65536,1.42216492,0.04444265,1000,4510000000.0,CLOCK_UPTIME_RAW,advertised-pcore-max:Apple-M4-Pro/Max,block-08.csv
8,neon,lat,sub,sub,8,65536,1.99858093,0.24982262,1000,4510000000.0,CLOCK_UPTIME_RAW,advertised-pcore-max:Apple-M4-Pro/Max,block-08.csv
8,neon,tp,sub,sub,8,65536,0.24945068,0.03118134,1000,4510000000.0,CLOCK_UPTIME_RAW,advertised-pcore-max:Apple-M4-Pro/Max,block-08.csv
8,sve,lat,sub,sub,32,65536,3.42082214,0.10690069,1000,4510000000.0,CLOCK_UPTIME_RAW,advertised-pcore-max:Apple-M4-Pro/Max,block-08.csv
8,sve,tp,sub,sub,32,65536,1.42216492,0.04444265,1000,4510000000.0,CLOCK_UPTIME_RAW,advertised-pcore-max:Apple-M4-Pro/Max,block-08.csv
8,neon,lat,mul,mul,8,65536,2.99925232,0.37490654,1000,4510000000.0,CLOCK_UPTIME_RAW,advertised-pcore-max:Apple-M4-Pro/Max,block-08.csv
8,neon,tp,mul,mul,8,65536,0.24945068,0.03118134,1000,4510000000.0,CLOCK_UPTIME_RAW,advertised-pcore-max:Apple-M4-Pro/Max,block-08.csv
8,sve,lat,mul,mul,32,65536,9.14117432,0.2856617,1000,4510000000.0,CLOCK_UPTIME_RAW,advertised-pcore-max:Apple-M4-Pro/Max,block-08.csv
8,sve,tp,mul,mul,32,65536,4.56195068,0.14256096,1000,4510000000.0,CLOCK_UPTIME_RAW,advertised-pcore-max:Apple-M4-Pro/Max,block-08.csv
8,neon,lat,sqrdmulh,sqrdmulh,8,65536,2.99925232,0.37490654,1000,4510000000.0,CLOCK_UPTIME_RAW,advertised-pcore-max:Apple-M4-Pro/Max,block-08.csv
8,neon,tp,sqrdmulh,sqrdmulh,8,65536,0.24945068,0.03118134,1000,4510000000.0,CLOCK_UPTIME_RAW,advertised-pcore-max:Apple-M4-Pro/Max,block-08.csv
8,sve,lat,sqrdmulh,sqrdmulh,32,65536,9.14117432,0.2856617,1000,4510000000.0,CLOCK_UPTIME_RAW,advertised-pcore-max:Apple-M4-Pro/Max,block-08.csv
8,sve,tp,sqrdmulh,sqrdmulh,32,65536,4.55912781,0.14247274,1000,4510000000.0,CLOCK_UPTIME_RAW,advertised-pcore-max:Apple-M4-Pro/Max,block-08.csv
8,neon,lat,mls,mls,8,65536,2.99925232,0.37490654,1000,4510000000.0,CLOCK_UPTIME_RAW,advertised-pcore-max:Apple-M4-Pro/Max,block-08.csv
8,neon,tp,mls,mls,8,65536,0.4329834,0.05412292,1000,4510000000.0,CLOCK_UPTIME_RAW,advertised-pcore-max:Apple-M4-Pro/Max,block-08.csv
8,sve,lat,mls,mls,32,65536,9.14125061,0.28566408,1000,4510000000.0,CLOCK_UPTIME_RAW,advertised-pcore-max:Apple-M4-Pro/Max,block-08.csv
8,sve,tp,mls,mls,32,65536,4.55912781,0.14247274,1000,4510000000.0,CLOCK_UPTIME_RAW,advertised-pcore-max:Apple-M4-Pro/Max,block-08.csv
8,neon,lat,smull,smull,4,65536,2.99925232,0.74981308,1000,4510000000.0,CLOCK_UPTIME_RAW,advertised-pcore-max:Apple-M4-Pro/Max,block-08.csv
8,neon,tp,smull,smull,4,65536,0.24945068,0.06236267,1000,4510000000.0,CLOCK_UPTIME_RAW,advertised-pcore-max:Apple-M4-Pro/Max,block-08.csv
8,sve,lat,smull,smullb,16,65536,9.14125061,0.57132816,1000,4510000000.0,CLOCK_UPTIME_RAW,advertised-pcore-max:Apple-M4-Pro/Max,block-08.csv
8,sve,tp,smull,smullb,16,65536,4.55912781,0.28494549,1000,4510000000.0,CLOCK_UPTIME_RAW,advertised-pcore-max:Apple-M4-Pro/Max,block-08.csv
8,neon,lat,smlsl,smlsl,4,65536,2.99925232,0.74981308,1000,4510000000.0,CLOCK_UPTIME_RAW,advertised-pcore-max:Apple-M4-Pro/Max,block-08.csv
8,neon,tp,smlsl,smlsl,4,65536,0.4329834,0.10824585,1000,4510000000.0,CLOCK_UPTIME_RAW,advertised-pcore-max:Apple-M4-Pro/Max,block-08.csv
8,sve,lat,smlsl,smlslb,16,65536,9.14407349,0.57150459,1000,4510000000.0,CLOCK_UPTIME_RAW,advertised-pcore-max:Apple-M4-Pro/Max,block-08.csv
8,sve,tp,smlsl,smlslb,16,65536,4.55912781,0.28494549,1000,4510000000.0,CLOCK_UPTIME_RAW,advertised-pcore-max:Apple-M4-Pro/Max,block-08.csv
8,neon,lat,zip,zip1,8,65536,1.99858093,0.24982262,1000,4510000000.0,CLOCK_UPTIME_RAW,advertised-pcore-max:Apple-M4-Pro/Max,block-08.csv
8,neon,tp,zip,zip1,8,65536,0.24945068,0.03118134,1000,4510000000.0,CLOCK_UPTIME_RAW,advertised-pcore-max:Apple-M4-Pro/Max,block-08.csv
8,sve,lat,zip,zip1,32,65536,3.42076111,0.10689878,1000,4510000000.0,CLOCK_UPTIME_RAW,advertised-pcore-max:Apple-M4-Pro/Max,block-08.csv
8,sve,tp,zip,zip1,32,65536,1.42216492,0.04444265,1000,4510000000.0,CLOCK_UPTIME_RAW,advertised-pcore-max:Apple-M4-Pro/Max,block-08.csv
8,neon,lat,trn,trn1,8,65536,2.00140381,0.25017548,1000,4510000000.0,CLOCK_UPTIME_RAW,advertised-pcore-max:Apple-M4-Pro/Max,block-08.csv
8,neon,tp,trn,trn1,8,65536,0.24945068,0.03118134,1000,4510000000.0,CLOCK_UPTIME_RAW,advertised-pcore-max:Apple-M4-Pro/Max,block-08.csv
8,sve,lat,trn,trn1,32,65536,3.42076111,0.10689878,1000,4510000000.0,CLOCK_UPTIME_RAW,advertised-pcore-max:Apple-M4-Pro/Max,block-08.csv
8,sve,tp,trn,trn1,32,65536,1.42216492,0.04444265,1000,4510000000.0,CLOCK_UPTIME_RAW,advertised-pcore-max:Apple-M4-Pro/Max,block-08.csv
8,neon,lat,uzp,uzp1,8,65536,1.99858093,0.24982262,1000,4510000000.0,CLOCK_UPTIME_RAW,advertised-pcore-max:Apple-M4-Pro/Max,block-08.csv
8,neon,tp,uzp,uzp1,8,65536,0.24945068,0.03118134,1000,4510000000.0,CLOCK_UPTIME_RAW,advertised-pcore-max:Apple-M4-Pro/Max,block-08.csv
8,sve,lat,uzp,uzp1,32,65536,3.42364502,0.10698891,1000,4510000000.0,CLOCK_UPTIME_RAW,advertised-pcore-max:Apple-M4-Pro/Max,block-08.csv
8,sve,tp,uzp,uzp1,32,65536,1.42224121,0.04444504,1000,4510000000.0,CLOCK_UPTIME_RAW,advertised-pcore-max:Apple-M4-Pro/Max,block-08.csv
8,neon,lat,ld1,ld1,8,65536,0.3469696,0.0433712,1000,4510000000.0,CLOCK_UPTIME_RAW,advertised-pcore-max:Apple-M4-Pro/Max,block-08.csv
8,neon,tp,ld1,ld1,8,65536,0.33547974,0.04193497,1000,4510000000.0,CLOCK_UPTIME_RAW,advertised-pcore-max:Apple-M4-Pro/Max,block-08.csv
8,sve,lat,ld1,ld1h,32,65536,2.68245697,0.08382678,1000,4510000000.0,CLOCK_UPTIME_RAW,advertised-pcore-max:Apple-M4-Pro/Max,block-08.csv
8,sve,tp,ld1,ld1h,32,65536,2.64663696,0.08270741,1000,4510000000.0,CLOCK_UPTIME_RAW,advertised-pcore-max:Apple-M4-Pro/Max,block-08.csv
8,neon,lat,ld2,ld2,16,65536,1.00073242,0.06254578,1000,4510000000.0,CLOCK_UPTIME_RAW,advertised-pcore-max:Apple-M4-Pro/Max,block-08.csv
8,neon,tp,ld2,ld2,16,65536,1.00073242,0.06254578,1000,4510000000.0,CLOCK_UPTIME_RAW,advertised-pcore-max:Apple-M4-Pro/Max,block-08.csv
8,sve,lat,ld2,ld2h,64,65536,4.94340515,0.07724071,1000,4510000000.0,CLOCK_UPTIME_RAW,advertised-pcore-max:Apple-M4-Pro/Max,block-08.csv
8,sve,tp,ld2,ld2h,64,65536,4.9490509,0.07732892,1000,4510000000.0,CLOCK_UPTIME_RAW,advertised-pcore-max:Apple-M4-Pro/Max,block-08.csv
8,neon,lat,st1,st1,8,65536,0.57344055,0.07168007,1000,4510000000.0,CLOCK_UPTIME_RAW,advertised-pcore-max:Apple-M4-Pro/Max,block-08.csv
8,neon,tp,st1,st1,8,65536,0.5017395,0.06271744,1000,4510000000.0,CLOCK_UPTIME_RAW,advertised-pcore-max:Apple-M4-Pro/Max,block-08.csv
8,sve,lat,st1,st1h,32,65536,8.19212341,0.25600386,1000,4510000000.0,CLOCK_UPTIME_RAW,advertised-pcore-max:Apple-M4-Pro/Max,block-08.csv
8,sve,tp,st1,st1h,32,65536,36.8429718,1.15134287,1000,4510000000.0,CLOCK_UPTIME_RAW,advertised-pcore-max:Apple-M4-Pro/Max,block-08.csv
8,sve,lat,mova_h,mova h-store,32,65536,2.63795471,0.08243608,1000,4510000000.0,CLOCK_UPTIME_RAW,advertised-pcore-max:Apple-M4-Pro/Max,block-08.csv
8,sve,tp,mova_h,mova h-store,32,65536,1.4050293,0.04390717,1000,4510000000.0,CLOCK_UPTIME_RAW,advertised-pcore-max:Apple-M4-Pro/Max,block-08.csv
8,sve,lat,mova_v,mova v-load,32,65536,18.625038144999998,0.5820324400000001,1000,4510000000.0,CLOCK_UPTIME_RAW,advertised-pcore-max:Apple-M4-Pro/Max,block-08.csv
8,sve,tp,mova_v,mova v-load,32,65536,4.55912781,0.14247274,1000,4510000000.0,CLOCK_UPTIME_RAW,advertised-pcore-max:Apple-M4-Pro/Max,block-08.csv
8,sve,tp,mode_switch,smstart+smstop,0,2048,51.38476562,0.0,1000,4510000000.0,CLOCK_UPTIME_RAW,advertised-pcore-max:Apple-M4-Pro/Max,block-08.csv
9,neon,lat,add,add,8,65536,1.99858093,0.24982262,1000,4510000000.0,CLOCK_UPTIME_RAW,advertised-pcore-max:Apple-M4-Pro/Max,block-09.csv
9,neon,tp,add,add,8,65536,0.24945068,0.03118134,1000,4510000000.0,CLOCK_UPTIME_RAW,advertised-pcore-max:Apple-M4-Pro/Max,block-09.csv
9,sve,lat,add,add,32,65536,3.42076111,0.10689878,1000,4510000000.0,CLOCK_UPTIME_RAW,advertised-pcore-max:Apple-M4-Pro/Max,block-09.csv
9,sve,tp,add,add,32,65536,1.40641022,0.043950315000000004,1000,4510000000.0,CLOCK_UPTIME_RAW,advertised-pcore-max:Apple-M4-Pro/Max,block-09.csv
9,neon,lat,sub,sub,8,65536,1.99858093,0.24982262,1000,4510000000.0,CLOCK_UPTIME_RAW,advertised-pcore-max:Apple-M4-Pro/Max,block-09.csv
9,neon,tp,sub,sub,8,65536,0.24945068,0.03118134,1000,4510000000.0,CLOCK_UPTIME_RAW,advertised-pcore-max:Apple-M4-Pro/Max,block-09.csv
9,sve,lat,sub,sub,32,65536,3.42076111,0.10689878,1000,4510000000.0,CLOCK_UPTIME_RAW,advertised-pcore-max:Apple-M4-Pro/Max,block-09.csv
9,sve,tp,sub,sub,32,65536,1.42216492,0.04444265,1000,4510000000.0,CLOCK_UPTIME_RAW,advertised-pcore-max:Apple-M4-Pro/Max,block-09.csv
9,neon,lat,mul,mul,8,65536,2.99925232,0.37490654,1000,4510000000.0,CLOCK_UPTIME_RAW,advertised-pcore-max:Apple-M4-Pro/Max,block-09.csv
9,neon,tp,mul,mul,8,65536,0.24945068,0.03118134,1000,4510000000.0,CLOCK_UPTIME_RAW,advertised-pcore-max:Apple-M4-Pro/Max,block-09.csv
9,sve,lat,mul,mul,32,65536,9.31321716,0.29103804,1000,4510000000.0,CLOCK_UPTIME_RAW,advertised-pcore-max:Apple-M4-Pro/Max,block-09.csv
9,sve,tp,mul,mul,32,65536,4.56201172,0.14256287,1000,4510000000.0,CLOCK_UPTIME_RAW,advertised-pcore-max:Apple-M4-Pro/Max,block-09.csv
9,neon,lat,sqrdmulh,sqrdmulh,8,65536,2.99925232,0.37490654,1000,4510000000.0,CLOCK_UPTIME_RAW,advertised-pcore-max:Apple-M4-Pro/Max,block-09.csv
9,neon,tp,sqrdmulh,sqrdmulh,8,65536,0.24945068,0.03118134,1000,4510000000.0,CLOCK_UPTIME_RAW,advertised-pcore-max:Apple-M4-Pro/Max,block-09.csv
9,sve,lat,sqrdmulh,sqrdmulh,32,65536,9.247291565000001,0.28897786000000003,1000,4510000000.0,CLOCK_UPTIME_RAW,advertised-pcore-max:Apple-M4-Pro/Max,block-09.csv
9,sve,tp,sqrdmulh,sqrdmulh,32,65536,4.76557922,0.14892435,1000,4510000000.0,CLOCK_UPTIME_RAW,advertised-pcore-max:Apple-M4-Pro/Max,block-09.csv
9,neon,lat,mls,mls,8,65536,2.99931335,0.37491417,1000,4510000000.0,CLOCK_UPTIME_RAW,advertised-pcore-max:Apple-M4-Pro/Max,block-09.csv
9,neon,tp,mls,mls,8,65536,0.4329834,0.05412292,1000,4510000000.0,CLOCK_UPTIME_RAW,advertised-pcore-max:Apple-M4-Pro/Max,block-09.csv
9,sve,lat,mls,mls,32,65536,9.14407349,0.2857523,1000,4510000000.0,CLOCK_UPTIME_RAW,advertised-pcore-max:Apple-M4-Pro/Max,block-09.csv
9,sve,tp,mls,mls,32,65536,4.56195068,0.14256096,1000,4510000000.0,CLOCK_UPTIME_RAW,advertised-pcore-max:Apple-M4-Pro/Max,block-09.csv
9,neon,lat,smull,smull,4,65536,2.99925232,0.74981308,1000,4510000000.0,CLOCK_UPTIME_RAW,advertised-pcore-max:Apple-M4-Pro/Max,block-09.csv
9,neon,tp,smull,smull,4,65536,0.24945068,0.06236267,1000,4510000000.0,CLOCK_UPTIME_RAW,advertised-pcore-max:Apple-M4-Pro/Max,block-09.csv
9,sve,lat,smull,smullb,16,65536,9.14407349,0.57150459,1000,4510000000.0,CLOCK_UPTIME_RAW,advertised-pcore-max:Apple-M4-Pro/Max,block-09.csv
9,sve,tp,smull,smullb,16,65536,4.55912781,0.28494549,1000,4510000000.0,CLOCK_UPTIME_RAW,advertised-pcore-max:Apple-M4-Pro/Max,block-09.csv
9,neon,lat,smlsl,smlsl,4,65536,2.99931335,0.74982834,1000,4510000000.0,CLOCK_UPTIME_RAW,advertised-pcore-max:Apple-M4-Pro/Max,block-09.csv
9,neon,tp,smlsl,smlsl,4,65536,0.4329834,0.10824585,1000,4510000000.0,CLOCK_UPTIME_RAW,advertised-pcore-max:Apple-M4-Pro/Max,block-09.csv
9,sve,lat,smlsl,smlslb,16,65536,9.28890228,0.580556395,1000,4510000000.0,CLOCK_UPTIME_RAW,advertised-pcore-max:Apple-M4-Pro/Max,block-09.csv
9,sve,tp,smlsl,smlslb,16,65536,4.55912781,0.28494549,1000,4510000000.0,CLOCK_UPTIME_RAW,advertised-pcore-max:Apple-M4-Pro/Max,block-09.csv
9,neon,lat,zip,zip1,8,65536,1.99858093,0.24982262,1000,4510000000.0,CLOCK_UPTIME_RAW,advertised-pcore-max:Apple-M4-Pro/Max,block-09.csv
9,neon,tp,zip,zip1,8,65536,0.24945068,0.03118134,1000,4510000000.0,CLOCK_UPTIME_RAW,advertised-pcore-max:Apple-M4-Pro/Max,block-09.csv
9,sve,lat,zip,zip1,32,65536,3.42076111,0.10689878,1000,4510000000.0,CLOCK_UPTIME_RAW,advertised-pcore-max:Apple-M4-Pro/Max,block-09.csv
9,sve,tp,zip,zip1,32,65536,1.42216492,0.04444265,1000,4510000000.0,CLOCK_UPTIME_RAW,advertised-pcore-max:Apple-M4-Pro/Max,block-09.csv
9,neon,lat,trn,trn1,8,65536,1.99858093,0.24982262,1000,4510000000.0,CLOCK_UPTIME_RAW,advertised-pcore-max:Apple-M4-Pro/Max,block-09.csv
9,neon,tp,trn,trn1,8,65536,0.24945068,0.03118134,1000,4510000000.0,CLOCK_UPTIME_RAW,advertised-pcore-max:Apple-M4-Pro/Max,block-09.csv
9,sve,lat,trn,trn1,32,65536,3.42082214,0.10690069,1000,4510000000.0,CLOCK_UPTIME_RAW,advertised-pcore-max:Apple-M4-Pro/Max,block-09.csv
9,sve,tp,trn,trn1,32,65536,1.422203065,0.044443844999999996,1000,4510000000.0,CLOCK_UPTIME_RAW,advertised-pcore-max:Apple-M4-Pro/Max,block-09.csv
9,neon,lat,uzp,uzp1,8,65536,2.00140381,0.25017548,1000,4510000000.0,CLOCK_UPTIME_RAW,advertised-pcore-max:Apple-M4-Pro/Max,block-09.csv
9,neon,tp,uzp,uzp1,8,65536,0.25227356,0.03153419,1000,4510000000.0,CLOCK_UPTIME_RAW,advertised-pcore-max:Apple-M4-Pro/Max,block-09.csv
9,sve,lat,uzp,uzp1,32,65536,3.446594235,0.10770607,1000,4510000000.0,CLOCK_UPTIME_RAW,advertised-pcore-max:Apple-M4-Pro/Max,block-09.csv
9,sve,tp,uzp,uzp1,32,65536,1.42224121,0.04444504,1000,4510000000.0,CLOCK_UPTIME_RAW,advertised-pcore-max:Apple-M4-Pro/Max,block-09.csv
9,neon,lat,ld1,ld1,8,65536,0.38420105,0.04802513,1000,4510000000.0,CLOCK_UPTIME_RAW,advertised-pcore-max:Apple-M4-Pro/Max,block-09.csv
9,neon,tp,ld1,ld1,8,65536,0.33547974,0.04193497,1000,4510000000.0,CLOCK_UPTIME_RAW,advertised-pcore-max:Apple-M4-Pro/Max,block-09.csv
9,sve,lat,ld1,ld1h,32,65536,2.65226746,0.08288336,1000,4510000000.0,CLOCK_UPTIME_RAW,advertised-pcore-max:Apple-M4-Pro/Max,block-09.csv
9,sve,tp,ld1,ld1h,32,65536,2.64945984,0.08279562,1000,4510000000.0,CLOCK_UPTIME_RAW,advertised-pcore-max:Apple-M4-Pro/Max,block-09.csv
9,neon,lat,ld2,ld2,16,65536,1.14979553,0.07186222,1000,4510000000.0,CLOCK_UPTIME_RAW,advertised-pcore-max:Apple-M4-Pro/Max,block-09.csv
9,neon,tp,ld2,ld2,16,65536,1.00073242,0.06254578,1000,4510000000.0,CLOCK_UPTIME_RAW,advertised-pcore-max:Apple-M4-Pro/Max,block-09.csv
9,sve,lat,ld2,ld2h,64,65536,4.95193481,0.07737398,1000,4510000000.0,CLOCK_UPTIME_RAW,advertised-pcore-max:Apple-M4-Pro/Max,block-09.csv
9,sve,tp,ld2,ld2h,64,65536,4.97491455,0.07773304,1000,4510000000.0,CLOCK_UPTIME_RAW,advertised-pcore-max:Apple-M4-Pro/Max,block-09.csv
9,neon,lat,st1,st1,8,65536,0.50752258,0.06344032,1000,4510000000.0,CLOCK_UPTIME_RAW,advertised-pcore-max:Apple-M4-Pro/Max,block-09.csv
9,neon,tp,st1,st1,8,65536,0.50462341,0.06307793,1000,4510000000.0,CLOCK_UPTIME_RAW,advertised-pcore-max:Apple-M4-Pro/Max,block-09.csv
9,sve,lat,st1,st1h,32,65536,35.17414856,1.09919214,1000,4510000000.0,CLOCK_UPTIME_RAW,advertised-pcore-max:Apple-M4-Pro/Max,block-09.csv
9,sve,tp,st1,st1h,32,65536,29.6114502,0.92535782,1000,4510000000.0,CLOCK_UPTIME_RAW,advertised-pcore-max:Apple-M4-Pro/Max,block-09.csv
9,sve,lat,mova_h,mova h-store,32,65536,2.63803101,0.08243847,1000,4510000000.0,CLOCK_UPTIME_RAW,advertised-pcore-max:Apple-M4-Pro/Max,block-09.csv
9,sve,tp,mova_h,mova h-store,32,65536,1.42216492,0.04444265,1000,4510000000.0,CLOCK_UPTIME_RAW,advertised-pcore-max:Apple-M4-Pro/Max,block-09.csv
9,sve,lat,mova_v,mova v-load,32,65536,18.31394958,0.57231092,1000,4510000000.0,CLOCK_UPTIME_RAW,advertised-pcore-max:Apple-M4-Pro/Max,block-09.csv
9,sve,tp,mova_v,mova v-load,32,65536,4.55912781,0.14247274,1000,4510000000.0,CLOCK_UPTIME_RAW,advertised-pcore-max:Apple-M4-Pro/Max,block-09.csv
9,sve,tp,mode_switch,smstart+smstop,0,2048,51.38476562,0.0,1000,4510000000.0,CLOCK_UPTIME_RAW,advertised-pcore-max:Apple-M4-Pro/Max,block-09.csv
10,neon,lat,add,add,8,65536,1.99858093,0.24982262,1000,4510000000.0,CLOCK_UPTIME_RAW,advertised-pcore-max:Apple-M4-Pro/Max,block-10.csv
10,neon,tp,add,add,8,65536,0.24945068,0.03118134,1000,4510000000.0,CLOCK_UPTIME_RAW,advertised-pcore-max:Apple-M4-Pro/Max,block-10.csv
10,sve,lat,add,add,32,65536,3.42076111,0.10689878,1000,4510000000.0,CLOCK_UPTIME_RAW,advertised-pcore-max:Apple-M4-Pro/Max,block-10.csv
10,sve,tp,add,add,32,65536,1.42216492,0.04444265,1000,4510000000.0,CLOCK_UPTIME_RAW,advertised-pcore-max:Apple-M4-Pro/Max,block-10.csv
10,neon,lat,sub,sub,8,65536,1.99858093,0.24982262,1000,4510000000.0,CLOCK_UPTIME_RAW,advertised-pcore-max:Apple-M4-Pro/Max,block-10.csv
10,neon,tp,sub,sub,8,65536,0.24945068,0.03118134,1000,4510000000.0,CLOCK_UPTIME_RAW,advertised-pcore-max:Apple-M4-Pro/Max,block-10.csv
10,sve,lat,sub,sub,32,65536,3.77915955,0.11809874,1000,4510000000.0,CLOCK_UPTIME_RAW,advertised-pcore-max:Apple-M4-Pro/Max,block-10.csv
10,sve,tp,sub,sub,32,65536,1.42216492,0.04444265,1000,4510000000.0,CLOCK_UPTIME_RAW,advertised-pcore-max:Apple-M4-Pro/Max,block-10.csv
10,neon,lat,mul,mul,8,65536,2.99925232,0.37490654,1000,4510000000.0,CLOCK_UPTIME_RAW,advertised-pcore-max:Apple-M4-Pro/Max,block-10.csv
10,neon,tp,mul,mul,8,65536,0.24945068,0.03118134,1000,4510000000.0,CLOCK_UPTIME_RAW,advertised-pcore-max:Apple-M4-Pro/Max,block-10.csv
10,sve,lat,mul,mul,32,65536,9.13835144,0.28557348,1000,4510000000.0,CLOCK_UPTIME_RAW,advertised-pcore-max:Apple-M4-Pro/Max,block-10.csv
10,sve,tp,mul,mul,32,65536,4.56195068,0.14256096,1000,4510000000.0,CLOCK_UPTIME_RAW,advertised-pcore-max:Apple-M4-Pro/Max,block-10.csv
10,neon,lat,sqrdmulh,sqrdmulh,8,65536,2.99925232,0.37490654,1000,4510000000.0,CLOCK_UPTIME_RAW,advertised-pcore-max:Apple-M4-Pro/Max,block-10.csv
10,neon,tp,sqrdmulh,sqrdmulh,8,65536,0.24945068,0.03118134,1000,4510000000.0,CLOCK_UPTIME_RAW,advertised-pcore-max:Apple-M4-Pro/Max,block-10.csv
10,sve,lat,sqrdmulh,sqrdmulh,32,65536,9.14125061,0.28566408,1000,4510000000.0,CLOCK_UPTIME_RAW,advertised-pcore-max:Apple-M4-Pro/Max,block-10.csv
10,sve,tp,sqrdmulh,sqrdmulh,32,65536,4.55912781,0.14247274,1000,4510000000.0,CLOCK_UPTIME_RAW,advertised-pcore-max:Apple-M4-Pro/Max,block-10.csv
10,neon,lat,mls,mls,8,65536,2.99925232,0.37490654,1000,4510000000.0,CLOCK_UPTIME_RAW,advertised-pcore-max:Apple-M4-Pro/Max,block-10.csv
10,neon,tp,mls,mls,8,65536,0.4329834,0.05412292,1000,4510000000.0,CLOCK_UPTIME_RAW,advertised-pcore-max:Apple-M4-Pro/Max,block-10.csv
10,sve,lat,mls,mls,32,65536,9.14117432,0.2856617,1000,4510000000.0,CLOCK_UPTIME_RAW,advertised-pcore-max:Apple-M4-Pro/Max,block-10.csv
10,sve,tp,mls,mls,32,65536,4.55912781,0.14247274,1000,4510000000.0,CLOCK_UPTIME_RAW,advertised-pcore-max:Apple-M4-Pro/Max,block-10.csv
10,neon,lat,smull,smull,4,65536,2.99925232,0.74981308,1000,4510000000.0,CLOCK_UPTIME_RAW,advertised-pcore-max:Apple-M4-Pro/Max,block-10.csv
10,neon,tp,smull,smull,4,65536,0.24945068,0.06236267,1000,4510000000.0,CLOCK_UPTIME_RAW,advertised-pcore-max:Apple-M4-Pro/Max,block-10.csv
10,sve,lat,smull,smullb,16,65536,9.14117432,0.57132339,1000,4510000000.0,CLOCK_UPTIME_RAW,advertised-pcore-max:Apple-M4-Pro/Max,block-10.csv
10,sve,tp,smull,smullb,16,65536,4.55912781,0.28494549,1000,4510000000.0,CLOCK_UPTIME_RAW,advertised-pcore-max:Apple-M4-Pro/Max,block-10.csv
10,neon,lat,smlsl,smlsl,4,65536,2.99931335,0.74982834,1000,4510000000.0,CLOCK_UPTIME_RAW,advertised-pcore-max:Apple-M4-Pro/Max,block-10.csv
10,neon,tp,smlsl,smlsl,4,65536,0.4329834,0.10824585,1000,4510000000.0,CLOCK_UPTIME_RAW,advertised-pcore-max:Apple-M4-Pro/Max,block-10.csv
10,sve,lat,smlsl,smlslb,16,65536,9.14407349,0.57150459,1000,4510000000.0,CLOCK_UPTIME_RAW,advertised-pcore-max:Apple-M4-Pro/Max,block-10.csv
10,sve,tp,smlsl,smlslb,16,65536,4.55912781,0.28494549,1000,4510000000.0,CLOCK_UPTIME_RAW,advertised-pcore-max:Apple-M4-Pro/Max,block-10.csv
10,neon,lat,zip,zip1,8,65536,1.99858093,0.24982262,1000,4510000000.0,CLOCK_UPTIME_RAW,advertised-pcore-max:Apple-M4-Pro/Max,block-10.csv
10,neon,tp,zip,zip1,8,65536,0.24945068,0.03118134,1000,4510000000.0,CLOCK_UPTIME_RAW,advertised-pcore-max:Apple-M4-Pro/Max,block-10.csv
10,sve,lat,zip,zip1,32,65536,3.42082214,0.10690069,1000,4510000000.0,CLOCK_UPTIME_RAW,advertised-pcore-max:Apple-M4-Pro/Max,block-10.csv
10,sve,tp,zip,zip1,32,65536,1.42216492,0.04444265,1000,4510000000.0,CLOCK_UPTIME_RAW,advertised-pcore-max:Apple-M4-Pro/Max,block-10.csv
10,neon,lat,trn,trn1,8,65536,1.99858093,0.24982262,1000,4510000000.0,CLOCK_UPTIME_RAW,advertised-pcore-max:Apple-M4-Pro/Max,block-10.csv
10,neon,tp,trn,trn1,8,65536,0.24945068,0.03118134,1000,4510000000.0,CLOCK_UPTIME_RAW,advertised-pcore-max:Apple-M4-Pro/Max,block-10.csv
10,sve,lat,trn,trn1,32,65536,3.42076111,0.10689878,1000,4510000000.0,CLOCK_UPTIME_RAW,advertised-pcore-max:Apple-M4-Pro/Max,block-10.csv
10,sve,tp,trn,trn1,32,65536,1.42216492,0.04444265,1000,4510000000.0,CLOCK_UPTIME_RAW,advertised-pcore-max:Apple-M4-Pro/Max,block-10.csv
10,neon,lat,uzp,uzp1,8,65536,1.99858093,0.24982262,1000,4510000000.0,CLOCK_UPTIME_RAW,advertised-pcore-max:Apple-M4-Pro/Max,block-10.csv
10,neon,tp,uzp,uzp1,8,65536,0.24945068,0.03118134,1000,4510000000.0,CLOCK_UPTIME_RAW,advertised-pcore-max:Apple-M4-Pro/Max,block-10.csv
10,sve,lat,uzp,uzp1,32,65536,3.42076111,0.10689878,1000,4510000000.0,CLOCK_UPTIME_RAW,advertised-pcore-max:Apple-M4-Pro/Max,block-10.csv
10,sve,tp,uzp,uzp1,32,65536,1.40641022,0.043950315000000004,1000,4510000000.0,CLOCK_UPTIME_RAW,advertised-pcore-max:Apple-M4-Pro/Max,block-10.csv
10,neon,lat,ld1,ld1,8,65536,0.38420105,0.04802513,1000,4510000000.0,CLOCK_UPTIME_RAW,advertised-pcore-max:Apple-M4-Pro/Max,block-10.csv
10,neon,tp,ld1,ld1,8,65536,0.33265686,0.04158211,1000,4510000000.0,CLOCK_UPTIME_RAW,advertised-pcore-max:Apple-M4-Pro/Max,block-10.csv
10,sve,lat,ld1,ld1h,32,65536,2.64656067,0.08270502,1000,4510000000.0,CLOCK_UPTIME_RAW,advertised-pcore-max:Apple-M4-Pro/Max,block-10.csv
10,sve,tp,ld1,ld1h,32,65536,2.64656067,0.08270502,1000,4510000000.0,CLOCK_UPTIME_RAW,advertised-pcore-max:Apple-M4-Pro/Max,block-10.csv
10,neon,lat,ld2,ld2,16,65536,1.00361633,0.06272602,1000,4510000000.0,CLOCK_UPTIME_RAW,advertised-pcore-max:Apple-M4-Pro/Max,block-10.csv
10,neon,tp,ld2,ld2,16,65536,1.00073242,0.06254578,1000,4510000000.0,CLOCK_UPTIME_RAW,advertised-pcore-max:Apple-M4-Pro/Max,block-10.csv
10,sve,lat,ld2,ld2h,64,65536,4.94332886,0.07723951,1000,4510000000.0,CLOCK_UPTIME_RAW,advertised-pcore-max:Apple-M4-Pro/Max,block-10.csv
10,sve,tp,ld2,ld2h,64,65536,4.94332886,0.07723951,1000,4510000000.0,CLOCK_UPTIME_RAW,advertised-pcore-max:Apple-M4-Pro/Max,block-10.csv
10,neon,lat,st1,st1,8,65536,0.57351685,0.07168961,1000,4510000000.0,CLOCK_UPTIME_RAW,advertised-pcore-max:Apple-M4-Pro/Max,block-10.csv
10,neon,tp,st1,st1,8,65536,0.49891663,0.06236458,1000,4510000000.0,CLOCK_UPTIME_RAW,advertised-pcore-max:Apple-M4-Pro/Max,block-10.csv
10,sve,lat,st1,st1h,32,65536,8.1892395,0.25591373,1000,4510000000.0,CLOCK_UPTIME_RAW,advertised-pcore-max:Apple-M4-Pro/Max,block-10.csv
10,sve,tp,st1,st1h,32,65536,37.00640869,1.15645027,1000,4510000000.0,CLOCK_UPTIME_RAW,advertised-pcore-max:Apple-M4-Pro/Max,block-10.csv
10,sve,lat,mova_h,mova h-store,32,65536,2.63803101,0.08243847,1000,4510000000.0,CLOCK_UPTIME_RAW,advertised-pcore-max:Apple-M4-Pro/Max,block-10.csv
10,sve,tp,mova_h,mova h-store,32,65536,1.42216492,0.04444265,1000,4510000000.0,CLOCK_UPTIME_RAW,advertised-pcore-max:Apple-M4-Pro/Max,block-10.csv
10,sve,lat,mova_v,mova v-load,32,65536,18.31112671,0.57222271,1000,4510000000.0,CLOCK_UPTIME_RAW,advertised-pcore-max:Apple-M4-Pro/Max,block-10.csv
10,sve,tp,mova_v,mova v-load,32,65536,4.55912781,0.14247274,1000,4510000000.0,CLOCK_UPTIME_RAW,advertised-pcore-max:Apple-M4-Pro/Max,block-10.csv
10,sve,tp,mode_switch,smstart+smstop,0,2048,51.47509766,0.0,1000,4510000000.0,CLOCK_UPTIME_RAW,advertised-pcore-max:Apple-M4-Pro/Max,block-10.csv
11,neon,lat,add,add,8,65536,1.99858093,0.24982262,1000,4510000000.0,CLOCK_UPTIME_RAW,advertised-pcore-max:Apple-M4-Pro/Max,block-11.csv
11,neon,tp,add,add,8,65536,0.24945068,0.03118134,1000,4510000000.0,CLOCK_UPTIME_RAW,advertised-pcore-max:Apple-M4-Pro/Max,block-11.csv
11,sve,lat,add,add,32,65536,3.42076111,0.10689878,1000,4510000000.0,CLOCK_UPTIME_RAW,advertised-pcore-max:Apple-M4-Pro/Max,block-11.csv
11,sve,tp,add,add,32,65536,1.42216492,0.04444265,1000,4510000000.0,CLOCK_UPTIME_RAW,advertised-pcore-max:Apple-M4-Pro/Max,block-11.csv
11,neon,lat,sub,sub,8,65536,1.99858093,0.24982262,1000,4510000000.0,CLOCK_UPTIME_RAW,advertised-pcore-max:Apple-M4-Pro/Max,block-11.csv
11,neon,tp,sub,sub,8,65536,0.24945068,0.03118134,1000,4510000000.0,CLOCK_UPTIME_RAW,advertised-pcore-max:Apple-M4-Pro/Max,block-11.csv
11,sve,lat,sub,sub,32,65536,3.42082214,0.10690069,1000,4510000000.0,CLOCK_UPTIME_RAW,advertised-pcore-max:Apple-M4-Pro/Max,block-11.csv
11,sve,tp,sub,sub,32,65536,1.42224121,0.04444504,1000,4510000000.0,CLOCK_UPTIME_RAW,advertised-pcore-max:Apple-M4-Pro/Max,block-11.csv
11,neon,lat,mul,mul,8,65536,2.99931335,0.37491417,1000,4510000000.0,CLOCK_UPTIME_RAW,advertised-pcore-max:Apple-M4-Pro/Max,block-11.csv
11,neon,tp,mul,mul,8,65536,0.24945068,0.03118134,1000,4510000000.0,CLOCK_UPTIME_RAW,advertised-pcore-max:Apple-M4-Pro/Max,block-11.csv
11,sve,lat,mul,mul,32,65536,9.14117432,0.2856617,1000,4510000000.0,CLOCK_UPTIME_RAW,advertised-pcore-max:Apple-M4-Pro/Max,block-11.csv
11,sve,tp,mul,mul,32,65536,4.56195068,0.14256096,1000,4510000000.0,CLOCK_UPTIME_RAW,advertised-pcore-max:Apple-M4-Pro/Max,block-11.csv
11,neon,lat,sqrdmulh,sqrdmulh,8,65536,2.99925232,0.37490654,1000,4510000000.0,CLOCK_UPTIME_RAW,advertised-pcore-max:Apple-M4-Pro/Max,block-11.csv
11,neon,tp,sqrdmulh,sqrdmulh,8,65536,0.24945068,0.03118134,1000,4510000000.0,CLOCK_UPTIME_RAW,advertised-pcore-max:Apple-M4-Pro/Max,block-11.csv
11,sve,lat,sqrdmulh,sqrdmulh,32,65536,9.14125061,0.28566408,1000,4510000000.0,CLOCK_UPTIME_RAW,advertised-pcore-max:Apple-M4-Pro/Max,block-11.csv
11,sve,tp,sqrdmulh,sqrdmulh,32,65536,4.55912781,0.14247274,1000,4510000000.0,CLOCK_UPTIME_RAW,advertised-pcore-max:Apple-M4-Pro/Max,block-11.csv
11,neon,lat,mls,mls,8,65536,3.00213623,0.37526703,1000,4510000000.0,CLOCK_UPTIME_RAW,advertised-pcore-max:Apple-M4-Pro/Max,block-11.csv
11,neon,tp,mls,mls,8,65536,0.4329834,0.05412292,1000,4510000000.0,CLOCK_UPTIME_RAW,advertised-pcore-max:Apple-M4-Pro/Max,block-11.csv
11,sve,lat,mls,mls,32,65536,9.224380494999998,0.28826189,1000,4510000000.0,CLOCK_UPTIME_RAW,advertised-pcore-max:Apple-M4-Pro/Max,block-11.csv
11,sve,tp,mls,mls,32,65536,4.655158995000001,0.14547371999999997,1000,4510000000.0,CLOCK_UPTIME_RAW,advertised-pcore-max:Apple-M4-Pro/Max,block-11.csv
11,neon,lat,smull,smull,4,65536,3.00213623,0.75053406,1000,4510000000.0,CLOCK_UPTIME_RAW,advertised-pcore-max:Apple-M4-Pro/Max,block-11.csv
11,neon,tp,smull,smull,4,65536,0.24945068,0.06236267,1000,4510000000.0,CLOCK_UPTIME_RAW,advertised-pcore-max:Apple-M4-Pro/Max,block-11.csv
11,sve,lat,smull,smullb,16,65536,9.31611633,0.58225727,1000,4510000000.0,CLOCK_UPTIME_RAW,advertised-pcore-max:Apple-M4-Pro/Max,block-11.csv
11,sve,tp,smull,smullb,16,65536,4.56195068,0.28512192,1000,4510000000.0,CLOCK_UPTIME_RAW,advertised-pcore-max:Apple-M4-Pro/Max,block-11.csv
11,neon,lat,smlsl,smlsl,4,65536,2.99925232,0.74981308,1000,4510000000.0,CLOCK_UPTIME_RAW,advertised-pcore-max:Apple-M4-Pro/Max,block-11.csv
11,neon,tp,smlsl,smlsl,4,65536,0.4329834,0.10824585,1000,4510000000.0,CLOCK_UPTIME_RAW,advertised-pcore-max:Apple-M4-Pro/Max,block-11.csv
11,sve,lat,smlsl,smlslb,16,65536,9.14125061,0.57132816,1000,4510000000.0,CLOCK_UPTIME_RAW,advertised-pcore-max:Apple-M4-Pro/Max,block-11.csv
11,sve,tp,smlsl,smlslb,16,65536,4.55912781,0.28494549,1000,4510000000.0,CLOCK_UPTIME_RAW,advertised-pcore-max:Apple-M4-Pro/Max,block-11.csv
11,neon,lat,zip,zip1,8,65536,1.99858093,0.24982262,1000,4510000000.0,CLOCK_UPTIME_RAW,advertised-pcore-max:Apple-M4-Pro/Max,block-11.csv
11,neon,tp,zip,zip1,8,65536,0.24945068,0.03118134,1000,4510000000.0,CLOCK_UPTIME_RAW,advertised-pcore-max:Apple-M4-Pro/Max,block-11.csv
11,sve,lat,zip,zip1,32,65536,3.42076111,0.10689878,1000,4510000000.0,CLOCK_UPTIME_RAW,advertised-pcore-max:Apple-M4-Pro/Max,block-11.csv
11,sve,tp,zip,zip1,32,65536,1.42216492,0.04444265,1000,4510000000.0,CLOCK_UPTIME_RAW,advertised-pcore-max:Apple-M4-Pro/Max,block-11.csv
11,neon,lat,trn,trn1,8,65536,1.99858093,0.24982262,1000,4510000000.0,CLOCK_UPTIME_RAW,advertised-pcore-max:Apple-M4-Pro/Max,block-11.csv
11,neon,tp,trn,trn1,8,65536,0.24945068,0.03118134,1000,4510000000.0,CLOCK_UPTIME_RAW,advertised-pcore-max:Apple-M4-Pro/Max,block-11.csv
11,sve,lat,trn,trn1,32,65536,3.42082214,0.10690069,1000,4510000000.0,CLOCK_UPTIME_RAW,advertised-pcore-max:Apple-M4-Pro/Max,block-11.csv
11,sve,tp,trn,trn1,32,65536,1.415008545,0.04421902,1000,4510000000.0,CLOCK_UPTIME_RAW,advertised-pcore-max:Apple-M4-Pro/Max,block-11.csv
11,neon,lat,uzp,uzp1,8,65536,1.99858093,0.24982262,1000,4510000000.0,CLOCK_UPTIME_RAW,advertised-pcore-max:Apple-M4-Pro/Max,block-11.csv
11,neon,tp,uzp,uzp1,8,65536,0.24945068,0.03118134,1000,4510000000.0,CLOCK_UPTIME_RAW,advertised-pcore-max:Apple-M4-Pro/Max,block-11.csv
11,sve,lat,uzp,uzp1,32,65536,3.42076111,0.10689878,1000,4510000000.0,CLOCK_UPTIME_RAW,advertised-pcore-max:Apple-M4-Pro/Max,block-11.csv
11,sve,tp,uzp,uzp1,32,65536,1.42216492,0.04444265,1000,4510000000.0,CLOCK_UPTIME_RAW,advertised-pcore-max:Apple-M4-Pro/Max,block-11.csv
11,neon,lat,ld1,ld1,8,65536,0.38420105,0.04802513,1000,4510000000.0,CLOCK_UPTIME_RAW,advertised-pcore-max:Apple-M4-Pro/Max,block-11.csv
11,neon,tp,ld1,ld1,8,65536,0.33265686,0.04158211,1000,4510000000.0,CLOCK_UPTIME_RAW,advertised-pcore-max:Apple-M4-Pro/Max,block-11.csv
11,sve,lat,ld1,ld1h,32,65536,2.64373779,0.08261681,1000,4510000000.0,CLOCK_UPTIME_RAW,advertised-pcore-max:Apple-M4-Pro/Max,block-11.csv
11,sve,tp,ld1,ld1h,32,65536,2.64656067,0.08270502,1000,4510000000.0,CLOCK_UPTIME_RAW,advertised-pcore-max:Apple-M4-Pro/Max,block-11.csv
11,neon,lat,ld2,ld2,16,65536,1.12976074,0.07061005,1000,4510000000.0,CLOCK_UPTIME_RAW,advertised-pcore-max:Apple-M4-Pro/Max,block-11.csv
11,neon,tp,ld2,ld2,16,65536,1.12397766,0.0702486,1000,4510000000.0,CLOCK_UPTIME_RAW,advertised-pcore-max:Apple-M4-Pro/Max,block-11.csv
11,sve,lat,ld2,ld2h,64,65536,5.05805969,0.07903218,1000,4510000000.0,CLOCK_UPTIME_RAW,advertised-pcore-max:Apple-M4-Pro/Max,block-11.csv
11,sve,tp,ld2,ld2h,64,65536,4.94911194,0.07732987,1000,4510000000.0,CLOCK_UPTIME_RAW,advertised-pcore-max:Apple-M4-Pro/Max,block-11.csv
11,neon,lat,st1,st1,8,65536,0.57633972,0.07204247,1000,4510000000.0,CLOCK_UPTIME_RAW,advertised-pcore-max:Apple-M4-Pro/Max,block-11.csv
11,neon,tp,st1,st1,8,65536,0.5691451999999999,0.07114314999999999,1000,4510000000.0,CLOCK_UPTIME_RAW,advertised-pcore-max:Apple-M4-Pro/Max,block-11.csv
11,sve,lat,st1,st1h,32,65536,37.131134035,1.16034794,1000,4510000000.0,CLOCK_UPTIME_RAW,advertised-pcore-max:Apple-M4-Pro/Max,block-11.csv
11,sve,tp,st1,st1h,32,65536,36.94908142,1.15465879,1000,4510000000.0,CLOCK_UPTIME_RAW,advertised-pcore-max:Apple-M4-Pro/Max,block-11.csv
11,sve,lat,mova_h,mova h-store,32,65536,2.63803101,0.08243847,1000,4510000000.0,CLOCK_UPTIME_RAW,advertised-pcore-max:Apple-M4-Pro/Max,block-11.csv
11,sve,tp,mova_h,mova h-store,32,65536,1.42216492,0.04444265,1000,4510000000.0,CLOCK_UPTIME_RAW,advertised-pcore-max:Apple-M4-Pro/Max,block-11.csv
11,sve,lat,mova_v,mova v-load,32,65536,18.31112671,0.57222271,1000,4510000000.0,CLOCK_UPTIME_RAW,advertised-pcore-max:Apple-M4-Pro/Max,block-11.csv
11,sve,tp,mova_v,mova v-load,32,65536,4.55912781,0.14247274,1000,4510000000.0,CLOCK_UPTIME_RAW,advertised-pcore-max:Apple-M4-Pro/Max,block-11.csv
11,sve,tp,mode_switch,smstart+smstop,0,2048,51.47509766,0.0,1000,4510000000.0,CLOCK_UPTIME_RAW,advertised-pcore-max:Apple-M4-Pro/Max,block-11.csv
12,neon,lat,add,add,8,65536,2.00140381,0.25017548,1000,4510000000.0,CLOCK_UPTIME_RAW,advertised-pcore-max:Apple-M4-Pro/Max,block-12.csv
12,neon,tp,add,add,8,65536,0.24945068,0.03118134,1000,4510000000.0,CLOCK_UPTIME_RAW,advertised-pcore-max:Apple-M4-Pro/Max,block-12.csv
12,sve,lat,add,add,32,65536,3.42082214,0.10690069,1000,4510000000.0,CLOCK_UPTIME_RAW,advertised-pcore-max:Apple-M4-Pro/Max,block-12.csv
12,sve,tp,add,add,32,65536,1.42224121,0.04444504,1000,4510000000.0,CLOCK_UPTIME_RAW,advertised-pcore-max:Apple-M4-Pro/Max,block-12.csv
12,neon,lat,sub,sub,8,65536,1.99858093,0.24982262,1000,4510000000.0,CLOCK_UPTIME_RAW,advertised-pcore-max:Apple-M4-Pro/Max,block-12.csv
12,neon,tp,sub,sub,8,65536,0.24945068,0.03118134,1000,4510000000.0,CLOCK_UPTIME_RAW,advertised-pcore-max:Apple-M4-Pro/Max,block-12.csv
12,sve,lat,sub,sub,32,65536,3.42076111,0.10689878,1000,4510000000.0,CLOCK_UPTIME_RAW,advertised-pcore-max:Apple-M4-Pro/Max,block-12.csv
12,sve,tp,sub,sub,32,65536,1.42216492,0.04444265,1000,4510000000.0,CLOCK_UPTIME_RAW,advertised-pcore-max:Apple-M4-Pro/Max,block-12.csv
12,neon,lat,mul,mul,8,65536,2.99925232,0.37490654,1000,4510000000.0,CLOCK_UPTIME_RAW,advertised-pcore-max:Apple-M4-Pro/Max,block-12.csv
12,neon,tp,mul,mul,8,65536,0.24945068,0.03118134,1000,4510000000.0,CLOCK_UPTIME_RAW,advertised-pcore-max:Apple-M4-Pro/Max,block-12.csv
12,sve,lat,mul,mul,32,65536,9.14407349,0.2857523,1000,4510000000.0,CLOCK_UPTIME_RAW,advertised-pcore-max:Apple-M4-Pro/Max,block-12.csv
12,sve,tp,mul,mul,32,65536,4.56201172,0.14256287,1000,4510000000.0,CLOCK_UPTIME_RAW,advertised-pcore-max:Apple-M4-Pro/Max,block-12.csv
12,neon,lat,sqrdmulh,sqrdmulh,8,65536,2.99925232,0.37490654,1000,4510000000.0,CLOCK_UPTIME_RAW,advertised-pcore-max:Apple-M4-Pro/Max,block-12.csv
12,neon,tp,sqrdmulh,sqrdmulh,8,65536,0.24945068,0.03118134,1000,4510000000.0,CLOCK_UPTIME_RAW,advertised-pcore-max:Apple-M4-Pro/Max,block-12.csv
12,sve,lat,sqrdmulh,sqrdmulh,32,65536,9.14407349,0.2857523,1000,4510000000.0,CLOCK_UPTIME_RAW,advertised-pcore-max:Apple-M4-Pro/Max,block-12.csv
12,sve,tp,sqrdmulh,sqrdmulh,32,65536,4.56195068,0.14256096,1000,4510000000.0,CLOCK_UPTIME_RAW,advertised-pcore-max:Apple-M4-Pro/Max,block-12.csv
12,neon,lat,mls,mls,8,65536,2.99925232,0.37490654,1000,4510000000.0,CLOCK_UPTIME_RAW,advertised-pcore-max:Apple-M4-Pro/Max,block-12.csv
12,neon,tp,mls,mls,8,65536,0.4329834,0.05412292,1000,4510000000.0,CLOCK_UPTIME_RAW,advertised-pcore-max:Apple-M4-Pro/Max,block-12.csv
12,sve,lat,mls,mls,32,65536,9.14407349,0.2857523,1000,4510000000.0,CLOCK_UPTIME_RAW,advertised-pcore-max:Apple-M4-Pro/Max,block-12.csv
12,sve,tp,mls,mls,32,65536,4.56195068,0.14256096,1000,4510000000.0,CLOCK_UPTIME_RAW,advertised-pcore-max:Apple-M4-Pro/Max,block-12.csv
12,neon,lat,smull,smull,4,65536,2.99925232,0.74981308,1000,4510000000.0,CLOCK_UPTIME_RAW,advertised-pcore-max:Apple-M4-Pro/Max,block-12.csv
12,neon,tp,smull,smull,4,65536,0.24945068,0.06236267,1000,4510000000.0,CLOCK_UPTIME_RAW,advertised-pcore-max:Apple-M4-Pro/Max,block-12.csv
12,sve,lat,smull,smullb,16,65536,9.14407349,0.57150459,1000,4510000000.0,CLOCK_UPTIME_RAW,advertised-pcore-max:Apple-M4-Pro/Max,block-12.csv
12,sve,tp,smull,smullb,16,65536,4.56195068,0.28512192,1000,4510000000.0,CLOCK_UPTIME_RAW,advertised-pcore-max:Apple-M4-Pro/Max,block-12.csv
12,neon,lat,smlsl,smlsl,4,65536,2.99925232,0.74981308,1000,4510000000.0,CLOCK_UPTIME_RAW,advertised-pcore-max:Apple-M4-Pro/Max,block-12.csv
12,neon,tp,smlsl,smlsl,4,65536,0.4329834,0.10824585,1000,4510000000.0,CLOCK_UPTIME_RAW,advertised-pcore-max:Apple-M4-Pro/Max,block-12.csv
12,sve,lat,smlsl,smlslb,16,65536,9.14407349,0.57150459,1000,4510000000.0,CLOCK_UPTIME_RAW,advertised-pcore-max:Apple-M4-Pro/Max,block-12.csv
12,sve,tp,smlsl,smlslb,16,65536,4.56195068,0.28512192,1000,4510000000.0,CLOCK_UPTIME_RAW,advertised-pcore-max:Apple-M4-Pro/Max,block-12.csv
12,neon,lat,zip,zip1,8,65536,1.99858093,0.24982262,1000,4510000000.0,CLOCK_UPTIME_RAW,advertised-pcore-max:Apple-M4-Pro/Max,block-12.csv
12,neon,tp,zip,zip1,8,65536,0.24945068,0.03118134,1000,4510000000.0,CLOCK_UPTIME_RAW,advertised-pcore-max:Apple-M4-Pro/Max,block-12.csv
12,sve,lat,zip,zip1,32,65536,3.42076111,0.10689878,1000,4510000000.0,CLOCK_UPTIME_RAW,advertised-pcore-max:Apple-M4-Pro/Max,block-12.csv
12,sve,tp,zip,zip1,32,65536,1.40792847,0.04399776,1000,4510000000.0,CLOCK_UPTIME_RAW,advertised-pcore-max:Apple-M4-Pro/Max,block-12.csv
12,neon,lat,trn,trn1,8,65536,1.99858093,0.24982262,1000,4510000000.0,CLOCK_UPTIME_RAW,advertised-pcore-max:Apple-M4-Pro/Max,block-12.csv
12,neon,tp,trn,trn1,8,65536,0.24945068,0.03118134,1000,4510000000.0,CLOCK_UPTIME_RAW,advertised-pcore-max:Apple-M4-Pro/Max,block-12.csv
12,sve,lat,trn,trn1,32,65536,3.42082214,0.10690069,1000,4510000000.0,CLOCK_UPTIME_RAW,advertised-pcore-max:Apple-M4-Pro/Max,block-12.csv
12,sve,tp,trn,trn1,32,65536,1.42224121,0.04444504,1000,4510000000.0,CLOCK_UPTIME_RAW,advertised-pcore-max:Apple-M4-Pro/Max,block-12.csv
12,neon,lat,uzp,uzp1,8,65536,2.00140381,0.25017548,1000,4510000000.0,CLOCK_UPTIME_RAW,advertised-pcore-max:Apple-M4-Pro/Max,block-12.csv
12,neon,tp,uzp,uzp1,8,65536,0.24945068,0.03118134,1000,4510000000.0,CLOCK_UPTIME_RAW,advertised-pcore-max:Apple-M4-Pro/Max,block-12.csv
12,sve,lat,uzp,uzp1,32,65536,3.42364502,0.10698891,1000,4510000000.0,CLOCK_UPTIME_RAW,advertised-pcore-max:Apple-M4-Pro/Max,block-12.csv
12,sve,tp,uzp,uzp1,32,65536,1.42216492,0.04444265,1000,4510000000.0,CLOCK_UPTIME_RAW,advertised-pcore-max:Apple-M4-Pro/Max,block-12.csv
12,neon,lat,ld1,ld1,8,65536,0.38420105,0.04802513,1000,4510000000.0,CLOCK_UPTIME_RAW,advertised-pcore-max:Apple-M4-Pro/Max,block-12.csv
12,neon,tp,ld1,ld1,8,65536,0.33265686,0.04158211,1000,4510000000.0,CLOCK_UPTIME_RAW,advertised-pcore-max:Apple-M4-Pro/Max,block-12.csv
12,sve,lat,ld1,ld1h,32,65536,2.64663696,0.08270741,1000,4510000000.0,CLOCK_UPTIME_RAW,advertised-pcore-max:Apple-M4-Pro/Max,block-12.csv
12,sve,tp,ld1,ld1h,32,65536,2.64656067,0.08270502,1000,4510000000.0,CLOCK_UPTIME_RAW,advertised-pcore-max:Apple-M4-Pro/Max,block-12.csv
12,neon,lat,ld2,ld2,16,65536,1.0035553,0.06272221,1000,4510000000.0,CLOCK_UPTIME_RAW,advertised-pcore-max:Apple-M4-Pro/Max,block-12.csv
12,neon,tp,ld2,ld2,16,65536,1.00073242,0.06254578,1000,4510000000.0,CLOCK_UPTIME_RAW,advertised-pcore-max:Apple-M4-Pro/Max,block-12.csv
12,sve,lat,ld2,ld2h,64,65536,4.94622803,0.07728481,1000,4510000000.0,CLOCK_UPTIME_RAW,advertised-pcore-max:Apple-M4-Pro/Max,block-12.csv
12,sve,tp,ld2,ld2h,64,65536,4.94622803,0.07728481,1000,4510000000.0,CLOCK_UPTIME_RAW,advertised-pcore-max:Apple-M4-Pro/Max,block-12.csv
12,neon,lat,st1,st1,8,65536,0.57351685,0.07168961,1000,4510000000.0,CLOCK_UPTIME_RAW,advertised-pcore-max:Apple-M4-Pro/Max,block-12.csv
12,neon,tp,st1,st1,8,65536,0.49891663,0.06236458,1000,4510000000.0,CLOCK_UPTIME_RAW,advertised-pcore-max:Apple-M4-Pro/Max,block-12.csv
12,sve,lat,st1,st1h,32,65536,29.46232605,0.92069769,1000,4510000000.0,CLOCK_UPTIME_RAW,advertised-pcore-max:Apple-M4-Pro/Max,block-12.csv
12,sve,tp,st1,st1h,32,65536,29.74620056,0.92956877,1000,4510000000.0,CLOCK_UPTIME_RAW,advertised-pcore-max:Apple-M4-Pro/Max,block-12.csv
12,sve,lat,mova_h,mova h-store,32,65536,2.64085388,0.08252668,1000,4510000000.0,CLOCK_UPTIME_RAW,advertised-pcore-max:Apple-M4-Pro/Max,block-12.csv
12,sve,tp,mova_h,mova h-store,32,65536,1.42216492,0.04444265,1000,4510000000.0,CLOCK_UPTIME_RAW,advertised-pcore-max:Apple-M4-Pro/Max,block-12.csv
12,sve,lat,mova_v,mova v-load,32,65536,18.31106567,0.5722208,1000,4510000000.0,CLOCK_UPTIME_RAW,advertised-pcore-max:Apple-M4-Pro/Max,block-12.csv
12,sve,tp,mova_v,mova v-load,32,65536,4.55912781,0.14247274,1000,4510000000.0,CLOCK_UPTIME_RAW,advertised-pcore-max:Apple-M4-Pro/Max,block-12.csv
12,sve,tp,mode_switch,smstart+smstop,0,2048,51.47509766,0.0,1000,4510000000.0,CLOCK_UPTIME_RAW,advertised-pcore-max:Apple-M4-Pro/Max,block-12.csv
13,neon,lat,add,add,8,65536,2.00140381,0.25017548,1000,4510000000.0,CLOCK_UPTIME_RAW,advertised-pcore-max:Apple-M4-Pro/Max,block-13.csv
13,neon,tp,add,add,8,65536,0.24945068,0.03118134,1000,4510000000.0,CLOCK_UPTIME_RAW,advertised-pcore-max:Apple-M4-Pro/Max,block-13.csv
13,sve,lat,add,add,32,65536,3.42082214,0.10690069,1000,4510000000.0,CLOCK_UPTIME_RAW,advertised-pcore-max:Apple-M4-Pro/Max,block-13.csv
13,sve,tp,add,add,32,65536,1.42216492,0.04444265,1000,4510000000.0,CLOCK_UPTIME_RAW,advertised-pcore-max:Apple-M4-Pro/Max,block-13.csv
13,neon,lat,sub,sub,8,65536,2.00140381,0.25017548,1000,4510000000.0,CLOCK_UPTIME_RAW,advertised-pcore-max:Apple-M4-Pro/Max,block-13.csv
13,neon,tp,sub,sub,8,65536,0.24945068,0.03118134,1000,4510000000.0,CLOCK_UPTIME_RAW,advertised-pcore-max:Apple-M4-Pro/Max,block-13.csv
13,sve,lat,sub,sub,32,65536,3.479522705,0.108735085,1000,4510000000.0,CLOCK_UPTIME_RAW,advertised-pcore-max:Apple-M4-Pro/Max,block-13.csv
13,sve,tp,sub,sub,32,65536,1.42216492,0.04444265,1000,4510000000.0,CLOCK_UPTIME_RAW,advertised-pcore-max:Apple-M4-Pro/Max,block-13.csv
13,neon,lat,mul,mul,8,65536,2.99931335,0.37491417,1000,4510000000.0,CLOCK_UPTIME_RAW,advertised-pcore-max:Apple-M4-Pro/Max,block-13.csv
13,neon,tp,mul,mul,8,65536,0.24945068,0.03118134,1000,4510000000.0,CLOCK_UPTIME_RAW,advertised-pcore-max:Apple-M4-Pro/Max,block-13.csv
13,sve,lat,mul,mul,32,65536,9.14407349,0.2857523,1000,4510000000.0,CLOCK_UPTIME_RAW,advertised-pcore-max:Apple-M4-Pro/Max,block-13.csv
13,sve,tp,mul,mul,32,65536,4.56195068,0.14256096,1000,4510000000.0,CLOCK_UPTIME_RAW,advertised-pcore-max:Apple-M4-Pro/Max,block-13.csv
13,neon,lat,sqrdmulh,sqrdmulh,8,65536,2.99931335,0.37491417,1000,4510000000.0,CLOCK_UPTIME_RAW,advertised-pcore-max:Apple-M4-Pro/Max,block-13.csv
13,neon,tp,sqrdmulh,sqrdmulh,8,65536,0.24945068,0.03118134,1000,4510000000.0,CLOCK_UPTIME_RAW,advertised-pcore-max:Apple-M4-Pro/Max,block-13.csv
13,sve,lat,sqrdmulh,sqrdmulh,32,65536,9.14125061,0.28566408,1000,4510000000.0,CLOCK_UPTIME_RAW,advertised-pcore-max:Apple-M4-Pro/Max,block-13.csv
13,sve,tp,sqrdmulh,sqrdmulh,32,65536,4.55912781,0.14247274,1000,4510000000.0,CLOCK_UPTIME_RAW,advertised-pcore-max:Apple-M4-Pro/Max,block-13.csv
13,neon,lat,mls,mls,8,65536,2.99925232,0.37490654,1000,4510000000.0,CLOCK_UPTIME_RAW,advertised-pcore-max:Apple-M4-Pro/Max,block-13.csv
13,neon,tp,mls,mls,8,65536,0.4329834,0.05412292,1000,4510000000.0,CLOCK_UPTIME_RAW,advertised-pcore-max:Apple-M4-Pro/Max,block-13.csv
13,sve,lat,mls,mls,32,65536,9.14125061,0.28566408,1000,4510000000.0,CLOCK_UPTIME_RAW,advertised-pcore-max:Apple-M4-Pro/Max,block-13.csv
13,sve,tp,mls,mls,32,65536,4.55912781,0.14247274,1000,4510000000.0,CLOCK_UPTIME_RAW,advertised-pcore-max:Apple-M4-Pro/Max,block-13.csv
13,neon,lat,smull,smull,4,65536,2.99931335,0.74982834,1000,4510000000.0,CLOCK_UPTIME_RAW,advertised-pcore-max:Apple-M4-Pro/Max,block-13.csv
13,neon,tp,smull,smull,4,65536,0.24945068,0.06236267,1000,4510000000.0,CLOCK_UPTIME_RAW,advertised-pcore-max:Apple-M4-Pro/Max,block-13.csv
13,sve,lat,smull,smullb,16,65536,9.14125061,0.57132816,1000,4510000000.0,CLOCK_UPTIME_RAW,advertised-pcore-max:Apple-M4-Pro/Max,block-13.csv
13,sve,tp,smull,smullb,16,65536,4.55912781,0.28494549,1000,4510000000.0,CLOCK_UPTIME_RAW,advertised-pcore-max:Apple-M4-Pro/Max,block-13.csv
13,neon,lat,smlsl,smlsl,4,65536,2.99925232,0.74981308,1000,4510000000.0,CLOCK_UPTIME_RAW,advertised-pcore-max:Apple-M4-Pro/Max,block-13.csv
13,neon,tp,smlsl,smlsl,4,65536,0.4329834,0.10824585,1000,4510000000.0,CLOCK_UPTIME_RAW,advertised-pcore-max:Apple-M4-Pro/Max,block-13.csv
13,sve,lat,smlsl,smlslb,16,65536,9.14407349,0.57150459,1000,4510000000.0,CLOCK_UPTIME_RAW,advertised-pcore-max:Apple-M4-Pro/Max,block-13.csv
13,sve,tp,smlsl,smlslb,16,65536,4.56201172,0.28512573,1000,4510000000.0,CLOCK_UPTIME_RAW,advertised-pcore-max:Apple-M4-Pro/Max,block-13.csv
13,neon,lat,zip,zip1,8,65536,2.00140381,0.25017548,1000,4510000000.0,CLOCK_UPTIME_RAW,advertised-pcore-max:Apple-M4-Pro/Max,block-13.csv
13,neon,tp,zip,zip1,8,65536,0.24945068,0.03118134,1000,4510000000.0,CLOCK_UPTIME_RAW,advertised-pcore-max:Apple-M4-Pro/Max,block-13.csv
13,sve,lat,zip,zip1,32,65536,3.42794037,0.10712313500000001,1000,4510000000.0,CLOCK_UPTIME_RAW,advertised-pcore-max:Apple-M4-Pro/Max,block-13.csv
13,sve,tp,zip,zip1,32,65536,1.42224121,0.04444504,1000,4510000000.0,CLOCK_UPTIME_RAW,advertised-pcore-max:Apple-M4-Pro/Max,block-13.csv
13,neon,lat,trn,trn1,8,65536,2.00140381,0.25017548,1000,4510000000.0,CLOCK_UPTIME_RAW,advertised-pcore-max:Apple-M4-Pro/Max,block-13.csv
13,neon,tp,trn,trn1,8,65536,0.25523376,0.03190422,1000,4510000000.0,CLOCK_UPTIME_RAW,advertised-pcore-max:Apple-M4-Pro/Max,block-13.csv
13,sve,lat,trn,trn1,32,65536,3.47525787,0.10860181,1000,4510000000.0,CLOCK_UPTIME_RAW,advertised-pcore-max:Apple-M4-Pro/Max,block-13.csv
13,sve,tp,trn,trn1,32,65536,1.42216492,0.04444265,1000,4510000000.0,CLOCK_UPTIME_RAW,advertised-pcore-max:Apple-M4-Pro/Max,block-13.csv
13,neon,lat,uzp,uzp1,8,65536,2.29676819,0.28709602,1000,4510000000.0,CLOCK_UPTIME_RAW,advertised-pcore-max:Apple-M4-Pro/Max,block-13.csv
13,neon,tp,uzp,uzp1,8,65536,0.25517273,0.03189659,1000,4510000000.0,CLOCK_UPTIME_RAW,advertised-pcore-max:Apple-M4-Pro/Max,block-13.csv
13,sve,lat,uzp,uzp1,32,65536,3.42082214,0.10690069,1000,4510000000.0,CLOCK_UPTIME_RAW,advertised-pcore-max:Apple-M4-Pro/Max,block-13.csv
13,sve,tp,uzp,uzp1,32,65536,1.417900085,0.04430938,1000,4510000000.0,CLOCK_UPTIME_RAW,advertised-pcore-max:Apple-M4-Pro/Max,block-13.csv
13,neon,lat,ld1,ld1,8,65536,0.38420105,0.04802513,1000,4510000000.0,CLOCK_UPTIME_RAW,advertised-pcore-max:Apple-M4-Pro/Max,block-13.csv
13,neon,tp,ld1,ld1,8,65536,0.33265686,0.04158211,1000,4510000000.0,CLOCK_UPTIME_RAW,advertised-pcore-max:Apple-M4-Pro/Max,block-13.csv
13,sve,lat,ld1,ld1h,32,65536,2.64373779,0.08261681,1000,4510000000.0,CLOCK_UPTIME_RAW,advertised-pcore-max:Apple-M4-Pro/Max,block-13.csv
13,sve,tp,ld1,ld1h,32,65536,2.65234375,0.08288574,1000,4510000000.0,CLOCK_UPTIME_RAW,advertised-pcore-max:Apple-M4-Pro/Max,block-13.csv
13,neon,lat,ld2,ld2,16,65536,1.00361633,0.06272602,1000,4510000000.0,CLOCK_UPTIME_RAW,advertised-pcore-max:Apple-M4-Pro/Max,block-13.csv
13,neon,tp,ld2,ld2,16,65536,1.00073242,0.06254578,1000,4510000000.0,CLOCK_UPTIME_RAW,advertised-pcore-max:Apple-M4-Pro/Max,block-13.csv
13,sve,lat,ld2,ld2h,64,65536,4.94340515,0.07724071,1000,4510000000.0,CLOCK_UPTIME_RAW,advertised-pcore-max:Apple-M4-Pro/Max,block-13.csv
13,sve,tp,ld2,ld2h,64,65536,4.94622803,0.07728481,1000,4510000000.0,CLOCK_UPTIME_RAW,advertised-pcore-max:Apple-M4-Pro/Max,block-13.csv
13,neon,lat,st1,st1,8,65536,0.57344055,0.07168007,1000,4510000000.0,CLOCK_UPTIME_RAW,advertised-pcore-max:Apple-M4-Pro/Max,block-13.csv
13,neon,tp,st1,st1,8,65536,0.49891663,0.06236458,1000,4510000000.0,CLOCK_UPTIME_RAW,advertised-pcore-max:Apple-M4-Pro/Max,block-13.csv
13,sve,lat,st1,st1h,32,65536,35.24868774,1.10152149,1000,4510000000.0,CLOCK_UPTIME_RAW,advertised-pcore-max:Apple-M4-Pro/Max,block-13.csv
13,sve,tp,st1,st1h,32,65536,35.28886414,1.102777,1000,4510000000.0,CLOCK_UPTIME_RAW,advertised-pcore-max:Apple-M4-Pro/Max,block-13.csv
13,sve,lat,mova_h,mova h-store,32,65536,2.63795471,0.08243608,1000,4510000000.0,CLOCK_UPTIME_RAW,advertised-pcore-max:Apple-M4-Pro/Max,block-13.csv
13,sve,tp,mova_h,mova h-store,32,65536,1.42216492,0.04444265,1000,4510000000.0,CLOCK_UPTIME_RAW,advertised-pcore-max:Apple-M4-Pro/Max,block-13.csv
13,sve,lat,mova_v,mova v-load,32,65536,18.3082428,0.57213259,1000,4510000000.0,CLOCK_UPTIME_RAW,advertised-pcore-max:Apple-M4-Pro/Max,block-13.csv
13,sve,tp,mova_v,mova v-load,32,65536,4.55912781,0.14247274,1000,4510000000.0,CLOCK_UPTIME_RAW,advertised-pcore-max:Apple-M4-Pro/Max,block-13.csv
13,sve,tp,mode_switch,smstart+smstop,0,2048,51.47509766,0.0,1000,4510000000.0,CLOCK_UPTIME_RAW,advertised-pcore-max:Apple-M4-Pro/Max,block-13.csv
14,neon,lat,add,add,8,65536,2.0315094,0.253938675,1000,4510000000.0,CLOCK_UPTIME_RAW,advertised-pcore-max:Apple-M4-Pro/Max,block-14.csv
14,neon,tp,add,add,8,65536,0.24945068,0.03118134,1000,4510000000.0,CLOCK_UPTIME_RAW,advertised-pcore-max:Apple-M4-Pro/Max,block-14.csv
14,sve,lat,add,add,32,65536,3.42082214,0.10690069,1000,4510000000.0,CLOCK_UPTIME_RAW,advertised-pcore-max:Apple-M4-Pro/Max,block-14.csv
14,sve,tp,add,add,32,65536,1.39639282,0.043637275,1000,4510000000.0,CLOCK_UPTIME_RAW,advertised-pcore-max:Apple-M4-Pro/Max,block-14.csv
14,neon,lat,sub,sub,8,65536,1.99858093,0.24982262,1000,4510000000.0,CLOCK_UPTIME_RAW,advertised-pcore-max:Apple-M4-Pro/Max,block-14.csv
14,neon,tp,sub,sub,8,65536,0.24945068,0.03118134,1000,4510000000.0,CLOCK_UPTIME_RAW,advertised-pcore-max:Apple-M4-Pro/Max,block-14.csv
14,sve,lat,sub,sub,32,65536,3.42076111,0.10689878,1000,4510000000.0,CLOCK_UPTIME_RAW,advertised-pcore-max:Apple-M4-Pro/Max,block-14.csv
14,sve,tp,sub,sub,32,65536,1.42216492,0.04444265,1000,4510000000.0,CLOCK_UPTIME_RAW,advertised-pcore-max:Apple-M4-Pro/Max,block-14.csv
14,neon,lat,mul,mul,8,65536,2.99925232,0.37490654,1000,4510000000.0,CLOCK_UPTIME_RAW,advertised-pcore-max:Apple-M4-Pro/Max,block-14.csv
14,neon,tp,mul,mul,8,65536,0.24945068,0.03118134,1000,4510000000.0,CLOCK_UPTIME_RAW,advertised-pcore-max:Apple-M4-Pro/Max,block-14.csv
14,sve,lat,mul,mul,32,65536,9.14117432,0.2856617,1000,4510000000.0,CLOCK_UPTIME_RAW,advertised-pcore-max:Apple-M4-Pro/Max,block-14.csv
14,sve,tp,mul,mul,32,65536,4.56195068,0.14256096,1000,4510000000.0,CLOCK_UPTIME_RAW,advertised-pcore-max:Apple-M4-Pro/Max,block-14.csv
14,neon,lat,sqrdmulh,sqrdmulh,8,65536,2.99925232,0.37490654,1000,4510000000.0,CLOCK_UPTIME_RAW,advertised-pcore-max:Apple-M4-Pro/Max,block-14.csv
14,neon,tp,sqrdmulh,sqrdmulh,8,65536,0.24945068,0.03118134,1000,4510000000.0,CLOCK_UPTIME_RAW,advertised-pcore-max:Apple-M4-Pro/Max,block-14.csv
14,sve,lat,sqrdmulh,sqrdmulh,32,65536,9.14125061,0.28566408,1000,4510000000.0,CLOCK_UPTIME_RAW,advertised-pcore-max:Apple-M4-Pro/Max,block-14.csv
14,sve,tp,sqrdmulh,sqrdmulh,32,65536,4.56201172,0.14256287,1000,4510000000.0,CLOCK_UPTIME_RAW,advertised-pcore-max:Apple-M4-Pro/Max,block-14.csv
14,neon,lat,mls,mls,8,65536,2.99925232,0.37490654,1000,4510000000.0,CLOCK_UPTIME_RAW,advertised-pcore-max:Apple-M4-Pro/Max,block-14.csv
14,neon,tp,mls,mls,8,65536,0.4329834,0.05412292,1000,4510000000.0,CLOCK_UPTIME_RAW,advertised-pcore-max:Apple-M4-Pro/Max,block-14.csv
14,sve,lat,mls,mls,32,65536,9.20428467,0.2876339,1000,4510000000.0,CLOCK_UPTIME_RAW,advertised-pcore-max:Apple-M4-Pro/Max,block-14.csv
14,sve,tp,mls,mls,32,65536,4.55912781,0.14247274,1000,4510000000.0,CLOCK_UPTIME_RAW,advertised-pcore-max:Apple-M4-Pro/Max,block-14.csv
14,neon,lat,smull,smull,4,65536,2.99925232,0.74981308,1000,4510000000.0,CLOCK_UPTIME_RAW,advertised-pcore-max:Apple-M4-Pro/Max,block-14.csv
14,neon,tp,smull,smull,4,65536,0.24945068,0.06236267,1000,4510000000.0,CLOCK_UPTIME_RAW,advertised-pcore-max:Apple-M4-Pro/Max,block-14.csv
14,sve,lat,smull,smullb,16,65536,9.14125061,0.57132816,1000,4510000000.0,CLOCK_UPTIME_RAW,advertised-pcore-max:Apple-M4-Pro/Max,block-14.csv
14,sve,tp,smull,smullb,16,65536,4.55912781,0.28494549,1000,4510000000.0,CLOCK_UPTIME_RAW,advertised-pcore-max:Apple-M4-Pro/Max,block-14.csv
14,neon,lat,smlsl,smlsl,4,65536,2.99931335,0.74982834,1000,4510000000.0,CLOCK_UPTIME_RAW,advertised-pcore-max:Apple-M4-Pro/Max,block-14.csv
14,neon,tp,smlsl,smlsl,4,65536,0.4329834,0.10824585,1000,4510000000.0,CLOCK_UPTIME_RAW,advertised-pcore-max:Apple-M4-Pro/Max,block-14.csv
14,sve,lat,smlsl,smlslb,16,65536,9.14407349,0.57150459,1000,4510000000.0,CLOCK_UPTIME_RAW,advertised-pcore-max:Apple-M4-Pro/Max,block-14.csv
14,sve,tp,smlsl,smlslb,16,65536,4.55912781,0.28494549,1000,4510000000.0,CLOCK_UPTIME_RAW,advertised-pcore-max:Apple-M4-Pro/Max,block-14.csv
14,neon,lat,zip,zip1,8,65536,1.99858093,0.24982262,1000,4510000000.0,CLOCK_UPTIME_RAW,advertised-pcore-max:Apple-M4-Pro/Max,block-14.csv
14,neon,tp,zip,zip1,8,65536,0.24945068,0.03118134,1000,4510000000.0,CLOCK_UPTIME_RAW,advertised-pcore-max:Apple-M4-Pro/Max,block-14.csv
14,sve,lat,zip,zip1,32,65536,3.42082214,0.10690069,1000,4510000000.0,CLOCK_UPTIME_RAW,advertised-pcore-max:Apple-M4-Pro/Max,block-14.csv
14,sve,tp,zip,zip1,32,65536,1.42224121,0.04444504,1000,4510000000.0,CLOCK_UPTIME_RAW,advertised-pcore-max:Apple-M4-Pro/Max,block-14.csv
14,neon,lat,trn,trn1,8,65536,2.00140381,0.25017548,1000,4510000000.0,CLOCK_UPTIME_RAW,advertised-pcore-max:Apple-M4-Pro/Max,block-14.csv
14,neon,tp,trn,trn1,8,65536,0.24945068,0.03118134,1000,4510000000.0,CLOCK_UPTIME_RAW,advertised-pcore-max:Apple-M4-Pro/Max,block-14.csv
14,sve,lat,trn,trn1,32,65536,3.42076111,0.10689878,1000,4510000000.0,CLOCK_UPTIME_RAW,advertised-pcore-max:Apple-M4-Pro/Max,block-14.csv
14,sve,tp,trn,trn1,32,65536,1.42216492,0.04444265,1000,4510000000.0,CLOCK_UPTIME_RAW,advertised-pcore-max:Apple-M4-Pro/Max,block-14.csv
14,neon,lat,uzp,uzp1,8,65536,1.99858093,0.24982262,1000,4510000000.0,CLOCK_UPTIME_RAW,advertised-pcore-max:Apple-M4-Pro/Max,block-14.csv
14,neon,tp,uzp,uzp1,8,65536,0.24945068,0.03118134,1000,4510000000.0,CLOCK_UPTIME_RAW,advertised-pcore-max:Apple-M4-Pro/Max,block-14.csv
14,sve,lat,uzp,uzp1,32,65536,3.42076111,0.10689878,1000,4510000000.0,CLOCK_UPTIME_RAW,advertised-pcore-max:Apple-M4-Pro/Max,block-14.csv
14,sve,tp,uzp,uzp1,32,65536,1.419342045,0.044354435,1000,4510000000.0,CLOCK_UPTIME_RAW,advertised-pcore-max:Apple-M4-Pro/Max,block-14.csv
14,neon,lat,ld1,ld1,8,65536,0.38420105,0.04802513,1000,4510000000.0,CLOCK_UPTIME_RAW,advertised-pcore-max:Apple-M4-Pro/Max,block-14.csv
14,neon,tp,ld1,ld1,8,65536,0.33547974,0.04193497,1000,4510000000.0,CLOCK_UPTIME_RAW,advertised-pcore-max:Apple-M4-Pro/Max,block-14.csv
14,sve,lat,ld1,ld1h,32,65536,2.64656067,0.08270502,1000,4510000000.0,CLOCK_UPTIME_RAW,advertised-pcore-max:Apple-M4-Pro/Max,block-14.csv
14,sve,tp,ld1,ld1h,32,65536,2.64663696,0.08270741,1000,4510000000.0,CLOCK_UPTIME_RAW,advertised-pcore-max:Apple-M4-Pro/Max,block-14.csv
14,neon,lat,ld2,ld2,16,65536,1.0035553,0.06272221,1000,4510000000.0,CLOCK_UPTIME_RAW,advertised-pcore-max:Apple-M4-Pro/Max,block-14.csv
14,neon,tp,ld2,ld2,16,65536,1.00073242,0.06254578,1000,4510000000.0,CLOCK_UPTIME_RAW,advertised-pcore-max:Apple-M4-Pro/Max,block-14.csv
14,sve,lat,ld2,ld2h,64,65536,4.94622803,0.07728481,1000,4510000000.0,CLOCK_UPTIME_RAW,advertised-pcore-max:Apple-M4-Pro/Max,block-14.csv
14,sve,tp,ld2,ld2h,64,65536,4.94622803,0.07728481,1000,4510000000.0,CLOCK_UPTIME_RAW,advertised-pcore-max:Apple-M4-Pro/Max,block-14.csv
14,neon,lat,st1,st1,8,65536,0.57344055,0.07168007,1000,4510000000.0,CLOCK_UPTIME_RAW,advertised-pcore-max:Apple-M4-Pro/Max,block-14.csv
14,neon,tp,st1,st1,8,65536,0.5017395,0.06271744,1000,4510000000.0,CLOCK_UPTIME_RAW,advertised-pcore-max:Apple-M4-Pro/Max,block-14.csv
14,sve,lat,st1,st1h,32,65536,8.19212341,0.25600386,1000,4510000000.0,CLOCK_UPTIME_RAW,advertised-pcore-max:Apple-M4-Pro/Max,block-14.csv
14,sve,tp,st1,st1h,32,65536,8.14910889,0.25465965,1000,4510000000.0,CLOCK_UPTIME_RAW,advertised-pcore-max:Apple-M4-Pro/Max,block-14.csv
14,sve,lat,mova_h,mova h-store,32,65536,2.63803101,0.08243847,1000,4510000000.0,CLOCK_UPTIME_RAW,advertised-pcore-max:Apple-M4-Pro/Max,block-14.csv
14,sve,tp,mova_h,mova h-store,32,65536,1.42216492,0.04444265,1000,4510000000.0,CLOCK_UPTIME_RAW,advertised-pcore-max:Apple-M4-Pro/Max,block-14.csv
14,sve,lat,mova_v,mova v-load,32,65536,18.31106567,0.5722208,1000,4510000000.0,CLOCK_UPTIME_RAW,advertised-pcore-max:Apple-M4-Pro/Max,block-14.csv
14,sve,tp,mova_v,mova v-load,32,65536,4.64515686,0.14516115,1000,4510000000.0,CLOCK_UPTIME_RAW,advertised-pcore-max:Apple-M4-Pro/Max,block-14.csv
14,sve,tp,mode_switch,smstart+smstop,0,2048,51.47509766,0.0,1000,4510000000.0,CLOCK_UPTIME_RAW,advertised-pcore-max:Apple-M4-Pro/Max,block-14.csv
15,neon,lat,add,add,8,65536,2.1949844350000003,0.274373055,1000,4510000000.0,CLOCK_UPTIME_RAW,advertised-pcore-max:Apple-M4-Pro/Max,block-15.csv
15,neon,tp,add,add,8,65536,0.28097534,0.03512192,1000,4510000000.0,CLOCK_UPTIME_RAW,advertised-pcore-max:Apple-M4-Pro/Max,block-15.csv
15,sve,lat,add,add,32,65536,3.48675537,0.10896111,1000,4510000000.0,CLOCK_UPTIME_RAW,advertised-pcore-max:Apple-M4-Pro/Max,block-15.csv
15,sve,tp,add,add,32,65536,1.42224121,0.04444504,1000,4510000000.0,CLOCK_UPTIME_RAW,advertised-pcore-max:Apple-M4-Pro/Max,block-15.csv
15,neon,lat,sub,sub,8,65536,2.29676819,0.28709602,1000,4510000000.0,CLOCK_UPTIME_RAW,advertised-pcore-max:Apple-M4-Pro/Max,block-15.csv
15,neon,tp,sub,sub,8,65536,0.24945068,0.03118134,1000,4510000000.0,CLOCK_UPTIME_RAW,advertised-pcore-max:Apple-M4-Pro/Max,block-15.csv
15,sve,lat,sub,sub,32,65536,3.42364502,0.10698891,1000,4510000000.0,CLOCK_UPTIME_RAW,advertised-pcore-max:Apple-M4-Pro/Max,block-15.csv
15,sve,tp,sub,sub,32,65536,1.42216492,0.04444265,1000,4510000000.0,CLOCK_UPTIME_RAW,advertised-pcore-max:Apple-M4-Pro/Max,block-15.csv
15,neon,lat,mul,mul,8,65536,2.99925232,0.37490654,1000,4510000000.0,CLOCK_UPTIME_RAW,advertised-pcore-max:Apple-M4-Pro/Max,block-15.csv
15,neon,tp,mul,mul,8,65536,0.24945068,0.03118134,1000,4510000000.0,CLOCK_UPTIME_RAW,advertised-pcore-max:Apple-M4-Pro/Max,block-15.csv
15,sve,lat,mul,mul,32,65536,9.14407349,0.2857523,1000,4510000000.0,CLOCK_UPTIME_RAW,advertised-pcore-max:Apple-M4-Pro/Max,block-15.csv
15,sve,tp,mul,mul,32,65536,4.56201172,0.14256287,1000,4510000000.0,CLOCK_UPTIME_RAW,advertised-pcore-max:Apple-M4-Pro/Max,block-15.csv
15,neon,lat,sqrdmulh,sqrdmulh,8,65536,2.99931335,0.37491417,1000,4510000000.0,CLOCK_UPTIME_RAW,advertised-pcore-max:Apple-M4-Pro/Max,block-15.csv
15,neon,tp,sqrdmulh,sqrdmulh,8,65536,0.24945068,0.03118134,1000,4510000000.0,CLOCK_UPTIME_RAW,advertised-pcore-max:Apple-M4-Pro/Max,block-15.csv
15,sve,lat,sqrdmulh,sqrdmulh,32,65536,9.19998932,0.287499665,1000,4510000000.0,CLOCK_UPTIME_RAW,advertised-pcore-max:Apple-M4-Pro/Max,block-15.csv
15,sve,tp,sqrdmulh,sqrdmulh,32,65536,4.56195068,0.14256096,1000,4510000000.0,CLOCK_UPTIME_RAW,advertised-pcore-max:Apple-M4-Pro/Max,block-15.csv
15,neon,lat,mls,mls,8,65536,2.99931335,0.37491417,1000,4510000000.0,CLOCK_UPTIME_RAW,advertised-pcore-max:Apple-M4-Pro/Max,block-15.csv
15,neon,tp,mls,mls,8,65536,0.4329834,0.05412292,1000,4510000000.0,CLOCK_UPTIME_RAW,advertised-pcore-max:Apple-M4-Pro/Max,block-15.csv
15,sve,lat,mls,mls,32,65536,9.14125061,0.28566408,1000,4510000000.0,CLOCK_UPTIME_RAW,advertised-pcore-max:Apple-M4-Pro/Max,block-15.csv
15,sve,tp,mls,mls,32,65536,4.55912781,0.14247274,1000,4510000000.0,CLOCK_UPTIME_RAW,advertised-pcore-max:Apple-M4-Pro/Max,block-15.csv
15,neon,lat,smull,smull,4,65536,2.99925232,0.74981308,1000,4510000000.0,CLOCK_UPTIME_RAW,advertised-pcore-max:Apple-M4-Pro/Max,block-15.csv
15,neon,tp,smull,smull,4,65536,0.24945068,0.06236267,1000,4510000000.0,CLOCK_UPTIME_RAW,advertised-pcore-max:Apple-M4-Pro/Max,block-15.csv
15,sve,lat,smull,smullb,16,65536,9.14407349,0.57150459,1000,4510000000.0,CLOCK_UPTIME_RAW,advertised-pcore-max:Apple-M4-Pro/Max,block-15.csv
15,sve,tp,smull,smullb,16,65536,4.55912781,0.28494549,1000,4510000000.0,CLOCK_UPTIME_RAW,advertised-pcore-max:Apple-M4-Pro/Max,block-15.csv
15,neon,lat,smlsl,smlsl,4,65536,2.99925232,0.74981308,1000,4510000000.0,CLOCK_UPTIME_RAW,advertised-pcore-max:Apple-M4-Pro/Max,block-15.csv
15,neon,tp,smlsl,smlsl,4,65536,0.4329834,0.10824585,1000,4510000000.0,CLOCK_UPTIME_RAW,advertised-pcore-max:Apple-M4-Pro/Max,block-15.csv
15,sve,lat,smlsl,smlslb,16,65536,9.14407349,0.57150459,1000,4510000000.0,CLOCK_UPTIME_RAW,advertised-pcore-max:Apple-M4-Pro/Max,block-15.csv
15,sve,tp,smlsl,smlslb,16,65536,4.56195068,0.28512192,1000,4510000000.0,CLOCK_UPTIME_RAW,advertised-pcore-max:Apple-M4-Pro/Max,block-15.csv
15,neon,lat,zip,zip1,8,65536,1.99858093,0.24982262,1000,4510000000.0,CLOCK_UPTIME_RAW,advertised-pcore-max:Apple-M4-Pro/Max,block-15.csv
15,neon,tp,zip,zip1,8,65536,0.24945068,0.03118134,1000,4510000000.0,CLOCK_UPTIME_RAW,advertised-pcore-max:Apple-M4-Pro/Max,block-15.csv
15,sve,lat,zip,zip1,32,65536,3.42076111,0.10689878,1000,4510000000.0,CLOCK_UPTIME_RAW,advertised-pcore-max:Apple-M4-Pro/Max,block-15.csv
15,sve,tp,zip,zip1,32,65536,1.42216492,0.04444265,1000,4510000000.0,CLOCK_UPTIME_RAW,advertised-pcore-max:Apple-M4-Pro/Max,block-15.csv
15,neon,lat,trn,trn1,8,65536,1.99858093,0.24982262,1000,4510000000.0,CLOCK_UPTIME_RAW,advertised-pcore-max:Apple-M4-Pro/Max,block-15.csv
15,neon,tp,trn,trn1,8,65536,0.24945068,0.03118134,1000,4510000000.0,CLOCK_UPTIME_RAW,advertised-pcore-max:Apple-M4-Pro/Max,block-15.csv
15,sve,lat,trn,trn1,32,65536,3.42076111,0.10689878,1000,4510000000.0,CLOCK_UPTIME_RAW,advertised-pcore-max:Apple-M4-Pro/Max,block-15.csv
15,sve,tp,trn,trn1,32,65536,1.42216492,0.04444265,1000,4510000000.0,CLOCK_UPTIME_RAW,advertised-pcore-max:Apple-M4-Pro/Max,block-15.csv
15,neon,lat,uzp,uzp1,8,65536,1.99858093,0.24982262,1000,4510000000.0,CLOCK_UPTIME_RAW,advertised-pcore-max:Apple-M4-Pro/Max,block-15.csv
15,neon,tp,uzp,uzp1,8,65536,0.24945068,0.03118134,1000,4510000000.0,CLOCK_UPTIME_RAW,advertised-pcore-max:Apple-M4-Pro/Max,block-15.csv
15,sve,lat,uzp,uzp1,32,65536,3.42076111,0.10689878,1000,4510000000.0,CLOCK_UPTIME_RAW,advertised-pcore-max:Apple-M4-Pro/Max,block-15.csv
15,sve,tp,uzp,uzp1,32,65536,1.369178775,0.04278684,1000,4510000000.0,CLOCK_UPTIME_RAW,advertised-pcore-max:Apple-M4-Pro/Max,block-15.csv
15,neon,lat,ld1,ld1,8,65536,0.38420105,0.04802513,1000,4510000000.0,CLOCK_UPTIME_RAW,advertised-pcore-max:Apple-M4-Pro/Max,block-15.csv
15,neon,tp,ld1,ld1,8,65536,0.33265686,0.04158211,1000,4510000000.0,CLOCK_UPTIME_RAW,advertised-pcore-max:Apple-M4-Pro/Max,block-15.csv
15,sve,lat,ld1,ld1h,32,65536,2.64656067,0.08270502,1000,4510000000.0,CLOCK_UPTIME_RAW,advertised-pcore-max:Apple-M4-Pro/Max,block-15.csv
15,sve,tp,ld1,ld1h,32,65536,2.64656067,0.08270502,1000,4510000000.0,CLOCK_UPTIME_RAW,advertised-pcore-max:Apple-M4-Pro/Max,block-15.csv
15,neon,lat,ld2,ld2,16,65536,1.00073242,0.06254578,1000,4510000000.0,CLOCK_UPTIME_RAW,advertised-pcore-max:Apple-M4-Pro/Max,block-15.csv
15,neon,tp,ld2,ld2,16,65536,1.00073242,0.06254578,1000,4510000000.0,CLOCK_UPTIME_RAW,advertised-pcore-max:Apple-M4-Pro/Max,block-15.csv
15,sve,lat,ld2,ld2h,64,65536,4.94332886,0.07723951,1000,4510000000.0,CLOCK_UPTIME_RAW,advertised-pcore-max:Apple-M4-Pro/Max,block-15.csv
15,sve,tp,ld2,ld2h,64,65536,4.94340515,0.07724071,1000,4510000000.0,CLOCK_UPTIME_RAW,advertised-pcore-max:Apple-M4-Pro/Max,block-15.csv
15,neon,lat,st1,st1,8,65536,0.57351685,0.07168961,1000,4510000000.0,CLOCK_UPTIME_RAW,advertised-pcore-max:Apple-M4-Pro/Max,block-15.csv
15,neon,tp,st1,st1,8,65536,0.49891663,0.06236458,1000,4510000000.0,CLOCK_UPTIME_RAW,advertised-pcore-max:Apple-M4-Pro/Max,block-15.csv
15,sve,lat,st1,st1h,32,65536,8.17202759,0.25537586,1000,4510000000.0,CLOCK_UPTIME_RAW,advertised-pcore-max:Apple-M4-Pro/Max,block-15.csv
15,sve,tp,st1,st1h,32,65536,8.15193176,0.25474787,1000,4510000000.0,CLOCK_UPTIME_RAW,advertised-pcore-max:Apple-M4-Pro/Max,block-15.csv
15,sve,lat,mova_h,mova h-store,32,65536,2.63803101,0.08243847,1000,4510000000.0,CLOCK_UPTIME_RAW,advertised-pcore-max:Apple-M4-Pro/Max,block-15.csv
15,sve,tp,mova_h,mova h-store,32,65536,1.42216492,0.04444265,1000,4510000000.0,CLOCK_UPTIME_RAW,advertised-pcore-max:Apple-M4-Pro/Max,block-15.csv
15,sve,lat,mova_v,mova v-load,32,65536,18.31106567,0.5722208,1000,4510000000.0,CLOCK_UPTIME_RAW,advertised-pcore-max:Apple-M4-Pro/Max,block-15.csv
15,sve,tp,mova_v,mova v-load,32,65536,4.55912781,0.14247274,1000,4510000000.0,CLOCK_UPTIME_RAW,advertised-pcore-max:Apple-M4-Pro/Max,block-15.csv
15,sve,tp,mode_switch,smstart+smstop,0,2048,51.47509766,0.0,1000,4510000000.0,CLOCK_UPTIME_RAW,advertised-pcore-max:Apple-M4-Pro/Max,block-15.csv
16,neon,lat,add,add,8,65536,2.00140381,0.25017548,1000,4510000000.0,CLOCK_UPTIME_RAW,advertised-pcore-max:Apple-M4-Pro/Max,block-16.csv
16,neon,tp,add,add,8,65536,0.24945068,0.03118134,1000,4510000000.0,CLOCK_UPTIME_RAW,advertised-pcore-max:Apple-M4-Pro/Max,block-16.csv
16,sve,lat,add,add,32,65536,3.42076111,0.10689878,1000,4510000000.0,CLOCK_UPTIME_RAW,advertised-pcore-max:Apple-M4-Pro/Max,block-16.csv
16,sve,tp,add,add,32,65536,1.42216492,0.04444265,1000,4510000000.0,CLOCK_UPTIME_RAW,advertised-pcore-max:Apple-M4-Pro/Max,block-16.csv
16,neon,lat,sub,sub,8,65536,1.99858093,0.24982262,1000,4510000000.0,CLOCK_UPTIME_RAW,advertised-pcore-max:Apple-M4-Pro/Max,block-16.csv
16,neon,tp,sub,sub,8,65536,0.24945068,0.03118134,1000,4510000000.0,CLOCK_UPTIME_RAW,advertised-pcore-max:Apple-M4-Pro/Max,block-16.csv
16,sve,lat,sub,sub,32,65536,3.42076111,0.10689878,1000,4510000000.0,CLOCK_UPTIME_RAW,advertised-pcore-max:Apple-M4-Pro/Max,block-16.csv
16,sve,tp,sub,sub,32,65536,1.42216492,0.04444265,1000,4510000000.0,CLOCK_UPTIME_RAW,advertised-pcore-max:Apple-M4-Pro/Max,block-16.csv
16,neon,lat,mul,mul,8,65536,2.99925232,0.37490654,1000,4510000000.0,CLOCK_UPTIME_RAW,advertised-pcore-max:Apple-M4-Pro/Max,block-16.csv
16,neon,tp,mul,mul,8,65536,0.24945068,0.03118134,1000,4510000000.0,CLOCK_UPTIME_RAW,advertised-pcore-max:Apple-M4-Pro/Max,block-16.csv
16,sve,lat,mul,mul,32,65536,9.14117432,0.2856617,1000,4510000000.0,CLOCK_UPTIME_RAW,advertised-pcore-max:Apple-M4-Pro/Max,block-16.csv
16,sve,tp,mul,mul,32,65536,4.56195068,0.14256096,1000,4510000000.0,CLOCK_UPTIME_RAW,advertised-pcore-max:Apple-M4-Pro/Max,block-16.csv
16,neon,lat,sqrdmulh,sqrdmulh,8,65536,2.99931335,0.37491417,1000,4510000000.0,CLOCK_UPTIME_RAW,advertised-pcore-max:Apple-M4-Pro/Max,block-16.csv
16,neon,tp,sqrdmulh,sqrdmulh,8,65536,0.24945068,0.03118134,1000,4510000000.0,CLOCK_UPTIME_RAW,advertised-pcore-max:Apple-M4-Pro/Max,block-16.csv
16,sve,lat,sqrdmulh,sqrdmulh,32,65536,9.14125061,0.28566408,1000,4510000000.0,CLOCK_UPTIME_RAW,advertised-pcore-max:Apple-M4-Pro/Max,block-16.csv
16,sve,tp,sqrdmulh,sqrdmulh,32,65536,4.55912781,0.14247274,1000,4510000000.0,CLOCK_UPTIME_RAW,advertised-pcore-max:Apple-M4-Pro/Max,block-16.csv
16,neon,lat,mls,mls,8,65536,2.99925232,0.37490654,1000,4510000000.0,CLOCK_UPTIME_RAW,advertised-pcore-max:Apple-M4-Pro/Max,block-16.csv
16,neon,tp,mls,mls,8,65536,0.4329834,0.05412292,1000,4510000000.0,CLOCK_UPTIME_RAW,advertised-pcore-max:Apple-M4-Pro/Max,block-16.csv
16,sve,lat,mls,mls,32,65536,9.14125061,0.28566408,1000,4510000000.0,CLOCK_UPTIME_RAW,advertised-pcore-max:Apple-M4-Pro/Max,block-16.csv
16,sve,tp,mls,mls,32,65536,4.55912781,0.14247274,1000,4510000000.0,CLOCK_UPTIME_RAW,advertised-pcore-max:Apple-M4-Pro/Max,block-16.csv
16,neon,lat,smull,smull,4,65536,2.99925232,0.74981308,1000,4510000000.0,CLOCK_UPTIME_RAW,advertised-pcore-max:Apple-M4-Pro/Max,block-16.csv
16,neon,tp,smull,smull,4,65536,0.24945068,0.06236267,1000,4510000000.0,CLOCK_UPTIME_RAW,advertised-pcore-max:Apple-M4-Pro/Max,block-16.csv
16,sve,lat,smull,smullb,16,65536,9.14125061,0.57132816,1000,4510000000.0,CLOCK_UPTIME_RAW,advertised-pcore-max:Apple-M4-Pro/Max,block-16.csv
16,sve,tp,smull,smullb,16,65536,4.55912781,0.28494549,1000,4510000000.0,CLOCK_UPTIME_RAW,advertised-pcore-max:Apple-M4-Pro/Max,block-16.csv
16,neon,lat,smlsl,smlsl,4,65536,2.99925232,0.74981308,1000,4510000000.0,CLOCK_UPTIME_RAW,advertised-pcore-max:Apple-M4-Pro/Max,block-16.csv
16,neon,tp,smlsl,smlsl,4,65536,0.4329834,0.10824585,1000,4510000000.0,CLOCK_UPTIME_RAW,advertised-pcore-max:Apple-M4-Pro/Max,block-16.csv
16,sve,lat,smlsl,smlslb,16,65536,9.14407349,0.57150459,1000,4510000000.0,CLOCK_UPTIME_RAW,advertised-pcore-max:Apple-M4-Pro/Max,block-16.csv
16,sve,tp,smlsl,smlslb,16,65536,4.55912781,0.28494549,1000,4510000000.0,CLOCK_UPTIME_RAW,advertised-pcore-max:Apple-M4-Pro/Max,block-16.csv
16,neon,lat,zip,zip1,8,65536,1.99858093,0.24982262,1000,4510000000.0,CLOCK_UPTIME_RAW,advertised-pcore-max:Apple-M4-Pro/Max,block-16.csv
16,neon,tp,zip,zip1,8,65536,0.24945068,0.03118134,1000,4510000000.0,CLOCK_UPTIME_RAW,advertised-pcore-max:Apple-M4-Pro/Max,block-16.csv
16,sve,lat,zip,zip1,32,65536,3.42076111,0.10689878,1000,4510000000.0,CLOCK_UPTIME_RAW,advertised-pcore-max:Apple-M4-Pro/Max,block-16.csv
16,sve,tp,zip,zip1,32,65536,1.42216492,0.04444265,1000,4510000000.0,CLOCK_UPTIME_RAW,advertised-pcore-max:Apple-M4-Pro/Max,block-16.csv
16,neon,lat,trn,trn1,8,65536,1.99858093,0.24982262,1000,4510000000.0,CLOCK_UPTIME_RAW,advertised-pcore-max:Apple-M4-Pro/Max,block-16.csv
16,neon,tp,trn,trn1,8,65536,0.24945068,0.03118134,1000,4510000000.0,CLOCK_UPTIME_RAW,advertised-pcore-max:Apple-M4-Pro/Max,block-16.csv
16,sve,lat,trn,trn1,32,65536,3.42076111,0.10689878,1000,4510000000.0,CLOCK_UPTIME_RAW,advertised-pcore-max:Apple-M4-Pro/Max,block-16.csv
16,sve,tp,trn,trn1,32,65536,1.42216492,0.04444265,1000,4510000000.0,CLOCK_UPTIME_RAW,advertised-pcore-max:Apple-M4-Pro/Max,block-16.csv
16,neon,lat,uzp,uzp1,8,65536,1.99858093,0.24982262,1000,4510000000.0,CLOCK_UPTIME_RAW,advertised-pcore-max:Apple-M4-Pro/Max,block-16.csv
16,neon,tp,uzp,uzp1,8,65536,0.24945068,0.03118134,1000,4510000000.0,CLOCK_UPTIME_RAW,advertised-pcore-max:Apple-M4-Pro/Max,block-16.csv
16,sve,lat,uzp,uzp1,32,65536,3.42076111,0.10689878,1000,4510000000.0,CLOCK_UPTIME_RAW,advertised-pcore-max:Apple-M4-Pro/Max,block-16.csv
16,sve,tp,uzp,uzp1,32,65536,1.42216492,0.04444265,1000,4510000000.0,CLOCK_UPTIME_RAW,advertised-pcore-max:Apple-M4-Pro/Max,block-16.csv
16,neon,lat,ld1,ld1,8,65536,0.38137817,0.04767227,1000,4510000000.0,CLOCK_UPTIME_RAW,advertised-pcore-max:Apple-M4-Pro/Max,block-16.csv
16,neon,tp,ld1,ld1,8,65536,0.33265686,0.04158211,1000,4510000000.0,CLOCK_UPTIME_RAW,advertised-pcore-max:Apple-M4-Pro/Max,block-16.csv
16,sve,lat,ld1,ld1h,32,65536,2.64656067,0.08270502,1000,4510000000.0,CLOCK_UPTIME_RAW,advertised-pcore-max:Apple-M4-Pro/Max,block-16.csv
16,sve,tp,ld1,ld1h,32,65536,2.64656067,0.08270502,1000,4510000000.0,CLOCK_UPTIME_RAW,advertised-pcore-max:Apple-M4-Pro/Max,block-16.csv
16,neon,lat,ld2,ld2,16,65536,1.00073242,0.06254578,1000,4510000000.0,CLOCK_UPTIME_RAW,advertised-pcore-max:Apple-M4-Pro/Max,block-16.csv
16,neon,tp,ld2,ld2,16,65536,1.00073242,0.06254578,1000,4510000000.0,CLOCK_UPTIME_RAW,advertised-pcore-max:Apple-M4-Pro/Max,block-16.csv
16,sve,lat,ld2,ld2h,64,65536,4.94340515,0.07724071,1000,4510000000.0,CLOCK_UPTIME_RAW,advertised-pcore-max:Apple-M4-Pro/Max,block-16.csv
16,sve,tp,ld2,ld2h,64,65536,4.94622803,0.07728481,1000,4510000000.0,CLOCK_UPTIME_RAW,advertised-pcore-max:Apple-M4-Pro/Max,block-16.csv
16,neon,lat,st1,st1,8,65536,0.57344055,0.07168007,1000,4510000000.0,CLOCK_UPTIME_RAW,advertised-pcore-max:Apple-M4-Pro/Max,block-16.csv
16,neon,tp,st1,st1,8,65536,0.5017395,0.06271744,1000,4510000000.0,CLOCK_UPTIME_RAW,advertised-pcore-max:Apple-M4-Pro/Max,block-16.csv
16,sve,lat,st1,st1h,32,65536,35.139747615000005,1.098117115,1000,4510000000.0,CLOCK_UPTIME_RAW,advertised-pcore-max:Apple-M4-Pro/Max,block-16.csv
16,sve,tp,st1,st1h,32,65536,36.96911621,1.15528488,1000,4510000000.0,CLOCK_UPTIME_RAW,advertised-pcore-max:Apple-M4-Pro/Max,block-16.csv
16,sve,lat,mova_h,mova h-store,32,65536,2.63795471,0.08243608,1000,4510000000.0,CLOCK_UPTIME_RAW,advertised-pcore-max:Apple-M4-Pro/Max,block-16.csv
16,sve,tp,mova_h,mova h-store,32,65536,1.42216492,0.04444265,1000,4510000000.0,CLOCK_UPTIME_RAW,advertised-pcore-max:Apple-M4-Pro/Max,block-16.csv
16,sve,lat,mova_v,mova v-load,32,65536,18.312538144999998,0.572266815,1000,4510000000.0,CLOCK_UPTIME_RAW,advertised-pcore-max:Apple-M4-Pro/Max,block-16.csv
16,sve,tp,mova_v,mova v-load,32,65536,4.55912781,0.14247274,1000,4510000000.0,CLOCK_UPTIME_RAW,advertised-pcore-max:Apple-M4-Pro/Max,block-16.csv
16,sve,tp,mode_switch,smstart+smstop,0,2048,51.47509766,0.0,1000,4510000000.0,CLOCK_UPTIME_RAW,advertised-pcore-max:Apple-M4-Pro/Max,block-16.csv
17,neon,lat,add,add,8,65536,1.99858093,0.24982262,1000,4510000000.0,CLOCK_UPTIME_RAW,advertised-pcore-max:Apple-M4-Pro/Max,block-17.csv
17,neon,tp,add,add,8,65536,0.24945068,0.03118134,1000,4510000000.0,CLOCK_UPTIME_RAW,advertised-pcore-max:Apple-M4-Pro/Max,block-17.csv
17,sve,lat,add,add,32,65536,3.42076111,0.10689878,1000,4510000000.0,CLOCK_UPTIME_RAW,advertised-pcore-max:Apple-M4-Pro/Max,block-17.csv
17,sve,tp,add,add,32,65536,1.42216492,0.04444265,1000,4510000000.0,CLOCK_UPTIME_RAW,advertised-pcore-max:Apple-M4-Pro/Max,block-17.csv
17,neon,lat,sub,sub,8,65536,2.00140381,0.25017548,1000,4510000000.0,CLOCK_UPTIME_RAW,advertised-pcore-max:Apple-M4-Pro/Max,block-17.csv
17,neon,tp,sub,sub,8,65536,0.24945068,0.03118134,1000,4510000000.0,CLOCK_UPTIME_RAW,advertised-pcore-max:Apple-M4-Pro/Max,block-17.csv
17,sve,lat,sub,sub,32,65536,3.42076111,0.10689878,1000,4510000000.0,CLOCK_UPTIME_RAW,advertised-pcore-max:Apple-M4-Pro/Max,block-17.csv
17,sve,tp,sub,sub,32,65536,1.42216492,0.04444265,1000,4510000000.0,CLOCK_UPTIME_RAW,advertised-pcore-max:Apple-M4-Pro/Max,block-17.csv
17,neon,lat,mul,mul,8,65536,2.99925232,0.37490654,1000,4510000000.0,CLOCK_UPTIME_RAW,advertised-pcore-max:Apple-M4-Pro/Max,block-17.csv
17,neon,tp,mul,mul,8,65536,0.24945068,0.03118134,1000,4510000000.0,CLOCK_UPTIME_RAW,advertised-pcore-max:Apple-M4-Pro/Max,block-17.csv
17,sve,lat,mul,mul,32,65536,9.14125061,0.28566408,1000,4510000000.0,CLOCK_UPTIME_RAW,advertised-pcore-max:Apple-M4-Pro/Max,block-17.csv
17,sve,tp,mul,mul,32,65536,4.56195068,0.14256096,1000,4510000000.0,CLOCK_UPTIME_RAW,advertised-pcore-max:Apple-M4-Pro/Max,block-17.csv
17,neon,lat,sqrdmulh,sqrdmulh,8,65536,2.99925232,0.37490654,1000,4510000000.0,CLOCK_UPTIME_RAW,advertised-pcore-max:Apple-M4-Pro/Max,block-17.csv
17,neon,tp,sqrdmulh,sqrdmulh,8,65536,0.24945068,0.03118134,1000,4510000000.0,CLOCK_UPTIME_RAW,advertised-pcore-max:Apple-M4-Pro/Max,block-17.csv
17,sve,lat,sqrdmulh,sqrdmulh,32,65536,9.14407349,0.2857523,1000,4510000000.0,CLOCK_UPTIME_RAW,advertised-pcore-max:Apple-M4-Pro/Max,block-17.csv
17,sve,tp,sqrdmulh,sqrdmulh,32,65536,4.55912781,0.14247274,1000,4510000000.0,CLOCK_UPTIME_RAW,advertised-pcore-max:Apple-M4-Pro/Max,block-17.csv
17,neon,lat,mls,mls,8,65536,2.99925232,0.37490654,1000,4510000000.0,CLOCK_UPTIME_RAW,advertised-pcore-max:Apple-M4-Pro/Max,block-17.csv
17,neon,tp,mls,mls,8,65536,0.4329834,0.05412292,1000,4510000000.0,CLOCK_UPTIME_RAW,advertised-pcore-max:Apple-M4-Pro/Max,block-17.csv
17,sve,lat,mls,mls,32,65536,9.14407349,0.2857523,1000,4510000000.0,CLOCK_UPTIME_RAW,advertised-pcore-max:Apple-M4-Pro/Max,block-17.csv
17,sve,tp,mls,mls,32,65536,4.55912781,0.14247274,1000,4510000000.0,CLOCK_UPTIME_RAW,advertised-pcore-max:Apple-M4-Pro/Max,block-17.csv
17,neon,lat,smull,smull,4,65536,2.99925232,0.74981308,1000,4510000000.0,CLOCK_UPTIME_RAW,advertised-pcore-max:Apple-M4-Pro/Max,block-17.csv
17,neon,tp,smull,smull,4,65536,0.24945068,0.06236267,1000,4510000000.0,CLOCK_UPTIME_RAW,advertised-pcore-max:Apple-M4-Pro/Max,block-17.csv
17,sve,lat,smull,smullb,16,65536,9.14117432,0.57132339,1000,4510000000.0,CLOCK_UPTIME_RAW,advertised-pcore-max:Apple-M4-Pro/Max,block-17.csv
17,sve,tp,smull,smullb,16,65536,4.55912781,0.28494549,1000,4510000000.0,CLOCK_UPTIME_RAW,advertised-pcore-max:Apple-M4-Pro/Max,block-17.csv
17,neon,lat,smlsl,smlsl,4,65536,2.99925232,0.74981308,1000,4510000000.0,CLOCK_UPTIME_RAW,advertised-pcore-max:Apple-M4-Pro/Max,block-17.csv
17,neon,tp,smlsl,smlsl,4,65536,0.4329834,0.10824585,1000,4510000000.0,CLOCK_UPTIME_RAW,advertised-pcore-max:Apple-M4-Pro/Max,block-17.csv
17,sve,lat,smlsl,smlslb,16,65536,9.14125061,0.57132816,1000,4510000000.0,CLOCK_UPTIME_RAW,advertised-pcore-max:Apple-M4-Pro/Max,block-17.csv
17,sve,tp,smlsl,smlslb,16,65536,4.55912781,0.28494549,1000,4510000000.0,CLOCK_UPTIME_RAW,advertised-pcore-max:Apple-M4-Pro/Max,block-17.csv
17,neon,lat,zip,zip1,8,65536,1.99858093,0.24982262,1000,4510000000.0,CLOCK_UPTIME_RAW,advertised-pcore-max:Apple-M4-Pro/Max,block-17.csv
17,neon,tp,zip,zip1,8,65536,0.24945068,0.03118134,1000,4510000000.0,CLOCK_UPTIME_RAW,advertised-pcore-max:Apple-M4-Pro/Max,block-17.csv
17,sve,lat,zip,zip1,32,65536,3.42076111,0.10689878,1000,4510000000.0,CLOCK_UPTIME_RAW,advertised-pcore-max:Apple-M4-Pro/Max,block-17.csv
17,sve,tp,zip,zip1,32,65536,1.42216492,0.04444265,1000,4510000000.0,CLOCK_UPTIME_RAW,advertised-pcore-max:Apple-M4-Pro/Max,block-17.csv
17,neon,lat,trn,trn1,8,65536,1.99858093,0.24982262,1000,4510000000.0,CLOCK_UPTIME_RAW,advertised-pcore-max:Apple-M4-Pro/Max,block-17.csv
17,neon,tp,trn,trn1,8,65536,0.24945068,0.03118134,1000,4510000000.0,CLOCK_UPTIME_RAW,advertised-pcore-max:Apple-M4-Pro/Max,block-17.csv
17,sve,lat,trn,trn1,32,65536,3.42076111,0.10689878,1000,4510000000.0,CLOCK_UPTIME_RAW,advertised-pcore-max:Apple-M4-Pro/Max,block-17.csv
17,sve,tp,trn,trn1,32,65536,1.42216492,0.04444265,1000,4510000000.0,CLOCK_UPTIME_RAW,advertised-pcore-max:Apple-M4-Pro/Max,block-17.csv
17,neon,lat,uzp,uzp1,8,65536,1.99858093,0.24982262,1000,4510000000.0,CLOCK_UPTIME_RAW,advertised-pcore-max:Apple-M4-Pro/Max,block-17.csv
17,neon,tp,uzp,uzp1,8,65536,0.24945068,0.03118134,1000,4510000000.0,CLOCK_UPTIME_RAW,advertised-pcore-max:Apple-M4-Pro/Max,block-17.csv
17,sve,lat,uzp,uzp1,32,65536,3.42076111,0.10689878,1000,4510000000.0,CLOCK_UPTIME_RAW,advertised-pcore-max:Apple-M4-Pro/Max,block-17.csv
17,sve,tp,uzp,uzp1,32,65536,1.42216492,0.04444265,1000,4510000000.0,CLOCK_UPTIME_RAW,advertised-pcore-max:Apple-M4-Pro/Max,block-17.csv
17,neon,lat,ld1,ld1,8,65536,0.38420105,0.04802513,1000,4510000000.0,CLOCK_UPTIME_RAW,advertised-pcore-max:Apple-M4-Pro/Max,block-17.csv
17,neon,tp,ld1,ld1,8,65536,0.33265686,0.04158211,1000,4510000000.0,CLOCK_UPTIME_RAW,advertised-pcore-max:Apple-M4-Pro/Max,block-17.csv
17,sve,lat,ld1,ld1h,32,65536,2.64656067,0.08270502,1000,4510000000.0,CLOCK_UPTIME_RAW,advertised-pcore-max:Apple-M4-Pro/Max,block-17.csv
17,sve,tp,ld1,ld1h,32,65536,2.64656067,0.08270502,1000,4510000000.0,CLOCK_UPTIME_RAW,advertised-pcore-max:Apple-M4-Pro/Max,block-17.csv
17,neon,lat,ld2,ld2,16,65536,1.00073242,0.06254578,1000,4510000000.0,CLOCK_UPTIME_RAW,advertised-pcore-max:Apple-M4-Pro/Max,block-17.csv
17,neon,tp,ld2,ld2,16,65536,1.00073242,0.06254578,1000,4510000000.0,CLOCK_UPTIME_RAW,advertised-pcore-max:Apple-M4-Pro/Max,block-17.csv
17,sve,lat,ld2,ld2h,64,65536,4.94332886,0.07723951,1000,4510000000.0,CLOCK_UPTIME_RAW,advertised-pcore-max:Apple-M4-Pro/Max,block-17.csv
17,sve,tp,ld2,ld2h,64,65536,4.94340515,0.07724071,1000,4510000000.0,CLOCK_UPTIME_RAW,advertised-pcore-max:Apple-M4-Pro/Max,block-17.csv
17,neon,lat,st1,st1,8,65536,0.51330566,0.06416321,1000,4510000000.0,CLOCK_UPTIME_RAW,advertised-pcore-max:Apple-M4-Pro/Max,block-17.csv
17,neon,tp,st1,st1,8,65536,0.49891663,0.06236458,1000,4510000000.0,CLOCK_UPTIME_RAW,advertised-pcore-max:Apple-M4-Pro/Max,block-17.csv
17,sve,lat,st1,st1h,32,65536,8.1663208,0.25519753,1000,4510000000.0,CLOCK_UPTIME_RAW,advertised-pcore-max:Apple-M4-Pro/Max,block-17.csv
17,sve,tp,st1,st1h,32,65536,8.14910889,0.25465965,1000,4510000000.0,CLOCK_UPTIME_RAW,advertised-pcore-max:Apple-M4-Pro/Max,block-17.csv
17,sve,lat,mova_h,mova h-store,32,65536,2.63803101,0.08243847,1000,4510000000.0,CLOCK_UPTIME_RAW,advertised-pcore-max:Apple-M4-Pro/Max,block-17.csv
17,sve,tp,mova_h,mova h-store,32,65536,1.42216492,0.04444265,1000,4510000000.0,CLOCK_UPTIME_RAW,advertised-pcore-max:Apple-M4-Pro/Max,block-17.csv
17,sve,lat,mova_v,mova v-load,32,65536,18.31112671,0.57222271,1000,4510000000.0,CLOCK_UPTIME_RAW,advertised-pcore-max:Apple-M4-Pro/Max,block-17.csv
17,sve,tp,mova_v,mova v-load,32,65536,4.55912781,0.14247274,1000,4510000000.0,CLOCK_UPTIME_RAW,advertised-pcore-max:Apple-M4-Pro/Max,block-17.csv
17,sve,tp,mode_switch,smstart+smstop,0,2048,51.38232422,0.0,1000,4510000000.0,CLOCK_UPTIME_RAW,advertised-pcore-max:Apple-M4-Pro/Max,block-17.csv
18,neon,lat,add,add,8,65536,1.99858093,0.24982262,1000,4510000000.0,CLOCK_UPTIME_RAW,advertised-pcore-max:Apple-M4-Pro/Max,block-18.csv
18,neon,tp,add,add,8,65536,0.24945068,0.03118134,1000,4510000000.0,CLOCK_UPTIME_RAW,advertised-pcore-max:Apple-M4-Pro/Max,block-18.csv
18,sve,lat,add,add,32,65536,3.42076111,0.10689878,1000,4510000000.0,CLOCK_UPTIME_RAW,advertised-pcore-max:Apple-M4-Pro/Max,block-18.csv
18,sve,tp,add,add,32,65536,1.42216492,0.04444265,1000,4510000000.0,CLOCK_UPTIME_RAW,advertised-pcore-max:Apple-M4-Pro/Max,block-18.csv
18,neon,lat,sub,sub,8,65536,1.99858093,0.24982262,1000,4510000000.0,CLOCK_UPTIME_RAW,advertised-pcore-max:Apple-M4-Pro/Max,block-18.csv
18,neon,tp,sub,sub,8,65536,0.24945068,0.03118134,1000,4510000000.0,CLOCK_UPTIME_RAW,advertised-pcore-max:Apple-M4-Pro/Max,block-18.csv
18,sve,lat,sub,sub,32,65536,3.42076111,0.10689878,1000,4510000000.0,CLOCK_UPTIME_RAW,advertised-pcore-max:Apple-M4-Pro/Max,block-18.csv
18,sve,tp,sub,sub,32,65536,1.42224121,0.04444504,1000,4510000000.0,CLOCK_UPTIME_RAW,advertised-pcore-max:Apple-M4-Pro/Max,block-18.csv
18,neon,lat,mul,mul,8,65536,2.99931335,0.37491417,1000,4510000000.0,CLOCK_UPTIME_RAW,advertised-pcore-max:Apple-M4-Pro/Max,block-18.csv
18,neon,tp,mul,mul,8,65536,0.24945068,0.03118134,1000,4510000000.0,CLOCK_UPTIME_RAW,advertised-pcore-max:Apple-M4-Pro/Max,block-18.csv
18,sve,lat,mul,mul,32,65536,9.14117432,0.2856617,1000,4510000000.0,CLOCK_UPTIME_RAW,advertised-pcore-max:Apple-M4-Pro/Max,block-18.csv
18,sve,tp,mul,mul,32,65536,4.56195068,0.14256096,1000,4510000000.0,CLOCK_UPTIME_RAW,advertised-pcore-max:Apple-M4-Pro/Max,block-18.csv
18,neon,lat,sqrdmulh,sqrdmulh,8,65536,2.99925232,0.37490654,1000,4510000000.0,CLOCK_UPTIME_RAW,advertised-pcore-max:Apple-M4-Pro/Max,block-18.csv
18,neon,tp,sqrdmulh,sqrdmulh,8,65536,0.24945068,0.03118134,1000,4510000000.0,CLOCK_UPTIME_RAW,advertised-pcore-max:Apple-M4-Pro/Max,block-18.csv
18,sve,lat,sqrdmulh,sqrdmulh,32,65536,9.14125061,0.28566408,1000,4510000000.0,CLOCK_UPTIME_RAW,advertised-pcore-max:Apple-M4-Pro/Max,block-18.csv
18,sve,tp,sqrdmulh,sqrdmulh,32,65536,4.56195068,0.14256096,1000,4510000000.0,CLOCK_UPTIME_RAW,advertised-pcore-max:Apple-M4-Pro/Max,block-18.csv
18,neon,lat,mls,mls,8,65536,2.99925232,0.37490654,1000,4510000000.0,CLOCK_UPTIME_RAW,advertised-pcore-max:Apple-M4-Pro/Max,block-18.csv
18,neon,tp,mls,mls,8,65536,0.4329834,0.05412292,1000,4510000000.0,CLOCK_UPTIME_RAW,advertised-pcore-max:Apple-M4-Pro/Max,block-18.csv
18,sve,lat,mls,mls,32,65536,9.14407349,0.2857523,1000,4510000000.0,CLOCK_UPTIME_RAW,advertised-pcore-max:Apple-M4-Pro/Max,block-18.csv
18,sve,tp,mls,mls,32,65536,4.56201172,0.14256287,1000,4510000000.0,CLOCK_UPTIME_RAW,advertised-pcore-max:Apple-M4-Pro/Max,block-18.csv
18,neon,lat,smull,smull,4,65536,2.99931335,0.74982834,1000,4510000000.0,CLOCK_UPTIME_RAW,advertised-pcore-max:Apple-M4-Pro/Max,block-18.csv
18,neon,tp,smull,smull,4,65536,0.24945068,0.06236267,1000,4510000000.0,CLOCK_UPTIME_RAW,advertised-pcore-max:Apple-M4-Pro/Max,block-18.csv
18,sve,lat,smull,smullb,16,65536,9.14117432,0.57132339,1000,4510000000.0,CLOCK_UPTIME_RAW,advertised-pcore-max:Apple-M4-Pro/Max,block-18.csv
18,sve,tp,smull,smullb,16,65536,4.55912781,0.28494549,1000,4510000000.0,CLOCK_UPTIME_RAW,advertised-pcore-max:Apple-M4-Pro/Max,block-18.csv
18,neon,lat,smlsl,smlsl,4,65536,2.99925232,0.74981308,1000,4510000000.0,CLOCK_UPTIME_RAW,advertised-pcore-max:Apple-M4-Pro/Max,block-18.csv
18,neon,tp,smlsl,smlsl,4,65536,0.4329834,0.10824585,1000,4510000000.0,CLOCK_UPTIME_RAW,advertised-pcore-max:Apple-M4-Pro/Max,block-18.csv
18,sve,lat,smlsl,smlslb,16,65536,9.14407349,0.57150459,1000,4510000000.0,CLOCK_UPTIME_RAW,advertised-pcore-max:Apple-M4-Pro/Max,block-18.csv
18,sve,tp,smlsl,smlslb,16,65536,4.55912781,0.28494549,1000,4510000000.0,CLOCK_UPTIME_RAW,advertised-pcore-max:Apple-M4-Pro/Max,block-18.csv
18,neon,lat,zip,zip1,8,65536,1.99858093,0.24982262,1000,4510000000.0,CLOCK_UPTIME_RAW,advertised-pcore-max:Apple-M4-Pro/Max,block-18.csv
18,neon,tp,zip,zip1,8,65536,0.24945068,0.03118134,1000,4510000000.0,CLOCK_UPTIME_RAW,advertised-pcore-max:Apple-M4-Pro/Max,block-18.csv
18,sve,lat,zip,zip1,32,65536,3.42076111,0.10689878,1000,4510000000.0,CLOCK_UPTIME_RAW,advertised-pcore-max:Apple-M4-Pro/Max,block-18.csv
18,sve,tp,zip,zip1,32,65536,1.42224121,0.04444504,1000,4510000000.0,CLOCK_UPTIME_RAW,advertised-pcore-max:Apple-M4-Pro/Max,block-18.csv
18,neon,lat,trn,trn1,8,65536,2.00140381,0.25017548,1000,4510000000.0,CLOCK_UPTIME_RAW,advertised-pcore-max:Apple-M4-Pro/Max,block-18.csv
18,neon,tp,trn,trn1,8,65536,0.24945068,0.03118134,1000,4510000000.0,CLOCK_UPTIME_RAW,advertised-pcore-max:Apple-M4-Pro/Max,block-18.csv
18,sve,lat,trn,trn1,32,65536,3.42076111,0.10689878,1000,4510000000.0,CLOCK_UPTIME_RAW,advertised-pcore-max:Apple-M4-Pro/Max,block-18.csv
18,sve,tp,trn,trn1,32,65536,1.4021759,0.043817995,1000,4510000000.0,CLOCK_UPTIME_RAW,advertised-pcore-max:Apple-M4-Pro/Max,block-18.csv
18,neon,lat,uzp,uzp1,8,65536,1.99858093,0.24982262,1000,4510000000.0,CLOCK_UPTIME_RAW,advertised-pcore-max:Apple-M4-Pro/Max,block-18.csv
18,neon,tp,uzp,uzp1,8,65536,0.24945068,0.03118134,1000,4510000000.0,CLOCK_UPTIME_RAW,advertised-pcore-max:Apple-M4-Pro/Max,block-18.csv
18,sve,lat,uzp,uzp1,32,65536,3.42076111,0.10689878,1000,4510000000.0,CLOCK_UPTIME_RAW,advertised-pcore-max:Apple-M4-Pro/Max,block-18.csv
18,sve,tp,uzp,uzp1,32,65536,1.3892059350000001,0.043412685,1000,4510000000.0,CLOCK_UPTIME_RAW,advertised-pcore-max:Apple-M4-Pro/Max,block-18.csv
18,neon,lat,ld1,ld1,8,65536,0.38420105,0.04802513,1000,4510000000.0,CLOCK_UPTIME_RAW,advertised-pcore-max:Apple-M4-Pro/Max,block-18.csv
18,neon,tp,ld1,ld1,8,65536,0.33547974,0.04193497,1000,4510000000.0,CLOCK_UPTIME_RAW,advertised-pcore-max:Apple-M4-Pro/Max,block-18.csv
18,sve,lat,ld1,ld1h,32,65536,2.64656067,0.08270502,1000,4510000000.0,CLOCK_UPTIME_RAW,advertised-pcore-max:Apple-M4-Pro/Max,block-18.csv
18,sve,tp,ld1,ld1h,32,65536,2.64945984,0.08279562,1000,4510000000.0,CLOCK_UPTIME_RAW,advertised-pcore-max:Apple-M4-Pro/Max,block-18.csv
18,neon,lat,ld2,ld2,16,65536,1.00933838,0.06308365,1000,4510000000.0,CLOCK_UPTIME_RAW,advertised-pcore-max:Apple-M4-Pro/Max,block-18.csv
18,neon,tp,ld2,ld2,16,65536,1.00643921,0.06290245,1000,4510000000.0,CLOCK_UPTIME_RAW,advertised-pcore-max:Apple-M4-Pro/Max,block-18.csv
18,sve,lat,ld2,ld2h,64,65536,4.94622803,0.07728481,1000,4510000000.0,CLOCK_UPTIME_RAW,advertised-pcore-max:Apple-M4-Pro/Max,block-18.csv
18,sve,tp,ld2,ld2h,64,65536,4.94340515,0.07724071,1000,4510000000.0,CLOCK_UPTIME_RAW,advertised-pcore-max:Apple-M4-Pro/Max,block-18.csv
18,neon,lat,st1,st1,8,65536,0.57344055,0.07168007,1000,4510000000.0,CLOCK_UPTIME_RAW,advertised-pcore-max:Apple-M4-Pro/Max,block-18.csv
18,neon,tp,st1,st1,8,65536,0.49891663,0.06236458,1000,4510000000.0,CLOCK_UPTIME_RAW,advertised-pcore-max:Apple-M4-Pro/Max,block-18.csv
18,sve,lat,st1,st1h,32,65536,33.987091065,1.0620965949999999,1000,4510000000.0,CLOCK_UPTIME_RAW,advertised-pcore-max:Apple-M4-Pro/Max,block-18.csv
18,sve,tp,st1,st1h,32,65536,29.00930786,0.9065408699999999,1000,4510000000.0,CLOCK_UPTIME_RAW,advertised-pcore-max:Apple-M4-Pro/Max,block-18.csv
18,sve,lat,mova_h,mova h-store,32,65536,2.63803101,0.08243847,1000,4510000000.0,CLOCK_UPTIME_RAW,advertised-pcore-max:Apple-M4-Pro/Max,block-18.csv
18,sve,tp,mova_h,mova h-store,32,65536,1.42216492,0.04444265,1000,4510000000.0,CLOCK_UPTIME_RAW,advertised-pcore-max:Apple-M4-Pro/Max,block-18.csv
18,sve,lat,mova_v,mova v-load,32,65536,18.31112671,0.57222271,1000,4510000000.0,CLOCK_UPTIME_RAW,advertised-pcore-max:Apple-M4-Pro/Max,block-18.csv
18,sve,tp,mova_v,mova v-load,32,65536,4.55912781,0.14247274,1000,4510000000.0,CLOCK_UPTIME_RAW,advertised-pcore-max:Apple-M4-Pro/Max,block-18.csv
18,sve,tp,mode_switch,smstart+smstop,0,2048,51.47509766,0.0,1000,4510000000.0,CLOCK_UPTIME_RAW,advertised-pcore-max:Apple-M4-Pro/Max,block-18.csv
19,neon,lat,add,add,8,65536,2.00140381,0.25017548,1000,4510000000.0,CLOCK_UPTIME_RAW,advertised-pcore-max:Apple-M4-Pro/Max,block-19.csv
19,neon,tp,add,add,8,65536,0.25234985,0.03154373,1000,4510000000.0,CLOCK_UPTIME_RAW,advertised-pcore-max:Apple-M4-Pro/Max,block-19.csv
19,sve,lat,add,add,32,65536,3.4838562,0.10887051,1000,4510000000.0,CLOCK_UPTIME_RAW,advertised-pcore-max:Apple-M4-Pro/Max,block-19.csv
19,sve,tp,add,add,32,65536,1.42216492,0.04444265,1000,4510000000.0,CLOCK_UPTIME_RAW,advertised-pcore-max:Apple-M4-Pro/Max,block-19.csv
19,neon,lat,sub,sub,8,65536,2.00140381,0.25017548,1000,4510000000.0,CLOCK_UPTIME_RAW,advertised-pcore-max:Apple-M4-Pro/Max,block-19.csv
19,neon,tp,sub,sub,8,65536,0.24945068,0.03118134,1000,4510000000.0,CLOCK_UPTIME_RAW,advertised-pcore-max:Apple-M4-Pro/Max,block-19.csv
19,sve,lat,sub,sub,32,65536,3.42076111,0.10689878,1000,4510000000.0,CLOCK_UPTIME_RAW,advertised-pcore-max:Apple-M4-Pro/Max,block-19.csv
19,sve,tp,sub,sub,32,65536,1.42216492,0.04444265,1000,4510000000.0,CLOCK_UPTIME_RAW,advertised-pcore-max:Apple-M4-Pro/Max,block-19.csv
19,neon,lat,mul,mul,8,65536,2.99925232,0.37490654,1000,4510000000.0,CLOCK_UPTIME_RAW,advertised-pcore-max:Apple-M4-Pro/Max,block-19.csv
19,neon,tp,mul,mul,8,65536,0.24945068,0.03118134,1000,4510000000.0,CLOCK_UPTIME_RAW,advertised-pcore-max:Apple-M4-Pro/Max,block-19.csv
19,sve,lat,mul,mul,32,65536,9.14125061,0.28566408,1000,4510000000.0,CLOCK_UPTIME_RAW,advertised-pcore-max:Apple-M4-Pro/Max,block-19.csv
19,sve,tp,mul,mul,32,65536,4.56195068,0.14256096,1000,4510000000.0,CLOCK_UPTIME_RAW,advertised-pcore-max:Apple-M4-Pro/Max,block-19.csv
19,neon,lat,sqrdmulh,sqrdmulh,8,65536,2.99925232,0.37490654,1000,4510000000.0,CLOCK_UPTIME_RAW,advertised-pcore-max:Apple-M4-Pro/Max,block-19.csv
19,neon,tp,sqrdmulh,sqrdmulh,8,65536,0.24945068,0.03118134,1000,4510000000.0,CLOCK_UPTIME_RAW,advertised-pcore-max:Apple-M4-Pro/Max,block-19.csv
19,sve,lat,sqrdmulh,sqrdmulh,32,65536,9.14125061,0.28566408,1000,4510000000.0,CLOCK_UPTIME_RAW,advertised-pcore-max:Apple-M4-Pro/Max,block-19.csv
19,sve,tp,sqrdmulh,sqrdmulh,32,65536,4.56195068,0.14256096,1000,4510000000.0,CLOCK_UPTIME_RAW,advertised-pcore-max:Apple-M4-Pro/Max,block-19.csv
19,neon,lat,mls,mls,8,65536,2.99925232,0.37490654,1000,4510000000.0,CLOCK_UPTIME_RAW,advertised-pcore-max:Apple-M4-Pro/Max,block-19.csv
19,neon,tp,mls,mls,8,65536,0.4329834,0.05412292,1000,4510000000.0,CLOCK_UPTIME_RAW,advertised-pcore-max:Apple-M4-Pro/Max,block-19.csv
19,sve,lat,mls,mls,32,65536,9.14407349,0.2857523,1000,4510000000.0,CLOCK_UPTIME_RAW,advertised-pcore-max:Apple-M4-Pro/Max,block-19.csv
19,sve,tp,mls,mls,32,65536,4.55912781,0.14247274,1000,4510000000.0,CLOCK_UPTIME_RAW,advertised-pcore-max:Apple-M4-Pro/Max,block-19.csv
19,neon,lat,smull,smull,4,65536,2.99925232,0.74981308,1000,4510000000.0,CLOCK_UPTIME_RAW,advertised-pcore-max:Apple-M4-Pro/Max,block-19.csv
19,neon,tp,smull,smull,4,65536,0.24945068,0.06236267,1000,4510000000.0,CLOCK_UPTIME_RAW,advertised-pcore-max:Apple-M4-Pro/Max,block-19.csv
19,sve,lat,smull,smullb,16,65536,9.14407349,0.57150459,1000,4510000000.0,CLOCK_UPTIME_RAW,advertised-pcore-max:Apple-M4-Pro/Max,block-19.csv
19,sve,tp,smull,smullb,16,65536,4.56201172,0.28512573,1000,4510000000.0,CLOCK_UPTIME_RAW,advertised-pcore-max:Apple-M4-Pro/Max,block-19.csv
19,neon,lat,smlsl,smlsl,4,65536,2.99931335,0.74982834,1000,4510000000.0,CLOCK_UPTIME_RAW,advertised-pcore-max:Apple-M4-Pro/Max,block-19.csv
19,neon,tp,smlsl,smlsl,4,65536,0.4329834,0.10824585,1000,4510000000.0,CLOCK_UPTIME_RAW,advertised-pcore-max:Apple-M4-Pro/Max,block-19.csv
19,sve,lat,smlsl,smlslb,16,65536,9.14407349,0.57150459,1000,4510000000.0,CLOCK_UPTIME_RAW,advertised-pcore-max:Apple-M4-Pro/Max,block-19.csv
19,sve,tp,smlsl,smlslb,16,65536,4.55912781,0.28494549,1000,4510000000.0,CLOCK_UPTIME_RAW,advertised-pcore-max:Apple-M4-Pro/Max,block-19.csv
19,neon,lat,zip,zip1,8,65536,2.00140381,0.25017548,1000,4510000000.0,CLOCK_UPTIME_RAW,advertised-pcore-max:Apple-M4-Pro/Max,block-19.csv
19,neon,tp,zip,zip1,8,65536,0.24945068,0.03118134,1000,4510000000.0,CLOCK_UPTIME_RAW,advertised-pcore-max:Apple-M4-Pro/Max,block-19.csv
19,sve,lat,zip,zip1,32,65536,3.42076111,0.10689878,1000,4510000000.0,CLOCK_UPTIME_RAW,advertised-pcore-max:Apple-M4-Pro/Max,block-19.csv
19,sve,tp,zip,zip1,32,65536,1.427948,0.04462337,1000,4510000000.0,CLOCK_UPTIME_RAW,advertised-pcore-max:Apple-M4-Pro/Max,block-19.csv
19,neon,lat,trn,trn1,8,65536,2.00140381,0.25017548,1000,4510000000.0,CLOCK_UPTIME_RAW,advertised-pcore-max:Apple-M4-Pro/Max,block-19.csv
19,neon,tp,trn,trn1,8,65536,0.24945068,0.03118134,1000,4510000000.0,CLOCK_UPTIME_RAW,advertised-pcore-max:Apple-M4-Pro/Max,block-19.csv
19,sve,lat,trn,trn1,32,65536,3.42364502,0.10698891,1000,4510000000.0,CLOCK_UPTIME_RAW,advertised-pcore-max:Apple-M4-Pro/Max,block-19.csv
19,sve,tp,trn,trn1,32,65536,1.42216492,0.04444265,1000,4510000000.0,CLOCK_UPTIME_RAW,advertised-pcore-max:Apple-M4-Pro/Max,block-19.csv
19,neon,lat,uzp,uzp1,8,65536,1.99858093,0.24982262,1000,4510000000.0,CLOCK_UPTIME_RAW,advertised-pcore-max:Apple-M4-Pro/Max,block-19.csv
19,neon,tp,uzp,uzp1,8,65536,0.24945068,0.03118134,1000,4510000000.0,CLOCK_UPTIME_RAW,advertised-pcore-max:Apple-M4-Pro/Max,block-19.csv
19,sve,lat,uzp,uzp1,32,65536,3.42076111,0.10689878,1000,4510000000.0,CLOCK_UPTIME_RAW,advertised-pcore-max:Apple-M4-Pro/Max,block-19.csv
19,sve,tp,uzp,uzp1,32,65536,1.42224121,0.04444504,1000,4510000000.0,CLOCK_UPTIME_RAW,advertised-pcore-max:Apple-M4-Pro/Max,block-19.csv
19,neon,lat,ld1,ld1,8,65536,0.38420105,0.04802513,1000,4510000000.0,CLOCK_UPTIME_RAW,advertised-pcore-max:Apple-M4-Pro/Max,block-19.csv
19,neon,tp,ld1,ld1,8,65536,0.7870864849999999,0.098385815,1000,4510000000.0,CLOCK_UPTIME_RAW,advertised-pcore-max:Apple-M4-Pro/Max,block-19.csv
19,sve,lat,ld1,ld1h,32,65536,2.65234375,0.08288574,1000,4510000000.0,CLOCK_UPTIME_RAW,advertised-pcore-max:Apple-M4-Pro/Max,block-19.csv
19,sve,tp,ld1,ld1h,32,65536,2.64656067,0.08270502,1000,4510000000.0,CLOCK_UPTIME_RAW,advertised-pcore-max:Apple-M4-Pro/Max,block-19.csv
19,neon,lat,ld2,ld2,16,65536,1.00073242,0.06254578,1000,4510000000.0,CLOCK_UPTIME_RAW,advertised-pcore-max:Apple-M4-Pro/Max,block-19.csv
19,neon,tp,ld2,ld2,16,65536,1.00073242,0.06254578,1000,4510000000.0,CLOCK_UPTIME_RAW,advertised-pcore-max:Apple-M4-Pro/Max,block-19.csv
19,sve,lat,ld2,ld2h,64,65536,4.94622803,0.07728481,1000,4510000000.0,CLOCK_UPTIME_RAW,advertised-pcore-max:Apple-M4-Pro/Max,block-19.csv
19,sve,tp,ld2,ld2h,64,65536,4.94340515,0.07724071,1000,4510000000.0,CLOCK_UPTIME_RAW,advertised-pcore-max:Apple-M4-Pro/Max,block-19.csv
19,neon,lat,st1,st1,8,65536,0.51330566,0.06416321,1000,4510000000.0,CLOCK_UPTIME_RAW,advertised-pcore-max:Apple-M4-Pro/Max,block-19.csv
19,neon,tp,st1,st1,8,65536,0.5017395,0.06271744,1000,4510000000.0,CLOCK_UPTIME_RAW,advertised-pcore-max:Apple-M4-Pro/Max,block-19.csv
19,sve,lat,st1,st1h,32,65536,8.18641663,0.25582552,1000,4510000000.0,CLOCK_UPTIME_RAW,advertised-pcore-max:Apple-M4-Pro/Max,block-19.csv
19,sve,tp,st1,st1h,32,65536,8.14910889,0.25465965,1000,4510000000.0,CLOCK_UPTIME_RAW,advertised-pcore-max:Apple-M4-Pro/Max,block-19.csv
19,sve,lat,mova_h,mova h-store,32,65536,2.63803101,0.08243847,1000,4510000000.0,CLOCK_UPTIME_RAW,advertised-pcore-max:Apple-M4-Pro/Max,block-19.csv
19,sve,tp,mova_h,mova h-store,32,65536,1.360572815,0.0425179,1000,4510000000.0,CLOCK_UPTIME_RAW,advertised-pcore-max:Apple-M4-Pro/Max,block-19.csv
19,sve,lat,mova_v,mova v-load,32,65536,18.3082428,0.57213259,1000,4510000000.0,CLOCK_UPTIME_RAW,advertised-pcore-max:Apple-M4-Pro/Max,block-19.csv
19,sve,tp,mova_v,mova v-load,32,65536,4.55912781,0.14247274,1000,4510000000.0,CLOCK_UPTIME_RAW,advertised-pcore-max:Apple-M4-Pro/Max,block-19.csv
19,sve,tp,mode_switch,smstart+smstop,0,2048,51.47509766,0.0,1000,4510000000.0,CLOCK_UPTIME_RAW,advertised-pcore-max:Apple-M4-Pro/Max,block-19.csv
20,neon,lat,add,add,8,65536,1.99858093,0.24982262,1000,4510000000.0,CLOCK_UPTIME_RAW,advertised-pcore-max:Apple-M4-Pro/Max,block-20.csv
20,neon,tp,add,add,8,65536,0.24945068,0.03118134,1000,4510000000.0,CLOCK_UPTIME_RAW,advertised-pcore-max:Apple-M4-Pro/Max,block-20.csv
20,sve,lat,add,add,32,65536,3.42076111,0.10689878,1000,4510000000.0,CLOCK_UPTIME_RAW,advertised-pcore-max:Apple-M4-Pro/Max,block-20.csv
20,sve,tp,add,add,32,65536,1.3605423,0.042516945,1000,4510000000.0,CLOCK_UPTIME_RAW,advertised-pcore-max:Apple-M4-Pro/Max,block-20.csv
20,neon,lat,sub,sub,8,65536,1.99858093,0.24982262,1000,4510000000.0,CLOCK_UPTIME_RAW,advertised-pcore-max:Apple-M4-Pro/Max,block-20.csv
20,neon,tp,sub,sub,8,65536,0.24945068,0.03118134,1000,4510000000.0,CLOCK_UPTIME_RAW,advertised-pcore-max:Apple-M4-Pro/Max,block-20.csv
20,sve,lat,sub,sub,32,65536,3.42076111,0.10689878,1000,4510000000.0,CLOCK_UPTIME_RAW,advertised-pcore-max:Apple-M4-Pro/Max,block-20.csv
20,sve,tp,sub,sub,32,65536,1.379188535,0.043099639999999995,1000,4510000000.0,CLOCK_UPTIME_RAW,advertised-pcore-max:Apple-M4-Pro/Max,block-20.csv
20,neon,lat,mul,mul,8,65536,2.99925232,0.37490654,1000,4510000000.0,CLOCK_UPTIME_RAW,advertised-pcore-max:Apple-M4-Pro/Max,block-20.csv
20,neon,tp,mul,mul,8,65536,0.24945068,0.03118134,1000,4510000000.0,CLOCK_UPTIME_RAW,advertised-pcore-max:Apple-M4-Pro/Max,block-20.csv
20,sve,lat,mul,mul,32,65536,9.14407349,0.2857523,1000,4510000000.0,CLOCK_UPTIME_RAW,advertised-pcore-max:Apple-M4-Pro/Max,block-20.csv
20,sve,tp,mul,mul,32,65536,4.56195068,0.14256096,1000,4510000000.0,CLOCK_UPTIME_RAW,advertised-pcore-max:Apple-M4-Pro/Max,block-20.csv
20,neon,lat,sqrdmulh,sqrdmulh,8,65536,2.99925232,0.37490654,1000,4510000000.0,CLOCK_UPTIME_RAW,advertised-pcore-max:Apple-M4-Pro/Max,block-20.csv
20,neon,tp,sqrdmulh,sqrdmulh,8,65536,0.24945068,0.03118134,1000,4510000000.0,CLOCK_UPTIME_RAW,advertised-pcore-max:Apple-M4-Pro/Max,block-20.csv
20,sve,lat,sqrdmulh,sqrdmulh,32,65536,9.14125061,0.28566408,1000,4510000000.0,CLOCK_UPTIME_RAW,advertised-pcore-max:Apple-M4-Pro/Max,block-20.csv
20,sve,tp,sqrdmulh,sqrdmulh,32,65536,4.55912781,0.14247274,1000,4510000000.0,CLOCK_UPTIME_RAW,advertised-pcore-max:Apple-M4-Pro/Max,block-20.csv
20,neon,lat,mls,mls,8,65536,2.99925232,0.37490654,1000,4510000000.0,CLOCK_UPTIME_RAW,advertised-pcore-max:Apple-M4-Pro/Max,block-20.csv
20,neon,tp,mls,mls,8,65536,0.4329834,0.05412292,1000,4510000000.0,CLOCK_UPTIME_RAW,advertised-pcore-max:Apple-M4-Pro/Max,block-20.csv
20,sve,lat,mls,mls,32,65536,9.14407349,0.2857523,1000,4510000000.0,CLOCK_UPTIME_RAW,advertised-pcore-max:Apple-M4-Pro/Max,block-20.csv
20,sve,tp,mls,mls,32,65536,4.55912781,0.14247274,1000,4510000000.0,CLOCK_UPTIME_RAW,advertised-pcore-max:Apple-M4-Pro/Max,block-20.csv
20,neon,lat,smull,smull,4,65536,2.99925232,0.74981308,1000,4510000000.0,CLOCK_UPTIME_RAW,advertised-pcore-max:Apple-M4-Pro/Max,block-20.csv
20,neon,tp,smull,smull,4,65536,0.24945068,0.06236267,1000,4510000000.0,CLOCK_UPTIME_RAW,advertised-pcore-max:Apple-M4-Pro/Max,block-20.csv
20,sve,lat,smull,smullb,16,65536,9.14125061,0.57132816,1000,4510000000.0,CLOCK_UPTIME_RAW,advertised-pcore-max:Apple-M4-Pro/Max,block-20.csv
20,sve,tp,smull,smullb,16,65536,4.55912781,0.28494549,1000,4510000000.0,CLOCK_UPTIME_RAW,advertised-pcore-max:Apple-M4-Pro/Max,block-20.csv
20,neon,lat,smlsl,smlsl,4,65536,2.99925232,0.74981308,1000,4510000000.0,CLOCK_UPTIME_RAW,advertised-pcore-max:Apple-M4-Pro/Max,block-20.csv
20,neon,tp,smlsl,smlsl,4,65536,0.4329834,0.10824585,1000,4510000000.0,CLOCK_UPTIME_RAW,advertised-pcore-max:Apple-M4-Pro/Max,block-20.csv
20,sve,lat,smlsl,smlslb,16,65536,9.14407349,0.57150459,1000,4510000000.0,CLOCK_UPTIME_RAW,advertised-pcore-max:Apple-M4-Pro/Max,block-20.csv
20,sve,tp,smlsl,smlslb,16,65536,4.55912781,0.28494549,1000,4510000000.0,CLOCK_UPTIME_RAW,advertised-pcore-max:Apple-M4-Pro/Max,block-20.csv
20,neon,lat,zip,zip1,8,65536,2.00140381,0.25017548,1000,4510000000.0,CLOCK_UPTIME_RAW,advertised-pcore-max:Apple-M4-Pro/Max,block-20.csv
20,neon,tp,zip,zip1,8,65536,0.24945068,0.03118134,1000,4510000000.0,CLOCK_UPTIME_RAW,advertised-pcore-max:Apple-M4-Pro/Max,block-20.csv
20,sve,lat,zip,zip1,32,65536,3.42076111,0.10689878,1000,4510000000.0,CLOCK_UPTIME_RAW,advertised-pcore-max:Apple-M4-Pro/Max,block-20.csv
20,sve,tp,zip,zip1,32,65536,1.40929413,0.04404044,1000,4510000000.0,CLOCK_UPTIME_RAW,advertised-pcore-max:Apple-M4-Pro/Max,block-20.csv
20,neon,lat,trn,trn1,8,65536,2.00140381,0.25017548,1000,4510000000.0,CLOCK_UPTIME_RAW,advertised-pcore-max:Apple-M4-Pro/Max,block-20.csv
20,neon,tp,trn,trn1,8,65536,0.24945068,0.03118134,1000,4510000000.0,CLOCK_UPTIME_RAW,advertised-pcore-max:Apple-M4-Pro/Max,block-20.csv
20,sve,lat,trn,trn1,32,65536,3.42076111,0.10689878,1000,4510000000.0,CLOCK_UPTIME_RAW,advertised-pcore-max:Apple-M4-Pro/Max,block-20.csv
20,sve,tp,trn,trn1,32,65536,1.37207031,0.042877195,1000,4510000000.0,CLOCK_UPTIME_RAW,advertised-pcore-max:Apple-M4-Pro/Max,block-20.csv
20,neon,lat,uzp,uzp1,8,65536,1.99858093,0.24982262,1000,4510000000.0,CLOCK_UPTIME_RAW,advertised-pcore-max:Apple-M4-Pro/Max,block-20.csv
20,neon,tp,uzp,uzp1,8,65536,0.24945068,0.03118134,1000,4510000000.0,CLOCK_UPTIME_RAW,advertised-pcore-max:Apple-M4-Pro/Max,block-20.csv
20,sve,lat,uzp,uzp1,32,65536,3.42076111,0.10689878,1000,4510000000.0,CLOCK_UPTIME_RAW,advertised-pcore-max:Apple-M4-Pro/Max,block-20.csv
20,sve,tp,uzp,uzp1,32,65536,1.42216492,0.04444265,1000,4510000000.0,CLOCK_UPTIME_RAW,advertised-pcore-max:Apple-M4-Pro/Max,block-20.csv
20,neon,lat,ld1,ld1,8,65536,0.38420105,0.04802513,1000,4510000000.0,CLOCK_UPTIME_RAW,advertised-pcore-max:Apple-M4-Pro/Max,block-20.csv
20,neon,tp,ld1,ld1,8,65536,0.33265686,0.04158211,1000,4510000000.0,CLOCK_UPTIME_RAW,advertised-pcore-max:Apple-M4-Pro/Max,block-20.csv
20,sve,lat,ld1,ld1h,32,65536,2.64945984,0.08279562,1000,4510000000.0,CLOCK_UPTIME_RAW,advertised-pcore-max:Apple-M4-Pro/Max,block-20.csv
20,sve,tp,ld1,ld1h,32,65536,2.66954041,0.08342314,1000,4510000000.0,CLOCK_UPTIME_RAW,advertised-pcore-max:Apple-M4-Pro/Max,block-20.csv
20,neon,lat,ld2,ld2,16,65536,1.00926208,0.06307888,1000,4510000000.0,CLOCK_UPTIME_RAW,advertised-pcore-max:Apple-M4-Pro/Max,block-20.csv
20,neon,tp,ld2,ld2,16,65536,1.00073242,0.06254578,1000,4510000000.0,CLOCK_UPTIME_RAW,advertised-pcore-max:Apple-M4-Pro/Max,block-20.csv
20,sve,lat,ld2,ld2h,64,65536,4.95201111,0.07737517,1000,4510000000.0,CLOCK_UPTIME_RAW,advertised-pcore-max:Apple-M4-Pro/Max,block-20.csv
20,sve,tp,ld2,ld2h,64,65536,4.94622803,0.07728481,1000,4510000000.0,CLOCK_UPTIME_RAW,advertised-pcore-max:Apple-M4-Pro/Max,block-20.csv
20,neon,lat,st1,st1,8,65536,0.57351685,0.07168961,1000,4510000000.0,CLOCK_UPTIME_RAW,advertised-pcore-max:Apple-M4-Pro/Max,block-20.csv
20,neon,tp,st1,st1,8,65536,0.5017395,0.06271744,1000,4510000000.0,CLOCK_UPTIME_RAW,advertised-pcore-max:Apple-M4-Pro/Max,block-20.csv
20,sve,lat,st1,st1h,32,65536,8.16059875,0.25501871,1000,4510000000.0,CLOCK_UPTIME_RAW,advertised-pcore-max:Apple-M4-Pro/Max,block-20.csv
20,sve,tp,st1,st1h,32,65536,8.14910889,0.25465965,1000,4510000000.0,CLOCK_UPTIME_RAW,advertised-pcore-max:Apple-M4-Pro/Max,block-20.csv
20,sve,lat,mova_h,mova h-store,32,65536,2.63803101,0.08243847,1000,4510000000.0,CLOCK_UPTIME_RAW,advertised-pcore-max:Apple-M4-Pro/Max,block-20.csv
20,sve,tp,mova_h,mova h-store,32,65536,1.42216492,0.04444265,1000,4510000000.0,CLOCK_UPTIME_RAW,advertised-pcore-max:Apple-M4-Pro/Max,block-20.csv
20,sve,lat,mova_v,mova v-load,32,65536,18.31112671,0.57222271,1000,4510000000.0,CLOCK_UPTIME_RAW,advertised-pcore-max:Apple-M4-Pro/Max,block-20.csv
20,sve,tp,mova_v,mova v-load,32,65536,4.55912781,0.14247274,1000,4510000000.0,CLOCK_UPTIME_RAW,advertised-pcore-max:Apple-M4-Pro/Max,block-20.csv
20,sve,tp,mode_switch,smstart+smstop,0,2048,51.38476562,0.0,1000,4510000000.0,CLOCK_UPTIME_RAW,advertised-pcore-max:Apple-M4-Pro/Max,block-20.csv
21,neon,lat,add,add,8,65536,2.00146484,0.25018311,1000,4510000000.0,CLOCK_UPTIME_RAW,advertised-pcore-max:Apple-M4-Pro/Max,block-21.csv
21,neon,tp,add,add,8,65536,0.25234985,0.03154373,1000,4510000000.0,CLOCK_UPTIME_RAW,advertised-pcore-max:Apple-M4-Pro/Max,block-21.csv
21,sve,lat,add,add,32,65536,3.521125795,0.11003518,1000,4510000000.0,CLOCK_UPTIME_RAW,advertised-pcore-max:Apple-M4-Pro/Max,block-21.csv
21,sve,tp,add,add,32,65536,1.42224121,0.04444504,1000,4510000000.0,CLOCK_UPTIME_RAW,advertised-pcore-max:Apple-M4-Pro/Max,block-21.csv
21,neon,lat,sub,sub,8,65536,1.99858093,0.24982262,1000,4510000000.0,CLOCK_UPTIME_RAW,advertised-pcore-max:Apple-M4-Pro/Max,block-21.csv
21,neon,tp,sub,sub,8,65536,0.24945068,0.03118134,1000,4510000000.0,CLOCK_UPTIME_RAW,advertised-pcore-max:Apple-M4-Pro/Max,block-21.csv
21,sve,lat,sub,sub,32,65536,3.42082214,0.10690069,1000,4510000000.0,CLOCK_UPTIME_RAW,advertised-pcore-max:Apple-M4-Pro/Max,block-21.csv
21,sve,tp,sub,sub,32,65536,1.42216492,0.04444265,1000,4510000000.0,CLOCK_UPTIME_RAW,advertised-pcore-max:Apple-M4-Pro/Max,block-21.csv
21,neon,lat,mul,mul,8,65536,2.99925232,0.37490654,1000,4510000000.0,CLOCK_UPTIME_RAW,advertised-pcore-max:Apple-M4-Pro/Max,block-21.csv
21,neon,tp,mul,mul,8,65536,0.24945068,0.03118134,1000,4510000000.0,CLOCK_UPTIME_RAW,advertised-pcore-max:Apple-M4-Pro/Max,block-21.csv
21,sve,lat,mul,mul,32,65536,9.14407349,0.2857523,1000,4510000000.0,CLOCK_UPTIME_RAW,advertised-pcore-max:Apple-M4-Pro/Max,block-21.csv
21,sve,tp,mul,mul,32,65536,4.64804077,0.14525127,1000,4510000000.0,CLOCK_UPTIME_RAW,advertised-pcore-max:Apple-M4-Pro/Max,block-21.csv
21,neon,lat,sqrdmulh,sqrdmulh,8,65536,3.06524658,0.38315582,1000,4510000000.0,CLOCK_UPTIME_RAW,advertised-pcore-max:Apple-M4-Pro/Max,block-21.csv
21,neon,tp,sqrdmulh,sqrdmulh,8,65536,0.25517273,0.03189659,1000,4510000000.0,CLOCK_UPTIME_RAW,advertised-pcore-max:Apple-M4-Pro/Max,block-21.csv
21,sve,lat,sqrdmulh,sqrdmulh,32,65536,9.29460907,0.290456535,1000,4510000000.0,CLOCK_UPTIME_RAW,advertised-pcore-max:Apple-M4-Pro/Max,block-21.csv
21,sve,tp,sqrdmulh,sqrdmulh,32,65536,4.60784912,0.14399529,1000,4510000000.0,CLOCK_UPTIME_RAW,advertised-pcore-max:Apple-M4-Pro/Max,block-21.csv
21,neon,lat,mls,mls,8,65536,3.06236267,0.38279533,1000,4510000000.0,CLOCK_UPTIME_RAW,advertised-pcore-max:Apple-M4-Pro/Max,block-21.csv
21,neon,tp,mls,mls,8,65536,0.43580627,0.05447578,1000,4510000000.0,CLOCK_UPTIME_RAW,advertised-pcore-max:Apple-M4-Pro/Max,block-21.csv
21,sve,lat,mls,mls,32,65536,9.20716858,0.28772402,1000,4510000000.0,CLOCK_UPTIME_RAW,advertised-pcore-max:Apple-M4-Pro/Max,block-21.csv
21,sve,tp,mls,mls,32,65536,4.55912781,0.14247274,1000,4510000000.0,CLOCK_UPTIME_RAW,advertised-pcore-max:Apple-M4-Pro/Max,block-21.csv
21,neon,lat,smull,smull,4,65536,2.99925232,0.74981308,1000,4510000000.0,CLOCK_UPTIME_RAW,advertised-pcore-max:Apple-M4-Pro/Max,block-21.csv
21,neon,tp,smull,smull,4,65536,0.24945068,0.06236267,1000,4510000000.0,CLOCK_UPTIME_RAW,advertised-pcore-max:Apple-M4-Pro/Max,block-21.csv
21,sve,lat,smull,smullb,16,65536,9.14125061,0.57132816,1000,4510000000.0,CLOCK_UPTIME_RAW,advertised-pcore-max:Apple-M4-Pro/Max,block-21.csv
21,sve,tp,smull,smullb,16,65536,4.55912781,0.28494549,1000,4510000000.0,CLOCK_UPTIME_RAW,advertised-pcore-max:Apple-M4-Pro/Max,block-21.csv
21,neon,lat,smlsl,smlsl,4,65536,2.99931335,0.74982834,1000,4510000000.0,CLOCK_UPTIME_RAW,advertised-pcore-max:Apple-M4-Pro/Max,block-21.csv
21,neon,tp,smlsl,smlsl,4,65536,0.4329834,0.10824585,1000,4510000000.0,CLOCK_UPTIME_RAW,advertised-pcore-max:Apple-M4-Pro/Max,block-21.csv
21,sve,lat,smlsl,smlslb,16,65536,9.14125061,0.57132816,1000,4510000000.0,CLOCK_UPTIME_RAW,advertised-pcore-max:Apple-M4-Pro/Max,block-21.csv
21,sve,tp,smlsl,smlslb,16,65536,4.56195068,0.28512192,1000,4510000000.0,CLOCK_UPTIME_RAW,advertised-pcore-max:Apple-M4-Pro/Max,block-21.csv
21,neon,lat,zip,zip1,8,65536,2.00140381,0.25017548,1000,4510000000.0,CLOCK_UPTIME_RAW,advertised-pcore-max:Apple-M4-Pro/Max,block-21.csv
21,neon,tp,zip,zip1,8,65536,0.24945068,0.03118134,1000,4510000000.0,CLOCK_UPTIME_RAW,advertised-pcore-max:Apple-M4-Pro/Max,block-21.csv
21,sve,lat,zip,zip1,32,65536,3.4838562,0.10887051,1000,4510000000.0,CLOCK_UPTIME_RAW,advertised-pcore-max:Apple-M4-Pro/Max,block-21.csv
21,sve,tp,zip,zip1,32,65536,1.42224121,0.04444504,1000,4510000000.0,CLOCK_UPTIME_RAW,advertised-pcore-max:Apple-M4-Pro/Max,block-21.csv
21,neon,lat,trn,trn1,8,65536,2.00140381,0.25017548,1000,4510000000.0,CLOCK_UPTIME_RAW,advertised-pcore-max:Apple-M4-Pro/Max,block-21.csv
21,neon,tp,trn,trn1,8,65536,0.24945068,0.03118134,1000,4510000000.0,CLOCK_UPTIME_RAW,advertised-pcore-max:Apple-M4-Pro/Max,block-21.csv
21,sve,lat,trn,trn1,32,65536,3.42076111,0.10689878,1000,4510000000.0,CLOCK_UPTIME_RAW,advertised-pcore-max:Apple-M4-Pro/Max,block-21.csv
21,sve,tp,trn,trn1,32,65536,1.42506409,0.04453325,1000,4510000000.0,CLOCK_UPTIME_RAW,advertised-pcore-max:Apple-M4-Pro/Max,block-21.csv
21,neon,lat,uzp,uzp1,8,65536,2.30255127,0.28781891,1000,4510000000.0,CLOCK_UPTIME_RAW,advertised-pcore-max:Apple-M4-Pro/Max,block-21.csv
21,neon,tp,uzp,uzp1,8,65536,0.28675842,0.0358448,1000,4510000000.0,CLOCK_UPTIME_RAW,advertised-pcore-max:Apple-M4-Pro/Max,block-21.csv
21,sve,lat,uzp,uzp1,32,65536,3.4838562,0.10887051,1000,4510000000.0,CLOCK_UPTIME_RAW,advertised-pcore-max:Apple-M4-Pro/Max,block-21.csv
21,sve,tp,uzp,uzp1,32,65536,1.42216492,0.04444265,1000,4510000000.0,CLOCK_UPTIME_RAW,advertised-pcore-max:Apple-M4-Pro/Max,block-21.csv
21,neon,lat,ld1,ld1,8,65536,0.38420105,0.04802513,1000,4510000000.0,CLOCK_UPTIME_RAW,advertised-pcore-max:Apple-M4-Pro/Max,block-21.csv
21,neon,tp,ld1,ld1,8,65536,0.34118652,0.04264832,1000,4510000000.0,CLOCK_UPTIME_RAW,advertised-pcore-max:Apple-M4-Pro/Max,block-21.csv
21,sve,lat,ld1,ld1h,32,65536,2.67526245,0.08360195,1000,4510000000.0,CLOCK_UPTIME_RAW,advertised-pcore-max:Apple-M4-Pro/Max,block-21.csv
21,sve,tp,ld1,ld1h,32,65536,2.64656067,0.08270502,1000,4510000000.0,CLOCK_UPTIME_RAW,advertised-pcore-max:Apple-M4-Pro/Max,block-21.csv
21,neon,lat,ld2,ld2,16,65536,1.00933838,0.06308365,1000,4510000000.0,CLOCK_UPTIME_RAW,advertised-pcore-max:Apple-M4-Pro/Max,block-21.csv
21,neon,tp,ld2,ld2,16,65536,1.00073242,0.06254578,1000,4510000000.0,CLOCK_UPTIME_RAW,advertised-pcore-max:Apple-M4-Pro/Max,block-21.csv
21,sve,lat,ld2,ld2h,64,65536,4.94622803,0.07728481,1000,4510000000.0,CLOCK_UPTIME_RAW,advertised-pcore-max:Apple-M4-Pro/Max,block-21.csv
21,sve,tp,ld2,ld2h,64,65536,4.94340515,0.07724071,1000,4510000000.0,CLOCK_UPTIME_RAW,advertised-pcore-max:Apple-M4-Pro/Max,block-21.csv
21,neon,lat,st1,st1,8,65536,0.57351685,0.07168961,1000,4510000000.0,CLOCK_UPTIME_RAW,advertised-pcore-max:Apple-M4-Pro/Max,block-21.csv
21,neon,tp,st1,st1,8,65536,0.49891663,0.06236458,1000,4510000000.0,CLOCK_UPTIME_RAW,advertised-pcore-max:Apple-M4-Pro/Max,block-21.csv
21,sve,lat,st1,st1h,32,65536,8.18641663,0.25582552,1000,4510000000.0,CLOCK_UPTIME_RAW,advertised-pcore-max:Apple-M4-Pro/Max,block-21.csv
21,sve,tp,st1,st1h,32,65536,33.964141845,1.0613794300000001,1000,4510000000.0,CLOCK_UPTIME_RAW,advertised-pcore-max:Apple-M4-Pro/Max,block-21.csv
21,sve,lat,mova_h,mova h-store,32,65536,2.659500125,0.08310938,1000,4510000000.0,CLOCK_UPTIME_RAW,advertised-pcore-max:Apple-M4-Pro/Max,block-21.csv
21,sve,tp,mova_h,mova h-store,32,65536,1.42224121,0.04444504,1000,4510000000.0,CLOCK_UPTIME_RAW,advertised-pcore-max:Apple-M4-Pro/Max,block-21.csv
21,sve,lat,mova_v,mova v-load,32,65536,18.633674624999998,0.5823023300000001,1000,4510000000.0,CLOCK_UPTIME_RAW,advertised-pcore-max:Apple-M4-Pro/Max,block-21.csv
21,sve,tp,mova_v,mova v-load,32,65536,4.55912781,0.14247274,1000,4510000000.0,CLOCK_UPTIME_RAW,advertised-pcore-max:Apple-M4-Pro/Max,block-21.csv
21,sve,tp,mode_switch,smstart+smstop,0,2048,51.38476562,0.0,1000,4510000000.0,CLOCK_UPTIME_RAW,advertised-pcore-max:Apple-M4-Pro/Max,block-21.csv
22,neon,lat,add,add,8,65536,2.00146484,0.25018311,1000,4510000000.0,CLOCK_UPTIME_RAW,advertised-pcore-max:Apple-M4-Pro/Max,block-22.csv
22,neon,tp,add,add,8,65536,0.24945068,0.03118134,1000,4510000000.0,CLOCK_UPTIME_RAW,advertised-pcore-max:Apple-M4-Pro/Max,block-22.csv
22,sve,lat,add,add,32,65536,3.823677065,0.11948991,1000,4510000000.0,CLOCK_UPTIME_RAW,advertised-pcore-max:Apple-M4-Pro/Max,block-22.csv
22,sve,tp,add,add,32,65536,1.42506409,0.04453325,1000,4510000000.0,CLOCK_UPTIME_RAW,advertised-pcore-max:Apple-M4-Pro/Max,block-22.csv
22,neon,lat,sub,sub,8,65536,2.04441833,0.25555229,1000,4510000000.0,CLOCK_UPTIME_RAW,advertised-pcore-max:Apple-M4-Pro/Max,block-22.csv
22,neon,tp,sub,sub,8,65536,0.24945068,0.03118134,1000,4510000000.0,CLOCK_UPTIME_RAW,advertised-pcore-max:Apple-M4-Pro/Max,block-22.csv
22,sve,lat,sub,sub,32,65536,3.59854126,0.112454415,1000,4510000000.0,CLOCK_UPTIME_RAW,advertised-pcore-max:Apple-M4-Pro/Max,block-22.csv
22,sve,tp,sub,sub,32,65536,1.42506409,0.04453325,1000,4510000000.0,CLOCK_UPTIME_RAW,advertised-pcore-max:Apple-M4-Pro/Max,block-22.csv
22,neon,lat,mul,mul,8,65536,3.00213623,0.37526703,1000,4510000000.0,CLOCK_UPTIME_RAW,advertised-pcore-max:Apple-M4-Pro/Max,block-22.csv
22,neon,tp,mul,mul,8,65536,0.24945068,0.03118134,1000,4510000000.0,CLOCK_UPTIME_RAW,advertised-pcore-max:Apple-M4-Pro/Max,block-22.csv
22,sve,lat,mul,mul,32,65536,9.334762575,0.29171133000000005,1000,4510000000.0,CLOCK_UPTIME_RAW,advertised-pcore-max:Apple-M4-Pro/Max,block-22.csv
22,sve,tp,mul,mul,32,65536,4.56201172,0.14256287,1000,4510000000.0,CLOCK_UPTIME_RAW,advertised-pcore-max:Apple-M4-Pro/Max,block-22.csv
22,neon,lat,sqrdmulh,sqrdmulh,8,65536,2.99931335,0.37491417,1000,4510000000.0,CLOCK_UPTIME_RAW,advertised-pcore-max:Apple-M4-Pro/Max,block-22.csv
22,neon,tp,sqrdmulh,sqrdmulh,8,65536,0.24945068,0.03118134,1000,4510000000.0,CLOCK_UPTIME_RAW,advertised-pcore-max:Apple-M4-Pro/Max,block-22.csv
22,sve,lat,sqrdmulh,sqrdmulh,32,65536,9.14407349,0.2857523,1000,4510000000.0,CLOCK_UPTIME_RAW,advertised-pcore-max:Apple-M4-Pro/Max,block-22.csv
22,sve,tp,sqrdmulh,sqrdmulh,32,65536,4.55912781,0.14247274,1000,4510000000.0,CLOCK_UPTIME_RAW,advertised-pcore-max:Apple-M4-Pro/Max,block-22.csv
22,neon,lat,mls,mls,8,65536,2.99925232,0.37490654,1000,4510000000.0,CLOCK_UPTIME_RAW,advertised-pcore-max:Apple-M4-Pro/Max,block-22.csv
22,neon,tp,mls,mls,8,65536,0.4329834,0.05412292,1000,4510000000.0,CLOCK_UPTIME_RAW,advertised-pcore-max:Apple-M4-Pro/Max,block-22.csv
22,sve,lat,mls,mls,32,65536,9.14407349,0.2857523,1000,4510000000.0,CLOCK_UPTIME_RAW,advertised-pcore-max:Apple-M4-Pro/Max,block-22.csv
22,sve,tp,mls,mls,32,65536,4.56201172,0.14256287,1000,4510000000.0,CLOCK_UPTIME_RAW,advertised-pcore-max:Apple-M4-Pro/Max,block-22.csv
22,neon,lat,smull,smull,4,65536,2.99925232,0.74981308,1000,4510000000.0,CLOCK_UPTIME_RAW,advertised-pcore-max:Apple-M4-Pro/Max,block-22.csv
22,neon,tp,smull,smull,4,65536,0.24945068,0.06236267,1000,4510000000.0,CLOCK_UPTIME_RAW,advertised-pcore-max:Apple-M4-Pro/Max,block-22.csv
22,sve,lat,smull,smullb,16,65536,9.14407349,0.57150459,1000,4510000000.0,CLOCK_UPTIME_RAW,advertised-pcore-max:Apple-M4-Pro/Max,block-22.csv
22,sve,tp,smull,smullb,16,65536,4.55912781,0.28494549,1000,4510000000.0,CLOCK_UPTIME_RAW,advertised-pcore-max:Apple-M4-Pro/Max,block-22.csv
22,neon,lat,smlsl,smlsl,4,65536,2.99931335,0.74982834,1000,4510000000.0,CLOCK_UPTIME_RAW,advertised-pcore-max:Apple-M4-Pro/Max,block-22.csv
22,neon,tp,smlsl,smlsl,4,65536,0.4329834,0.10824585,1000,4510000000.0,CLOCK_UPTIME_RAW,advertised-pcore-max:Apple-M4-Pro/Max,block-22.csv
22,sve,lat,smlsl,smlslb,16,65536,9.14407349,0.57150459,1000,4510000000.0,CLOCK_UPTIME_RAW,advertised-pcore-max:Apple-M4-Pro/Max,block-22.csv
22,sve,tp,smlsl,smlslb,16,65536,4.55912781,0.28494549,1000,4510000000.0,CLOCK_UPTIME_RAW,advertised-pcore-max:Apple-M4-Pro/Max,block-22.csv
22,neon,lat,zip,zip1,8,65536,1.99858093,0.24982262,1000,4510000000.0,CLOCK_UPTIME_RAW,advertised-pcore-max:Apple-M4-Pro/Max,block-22.csv
22,neon,tp,zip,zip1,8,65536,0.24945068,0.03118134,1000,4510000000.0,CLOCK_UPTIME_RAW,advertised-pcore-max:Apple-M4-Pro/Max,block-22.csv
22,sve,lat,zip,zip1,32,65536,3.42076111,0.10689878,1000,4510000000.0,CLOCK_UPTIME_RAW,advertised-pcore-max:Apple-M4-Pro/Max,block-22.csv
22,sve,tp,zip,zip1,32,65536,1.42216492,0.04444265,1000,4510000000.0,CLOCK_UPTIME_RAW,advertised-pcore-max:Apple-M4-Pro/Max,block-22.csv
22,neon,lat,trn,trn1,8,65536,1.99858093,0.24982262,1000,4510000000.0,CLOCK_UPTIME_RAW,advertised-pcore-max:Apple-M4-Pro/Max,block-22.csv
22,neon,tp,trn,trn1,8,65536,0.24945068,0.03118134,1000,4510000000.0,CLOCK_UPTIME_RAW,advertised-pcore-max:Apple-M4-Pro/Max,block-22.csv
22,sve,lat,trn,trn1,32,65536,3.42076111,0.10689878,1000,4510000000.0,CLOCK_UPTIME_RAW,advertised-pcore-max:Apple-M4-Pro/Max,block-22.csv
22,sve,tp,trn,trn1,32,65536,1.40641022,0.043950315000000004,1000,4510000000.0,CLOCK_UPTIME_RAW,advertised-pcore-max:Apple-M4-Pro/Max,block-22.csv
22,neon,lat,uzp,uzp1,8,65536,1.99858093,0.24982262,1000,4510000000.0,CLOCK_UPTIME_RAW,advertised-pcore-max:Apple-M4-Pro/Max,block-22.csv
22,neon,tp,uzp,uzp1,8,65536,0.24945068,0.03118134,1000,4510000000.0,CLOCK_UPTIME_RAW,advertised-pcore-max:Apple-M4-Pro/Max,block-22.csv
22,sve,lat,uzp,uzp1,32,65536,3.42076111,0.10689878,1000,4510000000.0,CLOCK_UPTIME_RAW,advertised-pcore-max:Apple-M4-Pro/Max,block-22.csv
22,sve,tp,uzp,uzp1,32,65536,1.42216492,0.04444265,1000,4510000000.0,CLOCK_UPTIME_RAW,advertised-pcore-max:Apple-M4-Pro/Max,block-22.csv
22,neon,lat,ld1,ld1,8,65536,0.38420105,0.04802513,1000,4510000000.0,CLOCK_UPTIME_RAW,advertised-pcore-max:Apple-M4-Pro/Max,block-22.csv
22,neon,tp,ld1,ld1,8,65536,0.33547974,0.04193497,1000,4510000000.0,CLOCK_UPTIME_RAW,advertised-pcore-max:Apple-M4-Pro/Max,block-22.csv
22,sve,lat,ld1,ld1h,32,65536,2.64656067,0.08270502,1000,4510000000.0,CLOCK_UPTIME_RAW,advertised-pcore-max:Apple-M4-Pro/Max,block-22.csv
22,sve,tp,ld1,ld1h,32,65536,2.64656067,0.08270502,1000,4510000000.0,CLOCK_UPTIME_RAW,advertised-pcore-max:Apple-M4-Pro/Max,block-22.csv
22,neon,lat,ld2,ld2,16,65536,1.00933838,0.06308365,1000,4510000000.0,CLOCK_UPTIME_RAW,advertised-pcore-max:Apple-M4-Pro/Max,block-22.csv
22,neon,tp,ld2,ld2,16,65536,1.0035553,0.06272221,1000,4510000000.0,CLOCK_UPTIME_RAW,advertised-pcore-max:Apple-M4-Pro/Max,block-22.csv
22,sve,lat,ld2,ld2h,64,65536,4.94340515,0.07724071,1000,4510000000.0,CLOCK_UPTIME_RAW,advertised-pcore-max:Apple-M4-Pro/Max,block-22.csv
22,sve,tp,ld2,ld2h,64,65536,4.94911194,0.07732987,1000,4510000000.0,CLOCK_UPTIME_RAW,advertised-pcore-max:Apple-M4-Pro/Max,block-22.csv
22,neon,lat,st1,st1,8,65536,0.50180054,0.06272507,1000,4510000000.0,CLOCK_UPTIME_RAW,advertised-pcore-max:Apple-M4-Pro/Max,block-22.csv
22,neon,tp,st1,st1,8,65536,0.49891663,0.06236458,1000,4510000000.0,CLOCK_UPTIME_RAW,advertised-pcore-max:Apple-M4-Pro/Max,block-22.csv
22,sve,lat,st1,st1h,32,65536,8.17202759,0.25537586,1000,4510000000.0,CLOCK_UPTIME_RAW,advertised-pcore-max:Apple-M4-Pro/Max,block-22.csv
22,sve,tp,st1,st1h,32,65536,8.14910889,0.25465965,1000,4510000000.0,CLOCK_UPTIME_RAW,advertised-pcore-max:Apple-M4-Pro/Max,block-22.csv
22,sve,lat,mova_h,mova h-store,32,65536,2.63803101,0.08243847,1000,4510000000.0,CLOCK_UPTIME_RAW,advertised-pcore-max:Apple-M4-Pro/Max,block-22.csv
22,sve,tp,mova_h,mova h-store,32,65536,1.42216492,0.04444265,1000,4510000000.0,CLOCK_UPTIME_RAW,advertised-pcore-max:Apple-M4-Pro/Max,block-22.csv
22,sve,lat,mova_v,mova v-load,32,65536,18.47450256,0.57732821,1000,4510000000.0,CLOCK_UPTIME_RAW,advertised-pcore-max:Apple-M4-Pro/Max,block-22.csv
22,sve,tp,mova_v,mova v-load,32,65536,4.55912781,0.14247274,1000,4510000000.0,CLOCK_UPTIME_RAW,advertised-pcore-max:Apple-M4-Pro/Max,block-22.csv
22,sve,tp,mode_switch,smstart+smstop,0,2048,51.38476562,0.0,1000,4510000000.0,CLOCK_UPTIME_RAW,advertised-pcore-max:Apple-M4-Pro/Max,block-22.csv
23,neon,lat,add,add,8,65536,2.00140381,0.25017548,1000,4510000000.0,CLOCK_UPTIME_RAW,advertised-pcore-max:Apple-M4-Pro/Max,block-23.csv
23,neon,tp,add,add,8,65536,0.24945068,0.03118134,1000,4510000000.0,CLOCK_UPTIME_RAW,advertised-pcore-max:Apple-M4-Pro/Max,block-23.csv
23,sve,lat,add,add,32,65536,3.42364502,0.10698891,1000,4510000000.0,CLOCK_UPTIME_RAW,advertised-pcore-max:Apple-M4-Pro/Max,block-23.csv
23,sve,tp,add,add,32,65536,1.42216492,0.04444265,1000,4510000000.0,CLOCK_UPTIME_RAW,advertised-pcore-max:Apple-M4-Pro/Max,block-23.csv
23,neon,lat,sub,sub,8,65536,1.99858093,0.24982262,1000,4510000000.0,CLOCK_UPTIME_RAW,advertised-pcore-max:Apple-M4-Pro/Max,block-23.csv
23,neon,tp,sub,sub,8,65536,0.24945068,0.03118134,1000,4510000000.0,CLOCK_UPTIME_RAW,advertised-pcore-max:Apple-M4-Pro/Max,block-23.csv
23,sve,lat,sub,sub,32,65536,3.42364502,0.10698891,1000,4510000000.0,CLOCK_UPTIME_RAW,advertised-pcore-max:Apple-M4-Pro/Max,block-23.csv
23,sve,tp,sub,sub,32,65536,1.42216492,0.04444265,1000,4510000000.0,CLOCK_UPTIME_RAW,advertised-pcore-max:Apple-M4-Pro/Max,block-23.csv
23,neon,lat,mul,mul,8,65536,2.99925232,0.37490654,1000,4510000000.0,CLOCK_UPTIME_RAW,advertised-pcore-max:Apple-M4-Pro/Max,block-23.csv
23,neon,tp,mul,mul,8,65536,0.24945068,0.03118134,1000,4510000000.0,CLOCK_UPTIME_RAW,advertised-pcore-max:Apple-M4-Pro/Max,block-23.csv
23,sve,lat,mul,mul,32,65536,9.14125061,0.28566408,1000,4510000000.0,CLOCK_UPTIME_RAW,advertised-pcore-max:Apple-M4-Pro/Max,block-23.csv
23,sve,tp,mul,mul,32,65536,4.56195068,0.14256096,1000,4510000000.0,CLOCK_UPTIME_RAW,advertised-pcore-max:Apple-M4-Pro/Max,block-23.csv
23,neon,lat,sqrdmulh,sqrdmulh,8,65536,2.99925232,0.37490654,1000,4510000000.0,CLOCK_UPTIME_RAW,advertised-pcore-max:Apple-M4-Pro/Max,block-23.csv
23,neon,tp,sqrdmulh,sqrdmulh,8,65536,0.24945068,0.03118134,1000,4510000000.0,CLOCK_UPTIME_RAW,advertised-pcore-max:Apple-M4-Pro/Max,block-23.csv
23,sve,lat,sqrdmulh,sqrdmulh,32,65536,9.14125061,0.28566408,1000,4510000000.0,CLOCK_UPTIME_RAW,advertised-pcore-max:Apple-M4-Pro/Max,block-23.csv
23,sve,tp,sqrdmulh,sqrdmulh,32,65536,4.55912781,0.14247274,1000,4510000000.0,CLOCK_UPTIME_RAW,advertised-pcore-max:Apple-M4-Pro/Max,block-23.csv
23,neon,lat,mls,mls,8,65536,2.99925232,0.37490654,1000,4510000000.0,CLOCK_UPTIME_RAW,advertised-pcore-max:Apple-M4-Pro/Max,block-23.csv
23,neon,tp,mls,mls,8,65536,0.4329834,0.05412292,1000,4510000000.0,CLOCK_UPTIME_RAW,advertised-pcore-max:Apple-M4-Pro/Max,block-23.csv
23,sve,lat,mls,mls,32,65536,9.14407349,0.2857523,1000,4510000000.0,CLOCK_UPTIME_RAW,advertised-pcore-max:Apple-M4-Pro/Max,block-23.csv
23,sve,tp,mls,mls,32,65536,4.55912781,0.14247274,1000,4510000000.0,CLOCK_UPTIME_RAW,advertised-pcore-max:Apple-M4-Pro/Max,block-23.csv
23,neon,lat,smull,smull,4,65536,2.99931335,0.74982834,1000,4510000000.0,CLOCK_UPTIME_RAW,advertised-pcore-max:Apple-M4-Pro/Max,block-23.csv
23,neon,tp,smull,smull,4,65536,0.24945068,0.06236267,1000,4510000000.0,CLOCK_UPTIME_RAW,advertised-pcore-max:Apple-M4-Pro/Max,block-23.csv
23,sve,lat,smull,smullb,16,65536,9.14125061,0.57132816,1000,4510000000.0,CLOCK_UPTIME_RAW,advertised-pcore-max:Apple-M4-Pro/Max,block-23.csv
23,sve,tp,smull,smullb,16,65536,4.56195068,0.28512192,1000,4510000000.0,CLOCK_UPTIME_RAW,advertised-pcore-max:Apple-M4-Pro/Max,block-23.csv
23,neon,lat,smlsl,smlsl,4,65536,2.99931335,0.74982834,1000,4510000000.0,CLOCK_UPTIME_RAW,advertised-pcore-max:Apple-M4-Pro/Max,block-23.csv
23,neon,tp,smlsl,smlsl,4,65536,0.4329834,0.10824585,1000,4510000000.0,CLOCK_UPTIME_RAW,advertised-pcore-max:Apple-M4-Pro/Max,block-23.csv
23,sve,lat,smlsl,smlslb,16,65536,9.14407349,0.57150459,1000,4510000000.0,CLOCK_UPTIME_RAW,advertised-pcore-max:Apple-M4-Pro/Max,block-23.csv
23,sve,tp,smlsl,smlslb,16,65536,4.55912781,0.28494549,1000,4510000000.0,CLOCK_UPTIME_RAW,advertised-pcore-max:Apple-M4-Pro/Max,block-23.csv
23,neon,lat,zip,zip1,8,65536,1.99858093,0.24982262,1000,4510000000.0,CLOCK_UPTIME_RAW,advertised-pcore-max:Apple-M4-Pro/Max,block-23.csv
23,neon,tp,zip,zip1,8,65536,0.24945068,0.03118134,1000,4510000000.0,CLOCK_UPTIME_RAW,advertised-pcore-max:Apple-M4-Pro/Max,block-23.csv
23,sve,lat,zip,zip1,32,65536,3.42082214,0.10690069,1000,4510000000.0,CLOCK_UPTIME_RAW,advertised-pcore-max:Apple-M4-Pro/Max,block-23.csv
23,sve,tp,zip,zip1,32,65536,1.422203065,0.044443844999999996,1000,4510000000.0,CLOCK_UPTIME_RAW,advertised-pcore-max:Apple-M4-Pro/Max,block-23.csv
23,neon,lat,trn,trn1,8,65536,2.00140381,0.25017548,1000,4510000000.0,CLOCK_UPTIME_RAW,advertised-pcore-max:Apple-M4-Pro/Max,block-23.csv
23,neon,tp,trn,trn1,8,65536,0.24945068,0.03118134,1000,4510000000.0,CLOCK_UPTIME_RAW,advertised-pcore-max:Apple-M4-Pro/Max,block-23.csv
23,sve,lat,trn,trn1,32,65536,3.42364502,0.10698891,1000,4510000000.0,CLOCK_UPTIME_RAW,advertised-pcore-max:Apple-M4-Pro/Max,block-23.csv
23,sve,tp,trn,trn1,32,65536,1.42216492,0.04444265,1000,4510000000.0,CLOCK_UPTIME_RAW,advertised-pcore-max:Apple-M4-Pro/Max,block-23.csv
23,neon,lat,uzp,uzp1,8,65536,2.00140381,0.25017548,1000,4510000000.0,CLOCK_UPTIME_RAW,advertised-pcore-max:Apple-M4-Pro/Max,block-23.csv
23,neon,tp,uzp,uzp1,8,65536,0.24945068,0.03118134,1000,4510000000.0,CLOCK_UPTIME_RAW,advertised-pcore-max:Apple-M4-Pro/Max,block-23.csv
23,sve,lat,uzp,uzp1,32,65536,3.42076111,0.10689878,1000,4510000000.0,CLOCK_UPTIME_RAW,advertised-pcore-max:Apple-M4-Pro/Max,block-23.csv
23,sve,tp,uzp,uzp1,32,65536,1.39780426,0.04368138,1000,4510000000.0,CLOCK_UPTIME_RAW,advertised-pcore-max:Apple-M4-Pro/Max,block-23.csv
23,neon,lat,ld1,ld1,8,65536,0.38420105,0.04802513,1000,4510000000.0,CLOCK_UPTIME_RAW,advertised-pcore-max:Apple-M4-Pro/Max,block-23.csv
23,neon,tp,ld1,ld1,8,65536,0.33265686,0.04158211,1000,4510000000.0,CLOCK_UPTIME_RAW,advertised-pcore-max:Apple-M4-Pro/Max,block-23.csv
23,sve,lat,ld1,ld1h,32,65536,2.64656067,0.08270502,1000,4510000000.0,CLOCK_UPTIME_RAW,advertised-pcore-max:Apple-M4-Pro/Max,block-23.csv
23,sve,tp,ld1,ld1h,32,65536,2.64656067,0.08270502,1000,4510000000.0,CLOCK_UPTIME_RAW,advertised-pcore-max:Apple-M4-Pro/Max,block-23.csv
23,neon,lat,ld2,ld2,16,65536,1.00361633,0.06272602,1000,4510000000.0,CLOCK_UPTIME_RAW,advertised-pcore-max:Apple-M4-Pro/Max,block-23.csv
23,neon,tp,ld2,ld2,16,65536,1.00073242,0.06254578,1000,4510000000.0,CLOCK_UPTIME_RAW,advertised-pcore-max:Apple-M4-Pro/Max,block-23.csv
23,sve,lat,ld2,ld2h,64,65536,4.94622803,0.07728481,1000,4510000000.0,CLOCK_UPTIME_RAW,advertised-pcore-max:Apple-M4-Pro/Max,block-23.csv
23,sve,tp,ld2,ld2h,64,65536,4.94332886,0.07723951,1000,4510000000.0,CLOCK_UPTIME_RAW,advertised-pcore-max:Apple-M4-Pro/Max,block-23.csv
23,neon,lat,st1,st1,8,65536,0.57344055,0.07168007,1000,4510000000.0,CLOCK_UPTIME_RAW,advertised-pcore-max:Apple-M4-Pro/Max,block-23.csv
23,neon,tp,st1,st1,8,65536,0.49891663,0.06236458,1000,4510000000.0,CLOCK_UPTIME_RAW,advertised-pcore-max:Apple-M4-Pro/Max,block-23.csv
23,sve,lat,st1,st1h,32,65536,8.18351746,0.25573492,1000,4510000000.0,CLOCK_UPTIME_RAW,advertised-pcore-max:Apple-M4-Pro/Max,block-23.csv
23,sve,tp,st1,st1h,32,65536,8.14910889,0.25465965,1000,4510000000.0,CLOCK_UPTIME_RAW,advertised-pcore-max:Apple-M4-Pro/Max,block-23.csv
23,sve,lat,mova_h,mova h-store,32,65536,2.63803101,0.08243847,1000,4510000000.0,CLOCK_UPTIME_RAW,advertised-pcore-max:Apple-M4-Pro/Max,block-23.csv
23,sve,tp,mova_h,mova h-store,32,65536,1.412155155,0.044129845,1000,4510000000.0,CLOCK_UPTIME_RAW,advertised-pcore-max:Apple-M4-Pro/Max,block-23.csv
23,sve,lat,mova_v,mova v-load,32,65536,18.3082428,0.57213259,1000,4510000000.0,CLOCK_UPTIME_RAW,advertised-pcore-max:Apple-M4-Pro/Max,block-23.csv
23,sve,tp,mova_v,mova v-load,32,65536,4.55912781,0.14247274,1000,4510000000.0,CLOCK_UPTIME_RAW,advertised-pcore-max:Apple-M4-Pro/Max,block-23.csv
23,sve,tp,mode_switch,smstart+smstop,0,2048,51.47509766,0.0,1000,4510000000.0,CLOCK_UPTIME_RAW,advertised-pcore-max:Apple-M4-Pro/Max,block-23.csv
24,neon,lat,add,add,8,65536,1.99858093,0.24982262,1000,4510000000.0,CLOCK_UPTIME_RAW,advertised-pcore-max:Apple-M4-Pro/Max,block-24.csv
24,neon,tp,add,add,8,65536,0.24945068,0.03118134,1000,4510000000.0,CLOCK_UPTIME_RAW,advertised-pcore-max:Apple-M4-Pro/Max,block-24.csv
24,sve,lat,add,add,32,65536,3.42082214,0.10690069,1000,4510000000.0,CLOCK_UPTIME_RAW,advertised-pcore-max:Apple-M4-Pro/Max,block-24.csv
24,sve,tp,add,add,32,65536,1.42216492,0.04444265,1000,4510000000.0,CLOCK_UPTIME_RAW,advertised-pcore-max:Apple-M4-Pro/Max,block-24.csv
24,neon,lat,sub,sub,8,65536,1.99858093,0.24982262,1000,4510000000.0,CLOCK_UPTIME_RAW,advertised-pcore-max:Apple-M4-Pro/Max,block-24.csv
24,neon,tp,sub,sub,8,65536,0.24945068,0.03118134,1000,4510000000.0,CLOCK_UPTIME_RAW,advertised-pcore-max:Apple-M4-Pro/Max,block-24.csv
24,sve,lat,sub,sub,32,65536,3.42082214,0.10690069,1000,4510000000.0,CLOCK_UPTIME_RAW,advertised-pcore-max:Apple-M4-Pro/Max,block-24.csv
24,sve,tp,sub,sub,32,65536,1.42216492,0.04444265,1000,4510000000.0,CLOCK_UPTIME_RAW,advertised-pcore-max:Apple-M4-Pro/Max,block-24.csv
24,neon,lat,mul,mul,8,65536,2.99925232,0.37490654,1000,4510000000.0,CLOCK_UPTIME_RAW,advertised-pcore-max:Apple-M4-Pro/Max,block-24.csv
24,neon,tp,mul,mul,8,65536,0.24945068,0.03118134,1000,4510000000.0,CLOCK_UPTIME_RAW,advertised-pcore-max:Apple-M4-Pro/Max,block-24.csv
24,sve,lat,mul,mul,32,65536,9.14125061,0.28566408,1000,4510000000.0,CLOCK_UPTIME_RAW,advertised-pcore-max:Apple-M4-Pro/Max,block-24.csv
24,sve,tp,mul,mul,32,65536,4.56195068,0.14256096,1000,4510000000.0,CLOCK_UPTIME_RAW,advertised-pcore-max:Apple-M4-Pro/Max,block-24.csv
24,neon,lat,sqrdmulh,sqrdmulh,8,65536,2.99925232,0.37490654,1000,4510000000.0,CLOCK_UPTIME_RAW,advertised-pcore-max:Apple-M4-Pro/Max,block-24.csv
24,neon,tp,sqrdmulh,sqrdmulh,8,65536,0.24945068,0.03118134,1000,4510000000.0,CLOCK_UPTIME_RAW,advertised-pcore-max:Apple-M4-Pro/Max,block-24.csv
24,sve,lat,sqrdmulh,sqrdmulh,32,65536,9.14125061,0.28566408,1000,4510000000.0,CLOCK_UPTIME_RAW,advertised-pcore-max:Apple-M4-Pro/Max,block-24.csv
24,sve,tp,sqrdmulh,sqrdmulh,32,65536,4.56201172,0.14256287,1000,4510000000.0,CLOCK_UPTIME_RAW,advertised-pcore-max:Apple-M4-Pro/Max,block-24.csv
24,neon,lat,mls,mls,8,65536,2.99931335,0.37491417,1000,4510000000.0,CLOCK_UPTIME_RAW,advertised-pcore-max:Apple-M4-Pro/Max,block-24.csv
24,neon,tp,mls,mls,8,65536,0.4329834,0.05412292,1000,4510000000.0,CLOCK_UPTIME_RAW,advertised-pcore-max:Apple-M4-Pro/Max,block-24.csv
24,sve,lat,mls,mls,32,65536,9.14407349,0.2857523,1000,4510000000.0,CLOCK_UPTIME_RAW,advertised-pcore-max:Apple-M4-Pro/Max,block-24.csv
24,sve,tp,mls,mls,32,65536,4.76269531,0.14883423,1000,4510000000.0,CLOCK_UPTIME_RAW,advertised-pcore-max:Apple-M4-Pro/Max,block-24.csv
24,neon,lat,smull,smull,4,65536,2.99931335,0.74982834,1000,4510000000.0,CLOCK_UPTIME_RAW,advertised-pcore-max:Apple-M4-Pro/Max,block-24.csv
24,neon,tp,smull,smull,4,65536,0.24945068,0.06236267,1000,4510000000.0,CLOCK_UPTIME_RAW,advertised-pcore-max:Apple-M4-Pro/Max,block-24.csv
24,sve,lat,smull,smullb,16,65536,9.14407349,0.57150459,1000,4510000000.0,CLOCK_UPTIME_RAW,advertised-pcore-max:Apple-M4-Pro/Max,block-24.csv
24,sve,tp,smull,smullb,16,65536,4.55912781,0.28494549,1000,4510000000.0,CLOCK_UPTIME_RAW,advertised-pcore-max:Apple-M4-Pro/Max,block-24.csv
24,neon,lat,smlsl,smlsl,4,65536,2.99925232,0.74981308,1000,4510000000.0,CLOCK_UPTIME_RAW,advertised-pcore-max:Apple-M4-Pro/Max,block-24.csv
24,neon,tp,smlsl,smlsl,4,65536,0.4329834,0.10824585,1000,4510000000.0,CLOCK_UPTIME_RAW,advertised-pcore-max:Apple-M4-Pro/Max,block-24.csv
24,sve,lat,smlsl,smlslb,16,65536,9.14407349,0.57150459,1000,4510000000.0,CLOCK_UPTIME_RAW,advertised-pcore-max:Apple-M4-Pro/Max,block-24.csv
24,sve,tp,smlsl,smlslb,16,65536,4.55912781,0.28494549,1000,4510000000.0,CLOCK_UPTIME_RAW,advertised-pcore-max:Apple-M4-Pro/Max,block-24.csv
24,neon,lat,zip,zip1,8,65536,2.00140381,0.25017548,1000,4510000000.0,CLOCK_UPTIME_RAW,advertised-pcore-max:Apple-M4-Pro/Max,block-24.csv
24,neon,tp,zip,zip1,8,65536,0.24945068,0.03118134,1000,4510000000.0,CLOCK_UPTIME_RAW,advertised-pcore-max:Apple-M4-Pro/Max,block-24.csv
24,sve,lat,zip,zip1,32,65536,3.42082214,0.10690069,1000,4510000000.0,CLOCK_UPTIME_RAW,advertised-pcore-max:Apple-M4-Pro/Max,block-24.csv
24,sve,tp,zip,zip1,32,65536,1.42216492,0.04444265,1000,4510000000.0,CLOCK_UPTIME_RAW,advertised-pcore-max:Apple-M4-Pro/Max,block-24.csv
24,neon,lat,trn,trn1,8,65536,2.00140381,0.25017548,1000,4510000000.0,CLOCK_UPTIME_RAW,advertised-pcore-max:Apple-M4-Pro/Max,block-24.csv
24,neon,tp,trn,trn1,8,65536,0.24945068,0.03118134,1000,4510000000.0,CLOCK_UPTIME_RAW,advertised-pcore-max:Apple-M4-Pro/Max,block-24.csv
24,sve,lat,trn,trn1,32,65536,3.42076111,0.10689878,1000,4510000000.0,CLOCK_UPTIME_RAW,advertised-pcore-max:Apple-M4-Pro/Max,block-24.csv
24,sve,tp,trn,trn1,32,65536,1.41648865,0.04426527,1000,4510000000.0,CLOCK_UPTIME_RAW,advertised-pcore-max:Apple-M4-Pro/Max,block-24.csv
24,neon,lat,uzp,uzp1,8,65536,1.99858093,0.24982262,1000,4510000000.0,CLOCK_UPTIME_RAW,advertised-pcore-max:Apple-M4-Pro/Max,block-24.csv
24,neon,tp,uzp,uzp1,8,65536,0.24945068,0.03118134,1000,4510000000.0,CLOCK_UPTIME_RAW,advertised-pcore-max:Apple-M4-Pro/Max,block-24.csv
24,sve,lat,uzp,uzp1,32,65536,3.42082214,0.10690069,1000,4510000000.0,CLOCK_UPTIME_RAW,advertised-pcore-max:Apple-M4-Pro/Max,block-24.csv
24,sve,tp,uzp,uzp1,32,65536,1.38924408,0.043413875000000005,1000,4510000000.0,CLOCK_UPTIME_RAW,advertised-pcore-max:Apple-M4-Pro/Max,block-24.csv
24,neon,lat,ld1,ld1,8,65536,0.38420105,0.04802513,1000,4510000000.0,CLOCK_UPTIME_RAW,advertised-pcore-max:Apple-M4-Pro/Max,block-24.csv
24,neon,tp,ld1,ld1,8,65536,0.33265686,0.04158211,1000,4510000000.0,CLOCK_UPTIME_RAW,advertised-pcore-max:Apple-M4-Pro/Max,block-24.csv
24,sve,lat,ld1,ld1h,32,65536,2.64656067,0.08270502,1000,4510000000.0,CLOCK_UPTIME_RAW,advertised-pcore-max:Apple-M4-Pro/Max,block-24.csv
24,sve,tp,ld1,ld1h,32,65536,2.64373779,0.08261681,1000,4510000000.0,CLOCK_UPTIME_RAW,advertised-pcore-max:Apple-M4-Pro/Max,block-24.csv
24,neon,lat,ld2,ld2,16,65536,1.00073242,0.06254578,1000,4510000000.0,CLOCK_UPTIME_RAW,advertised-pcore-max:Apple-M4-Pro/Max,block-24.csv
24,neon,tp,ld2,ld2,16,65536,1.00073242,0.06254578,1000,4510000000.0,CLOCK_UPTIME_RAW,advertised-pcore-max:Apple-M4-Pro/Max,block-24.csv
24,sve,lat,ld2,ld2h,64,65536,4.94622803,0.07728481,1000,4510000000.0,CLOCK_UPTIME_RAW,advertised-pcore-max:Apple-M4-Pro/Max,block-24.csv
24,sve,tp,ld2,ld2h,64,65536,4.94340515,0.07724071,1000,4510000000.0,CLOCK_UPTIME_RAW,advertised-pcore-max:Apple-M4-Pro/Max,block-24.csv
24,neon,lat,st1,st1,8,65536,0.57344055,0.07168007,1000,4510000000.0,CLOCK_UPTIME_RAW,advertised-pcore-max:Apple-M4-Pro/Max,block-24.csv
24,neon,tp,st1,st1,8,65536,0.50462341,0.06307793,1000,4510000000.0,CLOCK_UPTIME_RAW,advertised-pcore-max:Apple-M4-Pro/Max,block-24.csv
24,sve,lat,st1,st1h,32,65536,35.30036926,1.10313654,1000,4510000000.0,CLOCK_UPTIME_RAW,advertised-pcore-max:Apple-M4-Pro/Max,block-24.csv
24,sve,tp,st1,st1h,32,65536,35.4465332,1.10770416,1000,4510000000.0,CLOCK_UPTIME_RAW,advertised-pcore-max:Apple-M4-Pro/Max,block-24.csv
24,sve,lat,mova_h,mova h-store,32,65536,1.83514404,0.05734825,1000,4510000000.0,CLOCK_UPTIME_RAW,advertised-pcore-max:Apple-M4-Pro/Max,block-24.csv
24,sve,tp,mova_h,mova h-store,32,65536,1.42653656,0.044579265,1000,4510000000.0,CLOCK_UPTIME_RAW,advertised-pcore-max:Apple-M4-Pro/Max,block-24.csv
24,sve,lat,mova_v,mova v-load,32,65536,18.47167969,0.57723999,1000,4510000000.0,CLOCK_UPTIME_RAW,advertised-pcore-max:Apple-M4-Pro/Max,block-24.csv
24,sve,tp,mova_v,mova v-load,32,65536,4.55912781,0.14247274,1000,4510000000.0,CLOCK_UPTIME_RAW,advertised-pcore-max:Apple-M4-Pro/Max,block-24.csv
24,sve,tp,mode_switch,smstart+smstop,0,2048,51.47509766,0.0,1000,4510000000.0,CLOCK_UPTIME_RAW,advertised-pcore-max:Apple-M4-Pro/Max,block-24.csv
25,neon,lat,add,add,8,65536,2.00140381,0.25017548,1000,4510000000.0,CLOCK_UPTIME_RAW,advertised-pcore-max:Apple-M4-Pro/Max,block-25.csv
25,neon,tp,add,add,8,65536,0.24945068,0.03118134,1000,4510000000.0,CLOCK_UPTIME_RAW,advertised-pcore-max:Apple-M4-Pro/Max,block-25.csv
25,sve,lat,add,add,32,65536,3.42082214,0.10690069,1000,4510000000.0,CLOCK_UPTIME_RAW,advertised-pcore-max:Apple-M4-Pro/Max,block-25.csv
25,sve,tp,add,add,32,65536,1.42216492,0.04444265,1000,4510000000.0,CLOCK_UPTIME_RAW,advertised-pcore-max:Apple-M4-Pro/Max,block-25.csv
25,neon,lat,sub,sub,8,65536,2.00140381,0.25017548,1000,4510000000.0,CLOCK_UPTIME_RAW,advertised-pcore-max:Apple-M4-Pro/Max,block-25.csv
25,neon,tp,sub,sub,8,65536,0.24945068,0.03118134,1000,4510000000.0,CLOCK_UPTIME_RAW,advertised-pcore-max:Apple-M4-Pro/Max,block-25.csv
25,sve,lat,sub,sub,32,65536,3.42076111,0.10689878,1000,4510000000.0,CLOCK_UPTIME_RAW,advertised-pcore-max:Apple-M4-Pro/Max,block-25.csv
25,sve,tp,sub,sub,32,65536,1.42216492,0.04444265,1000,4510000000.0,CLOCK_UPTIME_RAW,advertised-pcore-max:Apple-M4-Pro/Max,block-25.csv
25,neon,lat,mul,mul,8,65536,2.99925232,0.37490654,1000,4510000000.0,CLOCK_UPTIME_RAW,advertised-pcore-max:Apple-M4-Pro/Max,block-25.csv
25,neon,tp,mul,mul,8,65536,0.24945068,0.03118134,1000,4510000000.0,CLOCK_UPTIME_RAW,advertised-pcore-max:Apple-M4-Pro/Max,block-25.csv
25,sve,lat,mul,mul,32,65536,9.14117432,0.2856617,1000,4510000000.0,CLOCK_UPTIME_RAW,advertised-pcore-max:Apple-M4-Pro/Max,block-25.csv
25,sve,tp,mul,mul,32,65536,4.56201172,0.14256287,1000,4510000000.0,CLOCK_UPTIME_RAW,advertised-pcore-max:Apple-M4-Pro/Max,block-25.csv
25,neon,lat,sqrdmulh,sqrdmulh,8,65536,2.99925232,0.37490654,1000,4510000000.0,CLOCK_UPTIME_RAW,advertised-pcore-max:Apple-M4-Pro/Max,block-25.csv
25,neon,tp,sqrdmulh,sqrdmulh,8,65536,0.24945068,0.03118134,1000,4510000000.0,CLOCK_UPTIME_RAW,advertised-pcore-max:Apple-M4-Pro/Max,block-25.csv
25,sve,lat,sqrdmulh,sqrdmulh,32,65536,9.14125061,0.28566408,1000,4510000000.0,CLOCK_UPTIME_RAW,advertised-pcore-max:Apple-M4-Pro/Max,block-25.csv
25,sve,tp,sqrdmulh,sqrdmulh,32,65536,4.55912781,0.14247274,1000,4510000000.0,CLOCK_UPTIME_RAW,advertised-pcore-max:Apple-M4-Pro/Max,block-25.csv
25,neon,lat,mls,mls,8,65536,2.99925232,0.37490654,1000,4510000000.0,CLOCK_UPTIME_RAW,advertised-pcore-max:Apple-M4-Pro/Max,block-25.csv
25,neon,tp,mls,mls,8,65536,0.4329834,0.05412292,1000,4510000000.0,CLOCK_UPTIME_RAW,advertised-pcore-max:Apple-M4-Pro/Max,block-25.csv
25,sve,lat,mls,mls,32,65536,9.14125061,0.28566408,1000,4510000000.0,CLOCK_UPTIME_RAW,advertised-pcore-max:Apple-M4-Pro/Max,block-25.csv
25,sve,tp,mls,mls,32,65536,4.55912781,0.14247274,1000,4510000000.0,CLOCK_UPTIME_RAW,advertised-pcore-max:Apple-M4-Pro/Max,block-25.csv
25,neon,lat,smull,smull,4,65536,2.99925232,0.74981308,1000,4510000000.0,CLOCK_UPTIME_RAW,advertised-pcore-max:Apple-M4-Pro/Max,block-25.csv
25,neon,tp,smull,smull,4,65536,0.24945068,0.06236267,1000,4510000000.0,CLOCK_UPTIME_RAW,advertised-pcore-max:Apple-M4-Pro/Max,block-25.csv
25,sve,lat,smull,smullb,16,65536,9.14125061,0.57132816,1000,4510000000.0,CLOCK_UPTIME_RAW,advertised-pcore-max:Apple-M4-Pro/Max,block-25.csv
25,sve,tp,smull,smullb,16,65536,4.55912781,0.28494549,1000,4510000000.0,CLOCK_UPTIME_RAW,advertised-pcore-max:Apple-M4-Pro/Max,block-25.csv
25,neon,lat,smlsl,smlsl,4,65536,2.99925232,0.74981308,1000,4510000000.0,CLOCK_UPTIME_RAW,advertised-pcore-max:Apple-M4-Pro/Max,block-25.csv
25,neon,tp,smlsl,smlsl,4,65536,0.4329834,0.10824585,1000,4510000000.0,CLOCK_UPTIME_RAW,advertised-pcore-max:Apple-M4-Pro/Max,block-25.csv
25,sve,lat,smlsl,smlslb,16,65536,9.14407349,0.57150459,1000,4510000000.0,CLOCK_UPTIME_RAW,advertised-pcore-max:Apple-M4-Pro/Max,block-25.csv
25,sve,tp,smlsl,smlslb,16,65536,4.55912781,0.28494549,1000,4510000000.0,CLOCK_UPTIME_RAW,advertised-pcore-max:Apple-M4-Pro/Max,block-25.csv
25,neon,lat,zip,zip1,8,65536,2.00140381,0.25017548,1000,4510000000.0,CLOCK_UPTIME_RAW,advertised-pcore-max:Apple-M4-Pro/Max,block-25.csv
25,neon,tp,zip,zip1,8,65536,0.24945068,0.03118134,1000,4510000000.0,CLOCK_UPTIME_RAW,advertised-pcore-max:Apple-M4-Pro/Max,block-25.csv
25,sve,lat,zip,zip1,32,65536,3.42076111,0.10689878,1000,4510000000.0,CLOCK_UPTIME_RAW,advertised-pcore-max:Apple-M4-Pro/Max,block-25.csv
25,sve,tp,zip,zip1,32,65536,1.42216492,0.04444265,1000,4510000000.0,CLOCK_UPTIME_RAW,advertised-pcore-max:Apple-M4-Pro/Max,block-25.csv
25,neon,lat,trn,trn1,8,65536,1.99858093,0.24982262,1000,4510000000.0,CLOCK_UPTIME_RAW,advertised-pcore-max:Apple-M4-Pro/Max,block-25.csv
25,neon,tp,trn,trn1,8,65536,0.24945068,0.03118134,1000,4510000000.0,CLOCK_UPTIME_RAW,advertised-pcore-max:Apple-M4-Pro/Max,block-25.csv
25,sve,lat,trn,trn1,32,65536,3.42076111,0.10689878,1000,4510000000.0,CLOCK_UPTIME_RAW,advertised-pcore-max:Apple-M4-Pro/Max,block-25.csv
25,sve,tp,trn,trn1,32,65536,1.42216492,0.04444265,1000,4510000000.0,CLOCK_UPTIME_RAW,advertised-pcore-max:Apple-M4-Pro/Max,block-25.csv
25,neon,lat,uzp,uzp1,8,65536,1.99858093,0.24982262,1000,4510000000.0,CLOCK_UPTIME_RAW,advertised-pcore-max:Apple-M4-Pro/Max,block-25.csv
25,neon,tp,uzp,uzp1,8,65536,0.24945068,0.03118134,1000,4510000000.0,CLOCK_UPTIME_RAW,advertised-pcore-max:Apple-M4-Pro/Max,block-25.csv
25,sve,lat,uzp,uzp1,32,65536,3.42076111,0.10689878,1000,4510000000.0,CLOCK_UPTIME_RAW,advertised-pcore-max:Apple-M4-Pro/Max,block-25.csv
25,sve,tp,uzp,uzp1,32,65536,1.407852175,0.04399538,1000,4510000000.0,CLOCK_UPTIME_RAW,advertised-pcore-max:Apple-M4-Pro/Max,block-25.csv
25,neon,lat,ld1,ld1,8,65536,0.38420105,0.04802513,1000,4510000000.0,CLOCK_UPTIME_RAW,advertised-pcore-max:Apple-M4-Pro/Max,block-25.csv
25,neon,tp,ld1,ld1,8,65536,0.33265686,0.04158211,1000,4510000000.0,CLOCK_UPTIME_RAW,advertised-pcore-max:Apple-M4-Pro/Max,block-25.csv
25,sve,lat,ld1,ld1h,32,65536,2.64656067,0.08270502,1000,4510000000.0,CLOCK_UPTIME_RAW,advertised-pcore-max:Apple-M4-Pro/Max,block-25.csv
25,sve,tp,ld1,ld1h,32,65536,2.64656067,0.08270502,1000,4510000000.0,CLOCK_UPTIME_RAW,advertised-pcore-max:Apple-M4-Pro/Max,block-25.csv
25,neon,lat,ld2,ld2,16,65536,1.0035553,0.06272221,1000,4510000000.0,CLOCK_UPTIME_RAW,advertised-pcore-max:Apple-M4-Pro/Max,block-25.csv
25,neon,tp,ld2,ld2,16,65536,1.00073242,0.06254578,1000,4510000000.0,CLOCK_UPTIME_RAW,advertised-pcore-max:Apple-M4-Pro/Max,block-25.csv
25,sve,lat,ld2,ld2h,64,65536,4.94332886,0.07723951,1000,4510000000.0,CLOCK_UPTIME_RAW,advertised-pcore-max:Apple-M4-Pro/Max,block-25.csv
25,sve,tp,ld2,ld2h,64,65536,4.94340515,0.07724071,1000,4510000000.0,CLOCK_UPTIME_RAW,advertised-pcore-max:Apple-M4-Pro/Max,block-25.csv
25,neon,lat,st1,st1,8,65536,0.50180054,0.06272507,1000,4510000000.0,CLOCK_UPTIME_RAW,advertised-pcore-max:Apple-M4-Pro/Max,block-25.csv
25,neon,tp,st1,st1,8,65536,0.49891663,0.06236458,1000,4510000000.0,CLOCK_UPTIME_RAW,advertised-pcore-max:Apple-M4-Pro/Max,block-25.csv
25,sve,lat,st1,st1h,32,65536,36.785606385,1.1495502000000002,1000,4510000000.0,CLOCK_UPTIME_RAW,advertised-pcore-max:Apple-M4-Pro/Max,block-25.csv
25,sve,tp,st1,st1h,32,65536,36.86877441,1.1521492,1000,4510000000.0,CLOCK_UPTIME_RAW,advertised-pcore-max:Apple-M4-Pro/Max,block-25.csv
25,sve,lat,mova_h,mova h-store,32,65536,2.63803101,0.08243847,1000,4510000000.0,CLOCK_UPTIME_RAW,advertised-pcore-max:Apple-M4-Pro/Max,block-25.csv
25,sve,tp,mova_h,mova h-store,32,65536,1.42216492,0.04444265,1000,4510000000.0,CLOCK_UPTIME_RAW,advertised-pcore-max:Apple-M4-Pro/Max,block-25.csv
25,sve,lat,mova_v,mova v-load,32,65536,18.3082428,0.57213259,1000,4510000000.0,CLOCK_UPTIME_RAW,advertised-pcore-max:Apple-M4-Pro/Max,block-25.csv
25,sve,tp,mova_v,mova v-load,32,65536,4.55912781,0.14247274,1000,4510000000.0,CLOCK_UPTIME_RAW,advertised-pcore-max:Apple-M4-Pro/Max,block-25.csv
25,sve,tp,mode_switch,smstart+smstop,0,2048,51.47509766,0.0,1000,4510000000.0,CLOCK_UPTIME_RAW,advertised-pcore-max:Apple-M4-Pro/Max,block-25.csv
26,neon,lat,add,add,8,65536,1.99858093,0.24982262,1000,4510000000.0,CLOCK_UPTIME_RAW,advertised-pcore-max:Apple-M4-Pro/Max,block-26.csv
26,neon,tp,add,add,8,65536,0.24945068,0.03118134,1000,4510000000.0,CLOCK_UPTIME_RAW,advertised-pcore-max:Apple-M4-Pro/Max,block-26.csv
26,sve,lat,add,add,32,65536,3.42082214,0.10690069,1000,4510000000.0,CLOCK_UPTIME_RAW,advertised-pcore-max:Apple-M4-Pro/Max,block-26.csv
26,sve,tp,add,add,32,65536,1.42216492,0.04444265,1000,4510000000.0,CLOCK_UPTIME_RAW,advertised-pcore-max:Apple-M4-Pro/Max,block-26.csv
26,neon,lat,sub,sub,8,65536,2.00140381,0.25017548,1000,4510000000.0,CLOCK_UPTIME_RAW,advertised-pcore-max:Apple-M4-Pro/Max,block-26.csv
26,neon,tp,sub,sub,8,65536,0.24945068,0.03118134,1000,4510000000.0,CLOCK_UPTIME_RAW,advertised-pcore-max:Apple-M4-Pro/Max,block-26.csv
26,sve,lat,sub,sub,32,65536,3.42082214,0.10690069,1000,4510000000.0,CLOCK_UPTIME_RAW,advertised-pcore-max:Apple-M4-Pro/Max,block-26.csv
26,sve,tp,sub,sub,32,65536,1.42216492,0.04444265,1000,4510000000.0,CLOCK_UPTIME_RAW,advertised-pcore-max:Apple-M4-Pro/Max,block-26.csv
26,neon,lat,mul,mul,8,65536,2.99925232,0.37490654,1000,4510000000.0,CLOCK_UPTIME_RAW,advertised-pcore-max:Apple-M4-Pro/Max,block-26.csv
26,neon,tp,mul,mul,8,65536,0.24945068,0.03118134,1000,4510000000.0,CLOCK_UPTIME_RAW,advertised-pcore-max:Apple-M4-Pro/Max,block-26.csv
26,sve,lat,mul,mul,32,65536,9.14117432,0.2856617,1000,4510000000.0,CLOCK_UPTIME_RAW,advertised-pcore-max:Apple-M4-Pro/Max,block-26.csv
26,sve,tp,mul,mul,32,65536,4.56201172,0.14256287,1000,4510000000.0,CLOCK_UPTIME_RAW,advertised-pcore-max:Apple-M4-Pro/Max,block-26.csv
26,neon,lat,sqrdmulh,sqrdmulh,8,65536,2.99931335,0.37491417,1000,4510000000.0,CLOCK_UPTIME_RAW,advertised-pcore-max:Apple-M4-Pro/Max,block-26.csv
26,neon,tp,sqrdmulh,sqrdmulh,8,65536,0.24945068,0.03118134,1000,4510000000.0,CLOCK_UPTIME_RAW,advertised-pcore-max:Apple-M4-Pro/Max,block-26.csv
26,sve,lat,sqrdmulh,sqrdmulh,32,65536,9.14407349,0.2857523,1000,4510000000.0,CLOCK_UPTIME_RAW,advertised-pcore-max:Apple-M4-Pro/Max,block-26.csv
26,sve,tp,sqrdmulh,sqrdmulh,32,65536,4.55912781,0.14247274,1000,4510000000.0,CLOCK_UPTIME_RAW,advertised-pcore-max:Apple-M4-Pro/Max,block-26.csv
26,neon,lat,mls,mls,8,65536,3.00213623,0.37526703,1000,4510000000.0,CLOCK_UPTIME_RAW,advertised-pcore-max:Apple-M4-Pro/Max,block-26.csv
26,neon,tp,mls,mls,8,65536,0.4329834,0.05412292,1000,4510000000.0,CLOCK_UPTIME_RAW,advertised-pcore-max:Apple-M4-Pro/Max,block-26.csv
26,sve,lat,mls,mls,32,65536,9.17417145,0.28669286,1000,4510000000.0,CLOCK_UPTIME_RAW,advertised-pcore-max:Apple-M4-Pro/Max,block-26.csv
26,sve,tp,mls,mls,32,65536,4.55912781,0.14247274,1000,4510000000.0,CLOCK_UPTIME_RAW,advertised-pcore-max:Apple-M4-Pro/Max,block-26.csv
26,neon,lat,smull,smull,4,65536,2.99925232,0.74981308,1000,4510000000.0,CLOCK_UPTIME_RAW,advertised-pcore-max:Apple-M4-Pro/Max,block-26.csv
26,neon,tp,smull,smull,4,65536,0.24945068,0.06236267,1000,4510000000.0,CLOCK_UPTIME_RAW,advertised-pcore-max:Apple-M4-Pro/Max,block-26.csv
26,sve,lat,smull,smullb,16,65536,9.14125061,0.57132816,1000,4510000000.0,CLOCK_UPTIME_RAW,advertised-pcore-max:Apple-M4-Pro/Max,block-26.csv
26,sve,tp,smull,smullb,16,65536,4.56195068,0.28512192,1000,4510000000.0,CLOCK_UPTIME_RAW,advertised-pcore-max:Apple-M4-Pro/Max,block-26.csv
26,neon,lat,smlsl,smlsl,4,65536,3.00213623,0.75053406,1000,4510000000.0,CLOCK_UPTIME_RAW,advertised-pcore-max:Apple-M4-Pro/Max,block-26.csv
26,neon,tp,smlsl,smlsl,4,65536,0.4329834,0.10824585,1000,4510000000.0,CLOCK_UPTIME_RAW,advertised-pcore-max:Apple-M4-Pro/Max,block-26.csv
26,sve,lat,smlsl,smlslb,16,65536,9.14407349,0.57150459,1000,4510000000.0,CLOCK_UPTIME_RAW,advertised-pcore-max:Apple-M4-Pro/Max,block-26.csv
26,sve,tp,smlsl,smlslb,16,65536,4.55912781,0.28494549,1000,4510000000.0,CLOCK_UPTIME_RAW,advertised-pcore-max:Apple-M4-Pro/Max,block-26.csv
26,neon,lat,zip,zip1,8,65536,2.00146484,0.25018311,1000,4510000000.0,CLOCK_UPTIME_RAW,advertised-pcore-max:Apple-M4-Pro/Max,block-26.csv
26,neon,tp,zip,zip1,8,65536,0.25517273,0.03189659,1000,4510000000.0,CLOCK_UPTIME_RAW,advertised-pcore-max:Apple-M4-Pro/Max,block-26.csv
26,sve,lat,zip,zip1,32,65536,3.42364502,0.10698891,1000,4510000000.0,CLOCK_UPTIME_RAW,advertised-pcore-max:Apple-M4-Pro/Max,block-26.csv
26,sve,tp,zip,zip1,32,65536,1.42216492,0.04444265,1000,4510000000.0,CLOCK_UPTIME_RAW,advertised-pcore-max:Apple-M4-Pro/Max,block-26.csv
26,neon,lat,trn,trn1,8,65536,2.00140381,0.25017548,1000,4510000000.0,CLOCK_UPTIME_RAW,advertised-pcore-max:Apple-M4-Pro/Max,block-26.csv
26,neon,tp,trn,trn1,8,65536,0.24945068,0.03118134,1000,4510000000.0,CLOCK_UPTIME_RAW,advertised-pcore-max:Apple-M4-Pro/Max,block-26.csv
26,sve,lat,trn,trn1,32,65536,3.42076111,0.10689878,1000,4510000000.0,CLOCK_UPTIME_RAW,advertised-pcore-max:Apple-M4-Pro/Max,block-26.csv
26,sve,tp,trn,trn1,32,65536,1.42224121,0.04444504,1000,4510000000.0,CLOCK_UPTIME_RAW,advertised-pcore-max:Apple-M4-Pro/Max,block-26.csv
26,neon,lat,uzp,uzp1,8,65536,2.00146484,0.25018311,1000,4510000000.0,CLOCK_UPTIME_RAW,advertised-pcore-max:Apple-M4-Pro/Max,block-26.csv
26,neon,tp,uzp,uzp1,8,65536,0.24945068,0.03118134,1000,4510000000.0,CLOCK_UPTIME_RAW,advertised-pcore-max:Apple-M4-Pro/Max,block-26.csv
26,sve,lat,uzp,uzp1,32,65536,3.42082214,0.10690069,1000,4510000000.0,CLOCK_UPTIME_RAW,advertised-pcore-max:Apple-M4-Pro/Max,block-26.csv
26,sve,tp,uzp,uzp1,32,65536,1.42216492,0.04444265,1000,4510000000.0,CLOCK_UPTIME_RAW,advertised-pcore-max:Apple-M4-Pro/Max,block-26.csv
26,neon,lat,ld1,ld1,8,65536,0.38420105,0.04802513,1000,4510000000.0,CLOCK_UPTIME_RAW,advertised-pcore-max:Apple-M4-Pro/Max,block-26.csv
26,neon,tp,ld1,ld1,8,65536,0.33265686,0.04158211,1000,4510000000.0,CLOCK_UPTIME_RAW,advertised-pcore-max:Apple-M4-Pro/Max,block-26.csv
26,sve,lat,ld1,ld1h,32,65536,2.64656067,0.08270502,1000,4510000000.0,CLOCK_UPTIME_RAW,advertised-pcore-max:Apple-M4-Pro/Max,block-26.csv
26,sve,tp,ld1,ld1h,32,65536,2.64656067,0.08270502,1000,4510000000.0,CLOCK_UPTIME_RAW,advertised-pcore-max:Apple-M4-Pro/Max,block-26.csv
26,neon,lat,ld2,ld2,16,65536,1.00643921,0.06290245,1000,4510000000.0,CLOCK_UPTIME_RAW,advertised-pcore-max:Apple-M4-Pro/Max,block-26.csv
26,neon,tp,ld2,ld2,16,65536,1.00073242,0.06254578,1000,4510000000.0,CLOCK_UPTIME_RAW,advertised-pcore-max:Apple-M4-Pro/Max,block-26.csv
26,sve,lat,ld2,ld2h,64,65536,4.94332886,0.07723951,1000,4510000000.0,CLOCK_UPTIME_RAW,advertised-pcore-max:Apple-M4-Pro/Max,block-26.csv
26,sve,tp,ld2,ld2h,64,65536,4.94332886,0.07723951,1000,4510000000.0,CLOCK_UPTIME_RAW,advertised-pcore-max:Apple-M4-Pro/Max,block-26.csv
26,neon,lat,st1,st1,8,65536,0.57633972,0.07204247,1000,4510000000.0,CLOCK_UPTIME_RAW,advertised-pcore-max:Apple-M4-Pro/Max,block-26.csv
26,neon,tp,st1,st1,8,65536,0.49891663,0.06236458,1000,4510000000.0,CLOCK_UPTIME_RAW,advertised-pcore-max:Apple-M4-Pro/Max,block-26.csv
26,sve,lat,st1,st1h,32,65536,8.1892395,0.25591373,1000,4510000000.0,CLOCK_UPTIME_RAW,advertised-pcore-max:Apple-M4-Pro/Max,block-26.csv
26,sve,tp,st1,st1h,32,65536,8.14910889,0.25465965,1000,4510000000.0,CLOCK_UPTIME_RAW,advertised-pcore-max:Apple-M4-Pro/Max,block-26.csv
26,sve,lat,mova_h,mova h-store,32,65536,2.63803101,0.08243847,1000,4510000000.0,CLOCK_UPTIME_RAW,advertised-pcore-max:Apple-M4-Pro/Max,block-26.csv
26,sve,tp,mova_h,mova h-store,32,65536,1.42216492,0.04444265,1000,4510000000.0,CLOCK_UPTIME_RAW,advertised-pcore-max:Apple-M4-Pro/Max,block-26.csv
26,sve,lat,mova_v,mova v-load,32,65536,18.3082428,0.57213259,1000,4510000000.0,CLOCK_UPTIME_RAW,advertised-pcore-max:Apple-M4-Pro/Max,block-26.csv
26,sve,tp,mova_v,mova v-load,32,65536,4.55912781,0.14247274,1000,4510000000.0,CLOCK_UPTIME_RAW,advertised-pcore-max:Apple-M4-Pro/Max,block-26.csv
26,sve,tp,mode_switch,smstart+smstop,0,2048,51.47509766,0.0,1000,4510000000.0,CLOCK_UPTIME_RAW,advertised-pcore-max:Apple-M4-Pro/Max,block-26.csv
27,neon,lat,add,add,8,65536,1.99858093,0.24982262,1000,4510000000.0,CLOCK_UPTIME_RAW,advertised-pcore-max:Apple-M4-Pro/Max,block-27.csv
27,neon,tp,add,add,8,65536,0.24945068,0.03118134,1000,4510000000.0,CLOCK_UPTIME_RAW,advertised-pcore-max:Apple-M4-Pro/Max,block-27.csv
27,sve,lat,add,add,32,65536,3.42076111,0.10689878,1000,4510000000.0,CLOCK_UPTIME_RAW,advertised-pcore-max:Apple-M4-Pro/Max,block-27.csv
27,sve,tp,add,add,32,65536,1.419311525,0.044353485,1000,4510000000.0,CLOCK_UPTIME_RAW,advertised-pcore-max:Apple-M4-Pro/Max,block-27.csv
27,neon,lat,sub,sub,8,65536,2.00140381,0.25017548,1000,4510000000.0,CLOCK_UPTIME_RAW,advertised-pcore-max:Apple-M4-Pro/Max,block-27.csv
27,neon,tp,sub,sub,8,65536,0.24945068,0.03118134,1000,4510000000.0,CLOCK_UPTIME_RAW,advertised-pcore-max:Apple-M4-Pro/Max,block-27.csv
27,sve,lat,sub,sub,32,65536,3.42076111,0.10689878,1000,4510000000.0,CLOCK_UPTIME_RAW,advertised-pcore-max:Apple-M4-Pro/Max,block-27.csv
27,sve,tp,sub,sub,32,65536,1.42216492,0.04444265,1000,4510000000.0,CLOCK_UPTIME_RAW,advertised-pcore-max:Apple-M4-Pro/Max,block-27.csv
27,neon,lat,mul,mul,8,65536,2.99931335,0.37491417,1000,4510000000.0,CLOCK_UPTIME_RAW,advertised-pcore-max:Apple-M4-Pro/Max,block-27.csv
27,neon,tp,mul,mul,8,65536,0.24945068,0.03118134,1000,4510000000.0,CLOCK_UPTIME_RAW,advertised-pcore-max:Apple-M4-Pro/Max,block-27.csv
27,sve,lat,mul,mul,32,65536,9.14125061,0.28566408,1000,4510000000.0,CLOCK_UPTIME_RAW,advertised-pcore-max:Apple-M4-Pro/Max,block-27.csv
27,sve,tp,mul,mul,32,65536,4.56195068,0.14256096,1000,4510000000.0,CLOCK_UPTIME_RAW,advertised-pcore-max:Apple-M4-Pro/Max,block-27.csv
27,neon,lat,sqrdmulh,sqrdmulh,8,65536,2.99925232,0.37490654,1000,4510000000.0,CLOCK_UPTIME_RAW,advertised-pcore-max:Apple-M4-Pro/Max,block-27.csv
27,neon,tp,sqrdmulh,sqrdmulh,8,65536,0.25227356,0.03153419,1000,4510000000.0,CLOCK_UPTIME_RAW,advertised-pcore-max:Apple-M4-Pro/Max,block-27.csv
27,sve,lat,sqrdmulh,sqrdmulh,32,65536,9.31039429,0.29094982,1000,4510000000.0,CLOCK_UPTIME_RAW,advertised-pcore-max:Apple-M4-Pro/Max,block-27.csv
27,sve,tp,sqrdmulh,sqrdmulh,32,65536,4.76269531,0.14883423,1000,4510000000.0,CLOCK_UPTIME_RAW,advertised-pcore-max:Apple-M4-Pro/Max,block-27.csv
27,neon,lat,mls,mls,8,65536,3.00213623,0.37526703,1000,4510000000.0,CLOCK_UPTIME_RAW,advertised-pcore-max:Apple-M4-Pro/Max,block-27.csv
27,neon,tp,mls,mls,8,65536,0.44448853,0.05556107,1000,4510000000.0,CLOCK_UPTIME_RAW,advertised-pcore-max:Apple-M4-Pro/Max,block-27.csv
27,sve,lat,mls,mls,32,65536,9.30751038,0.2908597,1000,4510000000.0,CLOCK_UPTIME_RAW,advertised-pcore-max:Apple-M4-Pro/Max,block-27.csv
27,sve,tp,mls,mls,32,65536,4.64225769,0.14507055,1000,4510000000.0,CLOCK_UPTIME_RAW,advertised-pcore-max:Apple-M4-Pro/Max,block-27.csv
27,neon,lat,smull,smull,4,65536,3.06524658,0.76631165,1000,4510000000.0,CLOCK_UPTIME_RAW,advertised-pcore-max:Apple-M4-Pro/Max,block-27.csv
27,neon,tp,smull,smull,4,65536,0.28097534,0.07024384,1000,4510000000.0,CLOCK_UPTIME_RAW,advertised-pcore-max:Apple-M4-Pro/Max,block-27.csv
27,sve,lat,smull,smullb,16,65536,9.310363769999999,0.5818977350000001,1000,4510000000.0,CLOCK_UPTIME_RAW,advertised-pcore-max:Apple-M4-Pro/Max,block-27.csv
27,sve,tp,smull,smullb,16,65536,4.64515686,0.2903223,1000,4510000000.0,CLOCK_UPTIME_RAW,advertised-pcore-max:Apple-M4-Pro/Max,block-27.csv
27,neon,lat,smlsl,smlsl,4,65536,3.129730225,0.782432555,1000,4510000000.0,CLOCK_UPTIME_RAW,advertised-pcore-max:Apple-M4-Pro/Max,block-27.csv
27,neon,tp,smlsl,smlsl,4,65536,0.44152832,0.11038208,1000,4510000000.0,CLOCK_UPTIME_RAW,advertised-pcore-max:Apple-M4-Pro/Max,block-27.csv
27,sve,lat,smlsl,smlslb,16,65536,9.31321716,0.58207607,1000,4510000000.0,CLOCK_UPTIME_RAW,advertised-pcore-max:Apple-M4-Pro/Max,block-27.csv
27,sve,tp,smlsl,smlslb,16,65536,4.64225769,0.29014111,1000,4510000000.0,CLOCK_UPTIME_RAW,advertised-pcore-max:Apple-M4-Pro/Max,block-27.csv
27,neon,lat,zip,zip1,8,65536,2.04159546,0.25519943,1000,4510000000.0,CLOCK_UPTIME_RAW,advertised-pcore-max:Apple-M4-Pro/Max,block-27.csv
27,neon,tp,zip,zip1,8,65536,0.25517273,0.03189659,1000,4510000000.0,CLOCK_UPTIME_RAW,advertised-pcore-max:Apple-M4-Pro/Max,block-27.csv
27,sve,lat,zip,zip1,32,65536,3.48103333,0.10878229,1000,4510000000.0,CLOCK_UPTIME_RAW,advertised-pcore-max:Apple-M4-Pro/Max,block-27.csv
27,sve,tp,zip,zip1,32,65536,1.42224121,0.04444504,1000,4510000000.0,CLOCK_UPTIME_RAW,advertised-pcore-max:Apple-M4-Pro/Max,block-27.csv
27,neon,lat,trn,trn1,8,65536,2.04159546,0.25519943,1000,4510000000.0,CLOCK_UPTIME_RAW,advertised-pcore-max:Apple-M4-Pro/Max,block-27.csv
27,neon,tp,trn,trn1,8,65536,0.25523376,0.03190422,1000,4510000000.0,CLOCK_UPTIME_RAW,advertised-pcore-max:Apple-M4-Pro/Max,block-27.csv
27,sve,lat,trn,trn1,32,65536,3.42364502,0.10698891,1000,4510000000.0,CLOCK_UPTIME_RAW,advertised-pcore-max:Apple-M4-Pro/Max,block-27.csv
27,sve,tp,trn,trn1,32,65536,1.422203065,0.044443844999999996,1000,4510000000.0,CLOCK_UPTIME_RAW,advertised-pcore-max:Apple-M4-Pro/Max,block-27.csv
27,neon,lat,uzp,uzp1,8,65536,1.99858093,0.24982262,1000,4510000000.0,CLOCK_UPTIME_RAW,advertised-pcore-max:Apple-M4-Pro/Max,block-27.csv
27,neon,tp,uzp,uzp1,8,65536,0.24945068,0.03118134,1000,4510000000.0,CLOCK_UPTIME_RAW,advertised-pcore-max:Apple-M4-Pro/Max,block-27.csv
27,sve,lat,uzp,uzp1,32,65536,3.42652893,0.10707903,1000,4510000000.0,CLOCK_UPTIME_RAW,advertised-pcore-max:Apple-M4-Pro/Max,block-27.csv
27,sve,tp,uzp,uzp1,32,65536,1.42224121,0.04444504,1000,4510000000.0,CLOCK_UPTIME_RAW,advertised-pcore-max:Apple-M4-Pro/Max,block-27.csv
27,neon,lat,ld1,ld1,8,65536,0.38420105,0.04802513,1000,4510000000.0,CLOCK_UPTIME_RAW,advertised-pcore-max:Apple-M4-Pro/Max,block-27.csv
27,neon,tp,ld1,ld1,8,65536,0.33547974,0.04193497,1000,4510000000.0,CLOCK_UPTIME_RAW,advertised-pcore-max:Apple-M4-Pro/Max,block-27.csv
27,sve,lat,ld1,ld1h,32,65536,2.64945984,0.08279562,1000,4510000000.0,CLOCK_UPTIME_RAW,advertised-pcore-max:Apple-M4-Pro/Max,block-27.csv
27,sve,tp,ld1,ld1h,32,65536,2.64656067,0.08270502,1000,4510000000.0,CLOCK_UPTIME_RAW,advertised-pcore-max:Apple-M4-Pro/Max,block-27.csv
27,neon,lat,ld2,ld2,16,65536,1.02365112,0.0639782,1000,4510000000.0,CLOCK_UPTIME_RAW,advertised-pcore-max:Apple-M4-Pro/Max,block-27.csv
27,neon,tp,ld2,ld2,16,65536,1.00073242,0.06254578,1000,4510000000.0,CLOCK_UPTIME_RAW,advertised-pcore-max:Apple-M4-Pro/Max,block-27.csv
27,sve,lat,ld2,ld2h,64,65536,4.94911194,0.07732987,1000,4510000000.0,CLOCK_UPTIME_RAW,advertised-pcore-max:Apple-M4-Pro/Max,block-27.csv
27,sve,tp,ld2,ld2h,64,65536,4.95483398,0.07741928,1000,4510000000.0,CLOCK_UPTIME_RAW,advertised-pcore-max:Apple-M4-Pro/Max,block-27.csv
27,neon,lat,st1,st1,8,65536,0.57344055,0.07168007,1000,4510000000.0,CLOCK_UPTIME_RAW,advertised-pcore-max:Apple-M4-Pro/Max,block-27.csv
27,neon,tp,st1,st1,8,65536,0.5017395,0.06271744,1000,4510000000.0,CLOCK_UPTIME_RAW,advertised-pcore-max:Apple-M4-Pro/Max,block-27.csv
27,sve,lat,st1,st1h,32,65536,8.18641663,0.25582552,1000,4510000000.0,CLOCK_UPTIME_RAW,advertised-pcore-max:Apple-M4-Pro/Max,block-27.csv
27,sve,tp,st1,st1h,32,65536,8.15193176,0.25474787,1000,4510000000.0,CLOCK_UPTIME_RAW,advertised-pcore-max:Apple-M4-Pro/Max,block-27.csv
27,sve,lat,mova_h,mova h-store,32,65536,2.63803101,0.08243847,1000,4510000000.0,CLOCK_UPTIME_RAW,advertised-pcore-max:Apple-M4-Pro/Max,block-27.csv
27,sve,tp,mova_h,mova h-store,32,65536,1.42216492,0.04444265,1000,4510000000.0,CLOCK_UPTIME_RAW,advertised-pcore-max:Apple-M4-Pro/Max,block-27.csv
27,sve,lat,mova_v,mova v-load,32,65536,19.00212097,0.59381628,1000,4510000000.0,CLOCK_UPTIME_RAW,advertised-pcore-max:Apple-M4-Pro/Max,block-27.csv
27,sve,tp,mova_v,mova v-load,32,65536,4.646598815,0.14520621,1000,4510000000.0,CLOCK_UPTIME_RAW,advertised-pcore-max:Apple-M4-Pro/Max,block-27.csv
27,sve,tp,mode_switch,smstart+smstop,0,2048,51.10742188,0.0,1000,4510000000.0,CLOCK_UPTIME_RAW,advertised-pcore-max:Apple-M4-Pro/Max,block-27.csv
28,neon,lat,add,add,8,65536,2.00140381,0.25017548,1000,4510000000.0,CLOCK_UPTIME_RAW,advertised-pcore-max:Apple-M4-Pro/Max,block-28.csv
28,neon,tp,add,add,8,65536,0.25517273,0.03189659,1000,4510000000.0,CLOCK_UPTIME_RAW,advertised-pcore-max:Apple-M4-Pro/Max,block-28.csv
28,sve,lat,add,add,32,65536,3.77633667,0.11801052,1000,4510000000.0,CLOCK_UPTIME_RAW,advertised-pcore-max:Apple-M4-Pro/Max,block-28.csv
28,sve,tp,add,add,32,65536,1.42506409,0.04453325,1000,4510000000.0,CLOCK_UPTIME_RAW,advertised-pcore-max:Apple-M4-Pro/Max,block-28.csv
28,neon,lat,sub,sub,8,65536,2.00287628,0.25035953499999997,1000,4510000000.0,CLOCK_UPTIME_RAW,advertised-pcore-max:Apple-M4-Pro/Max,block-28.csv
28,neon,tp,sub,sub,8,65536,0.24945068,0.03118134,1000,4510000000.0,CLOCK_UPTIME_RAW,advertised-pcore-max:Apple-M4-Pro/Max,block-28.csv
28,sve,lat,sub,sub,32,65536,3.42082214,0.10690069,1000,4510000000.0,CLOCK_UPTIME_RAW,advertised-pcore-max:Apple-M4-Pro/Max,block-28.csv
28,sve,tp,sub,sub,32,65536,1.42224121,0.04444504,1000,4510000000.0,CLOCK_UPTIME_RAW,advertised-pcore-max:Apple-M4-Pro/Max,block-28.csv
28,neon,lat,mul,mul,8,65536,2.99925232,0.37490654,1000,4510000000.0,CLOCK_UPTIME_RAW,advertised-pcore-max:Apple-M4-Pro/Max,block-28.csv
28,neon,tp,mul,mul,8,65536,0.24945068,0.03118134,1000,4510000000.0,CLOCK_UPTIME_RAW,advertised-pcore-max:Apple-M4-Pro/Max,block-28.csv
28,sve,lat,mul,mul,32,65536,9.14125061,0.28566408,1000,4510000000.0,CLOCK_UPTIME_RAW,advertised-pcore-max:Apple-M4-Pro/Max,block-28.csv
28,sve,tp,mul,mul,32,65536,4.56195068,0.14256096,1000,4510000000.0,CLOCK_UPTIME_RAW,advertised-pcore-max:Apple-M4-Pro/Max,block-28.csv
28,neon,lat,sqrdmulh,sqrdmulh,8,65536,3.00213623,0.37526703,1000,4510000000.0,CLOCK_UPTIME_RAW,advertised-pcore-max:Apple-M4-Pro/Max,block-28.csv
28,neon,tp,sqrdmulh,sqrdmulh,8,65536,0.24945068,0.03118134,1000,4510000000.0,CLOCK_UPTIME_RAW,advertised-pcore-max:Apple-M4-Pro/Max,block-28.csv
28,sve,lat,sqrdmulh,sqrdmulh,32,65536,9.35623169,0.29238224,1000,4510000000.0,CLOCK_UPTIME_RAW,advertised-pcore-max:Apple-M4-Pro/Max,block-28.csv
28,sve,tp,sqrdmulh,sqrdmulh,32,65536,4.56201172,0.14256287,1000,4510000000.0,CLOCK_UPTIME_RAW,advertised-pcore-max:Apple-M4-Pro/Max,block-28.csv
28,neon,lat,mls,mls,8,65536,2.99931335,0.37491417,1000,4510000000.0,CLOCK_UPTIME_RAW,advertised-pcore-max:Apple-M4-Pro/Max,block-28.csv
28,neon,tp,mls,mls,8,65536,0.4329834,0.05412292,1000,4510000000.0,CLOCK_UPTIME_RAW,advertised-pcore-max:Apple-M4-Pro/Max,block-28.csv
28,sve,lat,mls,mls,32,65536,9.14407349,0.2857523,1000,4510000000.0,CLOCK_UPTIME_RAW,advertised-pcore-max:Apple-M4-Pro/Max,block-28.csv
28,sve,tp,mls,mls,32,65536,4.55912781,0.14247274,1000,4510000000.0,CLOCK_UPTIME_RAW,advertised-pcore-max:Apple-M4-Pro/Max,block-28.csv
28,neon,lat,smull,smull,4,65536,3.2602005,0.815050125,1000,4510000000.0,CLOCK_UPTIME_RAW,advertised-pcore-max:Apple-M4-Pro/Max,block-28.csv
28,neon,tp,smull,smull,4,65536,0.25234985,0.06308746,1000,4510000000.0,CLOCK_UPTIME_RAW,advertised-pcore-max:Apple-M4-Pro/Max,block-28.csv
28,sve,lat,smull,smullb,16,65536,9.14266205,0.571416375,1000,4510000000.0,CLOCK_UPTIME_RAW,advertised-pcore-max:Apple-M4-Pro/Max,block-28.csv
28,sve,tp,smull,smullb,16,65536,4.55912781,0.28494549,1000,4510000000.0,CLOCK_UPTIME_RAW,advertised-pcore-max:Apple-M4-Pro/Max,block-28.csv
28,neon,lat,smlsl,smlsl,4,65536,2.99925232,0.74981308,1000,4510000000.0,CLOCK_UPTIME_RAW,advertised-pcore-max:Apple-M4-Pro/Max,block-28.csv
28,neon,tp,smlsl,smlsl,4,65536,0.4329834,0.10824585,1000,4510000000.0,CLOCK_UPTIME_RAW,advertised-pcore-max:Apple-M4-Pro/Max,block-28.csv
28,sve,lat,smlsl,smlslb,16,65536,9.14125061,0.57132816,1000,4510000000.0,CLOCK_UPTIME_RAW,advertised-pcore-max:Apple-M4-Pro/Max,block-28.csv
28,sve,tp,smlsl,smlslb,16,65536,4.5691757200000005,0.28557348000000005,1000,4510000000.0,CLOCK_UPTIME_RAW,advertised-pcore-max:Apple-M4-Pro/Max,block-28.csv
28,neon,lat,zip,zip1,8,65536,2.00140381,0.25017548,1000,4510000000.0,CLOCK_UPTIME_RAW,advertised-pcore-max:Apple-M4-Pro/Max,block-28.csv
28,neon,tp,zip,zip1,8,65536,0.24945068,0.03118134,1000,4510000000.0,CLOCK_UPTIME_RAW,advertised-pcore-max:Apple-M4-Pro/Max,block-28.csv
28,sve,lat,zip,zip1,32,65536,3.42076111,0.10689878,1000,4510000000.0,CLOCK_UPTIME_RAW,advertised-pcore-max:Apple-M4-Pro/Max,block-28.csv
28,sve,tp,zip,zip1,32,65536,1.42216492,0.04444265,1000,4510000000.0,CLOCK_UPTIME_RAW,advertised-pcore-max:Apple-M4-Pro/Max,block-28.csv
28,neon,lat,trn,trn1,8,65536,1.99858093,0.24982262,1000,4510000000.0,CLOCK_UPTIME_RAW,advertised-pcore-max:Apple-M4-Pro/Max,block-28.csv
28,neon,tp,trn,trn1,8,65536,0.24945068,0.03118134,1000,4510000000.0,CLOCK_UPTIME_RAW,advertised-pcore-max:Apple-M4-Pro/Max,block-28.csv
28,sve,lat,trn,trn1,32,65536,3.42076111,0.10689878,1000,4510000000.0,CLOCK_UPTIME_RAW,advertised-pcore-max:Apple-M4-Pro/Max,block-28.csv
28,sve,tp,trn,trn1,32,65536,1.42216492,0.04444265,1000,4510000000.0,CLOCK_UPTIME_RAW,advertised-pcore-max:Apple-M4-Pro/Max,block-28.csv
28,neon,lat,uzp,uzp1,8,65536,2.00140381,0.25017548,1000,4510000000.0,CLOCK_UPTIME_RAW,advertised-pcore-max:Apple-M4-Pro/Max,block-28.csv
28,neon,tp,uzp,uzp1,8,65536,0.24945068,0.03118134,1000,4510000000.0,CLOCK_UPTIME_RAW,advertised-pcore-max:Apple-M4-Pro/Max,block-28.csv
28,sve,lat,uzp,uzp1,32,65536,3.42076111,0.10689878,1000,4510000000.0,CLOCK_UPTIME_RAW,advertised-pcore-max:Apple-M4-Pro/Max,block-28.csv
28,sve,tp,uzp,uzp1,32,65536,1.403549195,0.04386091,1000,4510000000.0,CLOCK_UPTIME_RAW,advertised-pcore-max:Apple-M4-Pro/Max,block-28.csv
28,neon,lat,ld1,ld1,8,65536,0.38137817,0.04767227,1000,4510000000.0,CLOCK_UPTIME_RAW,advertised-pcore-max:Apple-M4-Pro/Max,block-28.csv
28,neon,tp,ld1,ld1,8,65536,0.33265686,0.04158211,1000,4510000000.0,CLOCK_UPTIME_RAW,advertised-pcore-max:Apple-M4-Pro/Max,block-28.csv
28,sve,lat,ld1,ld1h,32,65536,2.64656067,0.08270502,1000,4510000000.0,CLOCK_UPTIME_RAW,advertised-pcore-max:Apple-M4-Pro/Max,block-28.csv
28,sve,tp,ld1,ld1h,32,65536,2.64656067,0.08270502,1000,4510000000.0,CLOCK_UPTIME_RAW,advertised-pcore-max:Apple-M4-Pro/Max,block-28.csv
28,neon,lat,ld2,ld2,16,65536,1.00073242,0.06254578,1000,4510000000.0,CLOCK_UPTIME_RAW,advertised-pcore-max:Apple-M4-Pro/Max,block-28.csv
28,neon,tp,ld2,ld2,16,65536,1.00073242,0.06254578,1000,4510000000.0,CLOCK_UPTIME_RAW,advertised-pcore-max:Apple-M4-Pro/Max,block-28.csv
28,sve,lat,ld2,ld2h,64,65536,4.94622803,0.07728481,1000,4510000000.0,CLOCK_UPTIME_RAW,advertised-pcore-max:Apple-M4-Pro/Max,block-28.csv
28,sve,tp,ld2,ld2h,64,65536,5.02653503,0.07853961,1000,4510000000.0,CLOCK_UPTIME_RAW,advertised-pcore-max:Apple-M4-Pro/Max,block-28.csv
28,neon,lat,st1,st1,8,65536,0.57633972,0.07204247,1000,4510000000.0,CLOCK_UPTIME_RAW,advertised-pcore-max:Apple-M4-Pro/Max,block-28.csv
28,neon,tp,st1,st1,8,65536,0.57351685,0.07168961,1000,4510000000.0,CLOCK_UPTIME_RAW,advertised-pcore-max:Apple-M4-Pro/Max,block-28.csv
28,sve,lat,st1,st1h,32,65536,37.02646637,1.1570770750000001,1000,4510000000.0,CLOCK_UPTIME_RAW,advertised-pcore-max:Apple-M4-Pro/Max,block-28.csv
28,sve,tp,st1,st1h,32,65536,38.03437042,1.188574075,1000,4510000000.0,CLOCK_UPTIME_RAW,advertised-pcore-max:Apple-M4-Pro/Max,block-28.csv
28,sve,lat,mova_h,mova h-store,32,65536,2.63803101,0.08243847,1000,4510000000.0,CLOCK_UPTIME_RAW,advertised-pcore-max:Apple-M4-Pro/Max,block-28.csv
28,sve,tp,mova_h,mova h-store,32,65536,1.42216492,0.04444265,1000,4510000000.0,CLOCK_UPTIME_RAW,advertised-pcore-max:Apple-M4-Pro/Max,block-28.csv
28,sve,lat,mova_v,mova v-load,32,65536,18.41143799,0.575357435,1000,4510000000.0,CLOCK_UPTIME_RAW,advertised-pcore-max:Apple-M4-Pro/Max,block-28.csv
28,sve,tp,mova_v,mova v-load,32,65536,4.55912781,0.14247274,1000,4510000000.0,CLOCK_UPTIME_RAW,advertised-pcore-max:Apple-M4-Pro/Max,block-28.csv
28,sve,tp,mode_switch,smstart+smstop,0,2048,54.13720703,0.0,1000,4510000000.0,CLOCK_UPTIME_RAW,advertised-pcore-max:Apple-M4-Pro/Max,block-28.csv
29,neon,lat,add,add,8,65536,2.00140381,0.25017548,1000,4510000000.0,CLOCK_UPTIME_RAW,advertised-pcore-max:Apple-M4-Pro/Max,block-29.csv
29,neon,tp,add,add,8,65536,0.24945068,0.03118134,1000,4510000000.0,CLOCK_UPTIME_RAW,advertised-pcore-max:Apple-M4-Pro/Max,block-29.csv
29,sve,lat,add,add,32,65536,3.42076111,0.10689878,1000,4510000000.0,CLOCK_UPTIME_RAW,advertised-pcore-max:Apple-M4-Pro/Max,block-29.csv
29,sve,tp,add,add,32,65536,1.42216492,0.04444265,1000,4510000000.0,CLOCK_UPTIME_RAW,advertised-pcore-max:Apple-M4-Pro/Max,block-29.csv
29,neon,lat,sub,sub,8,65536,1.99858093,0.24982262,1000,4510000000.0,CLOCK_UPTIME_RAW,advertised-pcore-max:Apple-M4-Pro/Max,block-29.csv
29,neon,tp,sub,sub,8,65536,0.24945068,0.03118134,1000,4510000000.0,CLOCK_UPTIME_RAW,advertised-pcore-max:Apple-M4-Pro/Max,block-29.csv
29,sve,lat,sub,sub,32,65536,3.42082214,0.10690069,1000,4510000000.0,CLOCK_UPTIME_RAW,advertised-pcore-max:Apple-M4-Pro/Max,block-29.csv
29,sve,tp,sub,sub,32,65536,1.42216492,0.04444265,1000,4510000000.0,CLOCK_UPTIME_RAW,advertised-pcore-max:Apple-M4-Pro/Max,block-29.csv
29,neon,lat,mul,mul,8,65536,2.99931335,0.37491417,1000,4510000000.0,CLOCK_UPTIME_RAW,advertised-pcore-max:Apple-M4-Pro/Max,block-29.csv
29,neon,tp,mul,mul,8,65536,0.24945068,0.03118134,1000,4510000000.0,CLOCK_UPTIME_RAW,advertised-pcore-max:Apple-M4-Pro/Max,block-29.csv
29,sve,lat,mul,mul,32,65536,9.14117432,0.2856617,1000,4510000000.0,CLOCK_UPTIME_RAW,advertised-pcore-max:Apple-M4-Pro/Max,block-29.csv
29,sve,tp,mul,mul,32,65536,4.56195068,0.14256096,1000,4510000000.0,CLOCK_UPTIME_RAW,advertised-pcore-max:Apple-M4-Pro/Max,block-29.csv
29,neon,lat,sqrdmulh,sqrdmulh,8,65536,2.99925232,0.37490654,1000,4510000000.0,CLOCK_UPTIME_RAW,advertised-pcore-max:Apple-M4-Pro/Max,block-29.csv
29,neon,tp,sqrdmulh,sqrdmulh,8,65536,0.24945068,0.03118134,1000,4510000000.0,CLOCK_UPTIME_RAW,advertised-pcore-max:Apple-M4-Pro/Max,block-29.csv
29,sve,lat,sqrdmulh,sqrdmulh,32,65536,9.14125061,0.28566408,1000,4510000000.0,CLOCK_UPTIME_RAW,advertised-pcore-max:Apple-M4-Pro/Max,block-29.csv
29,sve,tp,sqrdmulh,sqrdmulh,32,65536,4.55912781,0.14247274,1000,4510000000.0,CLOCK_UPTIME_RAW,advertised-pcore-max:Apple-M4-Pro/Max,block-29.csv
29,neon,lat,mls,mls,8,65536,2.99925232,0.37490654,1000,4510000000.0,CLOCK_UPTIME_RAW,advertised-pcore-max:Apple-M4-Pro/Max,block-29.csv
29,neon,tp,mls,mls,8,65536,0.4329834,0.05412292,1000,4510000000.0,CLOCK_UPTIME_RAW,advertised-pcore-max:Apple-M4-Pro/Max,block-29.csv
29,sve,lat,mls,mls,32,65536,9.14407349,0.2857523,1000,4510000000.0,CLOCK_UPTIME_RAW,advertised-pcore-max:Apple-M4-Pro/Max,block-29.csv
29,sve,tp,mls,mls,32,65536,4.55912781,0.14247274,1000,4510000000.0,CLOCK_UPTIME_RAW,advertised-pcore-max:Apple-M4-Pro/Max,block-29.csv
29,neon,lat,smull,smull,4,65536,2.99931335,0.74982834,1000,4510000000.0,CLOCK_UPTIME_RAW,advertised-pcore-max:Apple-M4-Pro/Max,block-29.csv
29,neon,tp,smull,smull,4,65536,0.24945068,0.06236267,1000,4510000000.0,CLOCK_UPTIME_RAW,advertised-pcore-max:Apple-M4-Pro/Max,block-29.csv
29,sve,lat,smull,smullb,16,65536,9.14407349,0.57150459,1000,4510000000.0,CLOCK_UPTIME_RAW,advertised-pcore-max:Apple-M4-Pro/Max,block-29.csv
29,sve,tp,smull,smullb,16,65536,4.56201172,0.28512573,1000,4510000000.0,CLOCK_UPTIME_RAW,advertised-pcore-max:Apple-M4-Pro/Max,block-29.csv
29,neon,lat,smlsl,smlsl,4,65536,2.99931335,0.74982834,1000,4510000000.0,CLOCK_UPTIME_RAW,advertised-pcore-max:Apple-M4-Pro/Max,block-29.csv
29,neon,tp,smlsl,smlsl,4,65536,0.4329834,0.10824585,1000,4510000000.0,CLOCK_UPTIME_RAW,advertised-pcore-max:Apple-M4-Pro/Max,block-29.csv
29,sve,lat,smlsl,smlslb,16,65536,9.14407349,0.57150459,1000,4510000000.0,CLOCK_UPTIME_RAW,advertised-pcore-max:Apple-M4-Pro/Max,block-29.csv
29,sve,tp,smlsl,smlslb,16,65536,4.55912781,0.28494549,1000,4510000000.0,CLOCK_UPTIME_RAW,advertised-pcore-max:Apple-M4-Pro/Max,block-29.csv
29,neon,lat,zip,zip1,8,65536,1.99858093,0.24982262,1000,4510000000.0,CLOCK_UPTIME_RAW,advertised-pcore-max:Apple-M4-Pro/Max,block-29.csv
29,neon,tp,zip,zip1,8,65536,0.24945068,0.03118134,1000,4510000000.0,CLOCK_UPTIME_RAW,advertised-pcore-max:Apple-M4-Pro/Max,block-29.csv
29,sve,lat,zip,zip1,32,65536,3.42076111,0.10689878,1000,4510000000.0,CLOCK_UPTIME_RAW,advertised-pcore-max:Apple-M4-Pro/Max,block-29.csv
29,sve,tp,zip,zip1,32,65536,1.42216492,0.04444265,1000,4510000000.0,CLOCK_UPTIME_RAW,advertised-pcore-max:Apple-M4-Pro/Max,block-29.csv
29,neon,lat,trn,trn1,8,65536,1.99858093,0.24982262,1000,4510000000.0,CLOCK_UPTIME_RAW,advertised-pcore-max:Apple-M4-Pro/Max,block-29.csv
29,neon,tp,trn,trn1,8,65536,0.24945068,0.03118134,1000,4510000000.0,CLOCK_UPTIME_RAW,advertised-pcore-max:Apple-M4-Pro/Max,block-29.csv
29,sve,lat,trn,trn1,32,65536,3.42082214,0.10690069,1000,4510000000.0,CLOCK_UPTIME_RAW,advertised-pcore-max:Apple-M4-Pro/Max,block-29.csv
29,sve,tp,trn,trn1,32,65536,1.42224121,0.04444504,1000,4510000000.0,CLOCK_UPTIME_RAW,advertised-pcore-max:Apple-M4-Pro/Max,block-29.csv
29,neon,lat,uzp,uzp1,8,65536,2.04159546,0.25519943,1000,4510000000.0,CLOCK_UPTIME_RAW,advertised-pcore-max:Apple-M4-Pro/Max,block-29.csv
29,neon,tp,uzp,uzp1,8,65536,0.25517273,0.03189659,1000,4510000000.0,CLOCK_UPTIME_RAW,advertised-pcore-max:Apple-M4-Pro/Max,block-29.csv
29,sve,lat,uzp,uzp1,32,65536,3.4838562,0.10887051,1000,4510000000.0,CLOCK_UPTIME_RAW,advertised-pcore-max:Apple-M4-Pro/Max,block-29.csv
29,sve,tp,uzp,uzp1,32,65536,1.4207534800000001,0.044398545,1000,4510000000.0,CLOCK_UPTIME_RAW,advertised-pcore-max:Apple-M4-Pro/Max,block-29.csv
29,neon,lat,ld1,ld1,8,65536,0.38420105,0.04802513,1000,4510000000.0,CLOCK_UPTIME_RAW,advertised-pcore-max:Apple-M4-Pro/Max,block-29.csv
29,neon,tp,ld1,ld1,8,65536,0.33547974,0.04193497,1000,4510000000.0,CLOCK_UPTIME_RAW,advertised-pcore-max:Apple-M4-Pro/Max,block-29.csv
29,sve,lat,ld1,ld1h,32,65536,2.83291626,0.08852863,1000,4510000000.0,CLOCK_UPTIME_RAW,advertised-pcore-max:Apple-M4-Pro/Max,block-29.csv
29,sve,tp,ld1,ld1h,32,65536,2.70106506,0.08440828,1000,4510000000.0,CLOCK_UPTIME_RAW,advertised-pcore-max:Apple-M4-Pro/Max,block-29.csv
29,neon,lat,ld2,ld2,16,65536,1.0035553,0.06272221,1000,4510000000.0,CLOCK_UPTIME_RAW,advertised-pcore-max:Apple-M4-Pro/Max,block-29.csv
29,neon,tp,ld2,ld2,16,65536,1.00073242,0.06254578,1000,4510000000.0,CLOCK_UPTIME_RAW,advertised-pcore-max:Apple-M4-Pro/Max,block-29.csv
29,sve,lat,ld2,ld2h,64,65536,4.94911194,0.07732987,1000,4510000000.0,CLOCK_UPTIME_RAW,advertised-pcore-max:Apple-M4-Pro/Max,block-29.csv
29,sve,tp,ld2,ld2h,64,65536,4.94622803,0.07728481,1000,4510000000.0,CLOCK_UPTIME_RAW,advertised-pcore-max:Apple-M4-Pro/Max,block-29.csv
29,neon,lat,st1,st1,8,65536,0.57351685,0.07168961,1000,4510000000.0,CLOCK_UPTIME_RAW,advertised-pcore-max:Apple-M4-Pro/Max,block-29.csv
29,neon,tp,st1,st1,8,65536,0.5017395,0.06271744,1000,4510000000.0,CLOCK_UPTIME_RAW,advertised-pcore-max:Apple-M4-Pro/Max,block-29.csv
29,sve,lat,st1,st1h,32,65536,8.16053772,0.2550168,1000,4510000000.0,CLOCK_UPTIME_RAW,advertised-pcore-max:Apple-M4-Pro/Max,block-29.csv
29,sve,tp,st1,st1h,32,65536,8.15200806,0.25475025,1000,4510000000.0,CLOCK_UPTIME_RAW,advertised-pcore-max:Apple-M4-Pro/Max,block-29.csv
29,sve,lat,mova_h,mova h-store,32,65536,2.63803101,0.08243847,1000,4510000000.0,CLOCK_UPTIME_RAW,advertised-pcore-max:Apple-M4-Pro/Max,block-29.csv
29,sve,tp,mova_h,mova h-store,32,65536,1.42216492,0.04444265,1000,4510000000.0,CLOCK_UPTIME_RAW,advertised-pcore-max:Apple-M4-Pro/Max,block-29.csv
29,sve,lat,mova_v,mova v-load,32,65536,18.64654541,0.58270454,1000,4510000000.0,CLOCK_UPTIME_RAW,advertised-pcore-max:Apple-M4-Pro/Max,block-29.csv
29,sve,tp,mova_v,mova v-load,32,65536,4.64233398,0.14507294,1000,4510000000.0,CLOCK_UPTIME_RAW,advertised-pcore-max:Apple-M4-Pro/Max,block-29.csv
29,sve,tp,mode_switch,smstart+smstop,0,2048,51.47509766,0.0,1000,4510000000.0,CLOCK_UPTIME_RAW,advertised-pcore-max:Apple-M4-Pro/Max,block-29.csv
30,neon,lat,add,add,8,65536,1.99858093,0.24982262,1000,4510000000.0,CLOCK_UPTIME_RAW,advertised-pcore-max:Apple-M4-Pro/Max,block-30.csv
30,neon,tp,add,add,8,65536,0.25227356,0.03153419,1000,4510000000.0,CLOCK_UPTIME_RAW,advertised-pcore-max:Apple-M4-Pro/Max,block-30.csv
30,sve,lat,add,add,32,65536,3.42076111,0.10689878,1000,4510000000.0,CLOCK_UPTIME_RAW,advertised-pcore-max:Apple-M4-Pro/Max,block-30.csv
30,sve,tp,add,add,32,65536,1.42216492,0.04444265,1000,4510000000.0,CLOCK_UPTIME_RAW,advertised-pcore-max:Apple-M4-Pro/Max,block-30.csv
30,neon,lat,sub,sub,8,65536,1.99858093,0.24982262,1000,4510000000.0,CLOCK_UPTIME_RAW,advertised-pcore-max:Apple-M4-Pro/Max,block-30.csv
30,neon,tp,sub,sub,8,65536,0.24945068,0.03118134,1000,4510000000.0,CLOCK_UPTIME_RAW,advertised-pcore-max:Apple-M4-Pro/Max,block-30.csv
30,sve,lat,sub,sub,32,65536,3.42076111,0.10689878,1000,4510000000.0,CLOCK_UPTIME_RAW,advertised-pcore-max:Apple-M4-Pro/Max,block-30.csv
30,sve,tp,sub,sub,32,65536,1.42216492,0.04444265,1000,4510000000.0,CLOCK_UPTIME_RAW,advertised-pcore-max:Apple-M4-Pro/Max,block-30.csv
30,neon,lat,mul,mul,8,65536,2.99925232,0.37490654,1000,4510000000.0,CLOCK_UPTIME_RAW,advertised-pcore-max:Apple-M4-Pro/Max,block-30.csv
30,neon,tp,mul,mul,8,65536,0.24945068,0.03118134,1000,4510000000.0,CLOCK_UPTIME_RAW,advertised-pcore-max:Apple-M4-Pro/Max,block-30.csv
30,sve,lat,mul,mul,32,65536,9.14117432,0.2856617,1000,4510000000.0,CLOCK_UPTIME_RAW,advertised-pcore-max:Apple-M4-Pro/Max,block-30.csv
30,sve,tp,mul,mul,32,65536,4.56195068,0.14256096,1000,4510000000.0,CLOCK_UPTIME_RAW,advertised-pcore-max:Apple-M4-Pro/Max,block-30.csv
30,neon,lat,sqrdmulh,sqrdmulh,8,65536,2.99925232,0.37490654,1000,4510000000.0,CLOCK_UPTIME_RAW,advertised-pcore-max:Apple-M4-Pro/Max,block-30.csv
30,neon,tp,sqrdmulh,sqrdmulh,8,65536,0.24945068,0.03118134,1000,4510000000.0,CLOCK_UPTIME_RAW,advertised-pcore-max:Apple-M4-Pro/Max,block-30.csv
30,sve,lat,sqrdmulh,sqrdmulh,32,65536,9.14125061,0.28566408,1000,4510000000.0,CLOCK_UPTIME_RAW,advertised-pcore-max:Apple-M4-Pro/Max,block-30.csv
30,sve,tp,sqrdmulh,sqrdmulh,32,65536,4.56195068,0.14256096,1000,4510000000.0,CLOCK_UPTIME_RAW,advertised-pcore-max:Apple-M4-Pro/Max,block-30.csv
30,neon,lat,mls,mls,8,65536,2.99925232,0.37490654,1000,4510000000.0,CLOCK_UPTIME_RAW,advertised-pcore-max:Apple-M4-Pro/Max,block-30.csv
30,neon,tp,mls,mls,8,65536,0.4329834,0.05412292,1000,4510000000.0,CLOCK_UPTIME_RAW,advertised-pcore-max:Apple-M4-Pro/Max,block-30.csv
30,sve,lat,mls,mls,32,65536,9.14407349,0.2857523,1000,4510000000.0,CLOCK_UPTIME_RAW,advertised-pcore-max:Apple-M4-Pro/Max,block-30.csv
30,sve,tp,mls,mls,32,65536,4.56195068,0.14256096,1000,4510000000.0,CLOCK_UPTIME_RAW,advertised-pcore-max:Apple-M4-Pro/Max,block-30.csv
30,neon,lat,smull,smull,4,65536,2.99925232,0.74981308,1000,4510000000.0,CLOCK_UPTIME_RAW,advertised-pcore-max:Apple-M4-Pro/Max,block-30.csv
30,neon,tp,smull,smull,4,65536,0.24945068,0.06236267,1000,4510000000.0,CLOCK_UPTIME_RAW,advertised-pcore-max:Apple-M4-Pro/Max,block-30.csv
30,sve,lat,smull,smullb,16,65536,9.14407349,0.57150459,1000,4510000000.0,CLOCK_UPTIME_RAW,advertised-pcore-max:Apple-M4-Pro/Max,block-30.csv
30,sve,tp,smull,smullb,16,65536,4.56195068,0.28512192,1000,4510000000.0,CLOCK_UPTIME_RAW,advertised-pcore-max:Apple-M4-Pro/Max,block-30.csv
30,neon,lat,smlsl,smlsl,4,65536,2.99925232,0.74981308,1000,4510000000.0,CLOCK_UPTIME_RAW,advertised-pcore-max:Apple-M4-Pro/Max,block-30.csv
30,neon,tp,smlsl,smlsl,4,65536,0.4329834,0.10824585,1000,4510000000.0,CLOCK_UPTIME_RAW,advertised-pcore-max:Apple-M4-Pro/Max,block-30.csv
30,sve,lat,smlsl,smlslb,16,65536,9.14407349,0.57150459,1000,4510000000.0,CLOCK_UPTIME_RAW,advertised-pcore-max:Apple-M4-Pro/Max,block-30.csv
30,sve,tp,smlsl,smlslb,16,65536,4.55912781,0.28494549,1000,4510000000.0,CLOCK_UPTIME_RAW,advertised-pcore-max:Apple-M4-Pro/Max,block-30.csv
30,neon,lat,zip,zip1,8,65536,1.99858093,0.24982262,1000,4510000000.0,CLOCK_UPTIME_RAW,advertised-pcore-max:Apple-M4-Pro/Max,block-30.csv
30,neon,tp,zip,zip1,8,65536,0.24945068,0.03118134,1000,4510000000.0,CLOCK_UPTIME_RAW,advertised-pcore-max:Apple-M4-Pro/Max,block-30.csv
30,sve,lat,zip,zip1,32,65536,3.42076111,0.10689878,1000,4510000000.0,CLOCK_UPTIME_RAW,advertised-pcore-max:Apple-M4-Pro/Max,block-30.csv
30,sve,tp,zip,zip1,32,65536,1.42216492,0.04444265,1000,4510000000.0,CLOCK_UPTIME_RAW,advertised-pcore-max:Apple-M4-Pro/Max,block-30.csv
30,neon,lat,trn,trn1,8,65536,1.99858093,0.24982262,1000,4510000000.0,CLOCK_UPTIME_RAW,advertised-pcore-max:Apple-M4-Pro/Max,block-30.csv
30,neon,tp,trn,trn1,8,65536,0.24945068,0.03118134,1000,4510000000.0,CLOCK_UPTIME_RAW,advertised-pcore-max:Apple-M4-Pro/Max,block-30.csv
30,sve,lat,trn,trn1,32,65536,3.42076111,0.10689878,1000,4510000000.0,CLOCK_UPTIME_RAW,advertised-pcore-max:Apple-M4-Pro/Max,block-30.csv
30,sve,tp,trn,trn1,32,65536,1.403549195,0.04386091,1000,4510000000.0,CLOCK_UPTIME_RAW,advertised-pcore-max:Apple-M4-Pro/Max,block-30.csv
30,neon,lat,uzp,uzp1,8,65536,1.99858093,0.24982262,1000,4510000000.0,CLOCK_UPTIME_RAW,advertised-pcore-max:Apple-M4-Pro/Max,block-30.csv
30,neon,tp,uzp,uzp1,8,65536,0.24945068,0.03118134,1000,4510000000.0,CLOCK_UPTIME_RAW,advertised-pcore-max:Apple-M4-Pro/Max,block-30.csv
30,sve,lat,uzp,uzp1,32,65536,3.42076111,0.10689878,1000,4510000000.0,CLOCK_UPTIME_RAW,advertised-pcore-max:Apple-M4-Pro/Max,block-30.csv
30,sve,tp,uzp,uzp1,32,65536,1.399253845,0.043726680000000004,1000,4510000000.0,CLOCK_UPTIME_RAW,advertised-pcore-max:Apple-M4-Pro/Max,block-30.csv
30,neon,lat,ld1,ld1,8,65536,0.38420105,0.04802513,1000,4510000000.0,CLOCK_UPTIME_RAW,advertised-pcore-max:Apple-M4-Pro/Max,block-30.csv
30,neon,tp,ld1,ld1,8,65536,0.33265686,0.04158211,1000,4510000000.0,CLOCK_UPTIME_RAW,advertised-pcore-max:Apple-M4-Pro/Max,block-30.csv
30,sve,lat,ld1,ld1h,32,65536,2.64656067,0.08270502,1000,4510000000.0,CLOCK_UPTIME_RAW,advertised-pcore-max:Apple-M4-Pro/Max,block-30.csv
30,sve,tp,ld1,ld1h,32,65536,2.64656067,0.08270502,1000,4510000000.0,CLOCK_UPTIME_RAW,advertised-pcore-max:Apple-M4-Pro/Max,block-30.csv
30,neon,lat,ld2,ld2,16,65536,1.00643921,0.06290245,1000,4510000000.0,CLOCK_UPTIME_RAW,advertised-pcore-max:Apple-M4-Pro/Max,block-30.csv
30,neon,tp,ld2,ld2,16,65536,1.00073242,0.06254578,1000,4510000000.0,CLOCK_UPTIME_RAW,advertised-pcore-max:Apple-M4-Pro/Max,block-30.csv
30,sve,lat,ld2,ld2h,64,65536,4.94622803,0.07728481,1000,4510000000.0,CLOCK_UPTIME_RAW,advertised-pcore-max:Apple-M4-Pro/Max,block-30.csv
30,sve,tp,ld2,ld2h,64,65536,4.94340515,0.07724071,1000,4510000000.0,CLOCK_UPTIME_RAW,advertised-pcore-max:Apple-M4-Pro/Max,block-30.csv
30,neon,lat,st1,st1,8,65536,0.57351685,0.07168961,1000,4510000000.0,CLOCK_UPTIME_RAW,advertised-pcore-max:Apple-M4-Pro/Max,block-30.csv
30,neon,tp,st1,st1,8,65536,0.49891663,0.06236458,1000,4510000000.0,CLOCK_UPTIME_RAW,advertised-pcore-max:Apple-M4-Pro/Max,block-30.csv
30,sve,lat,st1,st1h,32,65536,8.1820755,0.25568986,1000,4510000000.0,CLOCK_UPTIME_RAW,advertised-pcore-max:Apple-M4-Pro/Max,block-30.csv
30,sve,tp,st1,st1h,32,65536,37.00358582,1.15636206,1000,4510000000.0,CLOCK_UPTIME_RAW,advertised-pcore-max:Apple-M4-Pro/Max,block-30.csv
30,sve,lat,mova_h,mova h-store,32,65536,2.64085388,0.08252668,1000,4510000000.0,CLOCK_UPTIME_RAW,advertised-pcore-max:Apple-M4-Pro/Max,block-30.csv
30,sve,tp,mova_h,mova h-store,32,65536,1.42216492,0.04444265,1000,4510000000.0,CLOCK_UPTIME_RAW,advertised-pcore-max:Apple-M4-Pro/Max,block-30.csv
30,sve,lat,mova_v,mova v-load,32,65536,18.31106567,0.5722208,1000,4510000000.0,CLOCK_UPTIME_RAW,advertised-pcore-max:Apple-M4-Pro/Max,block-30.csv
30,sve,tp,mova_v,mova v-load,32,65536,4.55912781,0.14247274,1000,4510000000.0,CLOCK_UPTIME_RAW,advertised-pcore-max:Apple-M4-Pro/Max,block-30.csv
30,sve,tp,mode_switch,smstart+smstop,0,2048,51.47509766,0.0,1000,4510000000.0,CLOCK_UPTIME_RAW,advertised-pcore-max:Apple-M4-Pro/Max,block-30.csv
