block,stage,paramset,operation,median,p25,p75,iqr,n,source
1,S1,ML-KEM-768,KeyGen,64457.0,62202.0,65205.0,3003.0,10000,block-01-s1.csv
1,S1,ML-KEM-768,Encaps,88135.0,78735.0,89257.0,10522.0,10000,block-01-s1.csv
1,S1,ML-KEM-768,Decaps,87002.0,84941.0,88698.0,3757.0,10000,block-01-s1.csv
1,S1,ML-KEM-768,NTT,1555.0,1531.0,1602.0,71.0,10000,block-01-s1.csv
1,S1,ML-KEM-768,INVNTT,1118.0,1106.0,1121.0,15.0,10000,block-01-s1.csv
1,S1,ML-KEM-768,BaseMulAcc,930.0,913.0,952.0,39.0,10000,block-01-s1.csv
1,S1,ML-KEM-768,MatrixVectorMul,9345.0,9145.0,9681.0,536.0,10000,block-01-s1.csv
1,S1,ML-KEM-768,InnerProdEnc,1475.0,1473.0,1507.0,34.0,10000,block-01-s1.csv
1,S1,ML-KEM-768,InnerProdDec,5992.0,5855.0,6302.0,447.0,10000,block-01-s1.csv
1,S2,ML-KEM-768,KeyGen,61449.0,59947.0,62013.0,2066.0,10000,block-01-s2.csv
1,S2,ML-KEM-768,Encaps,87007.0,85690.0,87756.0,2066.0,10000,block-01-s2.csv
1,S2,ML-KEM-768,Decaps,84373.0,82492.0,86254.0,3762.0,10000,block-01-s2.csv
1,S2,ML-KEM-768,NTT,1114.0,1101.0,1133.0,32.0,10000,block-01-s2.csv
1,S2,ML-KEM-768,INVNTT,1116.0,1104.0,1127.0,23.0,10000,block-01-s2.csv
1,S2,ML-KEM-768,BaseMulAcc,913.0,911.0,930.0,19.0,10000,block-01-s2.csv
1,S2,ML-KEM-768,MatrixVectorMul,7990.0,7849.0,8264.0,415.0,10000,block-01-s2.csv
1,S2,ML-KEM-768,InnerProdEnc,1473.0,1473.0,1480.0,7.0,10000,block-01-s2.csv
1,S2,ML-KEM-768,InnerProdDec,4559.0,4543.0,4835.0,292.0,10000,block-01-s2.csv
1,S3,ML-KEM-768,KeyGen,60885.0,59383.0,61638.0,2255.0,10000,block-01-s3.csv
1,S3,ML-KEM-768,Encaps,86817.0,84937.0,87571.0,2634.0,10000,block-01-s3.csv
1,S3,ML-KEM-768,Decaps,84937.0,82497.0,86064.0,3567.0,10000,block-01-s3.csv
1,S3,ML-KEM-768,NTT,1059.0,1048.0,1076.0,28.0,10000,block-01-s3.csv
1,S3,ML-KEM-768,INVNTT,1116.0,1106.0,1121.0,15.0,10000,block-01-s3.csv
1,S3,ML-KEM-768,BaseMulAcc,911.0,911.0,915.0,4.0,10000,block-01-s3.csv
1,S3,ML-KEM-768,MatrixVectorMul,7813.0,7689.0,8074.0,385.0,10000,block-01-s3.csv
1,S3,ML-KEM-768,InnerProdEnc,1473.0,1473.0,1482.0,9.0,10000,block-01-s3.csv
1,S3,ML-KEM-768,InnerProdDec,4401.0,4384.0,4681.0,297.0,10000,block-01-s3.csv
1,S4,ML-KEM-768,KeyGen,61823.0,60136.0,62387.0,2251.0,10000,block-01-s4.csv
1,S4,ML-KEM-768,Encaps,87191.0,85690.0,87756.0,2066.0,10000,block-01-s4.csv
1,S4,ML-KEM-768,Decaps,84747.0,82682.0,86628.0,3946.0,10000,block-01-s4.csv
1,S4,ML-KEM-768,NTT,1180.0,1170.0,1185.0,15.0,10000,block-01-s4.csv
1,S4,ML-KEM-768,INVNTT,1084.0,1080.0,1106.0,26.0,10000,block-01-s4.csv
1,S4,ML-KEM-768,BaseMulAcc,911.0,911.0,915.0,4.0,10000,block-01-s4.csv
1,S4,ML-KEM-768,MatrixVectorMul,8093.0,7947.0,8381.0,434.0,10000,block-01-s4.csv
1,S4,ML-KEM-768,InnerProdEnc,1529.0,1527.0,1552.0,25.0,10000,block-01-s4.csv
1,S4,ML-KEM-768,InnerProdDec,4814.0,4733.0,5058.0,325.0,10000,block-01-s4.csv
1,S5,ML-KEM-768,KeyGen,62013.0,60321.0,63329.0,3008.0,10000,block-01-s5.csv
1,S5,ML-KEM-768,Encaps,87007.0,85501.0,87761.0,2260.0,10000,block-01-s5.csv
1,S5,ML-KEM-768,Decaps,85311.0,82871.0,86632.0,3761.0,10000,block-01-s5.csv
1,S5,ML-KEM-768,NTT,1174.0,1170.0,1187.0,17.0,10000,block-01-s5.csv
1,S5,ML-KEM-768,INVNTT,1080.0,1073.0,1084.0,11.0,10000,block-01-s5.csv
1,S5,ML-KEM-768,BaseMulAcc,911.0,911.0,915.0,4.0,10000,block-01-s5.csv
1,S5,ML-KEM-768,MatrixVectorMul,8096.0,7954.0,8396.0,442.0,10000,block-01-s5.csv
1,S5,ML-KEM-768,InnerProdEnc,1529.0,1527.0,1533.0,6.0,10000,block-01-s5.csv
1,S5,ML-KEM-768,InnerProdDec,4831.0,4743.0,5034.0,291.0,10000,block-01-s5.csv
2,S1,ML-KEM-768,KeyGen,64452.0,62202.0,65205.0,3003.0,10000,block-02-s1.csv
2,S1,ML-KEM-768,Encaps,87945.0,77423.0,88883.0,11460.0,10000,block-02-s1.csv
2,S1,ML-KEM-768,Decaps,87002.0,84937.0,88698.0,3761.0,10000,block-02-s1.csv
2,S1,ML-KEM-768,NTT,1555.0,1529.0,1563.0,34.0,10000,block-02-s1.csv
2,S1,ML-KEM-768,INVNTT,1116.0,1106.0,1120.0,14.0,10000,block-02-s1.csv
2,S1,ML-KEM-768,BaseMulAcc,911.0,911.0,915.0,4.0,10000,block-02-s1.csv
2,S1,ML-KEM-768,MatrixVectorMul,9346.0,9144.0,9690.0,546.0,10000,block-02-s1.csv
2,S1,ML-KEM-768,InnerProdEnc,1477.0,1473.0,1507.0,34.0,10000,block-02-s1.csv
2,S1,ML-KEM-768,InnerProdDec,5990.0,5855.0,6235.0,380.0,10000,block-02-s1.csv
2,S2,ML-KEM-768,KeyGen,61449.0,59947.0,62197.0,2250.0,10000,block-02-s2.csv
2,S2,ML-KEM-768,Encaps,87007.0,83435.0,87945.0,4510.0,10000,block-02-s2.csv
2,S2,ML-KEM-768,Decaps,84189.0,82497.0,86254.0,3757.0,10000,block-02-s2.csv
2,S2,ML-KEM-768,NTT,1112.0,1101.0,1118.0,17.0,10000,block-02-s2.csv
2,S2,ML-KEM-768,INVNTT,1116.0,1106.0,1151.0,45.0,10000,block-02-s2.csv
2,S2,ML-KEM-768,BaseMulAcc,913.0,911.0,917.0,6.0,10000,block-02-s2.csv
2,S2,ML-KEM-768,MatrixVectorMul,8009.0,7854.0,8304.0,450.0,10000,block-02-s2.csv
2,S2,ML-KEM-768,InnerProdEnc,1473.0,1473.0,1480.0,7.0,10000,block-02-s2.csv
2,S2,ML-KEM-768,InnerProdDec,4564.0,4547.0,4844.0,297.0,10000,block-02-s2.csv
2,S3,ML-KEM-768,KeyGen,61074.0,59757.0,61638.0,1881.0,10000,block-02-s3.csv
2,S3,ML-KEM-768,Encaps,86817.0,83060.0,87382.0,4322.0,10000,block-02-s3.csv
2,S3,ML-KEM-768,Decaps,85316.0,82872.0,86254.0,3382.0,10000,block-02-s3.csv
2,S3,ML-KEM-768,NTT,1059.0,1048.0,1063.0,15.0,10000,block-02-s3.csv
2,S3,ML-KEM-768,INVNTT,1114.0,1104.0,1120.0,16.0,10000,block-02-s3.csv
2,S3,ML-KEM-768,BaseMulAcc,911.0,911.0,915.0,4.0,10000,block-02-s3.csv
2,S3,ML-KEM-768,MatrixVectorMul,7837.0,7695.0,8146.0,451.0,10000,block-02-s3.csv
2,S3,ML-KEM-768,InnerProdEnc,1473.0,1473.0,1478.0,5.0,10000,block-02-s3.csv
2,S3,ML-KEM-768,InnerProdDec,4496.0,4389.0,4769.0,380.0,10000,block-02-s3.csv
2,S4,ML-KEM-768,KeyGen,61828.0,60321.0,62576.0,2255.0,10000,block-02-s4.csv
2,S4,ML-KEM-768,Encaps,87007.0,85690.0,87945.0,2255.0,10000,block-02-s4.csv
2,S4,ML-KEM-768,Decaps,84752.0,82682.0,86628.0,3946.0,10000,block-02-s4.csv
2,S4,ML-KEM-768,NTT,1178.0,1168.0,1185.0,17.0,10000,block-02-s4.csv
2,S4,ML-KEM-768,INVNTT,1082.0,1078.0,1088.0,10.0,10000,block-02-s4.csv
2,S4,ML-KEM-768,BaseMulAcc,913.0,911.0,915.0,4.0,10000,block-02-s4.csv
2,S4,ML-KEM-768,MatrixVectorMul,8112.0,7937.0,8413.0,476.0,10000,block-02-s4.csv
2,S4,ML-KEM-768,InnerProdEnc,1529.0,1527.0,1535.0,8.0,10000,block-02-s4.csv
2,S4,ML-KEM-768,InnerProdDec,4786.0,4731.0,5090.0,359.0,10000,block-02-s4.csv
2,S5,ML-KEM-768,KeyGen,62012.0,60137.0,62577.0,2440.0,10000,block-02-s5.csv
2,S5,ML-KEM-768,Encaps,87007.0,85690.0,87756.0,2066.0,10000,block-02-s5.csv
2,S5,ML-KEM-768,Decaps,84563.0,82682.0,86443.0,3761.0,10000,block-02-s5.csv
2,S5,ML-KEM-768,NTT,1183.0,1172.0,1204.0,32.0,10000,block-02-s5.csv
2,S5,ML-KEM-768,INVNTT,1082.0,1073.0,1125.0,52.0,10000,block-02-s5.csv
2,S5,ML-KEM-768,BaseMulAcc,913.0,911.0,930.0,19.0,10000,block-02-s5.csv
2,S5,ML-KEM-768,MatrixVectorMul,8125.0,7943.0,8382.0,439.0,10000,block-02-s5.csv
2,S5,ML-KEM-768,InnerProdEnc,1529.0,1527.0,1599.0,72.0,10000,block-02-s5.csv
2,S5,ML-KEM-768,InnerProdDec,4752.0,4737.0,5038.0,301.0,10000,block-02-s5.csv
3,S1,ML-KEM-768,KeyGen,64452.0,62202.0,65205.0,3003.0,10000,block-03-s1.csv
3,S1,ML-KEM-768,Encaps,88134.0,78361.0,89258.0,10897.0,10000,block-03-s1.csv
3,S1,ML-KEM-768,Decaps,87007.0,84942.0,88698.0,3756.0,10000,block-03-s1.csv
3,S1,ML-KEM-768,NTT,1557.0,1531.0,1569.0,38.0,10000,block-03-s1.csv
3,S1,ML-KEM-768,INVNTT,1116.0,1104.0,1120.0,16.0,10000,block-03-s1.csv
3,S1,ML-KEM-768,BaseMulAcc,913.0,911.0,915.0,4.0,10000,block-03-s1.csv
3,S1,ML-KEM-768,MatrixVectorMul,9339.0,9142.0,9598.0,456.0,10000,block-03-s1.csv
3,S1,ML-KEM-768,InnerProdEnc,1473.0,1473.0,1501.0,28.0,10000,block-03-s1.csv
3,S1,ML-KEM-768,InnerProdDec,5983.0,5853.0,6297.0,444.0,10000,block-03-s1.csv
3,S2,ML-KEM-768,KeyGen,61448.0,59943.0,62013.0,2070.0,10000,block-03-s2.csv
3,S2,ML-KEM-768,Encaps,87007.0,83060.0,87755.0,4695.0,10000,block-03-s2.csv
3,S2,ML-KEM-768,Decaps,85505.0,83056.0,86628.0,3572.0,10000,block-03-s2.csv
3,S2,ML-KEM-768,NTT,1112.0,1101.0,1133.0,32.0,10000,block-03-s2.csv
3,S2,ML-KEM-768,INVNTT,1118.0,1104.0,1138.0,34.0,10000,block-03-s2.csv
3,S2,ML-KEM-768,BaseMulAcc,913.0,911.0,926.0,15.0,10000,block-03-s2.csv
3,S2,ML-KEM-768,MatrixVectorMul,7999.0,7854.0,8287.0,433.0,10000,block-03-s2.csv
3,S2,ML-KEM-768,InnerProdEnc,1473.0,1473.0,1501.0,28.0,10000,block-03-s2.csv
3,S2,ML-KEM-768,InnerProdDec,4560.0,4545.0,4765.0,220.0,10000,block-03-s2.csv
3,S3,ML-KEM-768,KeyGen,61075.0,59757.0,61823.0,2066.0,10000,block-03-s3.csv
3,S3,ML-KEM-768,Encaps,86817.0,85316.0,87566.0,2250.0,10000,block-03-s3.csv
3,S3,ML-KEM-768,Decaps,83624.0,81934.0,85879.0,3945.0,10000,block-03-s3.csv
3,S3,ML-KEM-768,NTT,1058.0,1048.0,1063.0,15.0,10000,block-03-s3.csv
3,S3,ML-KEM-768,INVNTT,1116.0,1106.0,1123.0,17.0,10000,block-03-s3.csv
3,S3,ML-KEM-768,BaseMulAcc,913.0,911.0,915.0,4.0,10000,block-03-s3.csv
3,S3,ML-KEM-768,MatrixVectorMul,7869.0,7687.0,8185.0,498.0,10000,block-03-s3.csv
3,S3,ML-KEM-768,InnerProdEnc,1473.0,1473.0,1480.0,7.0,10000,block-03-s3.csv
3,S3,ML-KEM-768,InnerProdDec,4419.0,4384.0,4728.0,344.0,10000,block-03-s3.csv
3,S4,ML-KEM-768,KeyGen,61828.0,60137.0,62576.0,2439.0,10000,block-03-s4.csv
3,S4,ML-KEM-768,Encaps,87191.0,84942.0,88135.0,3193.0,10000,block-03-s4.csv
3,S4,ML-KEM-768,Decaps,85500.0,82872.0,86633.0,3761.0,10000,block-03-s4.csv
3,S4,ML-KEM-768,NTT,1180.0,1168.0,1221.0,53.0,10000,block-03-s4.csv
3,S4,ML-KEM-768,INVNTT,1082.0,1072.0,1118.0,46.0,10000,block-03-s4.csv
3,S4,ML-KEM-768,BaseMulAcc,913.0,911.0,932.0,21.0,10000,block-03-s4.csv
3,S4,ML-KEM-768,MatrixVectorMul,8149.0,7956.0,8403.0,447.0,10000,block-03-s4.csv
3,S4,ML-KEM-768,InnerProdEnc,1529.0,1527.0,1584.0,57.0,10000,block-03-s4.csv
3,S4,ML-KEM-768,InnerProdDec,4774.0,4731.0,5017.0,286.0,10000,block-03-s4.csv
3,S5,ML-KEM-768,KeyGen,62012.0,60136.0,62766.0,2630.0,10000,block-03-s5.csv
3,S5,ML-KEM-768,Encaps,87197.0,82871.0,88699.0,5828.0,10000,block-03-s5.csv
3,S5,ML-KEM-768,Decaps,85690.0,83061.0,86818.0,3757.0,10000,block-03-s5.csv
3,S5,ML-KEM-768,NTT,1206.0,1181.0,1242.0,61.0,10000,block-03-s5.csv
3,S5,ML-KEM-768,INVNTT,1086.0,1074.0,1118.0,44.0,10000,block-03-s5.csv
3,S5,ML-KEM-768,BaseMulAcc,911.0,911.0,915.0,4.0,10000,block-03-s5.csv
3,S5,ML-KEM-768,MatrixVectorMul,8129.0,7962.0,8429.0,467.0,10000,block-03-s5.csv
3,S5,ML-KEM-768,InnerProdEnc,1529.0,1527.0,1601.0,74.0,10000,block-03-s5.csv
3,S5,ML-KEM-768,InnerProdDec,4821.0,4741.0,5060.0,319.0,10000,block-03-s5.csv
4,S1,ML-KEM-768,KeyGen,64452.0,62202.0,65021.0,2819.0,10000,block-04-s1.csv
4,S1,ML-KEM-768,Encaps,87760.0,77233.0,88698.0,11465.0,10000,block-04-s1.csv
4,S1,ML-KEM-768,Decaps,85505.0,84752.0,88319.0,3567.0,10000,block-04-s1.csv
4,S1,ML-KEM-768,NTT,1557.0,1533.0,1565.0,32.0,10000,block-04-s1.csv
4,S1,ML-KEM-768,INVNTT,1116.0,1104.0,1120.0,16.0,10000,block-04-s1.csv
4,S1,ML-KEM-768,BaseMulAcc,911.0,911.0,913.0,2.0,10000,block-04-s1.csv
4,S1,ML-KEM-768,MatrixVectorMul,9247.0,9136.0,9405.0,269.0,10000,block-04-s1.csv
4,S1,ML-KEM-768,InnerProdEnc,1473.0,1473.0,1477.0,4.0,10000,block-04-s1.csv
4,S1,ML-KEM-768,InnerProdDec,5859.0,5851.0,6064.0,213.0,10000,block-04-s1.csv
4,S2,ML-KEM-768,KeyGen,61259.0,59942.0,61828.0,1886.0,10000,block-04-s2.csv
4,S2,ML-KEM-768,Encaps,87003.0,85505.0,87571.0,2066.0,10000,block-04-s2.csv
4,S2,ML-KEM-768,Decaps,83246.0,82118.0,86065.0,3947.0,10000,block-04-s2.csv
4,S2,ML-KEM-768,NTT,1114.0,1101.0,1138.0,37.0,10000,block-04-s2.csv
4,S2,ML-KEM-768,INVNTT,1118.0,1106.0,1121.0,15.0,10000,block-04-s2.csv
4,S2,ML-KEM-768,BaseMulAcc,911.0,911.0,915.0,4.0,10000,block-04-s2.csv
4,S2,ML-KEM-768,MatrixVectorMul,7868.0,7845.0,8084.0,239.0,10000,block-04-s2.csv
4,S2,ML-KEM-768,InnerProdEnc,1473.0,1473.0,1475.0,2.0,10000,block-04-s2.csv
4,S2,ML-KEM-768,InnerProdDec,4557.0,4545.0,4739.0,194.0,10000,block-04-s2.csv
4,S3,ML-KEM-768,KeyGen,60885.0,59573.0,61633.0,2060.0,10000,block-04-s3.csv
4,S3,ML-KEM-768,Encaps,86633.0,82686.0,87381.0,4695.0,10000,block-04-s3.csv
4,S3,ML-KEM-768,Decaps,82871.0,81744.0,85690.0,3946.0,10000,block-04-s3.csv
4,S3,ML-KEM-768,NTT,1054.0,1046.0,1061.0,15.0,10000,block-04-s3.csv
4,S3,ML-KEM-768,INVNTT,1118.0,1114.0,1120.0,6.0,10000,block-04-s3.csv
4,S3,ML-KEM-768,BaseMulAcc,911.0,911.0,915.0,4.0,10000,block-04-s3.csv
4,S3,ML-KEM-768,MatrixVectorMul,7697.0,7672.0,7903.0,231.0,10000,block-04-s3.csv
4,S3,ML-KEM-768,InnerProdEnc,1473.0,1473.0,1477.0,4.0,10000,block-04-s3.csv
4,S3,ML-KEM-768,InnerProdDec,4397.0,4384.0,4579.0,195.0,10000,block-04-s3.csv
4,S4,ML-KEM-768,KeyGen,61638.0,60132.0,62386.0,2254.0,10000,block-04-s4.csv
4,S4,ML-KEM-768,Encaps,87007.0,85505.0,87756.0,2251.0,10000,block-04-s4.csv
4,S4,ML-KEM-768,Decaps,83435.0,82307.0,86254.0,3947.0,10000,block-04-s4.csv
4,S4,ML-KEM-768,NTT,1180.0,1168.0,1183.0,15.0,10000,block-04-s4.csv
4,S4,ML-KEM-768,INVNTT,1074.0,1072.0,1082.0,10.0,10000,block-04-s4.csv
4,S4,ML-KEM-768,BaseMulAcc,911.0,911.0,913.0,2.0,10000,block-04-s4.csv
4,S4,ML-KEM-768,MatrixVectorMul,7962.0,7945.0,8170.0,225.0,10000,block-04-s4.csv
4,S4,ML-KEM-768,InnerProdEnc,1529.0,1527.0,1555.0,28.0,10000,block-04-s4.csv
4,S4,ML-KEM-768,InnerProdDec,4741.0,4731.0,4934.0,203.0,10000,block-04-s4.csv
4,S5,ML-KEM-768,KeyGen,61823.0,60136.0,62387.0,2251.0,10000,block-04-s5.csv
4,S5,ML-KEM-768,Encaps,87007.0,85501.0,87571.0,2070.0,10000,block-04-s5.csv
4,S5,ML-KEM-768,Decaps,83435.0,82307.0,86254.0,3947.0,10000,block-04-s5.csv
4,S5,ML-KEM-768,NTT,1185.0,1172.0,1189.0,17.0,10000,block-04-s5.csv
4,S5,ML-KEM-768,INVNTT,1080.0,1073.0,1104.0,31.0,10000,block-04-s5.csv
4,S5,ML-KEM-768,BaseMulAcc,911.0,911.0,913.0,2.0,10000,block-04-s5.csv
4,S5,ML-KEM-768,MatrixVectorMul,7952.0,7933.0,8170.0,237.0,10000,block-04-s5.csv
4,S5,ML-KEM-768,InnerProdEnc,1529.0,1527.0,1531.0,4.0,10000,block-04-s5.csv
4,S5,ML-KEM-768,InnerProdDec,4746.0,4733.0,4936.0,203.0,10000,block-04-s5.csv
5,S1,ML-KEM-768,KeyGen,64642.0,62392.0,65395.0,3003.0,10000,block-05-s1.csv
5,S1,ML-KEM-768,Encaps,87755.0,77049.0,88698.0,11649.0,10000,block-05-s1.csv
5,S1,ML-KEM-768,Decaps,85501.0,84752.0,88319.0,3567.0,10000,block-05-s1.csv
5,S1,ML-KEM-768,NTT,1559.0,1550.0,1587.0,37.0,10000,block-05-s1.csv
5,S1,ML-KEM-768,INVNTT,1116.0,1106.0,1119.0,13.0,10000,block-05-s1.csv
5,S1,ML-KEM-768,BaseMulAcc,911.0,911.0,915.0,4.0,10000,block-05-s1.csv
5,S1,ML-KEM-768,MatrixVectorMul,9249.0,9145.0,9407.0,262.0,10000,block-05-s1.csv
5,S1,ML-KEM-768,InnerProdEnc,1473.0,1473.0,1475.0,2.0,10000,block-05-s1.csv
5,S1,ML-KEM-768,InnerProdDec,5861.0,5853.0,6071.0,218.0,10000,block-05-s1.csv
5,S2,ML-KEM-768,KeyGen,61075.0,59942.0,61823.0,1881.0,10000,block-05-s2.csv
5,S2,ML-KEM-768,Encaps,87002.0,82871.0,87571.0,4700.0,10000,block-05-s2.csv
5,S2,ML-KEM-768,Decaps,83245.0,82118.0,86064.0,3946.0,10000,block-05-s2.csv
5,S2,ML-KEM-768,NTT,1110.0,1101.0,1118.0,17.0,10000,block-05-s2.csv
5,S2,ML-KEM-768,INVNTT,1116.0,1114.0,1120.0,6.0,10000,block-05-s2.csv
5,S2,ML-KEM-768,BaseMulAcc,911.0,911.0,913.0,2.0,10000,block-05-s2.csv
5,S2,ML-KEM-768,MatrixVectorMul,7858.0,7841.0,8080.0,239.0,10000,block-05-s2.csv
5,S2,ML-KEM-768,InnerProdEnc,1473.0,1473.0,1475.0,2.0,10000,block-05-s2.csv
5,S2,ML-KEM-768,InnerProdDec,4553.0,4541.0,4722.0,181.0,10000,block-05-s2.csv
5,S3,ML-KEM-768,KeyGen,60885.0,59573.0,61449.0,1876.0,10000,block-05-s3.csv
5,S3,ML-KEM-768,Encaps,86633.0,82687.0,87381.0,4694.0,10000,block-05-s3.csv
5,S3,ML-KEM-768,Decaps,82871.0,81744.0,85690.0,3946.0,10000,block-05-s3.csv
5,S3,ML-KEM-768,NTT,1050.0,1046.0,1061.0,15.0,10000,block-05-s3.csv
5,S3,ML-KEM-768,INVNTT,1114.0,1104.0,1119.0,15.0,10000,block-05-s3.csv
5,S3,ML-KEM-768,BaseMulAcc,911.0,911.0,913.0,2.0,10000,block-05-s3.csv
5,S3,ML-KEM-768,MatrixVectorMul,7706.0,7683.0,7916.0,233.0,10000,block-05-s3.csv
5,S3,ML-KEM-768,InnerProdEnc,1473.0,1473.0,1477.0,4.0,10000,block-05-s3.csv
5,S3,ML-KEM-768,InnerProdDec,4395.0,4385.0,4568.0,183.0,10000,block-05-s3.csv
5,S4,ML-KEM-768,KeyGen,61638.0,60132.0,62387.0,2255.0,10000,block-05-s4.csv
5,S4,ML-KEM-768,Encaps,87003.0,82687.0,87571.0,4884.0,10000,block-05-s4.csv
5,S4,ML-KEM-768,Decaps,83999.0,82493.0,86443.0,3950.0,10000,block-05-s4.csv
5,S4,ML-KEM-768,NTT,1170.0,1168.0,1183.0,15.0,10000,block-05-s4.csv
5,S4,ML-KEM-768,INVNTT,1080.0,1071.0,1084.0,13.0,10000,block-05-s4.csv
5,S4,ML-KEM-768,BaseMulAcc,911.0,911.0,913.0,2.0,10000,block-05-s4.csv
5,S4,ML-KEM-768,MatrixVectorMul,7961.0,7943.0,8172.0,229.0,10000,block-05-s4.csv
5,S4,ML-KEM-768,InnerProdEnc,1529.0,1527.0,1531.0,4.0,10000,block-05-s4.csv
5,S4,ML-KEM-768,InnerProdDec,4739.0,4729.0,4919.0,190.0,10000,block-05-s4.csv
5,S5,ML-KEM-768,KeyGen,62012.0,60321.0,62765.0,2444.0,10000,block-05-s5.csv
5,S5,ML-KEM-768,Encaps,87007.0,85500.0,87571.0,2071.0,10000,block-05-s5.csv
5,S5,ML-KEM-768,Decaps,83435.0,82307.0,86254.0,3947.0,10000,block-05-s5.csv
5,S5,ML-KEM-768,NTT,1185.0,1174.0,1215.0,41.0,10000,block-05-s5.csv
5,S5,ML-KEM-768,INVNTT,1074.0,1072.0,1084.0,12.0,10000,block-05-s5.csv
5,S5,ML-KEM-768,BaseMulAcc,911.0,911.0,913.0,2.0,10000,block-05-s5.csv
5,S5,ML-KEM-768,MatrixVectorMul,8021.0,7941.0,8193.0,252.0,10000,block-05-s5.csv
5,S5,ML-KEM-768,InnerProdEnc,1529.0,1527.0,1531.0,4.0,10000,block-05-s5.csv
5,S5,ML-KEM-768,InnerProdDec,4748.0,4735.0,4936.0,201.0,10000,block-05-s5.csv
6,S1,ML-KEM-768,KeyGen,64268.0,62202.0,65021.0,2819.0,10000,block-06-s1.csv
6,S1,ML-KEM-768,Encaps,87760.0,77233.0,88698.0,11465.0,10000,block-06-s1.csv
6,S1,ML-KEM-768,Decaps,85875.0,84936.0,88324.0,3388.0,10000,block-06-s1.csv
6,S1,ML-KEM-768,NTT,1555.0,1533.0,1561.0,28.0,10000,block-06-s1.csv
6,S1,ML-KEM-768,INVNTT,1114.0,1104.0,1119.0,15.0,10000,block-06-s1.csv
6,S1,ML-KEM-768,BaseMulAcc,911.0,911.0,915.0,4.0,10000,block-06-s1.csv
6,S1,ML-KEM-768,MatrixVectorMul,9254.0,9142.0,9416.0,274.0,10000,block-06-s1.csv
6,S1,ML-KEM-768,InnerProdEnc,1473.0,1473.0,1477.0,4.0,10000,block-06-s1.csv
6,S1,ML-KEM-768,InnerProdDec,5857.0,5851.0,6060.0,209.0,10000,block-06-s1.csv
6,S2,ML-KEM-768,KeyGen,61264.0,59942.0,62012.0,2070.0,10000,block-06-s2.csv
6,S2,ML-KEM-768,Encaps,87002.0,85505.0,87571.0,2066.0,10000,block-06-s2.csv
6,S2,ML-KEM-768,Decaps,83245.0,82118.0,86064.0,3946.0,10000,block-06-s2.csv
6,S2,ML-KEM-768,NTT,1110.0,1099.0,1116.0,17.0,10000,block-06-s2.csv
6,S2,ML-KEM-768,INVNTT,1114.0,1104.0,1142.0,38.0,10000,block-06-s2.csv
6,S2,ML-KEM-768,BaseMulAcc,911.0,911.0,915.0,4.0,10000,block-06-s2.csv
6,S2,ML-KEM-768,MatrixVectorMul,7853.0,7832.0,8071.0,239.0,10000,block-06-s2.csv
6,S2,ML-KEM-768,InnerProdEnc,1473.0,1473.0,1475.0,2.0,10000,block-06-s2.csv
6,S2,ML-KEM-768,InnerProdDec,4553.0,4541.0,4726.0,185.0,10000,block-06-s2.csv
6,S3,ML-KEM-768,KeyGen,60885.0,59573.0,61449.0,1876.0,10000,block-06-s3.csv
6,S3,ML-KEM-768,Encaps,86633.0,82871.0,87381.0,4510.0,10000,block-06-s3.csv
6,S3,ML-KEM-768,Decaps,82682.0,81744.0,85690.0,3946.0,10000,block-06-s3.csv
6,S3,ML-KEM-768,NTT,1058.0,1048.0,1061.0,13.0,10000,block-06-s3.csv
6,S3,ML-KEM-768,INVNTT,1114.0,1106.0,1119.0,13.0,10000,block-06-s3.csv
6,S3,ML-KEM-768,BaseMulAcc,911.0,911.0,913.0,2.0,10000,block-06-s3.csv
6,S3,ML-KEM-768,MatrixVectorMul,7695.0,7674.0,7905.0,231.0,10000,block-06-s3.csv
6,S3,ML-KEM-768,InnerProdEnc,1473.0,1473.0,1475.0,2.0,10000,block-06-s3.csv
6,S3,ML-KEM-768,InnerProdDec,4395.0,4382.0,4572.0,190.0,10000,block-06-s3.csv
6,S4,ML-KEM-768,KeyGen,61638.0,60132.0,62202.0,2070.0,10000,block-06-s4.csv
6,S4,ML-KEM-768,Encaps,87007.0,82871.0,87755.0,4884.0,10000,block-06-s4.csv
6,S4,ML-KEM-768,Decaps,83250.0,82307.0,86254.0,3947.0,10000,block-06-s4.csv
6,S4,ML-KEM-768,NTT,1180.0,1168.0,1183.0,15.0,10000,block-06-s4.csv
6,S4,ML-KEM-768,INVNTT,1080.0,1071.0,1084.0,13.0,10000,block-06-s4.csv
6,S4,ML-KEM-768,BaseMulAcc,911.0,911.0,915.0,4.0,10000,block-06-s4.csv
6,S4,ML-KEM-768,MatrixVectorMul,7948.0,7933.0,8172.0,239.0,10000,block-06-s4.csv
6,S4,ML-KEM-768,InnerProdEnc,1529.0,1527.0,1531.0,4.0,10000,block-06-s4.csv
6,S4,ML-KEM-768,InnerProdDec,4741.0,4731.0,4938.0,207.0,10000,block-06-s4.csv
6,S5,ML-KEM-768,KeyGen,61638.0,60132.0,62387.0,2255.0,10000,block-06-s5.csv
6,S5,ML-KEM-768,Encaps,87003.0,85501.0,87571.0,2070.0,10000,block-06-s5.csv
6,S5,ML-KEM-768,Decaps,83246.0,82123.0,86254.0,4131.0,10000,block-06-s5.csv
6,S5,ML-KEM-768,NTT,1183.0,1170.0,1212.0,42.0,10000,block-06-s5.csv
6,S5,ML-KEM-768,INVNTT,1078.0,1071.0,1084.0,13.0,10000,block-06-s5.csv
6,S5,ML-KEM-768,BaseMulAcc,911.0,911.0,913.0,2.0,10000,block-06-s5.csv
6,S5,ML-KEM-768,MatrixVectorMul,7977.0,7937.0,8187.0,250.0,10000,block-06-s5.csv
6,S5,ML-KEM-768,InnerProdEnc,1529.0,1527.0,1531.0,4.0,10000,block-06-s5.csv
6,S5,ML-KEM-768,InnerProdDec,4746.0,4735.0,4930.0,195.0,10000,block-06-s5.csv
7,S1,ML-KEM-768,KeyGen,64267.0,62202.0,65021.0,2819.0,10000,block-07-s1.csv
7,S1,ML-KEM-768,Encaps,87755.0,77049.0,88698.0,11649.0,10000,block-07-s1.csv
7,S1,ML-KEM-768,Decaps,85501.0,84752.0,88319.0,3567.0,10000,block-07-s1.csv
7,S1,ML-KEM-768,NTT,1557.0,1535.0,1561.0,26.0,10000,block-07-s1.csv
7,S1,ML-KEM-768,INVNTT,1114.0,1106.0,1120.0,14.0,10000,block-07-s1.csv
7,S1,ML-KEM-768,BaseMulAcc,911.0,911.0,915.0,4.0,10000,block-07-s1.csv
7,S1,ML-KEM-768,MatrixVectorMul,9245.0,9140.0,9418.0,278.0,10000,block-07-s1.csv
7,S1,ML-KEM-768,InnerProdEnc,1473.0,1473.0,1475.0,2.0,10000,block-07-s1.csv
7,S1,ML-KEM-768,InnerProdDec,5859.0,5851.0,6060.0,209.0,10000,block-07-s1.csv
7,S2,ML-KEM-768,KeyGen,61260.0,59942.0,61828.0,1886.0,10000,block-07-s2.csv
7,S2,ML-KEM-768,Encaps,86818.0,82871.0,87566.0,4695.0,10000,block-07-s2.csv
7,S2,ML-KEM-768,Decaps,83246.0,82118.0,86064.0,3946.0,10000,block-07-s2.csv
7,S2,ML-KEM-768,NTT,1112.0,1101.0,1116.0,15.0,10000,block-07-s2.csv
7,S2,ML-KEM-768,INVNTT,1112.0,1104.0,1116.0,12.0,10000,block-07-s2.csv
7,S2,ML-KEM-768,BaseMulAcc,911.0,911.0,913.0,2.0,10000,block-07-s2.csv
7,S2,ML-KEM-768,MatrixVectorMul,7854.0,7836.0,8082.0,246.0,10000,block-07-s2.csv
7,S2,ML-KEM-768,InnerProdEnc,1473.0,1473.0,1475.0,2.0,10000,block-07-s2.csv
7,S2,ML-KEM-768,InnerProdDec,4553.0,4540.0,4729.0,189.0,10000,block-07-s2.csv
7,S3,ML-KEM-768,KeyGen,60885.0,59573.0,61633.0,2060.0,10000,block-07-s3.csv
7,S3,ML-KEM-768,Encaps,86633.0,85316.0,87381.0,2065.0,10000,block-07-s3.csv
7,S3,ML-KEM-768,Decaps,82871.0,81744.0,85690.0,3946.0,10000,block-07-s3.csv
7,S3,ML-KEM-768,NTT,1056.0,1046.0,1061.0,15.0,10000,block-07-s3.csv
7,S3,ML-KEM-768,INVNTT,1114.0,1104.0,1119.0,15.0,10000,block-07-s3.csv
7,S3,ML-KEM-768,BaseMulAcc,911.0,911.0,915.0,4.0,10000,block-07-s3.csv
7,S3,ML-KEM-768,MatrixVectorMul,7706.0,7683.0,7911.0,228.0,10000,block-07-s3.csv
7,S3,ML-KEM-768,InnerProdEnc,1473.0,1473.0,1475.0,2.0,10000,block-07-s3.csv
7,S3,ML-KEM-768,InnerProdDec,4399.0,4385.0,4572.0,187.0,10000,block-07-s3.csv
7,S4,ML-KEM-768,KeyGen,61638.0,60132.0,62202.0,2070.0,10000,block-07-s4.csv
7,S4,ML-KEM-768,Encaps,87192.0,85505.0,88134.0,2629.0,10000,block-07-s4.csv
7,S4,ML-KEM-768,Decaps,83435.0,82307.0,86254.0,3947.0,10000,block-07-s4.csv
7,S4,ML-KEM-768,NTT,1180.0,1168.0,1183.0,15.0,10000,block-07-s4.csv
7,S4,ML-KEM-768,INVNTT,1082.0,1073.0,1084.0,11.0,10000,block-07-s4.csv
7,S4,ML-KEM-768,BaseMulAcc,911.0,911.0,913.0,2.0,10000,block-07-s4.csv
7,S4,ML-KEM-768,MatrixVectorMul,7950.0,7935.0,8166.0,231.0,10000,block-07-s4.csv
7,S4,ML-KEM-768,InnerProdEnc,1529.0,1527.0,1533.0,6.0,10000,block-07-s4.csv
7,S4,ML-KEM-768,InnerProdDec,4739.0,4729.0,4938.0,209.0,10000,block-07-s4.csv
7,S5,ML-KEM-768,KeyGen,61823.0,60132.0,62387.0,2255.0,10000,block-07-s5.csv
7,S5,ML-KEM-768,Encaps,87007.0,85505.0,87755.0,2250.0,10000,block-07-s5.csv
7,S5,ML-KEM-768,Decaps,83435.0,82307.0,86254.0,3947.0,10000,block-07-s5.csv
7,S5,ML-KEM-768,NTT,1182.0,1172.0,1187.0,15.0,10000,block-07-s5.csv
7,S5,ML-KEM-768,INVNTT,1082.0,1073.0,1084.0,11.0,10000,block-07-s5.csv
7,S5,ML-KEM-768,BaseMulAcc,911.0,911.0,913.0,2.0,10000,block-07-s5.csv
7,S5,ML-KEM-768,MatrixVectorMul,7963.0,7941.0,8181.0,240.0,10000,block-07-s5.csv
7,S5,ML-KEM-768,InnerProdEnc,1529.0,1527.0,1531.0,4.0,10000,block-07-s5.csv
7,S5,ML-KEM-768,InnerProdDec,4748.0,4737.0,4934.0,197.0,10000,block-07-s5.csv
8,S1,ML-KEM-768,KeyGen,64268.0,62202.0,65021.0,2819.0,10000,block-08-s1.csv
8,S1,ML-KEM-768,Encaps,87755.0,77049.0,88698.0,11649.0,10000,block-08-s1.csv
8,S1,ML-KEM-768,Decaps,85874.0,84752.0,88320.0,3568.0,10000,block-08-s1.csv
8,S1,ML-KEM-768,NTT,1557.0,1531.0,1584.0,53.0,10000,block-08-s1.csv
8,S1,ML-KEM-768,INVNTT,1108.0,1104.0,1118.0,14.0,10000,block-08-s1.csv
8,S1,ML-KEM-768,BaseMulAcc,911.0,911.0,915.0,4.0,10000,block-08-s1.csv
8,S1,ML-KEM-768,MatrixVectorMul,9237.0,9138.0,9397.0,259.0,10000,block-08-s1.csv
8,S1,ML-KEM-768,InnerProdEnc,1473.0,1473.0,1477.0,4.0,10000,block-08-s1.csv
8,S1,ML-KEM-768,InnerProdDec,5859.0,5851.0,6062.0,211.0,10000,block-08-s1.csv
8,S2,ML-KEM-768,KeyGen,61259.0,59758.0,61828.0,2070.0,10000,block-08-s2.csv
8,S2,ML-KEM-768,Encaps,87002.0,82871.0,87570.0,4699.0,10000,block-08-s2.csv
8,S2,ML-KEM-768,Decaps,83061.0,82118.0,86065.0,3947.0,10000,block-08-s2.csv
8,S2,ML-KEM-768,NTT,1112.0,1101.0,1116.0,15.0,10000,block-08-s2.csv
8,S2,ML-KEM-768,INVNTT,1116.0,1106.0,1120.0,14.0,10000,block-08-s2.csv
8,S2,ML-KEM-768,BaseMulAcc,911.0,911.0,913.0,2.0,10000,block-08-s2.csv
8,S2,ML-KEM-768,MatrixVectorMul,7858.0,7845.0,8078.0,233.0,10000,block-08-s2.csv
8,S2,ML-KEM-768,InnerProdEnc,1473.0,1473.0,1475.0,2.0,10000,block-08-s2.csv
8,S2,ML-KEM-768,InnerProdDec,4553.0,4541.0,4729.0,188.0,10000,block-08-s2.csv
8,S3,ML-KEM-768,KeyGen,60885.0,59757.0,61633.0,1876.0,10000,block-08-s3.csv
8,S3,ML-KEM-768,Encaps,86817.0,85500.0,87382.0,1882.0,10000,block-08-s3.csv
8,S3,ML-KEM-768,Decaps,82871.0,81744.0,85690.0,3946.0,10000,block-08-s3.csv
8,S3,ML-KEM-768,NTT,1056.0,1046.0,1059.0,13.0,10000,block-08-s3.csv
8,S3,ML-KEM-768,INVNTT,1114.0,1104.0,1120.0,16.0,10000,block-08-s3.csv
8,S3,ML-KEM-768,BaseMulAcc,911.0,911.0,913.0,2.0,10000,block-08-s3.csv
8,S3,ML-KEM-768,MatrixVectorMul,7708.0,7685.0,7930.0,245.0,10000,block-08-s3.csv
8,S3,ML-KEM-768,InnerProdEnc,1473.0,1473.0,1475.0,2.0,10000,block-08-s3.csv
8,S3,ML-KEM-768,InnerProdDec,4395.0,4385.0,4558.0,173.0,10000,block-08-s3.csv
8,S4,ML-KEM-768,KeyGen,61638.0,60132.0,62387.0,2255.0,10000,block-08-s4.csv
8,S4,ML-KEM-768,Encaps,87003.0,85500.0,87571.0,2071.0,10000,block-08-s4.csv
8,S4,ML-KEM-768,Decaps,83251.0,82307.0,86254.0,3947.0,10000,block-08-s4.csv
8,S4,ML-KEM-768,NTT,1178.0,1168.0,1183.0,15.0,10000,block-08-s4.csv
8,S4,ML-KEM-768,INVNTT,1080.0,1072.0,1086.0,14.0,10000,block-08-s4.csv
8,S4,ML-KEM-768,BaseMulAcc,911.0,911.0,915.0,4.0,10000,block-08-s4.csv
8,S4,ML-KEM-768,MatrixVectorMul,8091.0,7946.0,8266.0,320.0,10000,block-08-s4.csv
8,S4,ML-KEM-768,InnerProdEnc,1529.0,1527.0,1531.0,4.0,10000,block-08-s4.csv
8,S4,ML-KEM-768,InnerProdDec,4739.0,4731.0,4923.0,192.0,10000,block-08-s4.csv
8,S5,ML-KEM-768,KeyGen,61636.0,60132.0,62386.0,2254.0,10000,block-08-s5.csv
8,S5,ML-KEM-768,Encaps,87007.0,82871.0,87571.0,4700.0,10000,block-08-s5.csv
8,S5,ML-KEM-768,Decaps,83435.0,82307.0,86254.0,3947.0,10000,block-08-s5.csv
8,S5,ML-KEM-768,NTT,1183.0,1172.0,1189.0,17.0,10000,block-08-s5.csv
8,S5,ML-KEM-768,INVNTT,1082.0,1072.0,1084.0,12.0,10000,block-08-s5.csv
8,S5,ML-KEM-768,BaseMulAcc,911.0,911.0,913.0,2.0,10000,block-08-s5.csv
8,S5,ML-KEM-768,MatrixVectorMul,7956.0,7933.0,8168.0,235.0,10000,block-08-s5.csv
8,S5,ML-KEM-768,InnerProdEnc,1529.0,1527.0,1531.0,4.0,10000,block-08-s5.csv
8,S5,ML-KEM-768,InnerProdDec,4748.0,4737.0,4936.0,199.0,10000,block-08-s5.csv
9,S1,ML-KEM-768,KeyGen,64452.0,62202.0,65021.0,2819.0,10000,block-09-s1.csv
9,S1,ML-KEM-768,Encaps,87756.0,77233.0,88699.0,11466.0,10000,block-09-s1.csv
9,S1,ML-KEM-768,Decaps,85690.0,84936.0,88319.0,3383.0,10000,block-09-s1.csv
9,S1,ML-KEM-768,NTT,1557.0,1533.0,1563.0,30.0,10000,block-09-s1.csv
9,S1,ML-KEM-768,INVNTT,1108.0,1104.0,1119.0,15.0,10000,block-09-s1.csv
9,S1,ML-KEM-768,BaseMulAcc,911.0,911.0,913.0,2.0,10000,block-09-s1.csv
9,S1,ML-KEM-768,MatrixVectorMul,9247.0,9138.0,9399.0,261.0,10000,block-09-s1.csv
9,S1,ML-KEM-768,InnerProdEnc,1473.0,1473.0,1475.0,2.0,10000,block-09-s1.csv
9,S1,ML-KEM-768,InnerProdDec,5859.0,5851.0,6062.0,211.0,10000,block-09-s1.csv
9,S2,ML-KEM-768,KeyGen,61259.0,59758.0,61828.0,2070.0,10000,block-09-s2.csv
9,S2,ML-KEM-768,Encaps,87002.0,82871.0,87571.0,4700.0,10000,block-09-s2.csv
9,S2,ML-KEM-768,Decaps,83245.0,82118.0,86065.0,3947.0,10000,block-09-s2.csv
9,S2,ML-KEM-768,NTT,1114.0,1101.0,1138.0,37.0,10000,block-09-s2.csv
9,S2,ML-KEM-768,INVNTT,1112.0,1104.0,1119.0,15.0,10000,block-09-s2.csv
9,S2,ML-KEM-768,BaseMulAcc,911.0,911.0,915.0,4.0,10000,block-09-s2.csv
9,S2,ML-KEM-768,MatrixVectorMul,7854.0,7841.0,8063.0,222.0,10000,block-09-s2.csv
9,S2,ML-KEM-768,InnerProdEnc,1473.0,1473.0,1477.0,4.0,10000,block-09-s2.csv
9,S2,ML-KEM-768,InnerProdDec,4553.0,4541.0,4729.0,188.0,10000,block-09-s2.csv
9,S3,ML-KEM-768,KeyGen,60885.0,59573.0,61449.0,1876.0,10000,block-09-s3.csv
9,S3,ML-KEM-768,Encaps,86817.0,85500.0,87382.0,1882.0,10000,block-09-s3.csv
9,S3,ML-KEM-768,Decaps,82686.0,81744.0,85690.0,3946.0,10000,block-09-s3.csv
9,S3,ML-KEM-768,NTT,1058.0,1046.0,1061.0,15.0,10000,block-09-s3.csv
9,S3,ML-KEM-768,INVNTT,1112.0,1104.0,1120.0,16.0,10000,block-09-s3.csv
9,S3,ML-KEM-768,BaseMulAcc,911.0,911.0,915.0,4.0,10000,block-09-s3.csv
9,S3,ML-KEM-768,MatrixVectorMul,7706.0,7687.0,7922.0,235.0,10000,block-09-s3.csv
9,S3,ML-KEM-768,InnerProdEnc,1473.0,1473.0,1475.0,2.0,10000,block-09-s3.csv
9,S3,ML-KEM-768,InnerProdDec,4395.0,4385.0,4566.0,181.0,10000,block-09-s3.csv
9,S4,ML-KEM-768,KeyGen,61638.0,60132.0,62202.0,2070.0,10000,block-09-s4.csv
9,S4,ML-KEM-768,Encaps,87003.0,85316.0,87571.0,2255.0,10000,block-09-s4.csv
9,S4,ML-KEM-768,Decaps,83435.0,82307.0,86254.0,3947.0,10000,block-09-s4.csv
9,S4,ML-KEM-768,NTT,1180.0,1168.0,1185.0,17.0,10000,block-09-s4.csv
9,S4,ML-KEM-768,INVNTT,1080.0,1073.0,1084.0,11.0,10000,block-09-s4.csv
9,S4,ML-KEM-768,BaseMulAcc,911.0,911.0,913.0,2.0,10000,block-09-s4.csv
9,S4,ML-KEM-768,MatrixVectorMul,7962.0,7945.0,8187.0,242.0,10000,block-09-s4.csv
9,S4,ML-KEM-768,InnerProdEnc,1529.0,1527.0,1531.0,4.0,10000,block-09-s4.csv
9,S4,ML-KEM-768,InnerProdDec,4741.0,4731.0,4929.0,198.0,10000,block-09-s4.csv
9,S5,ML-KEM-768,KeyGen,61638.0,60136.0,62386.0,2250.0,10000,block-09-s5.csv
9,S5,ML-KEM-768,Encaps,87007.0,85501.0,87571.0,2070.0,10000,block-09-s5.csv
9,S5,ML-KEM-768,Decaps,83251.0,82307.0,86254.0,3947.0,10000,block-09-s5.csv
9,S5,ML-KEM-768,NTT,1172.0,1170.0,1187.0,17.0,10000,block-09-s5.csv
9,S5,ML-KEM-768,INVNTT,1074.0,1071.0,1082.0,11.0,10000,block-09-s5.csv
9,S5,ML-KEM-768,BaseMulAcc,911.0,911.0,913.0,2.0,10000,block-09-s5.csv
9,S5,ML-KEM-768,MatrixVectorMul,7954.0,7933.0,8174.0,241.0,10000,block-09-s5.csv
9,S5,ML-KEM-768,InnerProdEnc,1527.0,1527.0,1531.0,4.0,10000,block-09-s5.csv
9,S5,ML-KEM-768,InnerProdDec,4748.0,4735.0,4934.0,199.0,10000,block-09-s5.csv
10,S1,ML-KEM-768,KeyGen,64267.0,62202.0,65020.0,2818.0,10000,block-10-s1.csv
10,S1,ML-KEM-768,Encaps,87756.0,77049.0,88698.0,11649.0,10000,block-10-s1.csv
10,S1,ML-KEM-768,Decaps,85690.0,84937.0,88324.0,3387.0,10000,block-10-s1.csv
10,S1,ML-KEM-768,NTT,1555.0,1531.0,1561.0,30.0,10000,block-10-s1.csv
10,S1,ML-KEM-768,INVNTT,1116.0,1104.0,1120.0,16.0,10000,block-10-s1.csv
10,S1,ML-KEM-768,BaseMulAcc,911.0,911.0,913.0,2.0,10000,block-10-s1.csv
10,S1,ML-KEM-768,MatrixVectorMul,9256.0,9145.0,9416.0,271.0,10000,block-10-s1.csv
10,S1,ML-KEM-768,InnerProdEnc,1473.0,1473.0,1477.0,4.0,10000,block-10-s1.csv
10,S1,ML-KEM-768,InnerProdDec,5861.0,5855.0,6064.0,209.0,10000,block-10-s1.csv
10,S2,ML-KEM-768,KeyGen,61259.0,59942.0,61827.0,1885.0,10000,block-10-s2.csv
10,S2,ML-KEM-768,Encaps,87007.0,85500.0,87755.0,2255.0,10000,block-10-s2.csv
10,S2,ML-KEM-768,Decaps,83061.0,82118.0,86065.0,3947.0,10000,block-10-s2.csv
10,S2,ML-KEM-768,NTT,1108.0,1101.0,1116.0,15.0,10000,block-10-s2.csv
10,S2,ML-KEM-768,INVNTT,1114.0,1106.0,1119.0,13.0,10000,block-10-s2.csv
10,S2,ML-KEM-768,BaseMulAcc,911.0,911.0,915.0,4.0,10000,block-10-s2.csv
10,S2,ML-KEM-768,MatrixVectorMul,7856.0,7838.0,8071.0,233.0,10000,block-10-s2.csv
10,S2,ML-KEM-768,InnerProdEnc,1473.0,1473.0,1475.0,2.0,10000,block-10-s2.csv
10,S2,ML-KEM-768,InnerProdDec,4555.0,4541.0,4746.0,205.0,10000,block-10-s2.csv
10,S3,ML-KEM-768,KeyGen,60885.0,59573.0,61449.0,1876.0,10000,block-10-s3.csv
10,S3,ML-KEM-768,Encaps,86632.0,82687.0,87381.0,4694.0,10000,block-10-s3.csv
10,S3,ML-KEM-768,Decaps,82682.0,81744.0,85690.0,3946.0,10000,block-10-s3.csv
10,S3,ML-KEM-768,NTT,1059.0,1046.0,1063.0,17.0,10000,block-10-s3.csv
10,S3,ML-KEM-768,INVNTT,1114.0,1106.0,1121.0,15.0,10000,block-10-s3.csv
10,S3,ML-KEM-768,BaseMulAcc,911.0,911.0,913.0,2.0,10000,block-10-s3.csv
10,S3,ML-KEM-768,MatrixVectorMul,7704.0,7683.0,7920.0,237.0,10000,block-10-s3.csv
10,S3,ML-KEM-768,InnerProdEnc,1473.0,1473.0,1475.0,2.0,10000,block-10-s3.csv
10,S3,ML-KEM-768,InnerProdDec,4399.0,4385.0,4556.0,171.0,10000,block-10-s3.csv
10,S4,ML-KEM-768,KeyGen,61823.0,60132.0,62387.0,2255.0,10000,block-10-s4.csv
10,S4,ML-KEM-768,Encaps,87003.0,82871.0,87571.0,4700.0,10000,block-10-s4.csv
10,S4,ML-KEM-768,Decaps,83435.0,82307.0,86254.0,3947.0,10000,block-10-s4.csv
10,S4,ML-KEM-768,NTT,1178.0,1168.0,1183.0,15.0,10000,block-10-s4.csv
10,S4,ML-KEM-768,INVNTT,1080.0,1071.0,1086.0,15.0,10000,block-10-s4.csv
10,S4,ML-KEM-768,BaseMulAcc,911.0,911.0,915.0,4.0,10000,block-10-s4.csv
10,S4,ML-KEM-768,MatrixVectorMul,7947.0,7931.0,8153.0,222.0,10000,block-10-s4.csv
10,S4,ML-KEM-768,InnerProdEnc,1529.0,1527.0,1531.0,4.0,10000,block-10-s4.csv
10,S4,ML-KEM-768,InnerProdDec,4739.0,4729.0,4919.0,190.0,10000,block-10-s4.csv
10,S5,ML-KEM-768,KeyGen,61827.0,60136.0,62577.0,2441.0,10000,block-10-s5.csv
10,S5,ML-KEM-768,Encaps,87007.0,85690.0,87571.0,1881.0,10000,block-10-s5.csv
10,S5,ML-KEM-768,Decaps,83250.0,82307.0,86254.0,3947.0,10000,block-10-s5.csv
10,S5,ML-KEM-768,NTT,1183.0,1170.0,1187.0,17.0,10000,block-10-s5.csv
10,S5,ML-KEM-768,INVNTT,1080.0,1073.0,1084.0,11.0,10000,block-10-s5.csv
10,S5,ML-KEM-768,BaseMulAcc,911.0,911.0,913.0,2.0,10000,block-10-s5.csv
10,S5,ML-KEM-768,MatrixVectorMul,7950.0,7930.0,8157.0,227.0,10000,block-10-s5.csv
10,S5,ML-KEM-768,InnerProdEnc,1527.0,1527.0,1531.0,4.0,10000,block-10-s5.csv
10,S5,ML-KEM-768,InnerProdDec,4748.0,4733.0,4932.0,199.0,10000,block-10-s5.csv
11,S1,ML-KEM-768,KeyGen,64268.0,62197.0,65021.0,2824.0,10000,block-11-s1.csv
11,S1,ML-KEM-768,Encaps,87756.0,77233.0,88698.0,11465.0,10000,block-11-s1.csv
11,S1,ML-KEM-768,Decaps,85690.0,84752.0,88319.0,3567.0,10000,block-11-s1.csv
11,S1,ML-KEM-768,NTT,1557.0,1524.0,1563.0,39.0,10000,block-11-s1.csv
11,S1,ML-KEM-768,INVNTT,1116.0,1114.0,1119.0,5.0,10000,block-11-s1.csv
11,S1,ML-KEM-768,BaseMulAcc,911.0,911.0,915.0,4.0,10000,block-11-s1.csv
11,S1,ML-KEM-768,MatrixVectorMul,9252.0,9140.0,9422.0,282.0,10000,block-11-s1.csv
11,S1,ML-KEM-768,InnerProdEnc,1473.0,1473.0,1475.0,2.0,10000,block-11-s1.csv
11,S1,ML-KEM-768,InnerProdDec,5859.0,5851.0,6062.0,211.0,10000,block-11-s1.csv
11,S2,ML-KEM-768,KeyGen,61260.0,59942.0,61828.0,1886.0,10000,block-11-s2.csv
11,S2,ML-KEM-768,Encaps,86818.0,85500.0,87566.0,2066.0,10000,block-11-s2.csv
11,S2,ML-KEM-768,Decaps,83061.0,81933.0,86064.0,4131.0,10000,block-11-s2.csv
11,S2,ML-KEM-768,NTT,1112.0,1101.0,1116.0,15.0,10000,block-11-s2.csv
11,S2,ML-KEM-768,INVNTT,1114.0,1104.0,1119.0,15.0,10000,block-11-s2.csv
11,S2,ML-KEM-768,BaseMulAcc,911.0,911.0,913.0,2.0,10000,block-11-s2.csv
11,S2,ML-KEM-768,MatrixVectorMul,7866.0,7847.0,8082.0,235.0,10000,block-11-s2.csv
11,S2,ML-KEM-768,InnerProdEnc,1473.0,1473.0,1475.0,2.0,10000,block-11-s2.csv
11,S2,ML-KEM-768,InnerProdDec,4556.0,4543.0,4729.0,186.0,10000,block-11-s2.csv
11,S3,ML-KEM-768,KeyGen,60885.0,59573.0,61449.0,1876.0,10000,block-11-s3.csv
11,S3,ML-KEM-768,Encaps,86817.0,85316.0,87381.0,2065.0,10000,block-11-s3.csv
11,S3,ML-KEM-768,Decaps,82871.0,81744.0,85690.0,3946.0,10000,block-11-s3.csv
11,S3,ML-KEM-768,NTT,1057.0,1056.0,1061.0,5.0,10000,block-11-s3.csv
11,S3,ML-KEM-768,INVNTT,1114.0,1104.0,1119.0,15.0,10000,block-11-s3.csv
11,S3,ML-KEM-768,BaseMulAcc,913.0,911.0,930.0,19.0,10000,block-11-s3.csv
11,S3,ML-KEM-768,MatrixVectorMul,7708.0,7685.0,7933.0,248.0,10000,block-11-s3.csv
11,S3,ML-KEM-768,InnerProdEnc,1473.0,1473.0,1477.0,4.0,10000,block-11-s3.csv
11,S3,ML-KEM-768,InnerProdDec,4399.0,4385.0,4573.0,188.0,10000,block-11-s3.csv
11,S4,ML-KEM-768,KeyGen,61638.0,60132.0,62387.0,2255.0,10000,block-11-s4.csv
11,S4,ML-KEM-768,Encaps,87002.0,82871.0,87571.0,4700.0,10000,block-11-s4.csv
11,S4,ML-KEM-768,Decaps,83435.0,82307.0,86254.0,3947.0,10000,block-11-s4.csv
11,S4,ML-KEM-768,NTT,1178.0,1168.0,1183.0,15.0,10000,block-11-s4.csv
11,S4,ML-KEM-768,INVNTT,1080.0,1071.0,1086.0,15.0,10000,block-11-s4.csv
11,S4,ML-KEM-768,BaseMulAcc,911.0,911.0,915.0,4.0,10000,block-11-s4.csv
11,S4,ML-KEM-768,MatrixVectorMul,7960.0,7943.0,8176.0,233.0,10000,block-11-s4.csv
11,S4,ML-KEM-768,InnerProdEnc,1529.0,1527.0,1531.0,4.0,10000,block-11-s4.csv
11,S4,ML-KEM-768,InnerProdDec,4739.0,4731.0,4925.0,194.0,10000,block-11-s4.csv
11,S5,ML-KEM-768,KeyGen,61639.0,60136.0,62387.0,2251.0,10000,block-11-s5.csv
11,S5,ML-KEM-768,Encaps,87007.0,85500.0,87571.0,2071.0,10000,block-11-s5.csv
11,S5,ML-KEM-768,Decaps,83250.0,82123.0,86254.0,4131.0,10000,block-11-s5.csv
11,S5,ML-KEM-768,NTT,1182.0,1170.0,1189.0,19.0,10000,block-11-s5.csv
11,S5,ML-KEM-768,INVNTT,1080.0,1071.0,1084.0,13.0,10000,block-11-s5.csv
11,S5,ML-KEM-768,BaseMulAcc,911.0,911.0,913.0,2.0,10000,block-11-s5.csv
11,S5,ML-KEM-768,MatrixVectorMul,7956.0,7937.0,8183.0,246.0,10000,block-11-s5.csv
11,S5,ML-KEM-768,InnerProdEnc,1529.0,1527.0,1531.0,4.0,10000,block-11-s5.csv
11,S5,ML-KEM-768,InnerProdDec,4748.0,4735.0,4930.0,195.0,10000,block-11-s5.csv
12,S1,ML-KEM-768,KeyGen,64267.0,62202.0,65020.0,2818.0,10000,block-12-s1.csv
12,S1,ML-KEM-768,Encaps,87755.0,77044.0,88693.0,11649.0,10000,block-12-s1.csv
12,S1,ML-KEM-768,Decaps,85879.0,84937.0,88324.0,3387.0,10000,block-12-s1.csv
12,S1,ML-KEM-768,NTT,1552.0,1529.0,1563.0,34.0,10000,block-12-s1.csv
12,S1,ML-KEM-768,INVNTT,1116.0,1106.0,1138.0,32.0,10000,block-12-s1.csv
12,S1,ML-KEM-768,BaseMulAcc,911.0,911.0,913.0,2.0,10000,block-12-s1.csv
12,S1,ML-KEM-768,MatrixVectorMul,9268.0,9147.0,9457.0,310.0,10000,block-12-s1.csv
12,S1,ML-KEM-768,InnerProdEnc,1473.0,1473.0,1477.0,4.0,10000,block-12-s1.csv
12,S1,ML-KEM-768,InnerProdDec,5863.0,5853.0,6086.0,233.0,10000,block-12-s1.csv
12,S2,ML-KEM-768,KeyGen,61260.0,59943.0,61828.0,1885.0,10000,block-12-s2.csv
12,S2,ML-KEM-768,Encaps,87002.0,82871.0,87571.0,4700.0,10000,block-12-s2.csv
12,S2,ML-KEM-768,Decaps,83245.0,82118.0,86065.0,3947.0,10000,block-12-s2.csv
12,S2,ML-KEM-768,NTT,1110.0,1099.0,1118.0,19.0,10000,block-12-s2.csv
12,S2,ML-KEM-768,INVNTT,1116.0,1104.0,1120.0,16.0,10000,block-12-s2.csv
12,S2,ML-KEM-768,BaseMulAcc,911.0,911.0,915.0,4.0,10000,block-12-s2.csv
12,S2,ML-KEM-768,MatrixVectorMul,7864.0,7845.0,8080.0,235.0,10000,block-12-s2.csv
12,S2,ML-KEM-768,InnerProdEnc,1473.0,1473.0,1475.0,2.0,10000,block-12-s2.csv
12,S2,ML-KEM-768,InnerProdDec,4556.0,4543.0,4741.0,198.0,10000,block-12-s2.csv
12,S3,ML-KEM-768,KeyGen,60885.0,59573.0,61449.0,1876.0,10000,block-12-s3.csv
12,S3,ML-KEM-768,Encaps,86633.0,85316.0,87381.0,2065.0,10000,block-12-s3.csv
12,S3,ML-KEM-768,Decaps,82871.0,81744.0,85690.0,3946.0,10000,block-12-s3.csv
12,S3,ML-KEM-768,NTT,1048.0,1046.0,1061.0,15.0,10000,block-12-s3.csv
12,S3,ML-KEM-768,INVNTT,1114.0,1104.0,1120.0,16.0,10000,block-12-s3.csv
12,S3,ML-KEM-768,BaseMulAcc,911.0,911.0,913.0,2.0,10000,block-12-s3.csv
12,S3,ML-KEM-768,MatrixVectorMul,7693.0,7672.0,7900.0,228.0,10000,block-12-s3.csv
12,S3,ML-KEM-768,InnerProdEnc,1473.0,1473.0,1475.0,2.0,10000,block-12-s3.csv
12,S3,ML-KEM-768,InnerProdDec,4393.0,4382.0,4566.0,184.0,10000,block-12-s3.csv
12,S4,ML-KEM-768,KeyGen,61639.0,60132.0,62387.0,2255.0,10000,block-12-s4.csv
12,S4,ML-KEM-768,Encaps,87007.0,85505.0,87755.0,2250.0,10000,block-12-s4.csv
12,S4,ML-KEM-768,Decaps,83250.0,82123.0,86254.0,4131.0,10000,block-12-s4.csv
12,S4,ML-KEM-768,NTT,1178.0,1168.0,1183.0,15.0,10000,block-12-s4.csv
12,S4,ML-KEM-768,INVNTT,1082.0,1078.0,1084.0,6.0,10000,block-12-s4.csv
12,S4,ML-KEM-768,BaseMulAcc,911.0,911.0,913.0,2.0,10000,block-12-s4.csv
12,S4,ML-KEM-768,MatrixVectorMul,7946.0,7931.0,8166.0,235.0,10000,block-12-s4.csv
12,S4,ML-KEM-768,InnerProdEnc,1529.0,1527.0,1531.0,4.0,10000,block-12-s4.csv
12,S4,ML-KEM-768,InnerProdDec,4739.0,4729.0,4923.0,194.0,10000,block-12-s4.csv
12,S5,ML-KEM-768,KeyGen,61638.0,60132.0,62387.0,2255.0,10000,block-12-s5.csv
12,S5,ML-KEM-768,Encaps,87007.0,82871.0,87571.0,4700.0,10000,block-12-s5.csv
12,S5,ML-KEM-768,Decaps,83250.0,82123.0,86254.0,4131.0,10000,block-12-s5.csv
12,S5,ML-KEM-768,NTT,1183.0,1170.0,1189.0,19.0,10000,block-12-s5.csv
12,S5,ML-KEM-768,INVNTT,1076.0,1071.0,1082.0,11.0,10000,block-12-s5.csv
12,S5,ML-KEM-768,BaseMulAcc,911.0,911.0,915.0,4.0,10000,block-12-s5.csv
12,S5,ML-KEM-768,MatrixVectorMul,7956.0,7933.0,8180.0,247.0,10000,block-12-s5.csv
12,S5,ML-KEM-768,InnerProdEnc,1529.0,1527.0,1531.0,4.0,10000,block-12-s5.csv
12,S5,ML-KEM-768,InnerProdDec,4748.0,4735.0,4932.0,197.0,10000,block-12-s5.csv
13,S1,ML-KEM-768,KeyGen,64267.0,62202.0,65020.0,2818.0,10000,block-13-s1.csv
13,S1,ML-KEM-768,Encaps,87756.0,77049.0,88698.0,11649.0,10000,block-13-s1.csv
13,S1,ML-KEM-768,Decaps,85690.0,84752.0,88320.0,3568.0,10000,block-13-s1.csv
13,S1,ML-KEM-768,NTT,1554.0,1525.0,1561.0,36.0,10000,block-13-s1.csv
13,S1,ML-KEM-768,INVNTT,1114.0,1106.0,1119.0,13.0,10000,block-13-s1.csv
13,S1,ML-KEM-768,BaseMulAcc,911.0,911.0,915.0,4.0,10000,block-13-s1.csv
13,S1,ML-KEM-768,MatrixVectorMul,9256.0,9145.0,9422.0,277.0,10000,block-13-s1.csv
13,S1,ML-KEM-768,InnerProdEnc,1473.0,1473.0,1477.0,4.0,10000,block-13-s1.csv
13,S1,ML-KEM-768,InnerProdDec,5861.0,5853.0,6064.0,211.0,10000,block-13-s1.csv
13,S2,ML-KEM-768,KeyGen,61260.0,59942.0,61828.0,1886.0,10000,block-13-s2.csv
13,S2,ML-KEM-768,Encaps,87002.0,85500.0,87571.0,2071.0,10000,block-13-s2.csv
13,S2,ML-KEM-768,Decaps,83061.0,82118.0,86064.0,3946.0,10000,block-13-s2.csv
13,S2,ML-KEM-768,NTT,1112.0,1101.0,1127.0,26.0,10000,block-13-s2.csv
13,S2,ML-KEM-768,INVNTT,1116.0,1106.0,1121.0,15.0,10000,block-13-s2.csv
13,S2,ML-KEM-768,BaseMulAcc,913.0,911.0,930.0,19.0,10000,block-13-s2.csv
13,S2,ML-KEM-768,MatrixVectorMul,7866.0,7849.0,8086.0,237.0,10000,block-13-s2.csv
13,S2,ML-KEM-768,InnerProdEnc,1473.0,1473.0,1477.0,4.0,10000,block-13-s2.csv
13,S2,ML-KEM-768,InnerProdDec,4558.0,4543.0,4754.0,211.0,10000,block-13-s2.csv
13,S3,ML-KEM-768,KeyGen,60885.0,59573.0,61449.0,1876.0,10000,block-13-s3.csv
13,S3,ML-KEM-768,Encaps,86632.0,82871.0,87381.0,4510.0,10000,block-13-s3.csv
13,S3,ML-KEM-768,Decaps,82871.0,81744.0,85690.0,3946.0,10000,block-13-s3.csv
13,S3,ML-KEM-768,NTT,1057.0,1046.0,1061.0,15.0,10000,block-13-s3.csv
13,S3,ML-KEM-768,INVNTT,1116.0,1106.0,1123.0,17.0,10000,block-13-s3.csv
13,S3,ML-KEM-768,BaseMulAcc,911.0,911.0,913.0,2.0,10000,block-13-s3.csv
13,S3,ML-KEM-768,MatrixVectorMul,7706.0,7685.0,7924.0,239.0,10000,block-13-s3.csv
13,S3,ML-KEM-768,InnerProdEnc,1473.0,1473.0,1475.0,2.0,10000,block-13-s3.csv
13,S3,ML-KEM-768,InnerProdDec,4397.0,4385.0,4566.0,181.0,10000,block-13-s3.csv
13,S4,ML-KEM-768,KeyGen,61634.0,60132.0,62386.0,2254.0,10000,block-13-s4.csv
13,S4,ML-KEM-768,Encaps,87007.0,82871.0,87571.0,4700.0,10000,block-13-s4.csv
13,S4,ML-KEM-768,Decaps,83250.0,82307.0,86254.0,3947.0,10000,block-13-s4.csv
13,S4,ML-KEM-768,NTT,1178.0,1168.0,1183.0,15.0,10000,block-13-s4.csv
13,S4,ML-KEM-768,INVNTT,1080.0,1071.0,1084.0,13.0,10000,block-13-s4.csv
13,S4,ML-KEM-768,BaseMulAcc,911.0,911.0,913.0,2.0,10000,block-13-s4.csv
13,S4,ML-KEM-768,MatrixVectorMul,8072.0,7941.0,8217.0,276.0,10000,block-13-s4.csv
13,S4,ML-KEM-768,InnerProdEnc,1529.0,1527.0,1531.0,4.0,10000,block-13-s4.csv
13,S4,ML-KEM-768,InnerProdDec,4739.0,4729.0,4925.0,196.0,10000,block-13-s4.csv
13,S5,ML-KEM-768,KeyGen,61639.0,60136.0,62387.0,2251.0,10000,block-13-s5.csv
13,S5,ML-KEM-768,Encaps,87007.0,85505.0,87571.0,2066.0,10000,block-13-s5.csv
13,S5,ML-KEM-768,Decaps,83435.0,82307.0,86254.0,3947.0,10000,block-13-s5.csv
13,S5,ML-KEM-768,NTT,1181.0,1170.0,1187.0,17.0,10000,block-13-s5.csv
13,S5,ML-KEM-768,INVNTT,1082.0,1074.0,1116.0,42.0,10000,block-13-s5.csv
13,S5,ML-KEM-768,BaseMulAcc,911.0,911.0,913.0,2.0,10000,block-13-s5.csv
13,S5,ML-KEM-768,MatrixVectorMul,7965.0,7943.0,8178.0,235.0,10000,block-13-s5.csv
13,S5,ML-KEM-768,InnerProdEnc,1527.0,1527.0,1531.0,4.0,10000,block-13-s5.csv
13,S5,ML-KEM-768,InnerProdDec,4748.0,4735.0,4932.0,197.0,10000,block-13-s5.csv
14,S1,ML-KEM-768,KeyGen,64268.0,62202.0,65020.0,2818.0,10000,block-14-s1.csv
14,S1,ML-KEM-768,Encaps,87756.0,77233.0,88698.0,11465.0,10000,block-14-s1.csv
14,S1,ML-KEM-768,Decaps,85505.0,84752.0,88319.0,3567.0,10000,block-14-s1.csv
14,S1,ML-KEM-768,NTT,1555.0,1531.0,1561.0,30.0,10000,block-14-s1.csv
14,S1,ML-KEM-768,INVNTT,1116.0,1104.0,1123.0,19.0,10000,block-14-s1.csv
14,S1,ML-KEM-768,BaseMulAcc,913.0,911.0,932.0,21.0,10000,block-14-s1.csv
14,S1,ML-KEM-768,MatrixVectorMul,9341.0,9144.0,9613.0,469.0,10000,block-14-s1.csv
14,S1,ML-KEM-768,InnerProdEnc,1473.0,1473.0,1475.0,2.0,10000,block-14-s1.csv
14,S1,ML-KEM-768,InnerProdDec,5863.0,5851.0,6167.0,316.0,10000,block-14-s1.csv
14,S2,ML-KEM-768,KeyGen,61448.0,59947.0,62013.0,2066.0,10000,block-14-s2.csv
14,S2,ML-KEM-768,Encaps,87007.0,85316.0,87755.0,2439.0,10000,block-14-s2.csv
14,S2,ML-KEM-768,Decaps,83998.0,82308.0,86253.0,3945.0,10000,block-14-s2.csv
14,S2,ML-KEM-768,NTT,1116.0,1101.0,1157.0,56.0,10000,block-14-s2.csv
14,S2,ML-KEM-768,INVNTT,1116.0,1106.0,1121.0,15.0,10000,block-14-s2.csv
14,S2,ML-KEM-768,BaseMulAcc,911.0,911.0,915.0,4.0,10000,block-14-s2.csv
14,S2,ML-KEM-768,MatrixVectorMul,7943.0,7845.0,8196.0,351.0,10000,block-14-s2.csv
14,S2,ML-KEM-768,InnerProdEnc,1473.0,1473.0,1492.0,19.0,10000,block-14-s2.csv
14,S2,ML-KEM-768,InnerProdDec,4555.0,4540.0,4767.0,227.0,10000,block-14-s2.csv
14,S3,ML-KEM-768,KeyGen,61074.0,59757.0,61638.0,1881.0,10000,block-14-s3.csv
14,S3,ML-KEM-768,Encaps,86817.0,83056.0,87566.0,4510.0,10000,block-14-s3.csv
14,S3,ML-KEM-768,Decaps,83245.0,81933.0,85690.0,3757.0,10000,block-14-s3.csv
14,S3,ML-KEM-768,NTT,1057.0,1046.0,1067.0,21.0,10000,block-14-s3.csv
14,S3,ML-KEM-768,INVNTT,1108.0,1104.0,1120.0,16.0,10000,block-14-s3.csv
14,S3,ML-KEM-768,BaseMulAcc,911.0,911.0,915.0,4.0,10000,block-14-s3.csv
14,S3,ML-KEM-768,MatrixVectorMul,7826.0,7695.0,8091.0,396.0,10000,block-14-s3.csv
14,S3,ML-KEM-768,InnerProdEnc,1473.0,1473.0,1478.0,5.0,10000,block-14-s3.csv
14,S3,ML-KEM-768,InnerProdDec,4404.0,4387.0,4641.0,254.0,10000,block-14-s3.csv
14,S4,ML-KEM-768,KeyGen,61823.0,60137.0,62391.0,2254.0,10000,block-14-s4.csv
14,S4,ML-KEM-768,Encaps,87007.0,85506.0,87756.0,2250.0,10000,block-14-s4.csv
14,S4,ML-KEM-768,Decaps,83814.0,82497.0,86443.0,3946.0,10000,block-14-s4.csv
14,S4,ML-KEM-768,NTT,1180.0,1168.0,1187.0,19.0,10000,block-14-s4.csv
14,S4,ML-KEM-768,INVNTT,1082.0,1073.0,1084.0,11.0,10000,block-14-s4.csv
14,S4,ML-KEM-768,BaseMulAcc,911.0,911.0,915.0,4.0,10000,block-14-s4.csv
14,S4,ML-KEM-768,MatrixVectorMul,8042.0,7945.0,8309.0,364.0,10000,block-14-s4.csv
14,S4,ML-KEM-768,InnerProdEnc,1529.0,1527.0,1533.0,6.0,10000,block-14-s4.csv
14,S4,ML-KEM-768,InnerProdDec,4741.0,4729.0,4951.0,222.0,10000,block-14-s4.csv
14,S5,ML-KEM-768,KeyGen,61638.0,60132.0,62386.0,2254.0,10000,block-14-s5.csv
14,S5,ML-KEM-768,Encaps,87003.0,85500.0,87571.0,2071.0,10000,block-14-s5.csv
14,S5,ML-KEM-768,Decaps,83435.0,82308.0,86254.0,3946.0,10000,block-14-s5.csv
14,S5,ML-KEM-768,NTT,1181.0,1170.0,1187.0,17.0,10000,block-14-s5.csv
14,S5,ML-KEM-768,INVNTT,1080.0,1071.0,1084.0,13.0,10000,block-14-s5.csv
14,S5,ML-KEM-768,BaseMulAcc,913.0,911.0,920.0,9.0,10000,block-14-s5.csv
14,S5,ML-KEM-768,MatrixVectorMul,7956.0,7935.0,8168.0,233.0,10000,block-14-s5.csv
14,S5,ML-KEM-768,InnerProdEnc,1529.0,1527.0,1531.0,4.0,10000,block-14-s5.csv
14,S5,ML-KEM-768,InnerProdDec,4748.0,4735.0,4932.0,197.0,10000,block-14-s5.csv
15,S1,ML-KEM-768,KeyGen,64268.0,62197.0,65021.0,2824.0,10000,block-15-s1.csv
15,S1,ML-KEM-768,Encaps,87760.0,77233.0,88699.0,11466.0,10000,block-15-s1.csv
15,S1,ML-KEM-768,Decaps,86069.0,84937.0,88509.0,3572.0,10000,block-15-s1.csv
15,S1,ML-KEM-768,NTT,1555.0,1531.0,1563.0,32.0,10000,block-15-s1.csv
15,S1,ML-KEM-768,INVNTT,1116.0,1108.0,1138.0,30.0,10000,block-15-s1.csv
15,S1,ML-KEM-768,BaseMulAcc,913.0,911.0,928.0,17.0,10000,block-15-s1.csv
15,S1,ML-KEM-768,MatrixVectorMul,9305.0,9140.0,9608.0,468.0,10000,block-15-s1.csv
15,S1,ML-KEM-768,InnerProdEnc,1473.0,1473.0,1477.0,4.0,10000,block-15-s1.csv
15,S1,ML-KEM-768,InnerProdDec,5866.0,5851.0,6165.0,314.0,10000,block-15-s1.csv
15,S2,ML-KEM-768,KeyGen,61448.0,59947.0,62012.0,2065.0,10000,block-15-s2.csv
15,S2,ML-KEM-768,Encaps,87003.0,85500.0,87755.0,2255.0,10000,block-15-s2.csv
15,S2,ML-KEM-768,Decaps,83814.0,82307.0,86254.0,3947.0,10000,block-15-s2.csv
15,S2,ML-KEM-768,NTT,1112.0,1101.0,1119.0,18.0,10000,block-15-s2.csv
15,S2,ML-KEM-768,INVNTT,1116.0,1106.0,1121.0,15.0,10000,block-15-s2.csv
15,S2,ML-KEM-768,BaseMulAcc,913.0,911.0,917.0,6.0,10000,block-15-s2.csv
15,S2,ML-KEM-768,MatrixVectorMul,7973.0,7845.0,8249.0,404.0,10000,block-15-s2.csv
15,S2,ML-KEM-768,InnerProdEnc,1473.0,1473.0,1478.0,5.0,10000,block-15-s2.csv
15,S2,ML-KEM-768,InnerProdDec,4557.0,4543.0,4789.0,246.0,10000,block-15-s2.csv
15,S3,ML-KEM-768,KeyGen,60885.0,59573.0,61633.0,2060.0,10000,block-15-s3.csv
15,S3,ML-KEM-768,Encaps,86817.0,82681.0,87382.0,4701.0,10000,block-15-s3.csv
15,S3,ML-KEM-768,Decaps,83245.0,81933.0,85875.0,3942.0,10000,block-15-s3.csv
15,S3,ML-KEM-768,NTT,1057.0,1046.0,1076.0,30.0,10000,block-15-s3.csv
15,S3,ML-KEM-768,INVNTT,1116.0,1106.0,1134.0,28.0,10000,block-15-s3.csv
15,S3,ML-KEM-768,BaseMulAcc,911.0,911.0,915.0,4.0,10000,block-15-s3.csv
15,S3,ML-KEM-768,MatrixVectorMul,7819.0,7691.0,8072.0,381.0,10000,block-15-s3.csv
15,S3,ML-KEM-768,InnerProdEnc,1473.0,1473.0,1478.0,5.0,10000,block-15-s3.csv
15,S3,ML-KEM-768,InnerProdDec,4402.0,4387.0,4622.0,235.0,10000,block-15-s3.csv
15,S4,ML-KEM-768,KeyGen,61823.0,60136.0,62387.0,2251.0,10000,block-15-s4.csv
15,S4,ML-KEM-768,Encaps,87192.0,81554.0,89072.0,7518.0,10000,block-15-s4.csv
15,S4,ML-KEM-768,Decaps,83809.0,82497.0,86439.0,3942.0,10000,block-15-s4.csv
15,S4,ML-KEM-768,NTT,1187.0,1170.0,1206.0,36.0,10000,block-15-s4.csv
15,S4,ML-KEM-768,INVNTT,1082.0,1074.0,1084.0,10.0,10000,block-15-s4.csv
15,S4,ML-KEM-768,BaseMulAcc,911.0,911.0,915.0,4.0,10000,block-15-s4.csv
15,S4,ML-KEM-768,MatrixVectorMul,8065.0,7939.0,8328.0,389.0,10000,block-15-s4.csv
15,S4,ML-KEM-768,InnerProdEnc,1529.0,1527.0,1589.0,62.0,10000,block-15-s4.csv
15,S4,ML-KEM-768,InnerProdDec,4743.0,4731.0,4994.0,263.0,10000,block-15-s4.csv
15,S5,ML-KEM-768,KeyGen,61823.0,60132.0,62387.0,2255.0,10000,block-15-s5.csv
15,S5,ML-KEM-768,Encaps,87007.0,85500.0,87760.0,2260.0,10000,block-15-s5.csv
15,S5,ML-KEM-768,Decaps,83624.0,82492.0,86439.0,3947.0,10000,block-15-s5.csv
15,S5,ML-KEM-768,NTT,1185.0,1174.0,1189.0,15.0,10000,block-15-s5.csv
15,S5,ML-KEM-768,INVNTT,1082.0,1078.0,1088.0,10.0,10000,block-15-s5.csv
15,S5,ML-KEM-768,BaseMulAcc,913.0,911.0,917.0,6.0,10000,block-15-s5.csv
15,S5,ML-KEM-768,MatrixVectorMul,8065.0,7939.0,8326.0,387.0,10000,block-15-s5.csv
15,S5,ML-KEM-768,InnerProdEnc,1529.0,1527.0,1548.0,21.0,10000,block-15-s5.csv
15,S5,ML-KEM-768,InnerProdDec,4750.0,4737.0,4992.0,255.0,10000,block-15-s5.csv
16,S1,ML-KEM-768,KeyGen,64452.0,62202.0,65021.0,2819.0,10000,block-16-s1.csv
16,S1,ML-KEM-768,Encaps,87945.0,77234.0,88699.0,11465.0,10000,block-16-s1.csv
16,S1,ML-KEM-768,Decaps,86253.0,84937.0,88509.0,3572.0,10000,block-16-s1.csv
16,S1,ML-KEM-768,NTT,1557.0,1533.0,1572.0,39.0,10000,block-16-s1.csv
16,S1,ML-KEM-768,INVNTT,1114.0,1106.0,1127.0,21.0,10000,block-16-s1.csv
16,S1,ML-KEM-768,BaseMulAcc,913.0,911.0,920.0,9.0,10000,block-16-s1.csv
16,S1,ML-KEM-768,MatrixVectorMul,9290.0,9142.0,9593.0,451.0,10000,block-16-s1.csv
16,S1,ML-KEM-768,InnerProdEnc,1473.0,1473.0,1480.0,7.0,10000,block-16-s1.csv
16,S1,ML-KEM-768,InnerProdDec,5879.0,5853.0,6182.0,329.0,10000,block-16-s1.csv
16,S2,ML-KEM-768,KeyGen,61448.0,59947.0,62013.0,2066.0,10000,block-16-s2.csv
16,S2,ML-KEM-768,Encaps,87003.0,82871.0,87755.0,4884.0,10000,block-16-s2.csv
16,S2,ML-KEM-768,Decaps,83435.0,82307.0,86069.0,3762.0,10000,block-16-s2.csv
16,S2,ML-KEM-768,NTT,1114.0,1101.0,1123.0,22.0,10000,block-16-s2.csv
16,S2,ML-KEM-768,INVNTT,1110.0,1104.0,1120.0,16.0,10000,block-16-s2.csv
16,S2,ML-KEM-768,BaseMulAcc,911.0,911.0,915.0,4.0,10000,block-16-s2.csv
16,S2,ML-KEM-768,MatrixVectorMul,7984.0,7853.0,8255.0,402.0,10000,block-16-s2.csv
16,S2,ML-KEM-768,InnerProdEnc,1473.0,1473.0,1478.0,5.0,10000,block-16-s2.csv
16,S2,ML-KEM-768,InnerProdDec,4560.0,4545.0,4799.0,254.0,10000,block-16-s2.csv
16,S3,ML-KEM-768,KeyGen,61070.0,59757.0,61638.0,1881.0,10000,block-16-s3.csv
16,S3,ML-KEM-768,Encaps,86817.0,85127.0,87566.0,2439.0,10000,block-16-s3.csv
16,S3,ML-KEM-768,Decaps,83624.0,81934.0,85875.0,3941.0,10000,block-16-s3.csv
16,S3,ML-KEM-768,NTT,1052.0,1046.0,1061.0,15.0,10000,block-16-s3.csv
16,S3,ML-KEM-768,INVNTT,1116.0,1106.0,1125.0,19.0,10000,block-16-s3.csv
16,S3,ML-KEM-768,BaseMulAcc,913.0,911.0,918.0,7.0,10000,block-16-s3.csv
16,S3,ML-KEM-768,MatrixVectorMul,7809.0,7683.0,8071.0,388.0,10000,block-16-s3.csv
16,S3,ML-KEM-768,InnerProdEnc,1473.0,1473.0,1499.0,26.0,10000,block-16-s3.csv
16,S3,ML-KEM-768,InnerProdDec,4399.0,4384.0,4617.0,233.0,10000,block-16-s3.csv
16,S4,ML-KEM-768,KeyGen,61823.0,60137.0,62387.0,2250.0,10000,block-16-s4.csv
16,S4,ML-KEM-768,Encaps,87007.0,82682.0,87756.0,5074.0,10000,block-16-s4.csv
16,S4,ML-KEM-768,Decaps,83998.0,82497.0,86439.0,3942.0,10000,block-16-s4.csv
16,S4,ML-KEM-768,NTT,1170.0,1166.0,1185.0,19.0,10000,block-16-s4.csv
16,S4,ML-KEM-768,INVNTT,1074.0,1071.0,1086.0,15.0,10000,block-16-s4.csv
16,S4,ML-KEM-768,BaseMulAcc,911.0,911.0,917.0,6.0,10000,block-16-s4.csv
16,S4,ML-KEM-768,MatrixVectorMul,8082.0,7948.0,8343.0,395.0,10000,block-16-s4.csv
16,S4,ML-KEM-768,InnerProdEnc,1529.0,1527.0,1552.0,25.0,10000,block-16-s4.csv
16,S4,ML-KEM-768,InnerProdDec,4742.0,4731.0,4972.0,241.0,10000,block-16-s4.csv
16,S5,ML-KEM-768,KeyGen,61823.0,60136.0,62387.0,2251.0,10000,block-16-s5.csv
16,S5,ML-KEM-768,Encaps,87007.0,85316.0,87755.0,2439.0,10000,block-16-s5.csv
16,S5,ML-KEM-768,Decaps,83999.0,82497.0,86443.0,3946.0,10000,block-16-s5.csv
16,S5,ML-KEM-768,NTT,1183.0,1172.0,1193.0,21.0,10000,block-16-s5.csv
16,S5,ML-KEM-768,INVNTT,1082.0,1073.0,1086.0,13.0,10000,block-16-s5.csv
16,S5,ML-KEM-768,BaseMulAcc,911.0,911.0,913.0,2.0,10000,block-16-s5.csv
16,S5,ML-KEM-768,MatrixVectorMul,8072.0,7943.0,8337.0,394.0,10000,block-16-s5.csv
16,S5,ML-KEM-768,InnerProdEnc,1529.0,1527.0,1533.0,6.0,10000,block-16-s5.csv
16,S5,ML-KEM-768,InnerProdDec,4754.0,4737.0,5036.0,299.0,10000,block-16-s5.csv
17,S1,ML-KEM-768,KeyGen,64452.0,62202.0,65021.0,2819.0,10000,block-17-s1.csv
17,S1,ML-KEM-768,Encaps,87945.0,77234.0,88883.0,11649.0,10000,block-17-s1.csv
17,S1,ML-KEM-768,Decaps,86253.0,84937.0,88509.0,3572.0,10000,block-17-s1.csv
17,S1,ML-KEM-768,NTT,1555.0,1525.0,1567.0,42.0,10000,block-17-s1.csv
17,S1,ML-KEM-768,INVNTT,1116.0,1106.0,1121.0,15.0,10000,block-17-s1.csv
17,S1,ML-KEM-768,BaseMulAcc,913.0,911.0,917.0,6.0,10000,block-17-s1.csv
17,S1,ML-KEM-768,MatrixVectorMul,9294.0,9140.0,9595.0,455.0,10000,block-17-s1.csv
17,S1,ML-KEM-768,InnerProdEnc,1473.0,1473.0,1478.0,5.0,10000,block-17-s1.csv
17,S1,ML-KEM-768,InnerProdDec,5883.0,5853.0,6184.0,331.0,10000,block-17-s1.csv
17,S2,ML-KEM-768,KeyGen,61449.0,59942.0,62197.0,2255.0,10000,block-17-s2.csv
17,S2,ML-KEM-768,Encaps,87002.0,85316.0,87571.0,2255.0,10000,block-17-s2.csv
17,S2,ML-KEM-768,Decaps,83809.0,82307.0,86069.0,3762.0,10000,block-17-s2.csv
17,S2,ML-KEM-768,NTT,1104.0,1099.0,1119.0,20.0,10000,block-17-s2.csv
17,S2,ML-KEM-768,INVNTT,1116.0,1106.0,1121.0,15.0,10000,block-17-s2.csv
17,S2,ML-KEM-768,BaseMulAcc,911.0,911.0,917.0,6.0,10000,block-17-s2.csv
17,S2,ML-KEM-768,MatrixVectorMul,7977.0,7847.0,8272.0,425.0,10000,block-17-s2.csv
17,S2,ML-KEM-768,InnerProdEnc,1473.0,1473.0,1484.0,11.0,10000,block-17-s2.csv
17,S2,ML-KEM-768,InnerProdDec,4556.0,4540.0,4801.0,261.0,10000,block-17-s2.csv
17,S3,ML-KEM-768,KeyGen,61069.0,59757.0,61638.0,1881.0,10000,block-17-s3.csv
17,S3,ML-KEM-768,Encaps,86817.0,85315.0,87566.0,2251.0,10000,block-17-s3.csv
17,S3,ML-KEM-768,Decaps,83056.0,81928.0,85690.0,3762.0,10000,block-17-s3.csv
17,S3,ML-KEM-768,NTT,1056.0,1046.0,1065.0,19.0,10000,block-17-s3.csv
17,S3,ML-KEM-768,INVNTT,1114.0,1106.0,1127.0,21.0,10000,block-17-s3.csv
17,S3,ML-KEM-768,BaseMulAcc,913.0,911.0,917.0,6.0,10000,block-17-s3.csv
17,S3,ML-KEM-768,MatrixVectorMul,7809.0,7685.0,8074.0,389.0,10000,block-17-s3.csv
17,S3,ML-KEM-768,InnerProdEnc,1473.0,1473.0,1480.0,7.0,10000,block-17-s3.csv
17,S3,ML-KEM-768,InnerProdDec,4400.0,4384.0,4649.0,265.0,10000,block-17-s3.csv
17,S4,ML-KEM-768,KeyGen,61823.0,60132.0,62387.0,2255.0,10000,block-17-s4.csv
17,S4,ML-KEM-768,Encaps,87007.0,82871.0,87760.0,4889.0,10000,block-17-s4.csv
17,S4,ML-KEM-768,Decaps,83999.0,82497.0,86443.0,3946.0,10000,block-17-s4.csv
17,S4,ML-KEM-768,NTT,1180.0,1170.0,1187.0,17.0,10000,block-17-s4.csv
17,S4,ML-KEM-768,INVNTT,1082.0,1073.0,1088.0,15.0,10000,block-17-s4.csv
17,S4,ML-KEM-768,BaseMulAcc,911.0,911.0,915.0,4.0,10000,block-17-s4.csv
17,S4,ML-KEM-768,MatrixVectorMul,8067.0,7939.0,8341.0,402.0,10000,block-17-s4.csv
17,S4,ML-KEM-768,InnerProdEnc,1529.0,1527.0,1557.0,30.0,10000,block-17-s4.csv
17,S4,ML-KEM-768,InnerProdDec,4742.0,4731.0,4977.0,246.0,10000,block-17-s4.csv
17,S5,ML-KEM-768,KeyGen,61823.0,60136.0,62387.0,2251.0,10000,block-17-s5.csv
17,S5,ML-KEM-768,Encaps,87007.0,82871.0,87756.0,4885.0,10000,block-17-s5.csv
17,S5,ML-KEM-768,Decaps,83620.0,82492.0,86254.0,3762.0,10000,block-17-s5.csv
17,S5,ML-KEM-768,NTT,1183.0,1172.0,1189.0,17.0,10000,block-17-s5.csv
17,S5,ML-KEM-768,INVNTT,1074.0,1071.0,1086.0,15.0,10000,block-17-s5.csv
17,S5,ML-KEM-768,BaseMulAcc,913.0,911.0,920.0,9.0,10000,block-17-s5.csv
17,S5,ML-KEM-768,MatrixVectorMul,8084.0,7952.0,8356.0,404.0,10000,block-17-s5.csv
17,S5,ML-KEM-768,InnerProdEnc,1529.0,1527.0,1539.0,12.0,10000,block-17-s5.csv
17,S5,ML-KEM-768,InnerProdDec,4752.0,4739.0,5013.0,274.0,10000,block-17-s5.csv
18,S1,ML-KEM-768,KeyGen,64453.0,62202.0,65021.0,2819.0,10000,block-18-s1.csv
18,S1,ML-KEM-768,Encaps,87760.0,77234.0,88699.0,11465.0,10000,block-18-s1.csv
18,S1,ML-KEM-768,Decaps,87755.0,85126.0,89072.0,3946.0,10000,block-18-s1.csv
18,S1,ML-KEM-768,NTT,1557.0,1531.0,1589.0,58.0,10000,block-18-s1.csv
18,S1,ML-KEM-768,INVNTT,1116.0,1104.0,1121.0,17.0,10000,block-18-s1.csv
18,S1,ML-KEM-768,BaseMulAcc,911.0,911.0,915.0,4.0,10000,block-18-s1.csv
18,S1,ML-KEM-768,MatrixVectorMul,9301.0,9140.0,9606.0,466.0,10000,block-18-s1.csv
18,S1,ML-KEM-768,InnerProdEnc,1473.0,1473.0,1490.0,17.0,10000,block-18-s1.csv
18,S1,ML-KEM-768,InnerProdDec,5956.0,5853.0,6197.0,344.0,10000,block-18-s1.csv
18,S2,ML-KEM-768,KeyGen,61264.0,59942.0,62012.0,2070.0,10000,block-18-s2.csv
18,S2,ML-KEM-768,Encaps,87007.0,82871.0,87755.0,4884.0,10000,block-18-s2.csv
18,S2,ML-KEM-768,Decaps,83624.0,82307.0,86253.0,3946.0,10000,block-18-s2.csv
18,S2,ML-KEM-768,NTT,1114.0,1101.0,1121.0,20.0,10000,block-18-s2.csv
18,S2,ML-KEM-768,INVNTT,1116.0,1106.0,1121.0,15.0,10000,block-18-s2.csv
18,S2,ML-KEM-768,BaseMulAcc,913.0,911.0,945.0,34.0,10000,block-18-s2.csv
18,S2,ML-KEM-768,MatrixVectorMul,7962.0,7843.0,8232.0,389.0,10000,block-18-s2.csv
18,S2,ML-KEM-768,InnerProdEnc,1473.0,1473.0,1480.0,7.0,10000,block-18-s2.csv
18,S2,ML-KEM-768,InnerProdDec,4556.0,4541.0,4786.0,245.0,10000,block-18-s2.csv
18,S3,ML-KEM-768,KeyGen,60885.0,59573.0,61633.0,2060.0,10000,block-18-s3.csv
18,S3,ML-KEM-768,Encaps,86817.0,85311.0,87382.0,2071.0,10000,block-18-s3.csv
18,S3,ML-KEM-768,Decaps,83435.0,81933.0,85879.0,3946.0,10000,block-18-s3.csv
18,S3,ML-KEM-768,NTT,1059.0,1050.0,1063.0,13.0,10000,block-18-s3.csv
18,S3,ML-KEM-768,INVNTT,1106.0,1104.0,1121.0,17.0,10000,block-18-s3.csv
18,S3,ML-KEM-768,BaseMulAcc,911.0,911.0,917.0,6.0,10000,block-18-s3.csv
18,S3,ML-KEM-768,MatrixVectorMul,7796.0,7683.0,8052.0,369.0,10000,block-18-s3.csv
18,S3,ML-KEM-768,InnerProdEnc,1473.0,1473.0,1477.0,4.0,10000,block-18-s3.csv
18,S3,ML-KEM-768,InnerProdDec,4402.0,4387.0,4650.0,263.0,10000,block-18-s3.csv
18,S4,ML-KEM-768,KeyGen,61639.0,60132.0,62387.0,2255.0,10000,block-18-s4.csv
18,S4,ML-KEM-768,Encaps,87007.0,82871.0,87760.0,4889.0,10000,block-18-s4.csv
18,S4,ML-KEM-768,Decaps,83998.0,82497.0,86443.0,3946.0,10000,block-18-s4.csv
18,S4,ML-KEM-768,NTT,1178.0,1168.0,1189.0,21.0,10000,block-18-s4.csv
18,S4,ML-KEM-768,INVNTT,1082.0,1071.0,1086.0,15.0,10000,block-18-s4.csv
18,S4,ML-KEM-768,BaseMulAcc,911.0,911.0,915.0,4.0,10000,block-18-s4.csv
18,S4,ML-KEM-768,MatrixVectorMul,8071.0,7935.0,8347.0,412.0,10000,block-18-s4.csv
18,S4,ML-KEM-768,InnerProdEnc,1529.0,1527.0,1555.0,28.0,10000,block-18-s4.csv
18,S4,ML-KEM-768,InnerProdDec,4743.0,4731.0,4981.0,250.0,10000,block-18-s4.csv
18,S5,ML-KEM-768,KeyGen,61823.0,60136.0,62387.0,2251.0,10000,block-18-s5.csv
18,S5,ML-KEM-768,Encaps,87007.0,85501.0,87760.0,2259.0,10000,block-18-s5.csv
18,S5,ML-KEM-768,Decaps,84188.0,82497.0,86443.0,3946.0,10000,block-18-s5.csv
18,S5,ML-KEM-768,NTT,1183.0,1172.0,1193.0,21.0,10000,block-18-s5.csv
18,S5,ML-KEM-768,INVNTT,1082.0,1074.0,1091.0,17.0,10000,block-18-s5.csv
18,S5,ML-KEM-768,BaseMulAcc,911.0,911.0,915.0,4.0,10000,block-18-s5.csv
18,S5,ML-KEM-768,MatrixVectorMul,8074.0,7948.0,8362.0,414.0,10000,block-18-s5.csv
18,S5,ML-KEM-768,InnerProdEnc,1529.0,1527.0,1555.0,28.0,10000,block-18-s5.csv
18,S5,ML-KEM-768,InnerProdDec,4752.0,4741.0,5009.0,268.0,10000,block-18-s5.csv
19,S1,ML-KEM-768,KeyGen,64268.0,62202.0,65021.0,2819.0,10000,block-19-s1.csv
19,S1,ML-KEM-768,Encaps,87945.0,77234.0,88883.0,11649.0,10000,block-19-s1.csv
19,S1,ML-KEM-768,Decaps,86069.0,84937.0,88509.0,3572.0,10000,block-19-s1.csv
19,S1,ML-KEM-768,NTT,1557.0,1533.0,1584.0,51.0,10000,block-19-s1.csv
19,S1,ML-KEM-768,INVNTT,1116.0,1106.0,1120.0,14.0,10000,block-19-s1.csv
19,S1,ML-KEM-768,BaseMulAcc,913.0,911.0,917.0,6.0,10000,block-19-s1.csv
19,S1,ML-KEM-768,MatrixVectorMul,9311.0,9142.0,9576.0,434.0,10000,block-19-s1.csv
19,S1,ML-KEM-768,InnerProdEnc,1473.0,1473.0,1484.0,11.0,10000,block-19-s1.csv
19,S1,ML-KEM-768,InnerProdDec,5880.0,5853.0,6165.0,312.0,10000,block-19-s1.csv
19,S2,ML-KEM-768,KeyGen,61264.0,59943.0,62012.0,2069.0,10000,block-19-s2.csv
19,S2,ML-KEM-768,Encaps,87002.0,82872.0,87755.0,4883.0,10000,block-19-s2.csv
19,S2,ML-KEM-768,Decaps,83619.0,82307.0,86253.0,3946.0,10000,block-19-s2.csv
19,S2,ML-KEM-768,NTT,1103.0,1099.0,1119.0,20.0,10000,block-19-s2.csv
19,S2,ML-KEM-768,INVNTT,1118.0,1108.0,1121.0,13.0,10000,block-19-s2.csv
19,S2,ML-KEM-768,BaseMulAcc,911.0,911.0,915.0,4.0,10000,block-19-s2.csv
19,S2,ML-KEM-768,MatrixVectorMul,7990.0,7854.0,8257.0,403.0,10000,block-19-s2.csv
19,S2,ML-KEM-768,InnerProdEnc,1473.0,1473.0,1478.0,5.0,10000,block-19-s2.csv
19,S2,ML-KEM-768,InnerProdDec,4560.0,4547.0,4771.0,224.0,10000,block-19-s2.csv
19,S3,ML-KEM-768,KeyGen,61069.0,59757.0,61634.0,1877.0,10000,block-19-s3.csv
19,S3,ML-KEM-768,Encaps,86817.0,85316.0,87382.0,2066.0,10000,block-19-s3.csv
19,S3,ML-KEM-768,Decaps,83435.0,81933.0,85874.0,3941.0,10000,block-19-s3.csv
19,S3,ML-KEM-768,NTT,1059.0,1056.0,1063.0,7.0,10000,block-19-s3.csv
19,S3,ML-KEM-768,INVNTT,1116.0,1106.0,1120.0,14.0,10000,block-19-s3.csv
19,S3,ML-KEM-768,BaseMulAcc,911.0,911.0,913.0,2.0,10000,block-19-s3.csv
19,S3,ML-KEM-768,MatrixVectorMul,7806.0,7691.0,8055.0,364.0,10000,block-19-s3.csv
19,S3,ML-KEM-768,InnerProdEnc,1473.0,1473.0,1480.0,7.0,10000,block-19-s3.csv
19,S3,ML-KEM-768,InnerProdDec,4402.0,4387.0,4622.0,235.0,10000,block-19-s3.csv
19,S4,ML-KEM-768,KeyGen,61823.0,60136.0,62387.0,2251.0,10000,block-19-s4.csv
19,S4,ML-KEM-768,Encaps,87007.0,85501.0,87756.0,2255.0,10000,block-19-s4.csv
19,S4,ML-KEM-768,Decaps,83625.0,82492.0,86254.0,3762.0,10000,block-19-s4.csv
19,S4,ML-KEM-768,NTT,1180.0,1168.0,1187.0,19.0,10000,block-19-s4.csv
19,S4,ML-KEM-768,INVNTT,1082.0,1074.0,1084.0,10.0,10000,block-19-s4.csv
19,S4,ML-KEM-768,BaseMulAcc,913.0,911.0,917.0,6.0,10000,block-19-s4.csv
19,S4,ML-KEM-768,MatrixVectorMul,8080.0,7945.0,8343.0,398.0,10000,block-19-s4.csv
19,S4,ML-KEM-768,InnerProdEnc,1529.0,1527.0,1595.0,68.0,10000,block-19-s4.csv
19,S4,ML-KEM-768,InnerProdDec,4743.0,4731.0,4991.0,260.0,10000,block-19-s4.csv
19,S5,ML-KEM-768,KeyGen,61823.0,60132.0,62391.0,2259.0,10000,block-19-s5.csv
19,S5,ML-KEM-768,Encaps,87007.0,82871.0,87755.0,4884.0,10000,block-19-s5.csv
19,S5,ML-KEM-768,Decaps,83810.0,82497.0,86439.0,3942.0,10000,block-19-s5.csv
19,S5,ML-KEM-768,NTT,1185.0,1172.0,1198.0,26.0,10000,block-19-s5.csv
19,S5,ML-KEM-768,INVNTT,1084.0,1082.0,1103.0,21.0,10000,block-19-s5.csv
19,S5,ML-KEM-768,BaseMulAcc,913.0,911.0,928.0,17.0,10000,block-19-s5.csv
19,S5,ML-KEM-768,MatrixVectorMul,8076.0,7950.0,8339.0,389.0,10000,block-19-s5.csv
19,S5,ML-KEM-768,InnerProdEnc,1529.0,1527.0,1535.0,8.0,10000,block-19-s5.csv
19,S5,ML-KEM-768,InnerProdDec,4752.0,4737.0,4998.0,261.0,10000,block-19-s5.csv
20,S1,ML-KEM-768,KeyGen,64831.0,62576.0,65774.0,3198.0,10000,block-20-s1.csv
20,S1,ML-KEM-768,Encaps,87945.0,78176.0,88883.0,10707.0,10000,block-20-s1.csv
20,S1,ML-KEM-768,Decaps,86254.0,84937.0,88509.0,3572.0,10000,block-20-s1.csv
20,S1,ML-KEM-768,NTT,1557.0,1531.0,1565.0,34.0,10000,block-20-s1.csv
20,S1,ML-KEM-768,INVNTT,1116.0,1104.0,1127.0,23.0,10000,block-20-s1.csv
20,S1,ML-KEM-768,BaseMulAcc,913.0,911.0,915.0,4.0,10000,block-20-s1.csv
20,S1,ML-KEM-768,MatrixVectorMul,9268.0,9140.0,9563.0,423.0,10000,block-20-s1.csv
20,S1,ML-KEM-768,InnerProdEnc,1473.0,1473.0,1477.0,4.0,10000,block-20-s1.csv
20,S1,ML-KEM-768,InnerProdDec,5870.0,5853.0,6141.0,288.0,10000,block-20-s1.csv
20,S2,ML-KEM-768,KeyGen,61448.0,59757.0,62198.0,2441.0,10000,block-20-s2.csv
20,S2,ML-KEM-768,Encaps,87007.0,85315.0,88319.0,3004.0,10000,block-20-s2.csv
20,S2,ML-KEM-768,Decaps,84752.0,82682.0,86254.0,3572.0,10000,block-20-s2.csv
20,S2,ML-KEM-768,NTT,1116.0,1101.0,1165.0,64.0,10000,block-20-s2.csv
20,S2,ML-KEM-768,INVNTT,1118.0,1104.0,1165.0,61.0,10000,block-20-s2.csv
20,S2,ML-KEM-768,BaseMulAcc,947.0,915.0,954.0,39.0,10000,block-20-s2.csv
20,S2,ML-KEM-768,MatrixVectorMul,7965.0,7851.0,8210.0,359.0,10000,block-20-s2.csv
20,S2,ML-KEM-768,InnerProdEnc,1475.0,1473.0,1503.0,30.0,10000,block-20-s2.csv
20,S2,ML-KEM-768,InnerProdDec,4560.0,4543.0,4789.0,246.0,10000,block-20-s2.csv
20,S3,ML-KEM-768,KeyGen,61069.0,59757.0,61634.0,1877.0,10000,block-20-s3.csv
20,S3,ML-KEM-768,Encaps,86817.0,82872.0,87566.0,4694.0,10000,block-20-s3.csv
20,S3,ML-KEM-768,Decaps,83246.0,81933.0,85690.0,3757.0,10000,block-20-s3.csv
20,S3,ML-KEM-768,NTT,1057.0,1048.0,1065.0,17.0,10000,block-20-s3.csv
20,S3,ML-KEM-768,INVNTT,1116.0,1114.0,1123.0,9.0,10000,block-20-s3.csv
20,S3,ML-KEM-768,BaseMulAcc,913.0,911.0,915.0,4.0,10000,block-20-s3.csv
20,S3,ML-KEM-768,MatrixVectorMul,7802.0,7693.0,8050.0,357.0,10000,block-20-s3.csv
20,S3,ML-KEM-768,InnerProdEnc,1473.0,1473.0,1477.0,4.0,10000,block-20-s3.csv
20,S3,ML-KEM-768,InnerProdDec,4401.0,4385.0,4609.0,224.0,10000,block-20-s3.csv
20,S4,ML-KEM-768,KeyGen,61823.0,60136.0,62387.0,2251.0,10000,block-20-s4.csv
20,S4,ML-KEM-768,Encaps,87007.0,82871.0,87755.0,4884.0,10000,block-20-s4.csv
20,S4,ML-KEM-768,Decaps,84188.0,82682.0,86443.0,3761.0,10000,block-20-s4.csv
20,S4,ML-KEM-768,NTT,1180.0,1168.0,1202.0,34.0,10000,block-20-s4.csv
20,S4,ML-KEM-768,INVNTT,1082.0,1080.0,1127.0,47.0,10000,block-20-s4.csv
20,S4,ML-KEM-768,BaseMulAcc,911.0,911.0,917.0,6.0,10000,block-20-s4.csv
20,S4,ML-KEM-768,MatrixVectorMul,8063.0,7939.0,8281.0,342.0,10000,block-20-s4.csv
20,S4,ML-KEM-768,InnerProdEnc,1529.0,1527.0,1533.0,6.0,10000,block-20-s4.csv
20,S4,ML-KEM-768,InnerProdDec,4741.0,4731.0,4942.0,211.0,10000,block-20-s4.csv
20,S5,ML-KEM-768,KeyGen,61823.0,60136.0,62391.0,2255.0,10000,block-20-s5.csv
20,S5,ML-KEM-768,Encaps,87191.0,83056.0,88134.0,5078.0,10000,block-20-s5.csv
20,S5,ML-KEM-768,Decaps,84562.0,82687.0,86628.0,3941.0,10000,block-20-s5.csv
20,S5,ML-KEM-768,NTT,1183.0,1172.0,1206.0,34.0,10000,block-20-s5.csv
20,S5,ML-KEM-768,INVNTT,1080.0,1073.0,1084.0,11.0,10000,block-20-s5.csv
20,S5,ML-KEM-768,BaseMulAcc,911.0,911.0,915.0,4.0,10000,block-20-s5.csv
20,S5,ML-KEM-768,MatrixVectorMul,8086.0,7950.0,8354.0,404.0,10000,block-20-s5.csv
20,S5,ML-KEM-768,InnerProdEnc,1529.0,1527.0,1570.0,43.0,10000,block-20-s5.csv
20,S5,ML-KEM-768,InnerProdDec,4754.0,4739.0,5028.0,289.0,10000,block-20-s5.csv
21,S1,ML-KEM-768,KeyGen,64268.0,62202.0,65020.0,2818.0,10000,block-21-s1.csv
21,S1,ML-KEM-768,Encaps,87755.0,77049.0,88698.0,11649.0,10000,block-21-s1.csv
21,S1,ML-KEM-768,Decaps,85690.0,84752.0,88319.0,3567.0,10000,block-21-s1.csv
21,S1,ML-KEM-768,NTT,1555.0,1524.0,1561.0,37.0,10000,block-21-s1.csv
21,S1,ML-KEM-768,INVNTT,1114.0,1104.0,1119.0,15.0,10000,block-21-s1.csv
21,S1,ML-KEM-768,BaseMulAcc,911.0,911.0,915.0,4.0,10000,block-21-s1.csv
21,S1,ML-KEM-768,MatrixVectorMul,9252.0,9145.0,9408.0,263.0,10000,block-21-s1.csv
21,S1,ML-KEM-768,InnerProdEnc,1473.0,1473.0,1475.0,2.0,10000,block-21-s1.csv
21,S1,ML-KEM-768,InnerProdDec,5868.0,5855.0,6135.0,280.0,10000,block-21-s1.csv
21,S2,ML-KEM-768,KeyGen,61264.0,59942.0,62012.0,2070.0,10000,block-21-s2.csv
21,S2,ML-KEM-768,Encaps,87003.0,85505.0,87755.0,2250.0,10000,block-21-s2.csv
21,S2,ML-KEM-768,Decaps,85880.0,83435.0,87381.0,3946.0,10000,block-21-s2.csv
21,S2,ML-KEM-768,NTT,1114.0,1110.0,1150.0,40.0,10000,block-21-s2.csv
21,S2,ML-KEM-768,INVNTT,1114.0,1104.0,1120.0,16.0,10000,block-21-s2.csv
21,S2,ML-KEM-768,BaseMulAcc,913.0,911.0,926.0,15.0,10000,block-21-s2.csv
21,S2,ML-KEM-768,MatrixVectorMul,7950.0,7845.0,8174.0,329.0,10000,block-21-s2.csv
21,S2,ML-KEM-768,InnerProdEnc,1475.0,1473.0,1509.0,36.0,10000,block-21-s2.csv
21,S2,ML-KEM-768,InnerProdDec,4551.0,4538.0,4696.0,158.0,10000,block-21-s2.csv
21,S3,ML-KEM-768,KeyGen,60885.0,59573.0,61449.0,1876.0,10000,block-21-s3.csv
21,S3,ML-KEM-768,Encaps,86817.0,82871.0,87382.0,4511.0,10000,block-21-s3.csv
21,S3,ML-KEM-768,Decaps,83060.0,81744.0,85690.0,3946.0,10000,block-21-s3.csv
21,S3,ML-KEM-768,NTT,1057.0,1046.0,1061.0,15.0,10000,block-21-s3.csv
21,S3,ML-KEM-768,INVNTT,1114.0,1104.0,1118.0,14.0,10000,block-21-s3.csv
21,S3,ML-KEM-768,BaseMulAcc,911.0,911.0,915.0,4.0,10000,block-21-s3.csv
21,S3,ML-KEM-768,MatrixVectorMul,7695.0,7674.0,7916.0,242.0,10000,block-21-s3.csv
21,S3,ML-KEM-768,InnerProdEnc,1473.0,1473.0,1475.0,2.0,10000,block-21-s3.csv
21,S3,ML-KEM-768,InnerProdDec,4391.0,4382.0,4558.0,176.0,10000,block-21-s3.csv
21,S4,ML-KEM-768,KeyGen,61449.0,59947.0,62202.0,2255.0,10000,block-21-s4.csv
21,S4,ML-KEM-768,Encaps,87007.0,85500.0,87571.0,2071.0,10000,block-21-s4.csv
21,S4,ML-KEM-768,Decaps,83250.0,82123.0,86254.0,4131.0,10000,block-21-s4.csv
21,S4,ML-KEM-768,NTT,1181.0,1170.0,1189.0,19.0,10000,block-21-s4.csv
21,S4,ML-KEM-768,INVNTT,1082.0,1073.0,1093.0,20.0,10000,block-21-s4.csv
21,S4,ML-KEM-768,BaseMulAcc,911.0,911.0,915.0,4.0,10000,block-21-s4.csv
21,S4,ML-KEM-768,MatrixVectorMul,7995.0,7937.0,8191.0,254.0,10000,block-21-s4.csv
21,S4,ML-KEM-768,InnerProdEnc,1529.0,1527.0,1531.0,4.0,10000,block-21-s4.csv
21,S4,ML-KEM-768,InnerProdDec,4741.0,4731.0,4945.0,214.0,10000,block-21-s4.csv
21,S5,ML-KEM-768,KeyGen,61639.0,60132.0,62387.0,2255.0,10000,block-21-s5.csv
21,S5,ML-KEM-768,Encaps,87002.0,82686.0,87571.0,4885.0,10000,block-21-s5.csv
21,S5,ML-KEM-768,Decaps,85311.0,82682.0,86628.0,3946.0,10000,block-21-s5.csv
21,S5,ML-KEM-768,NTT,1183.0,1172.0,1189.0,17.0,10000,block-21-s5.csv
21,S5,ML-KEM-768,INVNTT,1082.0,1074.0,1086.0,12.0,10000,block-21-s5.csv
21,S5,ML-KEM-768,BaseMulAcc,911.0,911.0,928.0,17.0,10000,block-21-s5.csv
21,S5,ML-KEM-768,MatrixVectorMul,8071.0,7950.0,8287.0,337.0,10000,block-21-s5.csv
21,S5,ML-KEM-768,InnerProdEnc,1529.0,1527.0,1557.0,30.0,10000,block-21-s5.csv
21,S5,ML-KEM-768,InnerProdDec,4748.0,4735.0,4945.0,210.0,10000,block-21-s5.csv
22,S1,ML-KEM-768,KeyGen,64268.0,62202.0,65021.0,2819.0,10000,block-22-s1.csv
22,S1,ML-KEM-768,Encaps,87945.0,77423.0,88883.0,11460.0,10000,block-22-s1.csv
22,S1,ML-KEM-768,Decaps,86254.0,84937.0,88509.0,3572.0,10000,block-22-s1.csv
22,S1,ML-KEM-768,NTT,1557.0,1533.0,1561.0,28.0,10000,block-22-s1.csv
22,S1,ML-KEM-768,INVNTT,1116.0,1108.0,1125.0,17.0,10000,block-22-s1.csv
22,S1,ML-KEM-768,BaseMulAcc,913.0,911.0,917.0,6.0,10000,block-22-s1.csv
22,S1,ML-KEM-768,MatrixVectorMul,9263.0,9147.0,9450.0,303.0,10000,block-22-s1.csv
22,S1,ML-KEM-768,InnerProdEnc,1473.0,1473.0,1475.0,2.0,10000,block-22-s1.csv
22,S1,ML-KEM-768,InnerProdDec,5861.0,5853.0,6069.0,216.0,10000,block-22-s1.csv
22,S2,ML-KEM-768,KeyGen,61260.0,59942.0,62012.0,2070.0,10000,block-22-s2.csv
22,S2,ML-KEM-768,Encaps,86818.0,82871.0,87571.0,4700.0,10000,block-22-s2.csv
22,S2,ML-KEM-768,Decaps,83061.0,81934.0,85880.0,3946.0,10000,block-22-s2.csv
22,S2,ML-KEM-768,NTT,1110.0,1101.0,1116.0,15.0,10000,block-22-s2.csv
22,S2,ML-KEM-768,INVNTT,1118.0,1106.0,1121.0,15.0,10000,block-22-s2.csv
22,S2,ML-KEM-768,BaseMulAcc,911.0,911.0,913.0,2.0,10000,block-22-s2.csv
22,S2,ML-KEM-768,MatrixVectorMul,7858.0,7837.0,8086.0,249.0,10000,block-22-s2.csv
22,S2,ML-KEM-768,InnerProdEnc,1473.0,1473.0,1475.0,2.0,10000,block-22-s2.csv
22,S2,ML-KEM-768,InnerProdDec,4555.0,4541.0,4735.0,194.0,10000,block-22-s2.csv
22,S3,ML-KEM-768,KeyGen,60885.0,59573.0,61449.0,1876.0,10000,block-22-s3.csv
22,S3,ML-KEM-768,Encaps,86817.0,85500.0,87382.0,1882.0,10000,block-22-s3.csv
22,S3,ML-KEM-768,Decaps,83624.0,81933.0,85875.0,3942.0,10000,block-22-s3.csv
22,S3,ML-KEM-768,NTT,1048.0,1046.0,1061.0,15.0,10000,block-22-s3.csv
22,S3,ML-KEM-768,INVNTT,1114.0,1104.0,1120.0,16.0,10000,block-22-s3.csv
22,S3,ML-KEM-768,BaseMulAcc,911.0,911.0,913.0,2.0,10000,block-22-s3.csv
22,S3,ML-KEM-768,MatrixVectorMul,7698.0,7672.0,7924.0,252.0,10000,block-22-s3.csv
22,S3,ML-KEM-768,InnerProdEnc,1473.0,1473.0,1477.0,4.0,10000,block-22-s3.csv
22,S3,ML-KEM-768,InnerProdDec,4397.0,4382.0,4579.0,197.0,10000,block-22-s3.csv
22,S4,ML-KEM-768,KeyGen,61823.0,60136.0,62387.0,2251.0,10000,block-22-s4.csv
22,S4,ML-KEM-768,Encaps,87002.0,82871.0,87571.0,4700.0,10000,block-22-s4.csv
22,S4,ML-KEM-768,Decaps,83435.0,82307.0,86254.0,3947.0,10000,block-22-s4.csv
22,S4,ML-KEM-768,NTT,1180.0,1170.0,1185.0,15.0,10000,block-22-s4.csv
22,S4,ML-KEM-768,INVNTT,1071.0,1069.0,1082.0,13.0,10000,block-22-s4.csv
22,S4,ML-KEM-768,BaseMulAcc,911.0,911.0,913.0,2.0,10000,block-22-s4.csv
22,S4,ML-KEM-768,MatrixVectorMul,7948.0,7930.0,8165.0,235.0,10000,block-22-s4.csv
22,S4,ML-KEM-768,InnerProdEnc,1529.0,1527.0,1531.0,4.0,10000,block-22-s4.csv
22,S4,ML-KEM-768,InnerProdDec,4739.0,4731.0,4927.0,196.0,10000,block-22-s4.csv
22,S5,ML-KEM-768,KeyGen,61638.0,60136.0,62387.0,2251.0,10000,block-22-s5.csv
22,S5,ML-KEM-768,Encaps,87007.0,85690.0,87756.0,2066.0,10000,block-22-s5.csv
22,S5,ML-KEM-768,Decaps,83435.0,82308.0,86254.0,3946.0,10000,block-22-s5.csv
22,S5,ML-KEM-768,NTT,1183.0,1170.0,1189.0,19.0,10000,block-22-s5.csv
22,S5,ML-KEM-768,INVNTT,1082.0,1078.0,1116.0,38.0,10000,block-22-s5.csv
22,S5,ML-KEM-768,BaseMulAcc,911.0,911.0,913.0,2.0,10000,block-22-s5.csv
22,S5,ML-KEM-768,MatrixVectorMul,8044.0,7941.0,8236.0,295.0,10000,block-22-s5.csv
22,S5,ML-KEM-768,InnerProdEnc,1529.0,1527.0,1533.0,6.0,10000,block-22-s5.csv
22,S5,ML-KEM-768,InnerProdDec,4748.0,4735.0,4945.0,210.0,10000,block-22-s5.csv
23,S1,ML-KEM-768,KeyGen,64268.0,62202.0,65020.0,2818.0,10000,block-23-s1.csv
23,S1,ML-KEM-768,Encaps,87756.0,77234.0,88698.0,11464.0,10000,block-23-s1.csv
23,S1,ML-KEM-768,Decaps,85874.0,84937.0,88324.0,3387.0,10000,block-23-s1.csv
23,S1,ML-KEM-768,NTT,1555.0,1531.0,1563.0,32.0,10000,block-23-s1.csv
23,S1,ML-KEM-768,INVNTT,1116.0,1106.0,1119.0,13.0,10000,block-23-s1.csv
23,S1,ML-KEM-768,BaseMulAcc,911.0,911.0,913.0,2.0,10000,block-23-s1.csv
23,S1,ML-KEM-768,MatrixVectorMul,9258.0,9147.0,9435.0,288.0,10000,block-23-s1.csv
23,S1,ML-KEM-768,InnerProdEnc,1475.0,1473.0,1501.0,28.0,10000,block-23-s1.csv
23,S1,ML-KEM-768,InnerProdDec,5861.0,5853.0,6065.0,212.0,10000,block-23-s1.csv
23,S2,ML-KEM-768,KeyGen,61260.0,59942.0,62012.0,2070.0,10000,block-23-s2.csv
23,S2,ML-KEM-768,Encaps,87007.0,85500.0,87571.0,2071.0,10000,block-23-s2.csv
23,S2,ML-KEM-768,Decaps,83246.0,82118.0,86065.0,3947.0,10000,block-23-s2.csv
23,S2,ML-KEM-768,NTT,1112.0,1101.0,1116.0,15.0,10000,block-23-s2.csv
23,S2,ML-KEM-768,INVNTT,1116.0,1104.0,1120.0,16.0,10000,block-23-s2.csv
23,S2,ML-KEM-768,BaseMulAcc,911.0,911.0,913.0,2.0,10000,block-23-s2.csv
23,S2,ML-KEM-768,MatrixVectorMul,7858.0,7838.0,8078.0,240.0,10000,block-23-s2.csv
23,S2,ML-KEM-768,InnerProdEnc,1473.0,1473.0,1475.0,2.0,10000,block-23-s2.csv
23,S2,ML-KEM-768,InnerProdDec,4555.0,4541.0,4752.0,211.0,10000,block-23-s2.csv
23,S3,ML-KEM-768,KeyGen,60885.0,59568.0,61449.0,1881.0,10000,block-23-s3.csv
23,S3,ML-KEM-768,Encaps,86817.0,85501.0,87381.0,1880.0,10000,block-23-s3.csv
23,S3,ML-KEM-768,Decaps,83246.0,81933.0,85874.0,3941.0,10000,block-23-s3.csv
23,S3,ML-KEM-768,NTT,1057.0,1048.0,1061.0,13.0,10000,block-23-s3.csv
23,S3,ML-KEM-768,INVNTT,1114.0,1104.0,1121.0,17.0,10000,block-23-s3.csv
23,S3,ML-KEM-768,BaseMulAcc,911.0,911.0,915.0,4.0,10000,block-23-s3.csv
23,S3,ML-KEM-768,MatrixVectorMul,7708.0,7691.0,7939.0,248.0,10000,block-23-s3.csv
23,S3,ML-KEM-768,InnerProdEnc,1473.0,1473.0,1477.0,4.0,10000,block-23-s3.csv
23,S3,ML-KEM-768,InnerProdDec,4400.0,4385.0,4596.0,211.0,10000,block-23-s3.csv
23,S4,ML-KEM-768,KeyGen,61638.0,60132.0,62386.0,2254.0,10000,block-23-s4.csv
23,S4,ML-KEM-768,Encaps,87007.0,82871.0,87571.0,4700.0,10000,block-23-s4.csv
23,S4,ML-KEM-768,Decaps,83435.0,82307.0,86254.0,3947.0,10000,block-23-s4.csv
23,S4,ML-KEM-768,NTT,1178.0,1168.0,1183.0,15.0,10000,block-23-s4.csv
23,S4,ML-KEM-768,INVNTT,1080.0,1073.0,1084.0,11.0,10000,block-23-s4.csv
23,S4,ML-KEM-768,BaseMulAcc,911.0,911.0,913.0,2.0,10000,block-23-s4.csv
23,S4,ML-KEM-768,MatrixVectorMul,7962.0,7943.0,8180.0,237.0,10000,block-23-s4.csv
23,S4,ML-KEM-768,InnerProdEnc,1529.0,1527.0,1531.0,4.0,10000,block-23-s4.csv
23,S4,ML-KEM-768,InnerProdDec,4741.0,4733.0,4934.0,201.0,10000,block-23-s4.csv
23,S5,ML-KEM-768,KeyGen,61638.0,60132.0,62387.0,2255.0,10000,block-23-s5.csv
23,S5,ML-KEM-768,Encaps,87007.0,82872.0,87571.0,4699.0,10000,block-23-s5.csv
23,S5,ML-KEM-768,Decaps,83625.0,82308.0,86254.0,3946.0,10000,block-23-s5.csv
23,S5,ML-KEM-768,NTT,1185.0,1172.0,1189.0,17.0,10000,block-23-s5.csv
23,S5,ML-KEM-768,INVNTT,1080.0,1073.0,1084.0,11.0,10000,block-23-s5.csv
23,S5,ML-KEM-768,BaseMulAcc,911.0,911.0,915.0,4.0,10000,block-23-s5.csv
23,S5,ML-KEM-768,MatrixVectorMul,7963.0,7947.0,8193.0,246.0,10000,block-23-s5.csv
23,S5,ML-KEM-768,InnerProdEnc,1529.0,1527.0,1533.0,6.0,10000,block-23-s5.csv
23,S5,ML-KEM-768,InnerProdDec,4748.0,4735.0,4925.0,190.0,10000,block-23-s5.csv
24,S1,ML-KEM-768,KeyGen,64452.0,62202.0,65021.0,2819.0,10000,block-24-s1.csv
24,S1,ML-KEM-768,Encaps,87760.0,77049.0,88698.0,11649.0,10000,block-24-s1.csv
24,S1,ML-KEM-768,Decaps,86064.0,84937.0,88509.0,3572.0,10000,block-24-s1.csv
24,S1,ML-KEM-768,NTT,1555.0,1525.0,1565.0,40.0,10000,block-24-s1.csv
24,S1,ML-KEM-768,INVNTT,1116.0,1104.0,1125.0,21.0,10000,block-24-s1.csv
24,S1,ML-KEM-768,BaseMulAcc,911.0,911.0,915.0,4.0,10000,block-24-s1.csv
24,S1,ML-KEM-768,MatrixVectorMul,9337.0,9149.0,9557.0,408.0,10000,block-24-s1.csv
24,S1,ML-KEM-768,InnerProdEnc,1473.0,1473.0,1478.0,5.0,10000,block-24-s1.csv
24,S1,ML-KEM-768,InnerProdDec,5973.0,5855.0,6148.0,293.0,10000,block-24-s1.csv
24,S2,ML-KEM-768,KeyGen,61264.0,59943.0,62012.0,2069.0,10000,block-24-s2.csv
24,S2,ML-KEM-768,Encaps,87002.0,82872.0,87755.0,4883.0,10000,block-24-s2.csv
24,S2,ML-KEM-768,Decaps,83251.0,82123.0,86069.0,3946.0,10000,block-24-s2.csv
24,S2,ML-KEM-768,NTT,1108.0,1099.0,1121.0,22.0,10000,block-24-s2.csv
24,S2,ML-KEM-768,INVNTT,1116.0,1106.0,1136.0,30.0,10000,block-24-s2.csv
24,S2,ML-KEM-768,BaseMulAcc,911.0,911.0,915.0,4.0,10000,block-24-s2.csv
24,S2,ML-KEM-768,MatrixVectorMul,7993.0,7845.0,8223.0,378.0,10000,block-24-s2.csv
24,S2,ML-KEM-768,InnerProdEnc,1473.0,1473.0,1480.0,7.0,10000,block-24-s2.csv
24,S2,ML-KEM-768,InnerProdDec,4560.0,4543.0,4793.0,250.0,10000,block-24-s2.csv
24,S3,ML-KEM-768,KeyGen,60885.0,59573.0,61634.0,2061.0,10000,block-24-s3.csv
24,S3,ML-KEM-768,Encaps,86817.0,85500.0,87382.0,1882.0,10000,block-24-s3.csv
24,S3,ML-KEM-768,Decaps,83435.0,81933.0,85879.0,3946.0,10000,block-24-s3.csv
24,S3,ML-KEM-768,NTT,1058.0,1046.0,1108.0,62.0,10000,block-24-s3.csv
24,S3,ML-KEM-768,INVNTT,1114.0,1106.0,1150.0,44.0,10000,block-24-s3.csv
24,S3,ML-KEM-768,BaseMulAcc,913.0,911.0,928.0,17.0,10000,block-24-s3.csv
24,S3,ML-KEM-768,MatrixVectorMul,7824.0,7687.0,8042.0,355.0,10000,block-24-s3.csv
24,S3,ML-KEM-768,InnerProdEnc,1473.0,1473.0,1501.0,28.0,10000,block-24-s3.csv
24,S3,ML-KEM-768,InnerProdDec,4404.0,4385.0,4641.0,256.0,10000,block-24-s3.csv
24,S4,ML-KEM-768,KeyGen,61823.0,60136.0,62387.0,2251.0,10000,block-24-s4.csv
24,S4,ML-KEM-768,Encaps,87007.0,82872.0,87756.0,4884.0,10000,block-24-s4.csv
24,S4,ML-KEM-768,Decaps,83809.0,82492.0,86438.0,3946.0,10000,block-24-s4.csv
24,S4,ML-KEM-768,NTT,1180.0,1168.0,1185.0,17.0,10000,block-24-s4.csv
24,S4,ML-KEM-768,INVNTT,1082.0,1080.0,1127.0,47.0,10000,block-24-s4.csv
24,S4,ML-KEM-768,BaseMulAcc,911.0,911.0,913.0,2.0,10000,block-24-s4.csv
24,S4,ML-KEM-768,MatrixVectorMul,7952.0,7937.0,8178.0,241.0,10000,block-24-s4.csv
24,S4,ML-KEM-768,InnerProdEnc,1529.0,1527.0,1531.0,4.0,10000,block-24-s4.csv
24,S4,ML-KEM-768,InnerProdDec,4741.0,4733.0,4925.0,192.0,10000,block-24-s4.csv
24,S5,ML-KEM-768,KeyGen,61639.0,60132.0,62387.0,2255.0,10000,block-24-s5.csv
24,S5,ML-KEM-768,Encaps,87002.0,82872.0,87571.0,4699.0,10000,block-24-s5.csv
24,S5,ML-KEM-768,Decaps,83435.0,82307.0,86254.0,3947.0,10000,block-24-s5.csv
24,S5,ML-KEM-768,NTT,1183.0,1172.0,1187.0,15.0,10000,block-24-s5.csv
24,S5,ML-KEM-768,INVNTT,1084.0,1073.0,1104.0,31.0,10000,block-24-s5.csv
24,S5,ML-KEM-768,BaseMulAcc,928.0,913.0,932.0,19.0,10000,block-24-s5.csv
24,S5,ML-KEM-768,MatrixVectorMul,8054.0,7943.0,8221.0,278.0,10000,block-24-s5.csv
24,S5,ML-KEM-768,InnerProdEnc,1529.0,1527.0,1531.0,4.0,10000,block-24-s5.csv
24,S5,ML-KEM-768,InnerProdDec,4746.0,4735.0,4927.0,192.0,10000,block-24-s5.csv
25,S1,ML-KEM-768,KeyGen,64457.0,62387.0,65205.0,2818.0,10000,block-25-s1.csv
25,S1,ML-KEM-768,Encaps,87760.0,77233.0,88699.0,11466.0,10000,block-25-s1.csv
25,S1,ML-KEM-768,Decaps,85690.0,84937.0,88324.0,3387.0,10000,block-25-s1.csv
25,S1,ML-KEM-768,NTT,1537.0,1529.0,1565.0,36.0,10000,block-25-s1.csv
25,S1,ML-KEM-768,INVNTT,1118.0,1114.0,1125.0,11.0,10000,block-25-s1.csv
25,S1,ML-KEM-768,BaseMulAcc,912.0,911.0,915.0,4.0,10000,block-25-s1.csv
25,S1,ML-KEM-768,MatrixVectorMul,9352.0,9153.0,9596.0,443.0,10000,block-25-s1.csv
25,S1,ML-KEM-768,InnerProdEnc,1473.0,1473.0,1478.0,5.0,10000,block-25-s1.csv
25,S1,ML-KEM-768,InnerProdDec,5977.0,5857.0,6154.0,297.0,10000,block-25-s1.csv
25,S2,ML-KEM-768,KeyGen,61448.0,59942.0,62013.0,2071.0,10000,block-25-s2.csv
25,S2,ML-KEM-768,Encaps,87007.0,85690.0,87755.0,2065.0,10000,block-25-s2.csv
25,S2,ML-KEM-768,Decaps,83250.0,82118.0,86069.0,3951.0,10000,block-25-s2.csv
25,S2,ML-KEM-768,NTT,1112.0,1101.0,1119.0,18.0,10000,block-25-s2.csv
25,S2,ML-KEM-768,INVNTT,1114.0,1104.0,1121.0,17.0,10000,block-25-s2.csv
25,S2,ML-KEM-768,BaseMulAcc,911.0,911.0,915.0,4.0,10000,block-25-s2.csv
25,S2,ML-KEM-768,MatrixVectorMul,8001.0,7854.0,8240.0,386.0,10000,block-25-s2.csv
25,S2,ML-KEM-768,InnerProdEnc,1475.0,1473.0,1488.0,15.0,10000,block-25-s2.csv
25,S2,ML-KEM-768,InnerProdDec,4560.0,4543.0,4789.0,246.0,10000,block-25-s2.csv
25,S3,ML-KEM-768,KeyGen,60885.0,59573.0,61449.0,1876.0,10000,block-25-s3.csv
25,S3,ML-KEM-768,Encaps,86817.0,82871.0,87566.0,4695.0,10000,block-25-s3.csv
25,S3,ML-KEM-768,Decaps,82871.0,81744.0,85690.0,3946.0,10000,block-25-s3.csv
25,S3,ML-KEM-768,NTT,1050.0,1046.0,1061.0,15.0,10000,block-25-s3.csv
25,S3,ML-KEM-768,INVNTT,1118.0,1106.0,1123.0,17.0,10000,block-25-s3.csv
25,S3,ML-KEM-768,BaseMulAcc,911.0,911.0,915.0,4.0,10000,block-25-s3.csv
25,S3,ML-KEM-768,MatrixVectorMul,7875.0,7697.0,8086.0,389.0,10000,block-25-s3.csv
25,S3,ML-KEM-768,InnerProdEnc,1473.0,1473.0,1499.0,26.0,10000,block-25-s3.csv
25,S3,ML-KEM-768,InnerProdDec,4402.0,4387.0,4639.0,252.0,10000,block-25-s3.csv
25,S4,ML-KEM-768,KeyGen,61638.0,60132.0,62387.0,2255.0,10000,block-25-s4.csv
25,S4,ML-KEM-768,Encaps,87192.0,85690.0,87945.0,2255.0,10000,block-25-s4.csv
25,S4,ML-KEM-768,Decaps,83999.0,82497.0,86443.0,3946.0,10000,block-25-s4.csv
25,S4,ML-KEM-768,NTT,1180.0,1168.0,1240.0,72.0,10000,block-25-s4.csv
25,S4,ML-KEM-768,INVNTT,1082.0,1074.0,1101.0,27.0,10000,block-25-s4.csv
25,S4,ML-KEM-768,BaseMulAcc,913.0,911.0,932.0,21.0,10000,block-25-s4.csv
25,S4,ML-KEM-768,MatrixVectorMul,8114.0,7939.0,8379.0,440.0,10000,block-25-s4.csv
25,S4,ML-KEM-768,InnerProdEnc,1593.0,1555.0,1599.0,44.0,10000,block-25-s4.csv
25,S4,ML-KEM-768,InnerProdDec,4827.0,4744.0,4953.0,209.0,10000,block-25-s4.csv
25,S5,ML-KEM-768,KeyGen,61823.0,60132.0,62387.0,2255.0,10000,block-25-s5.csv
25,S5,ML-KEM-768,Encaps,87007.0,82872.0,87760.0,4888.0,10000,block-25-s5.csv
25,S5,ML-KEM-768,Decaps,83435.0,82308.0,86438.0,4130.0,10000,block-25-s5.csv
25,S5,ML-KEM-768,NTT,1181.0,1170.0,1189.0,19.0,10000,block-25-s5.csv
25,S5,ML-KEM-768,INVNTT,1082.0,1074.0,1088.0,14.0,10000,block-25-s5.csv
25,S5,ML-KEM-768,BaseMulAcc,913.0,911.0,928.0,17.0,10000,block-25-s5.csv
25,S5,ML-KEM-768,MatrixVectorMul,8134.0,7947.0,8394.0,447.0,10000,block-25-s5.csv
25,S5,ML-KEM-768,InnerProdEnc,1531.0,1527.0,1599.0,72.0,10000,block-25-s5.csv
25,S5,ML-KEM-768,InnerProdDec,4813.0,4741.0,5036.0,295.0,10000,block-25-s5.csv
26,S1,ML-KEM-768,KeyGen,64642.0,62202.0,65580.0,3378.0,10000,block-26-s1.csv
26,S1,ML-KEM-768,Encaps,88319.0,77424.0,90010.0,12586.0,10000,block-26-s1.csv
26,S1,ML-KEM-768,Decaps,88134.0,85875.0,89826.0,3951.0,10000,block-26-s1.csv
26,S1,ML-KEM-768,NTT,1582.0,1554.0,1595.0,41.0,10000,block-26-s1.csv
26,S1,ML-KEM-768,INVNTT,1135.0,1125.0,1151.0,26.0,10000,block-26-s1.csv
26,S1,ML-KEM-768,BaseMulAcc,928.0,913.0,930.0,17.0,10000,block-26-s1.csv
26,S1,ML-KEM-768,MatrixVectorMul,9393.0,9155.0,9630.0,475.0,10000,block-26-s1.csv
26,S1,ML-KEM-768,InnerProdEnc,1475.0,1473.0,1539.0,66.0,10000,block-26-s1.csv
26,S1,ML-KEM-768,InnerProdDec,5948.0,5853.0,6167.0,314.0,10000,block-26-s1.csv
26,S2,ML-KEM-768,KeyGen,61638.0,59947.0,62391.0,2444.0,10000,block-26-s2.csv
26,S2,ML-KEM-768,Encaps,87007.0,84752.0,87945.0,3193.0,10000,block-26-s2.csv
26,S2,ML-KEM-768,Decaps,84188.0,82497.0,86254.0,3757.0,10000,block-26-s2.csv
26,S2,ML-KEM-768,NTT,1114.0,1101.0,1136.0,35.0,10000,block-26-s2.csv
26,S2,ML-KEM-768,INVNTT,1116.0,1108.0,1166.0,58.0,10000,block-26-s2.csv
26,S2,ML-KEM-768,BaseMulAcc,952.0,913.0,964.0,51.0,10000,block-26-s2.csv
26,S2,ML-KEM-768,MatrixVectorMul,7997.0,7845.0,8249.0,404.0,10000,block-26-s2.csv
26,S2,ML-KEM-768,InnerProdEnc,1473.0,1473.0,1480.0,7.0,10000,block-26-s2.csv
26,S2,ML-KEM-768,InnerProdDec,4643.0,4545.0,4867.0,322.0,10000,block-26-s2.csv
26,S3,ML-KEM-768,KeyGen,61069.0,59573.0,61638.0,2065.0,10000,block-26-s3.csv
26,S3,ML-KEM-768,Encaps,86633.0,85500.0,87381.0,1881.0,10000,block-26-s3.csv
26,S3,ML-KEM-768,Decaps,83435.0,81933.0,85879.0,3946.0,10000,block-26-s3.csv
26,S3,ML-KEM-768,NTT,1057.0,1046.0,1084.0,38.0,10000,block-26-s3.csv
26,S3,ML-KEM-768,INVNTT,1114.0,1106.0,1121.0,15.0,10000,block-26-s3.csv
26,S3,ML-KEM-768,BaseMulAcc,911.0,911.0,917.0,6.0,10000,block-26-s3.csv
26,S3,ML-KEM-768,MatrixVectorMul,7866.0,7697.0,8093.0,396.0,10000,block-26-s3.csv
26,S3,ML-KEM-768,InnerProdEnc,1473.0,1473.0,1518.0,45.0,10000,block-26-s3.csv
26,S3,ML-KEM-768,InnerProdDec,4404.0,4387.0,4639.0,252.0,10000,block-26-s3.csv
26,S4,ML-KEM-768,KeyGen,61634.0,60131.0,62387.0,2256.0,10000,block-26-s4.csv
26,S4,ML-KEM-768,Encaps,87191.0,85690.0,87945.0,2255.0,10000,block-26-s4.csv
26,S4,ML-KEM-768,Decaps,84189.0,82682.0,86443.0,3761.0,10000,block-26-s4.csv
26,S4,ML-KEM-768,NTT,1178.0,1168.0,1183.0,15.0,10000,block-26-s4.csv
26,S4,ML-KEM-768,INVNTT,1082.0,1072.0,1086.0,14.0,10000,block-26-s4.csv
26,S4,ML-KEM-768,BaseMulAcc,911.0,911.0,915.0,4.0,10000,block-26-s4.csv
26,S4,ML-KEM-768,MatrixVectorMul,8072.0,7946.0,8279.0,333.0,10000,block-26-s4.csv
26,S4,ML-KEM-768,InnerProdEnc,1529.0,1527.0,1570.0,43.0,10000,block-26-s4.csv
26,S4,ML-KEM-768,InnerProdDec,4744.0,4733.0,4989.0,256.0,10000,block-26-s4.csv
26,S5,ML-KEM-768,KeyGen,61823.0,60132.0,62392.0,2260.0,10000,block-26-s5.csv
26,S5,ML-KEM-768,Encaps,87007.0,82872.0,87756.0,4884.0,10000,block-26-s5.csv
26,S5,ML-KEM-768,Decaps,84747.0,82682.0,86443.0,3761.0,10000,block-26-s5.csv
26,S5,ML-KEM-768,NTT,1183.0,1172.0,1204.0,32.0,10000,block-26-s5.csv
26,S5,ML-KEM-768,INVNTT,1080.0,1073.0,1106.0,33.0,10000,block-26-s5.csv
26,S5,ML-KEM-768,BaseMulAcc,913.0,911.0,918.0,7.0,10000,block-26-s5.csv
26,S5,ML-KEM-768,MatrixVectorMul,8129.0,7946.0,8347.0,401.0,10000,block-26-s5.csv
26,S5,ML-KEM-768,InnerProdEnc,1529.0,1527.0,1552.0,25.0,10000,block-26-s5.csv
26,S5,ML-KEM-768,InnerProdDec,4754.0,4739.0,4991.0,252.0,10000,block-26-s5.csv
27,S1,ML-KEM-768,KeyGen,65021.0,63514.0,67276.0,3762.0,10000,block-27-s1.csv
27,S1,ML-KEM-768,Encaps,88508.0,80242.0,89821.0,9579.0,10000,block-27-s1.csv
27,S1,ML-KEM-768,Decaps,88319.0,85690.0,89826.0,4136.0,10000,block-27-s1.csv
27,S1,ML-KEM-768,NTT,1563.0,1554.0,1608.0,54.0,10000,block-27-s1.csv
27,S1,ML-KEM-768,INVNTT,1136.0,1125.0,1163.0,38.0,10000,block-27-s1.csv
27,S1,ML-KEM-768,BaseMulAcc,930.0,928.0,933.0,5.0,10000,block-27-s1.csv
27,S1,ML-KEM-768,MatrixVectorMul,9303.0,9140.0,9583.0,443.0,10000,block-27-s1.csv
27,S1,ML-KEM-768,InnerProdEnc,1473.0,1473.0,1488.0,15.0,10000,block-27-s1.csv
27,S1,ML-KEM-768,InnerProdDec,5977.0,5853.0,6188.0,335.0,10000,block-27-s1.csv
27,S2,ML-KEM-768,KeyGen,61448.0,59947.0,62012.0,2065.0,10000,block-27-s2.csv
27,S2,ML-KEM-768,Encaps,87007.0,85690.0,87755.0,2065.0,10000,block-27-s2.csv
27,S2,ML-KEM-768,Decaps,83250.0,82118.0,86069.0,3951.0,10000,block-27-s2.csv
27,S2,ML-KEM-768,NTT,1110.0,1099.0,1121.0,22.0,10000,block-27-s2.csv
27,S2,ML-KEM-768,INVNTT,1108.0,1104.0,1121.0,17.0,10000,block-27-s2.csv
27,S2,ML-KEM-768,BaseMulAcc,911.0,911.0,915.0,4.0,10000,block-27-s2.csv
27,S2,ML-KEM-768,MatrixVectorMul,8003.0,7849.0,8226.0,377.0,10000,block-27-s2.csv
27,S2,ML-KEM-768,InnerProdEnc,1473.0,1473.0,1492.0,19.0,10000,block-27-s2.csv
27,S2,ML-KEM-768,InnerProdDec,4558.0,4543.0,4803.0,260.0,10000,block-27-s2.csv
27,S3,ML-KEM-768,KeyGen,61069.0,59757.0,61634.0,1877.0,10000,block-27-s3.csv
27,S3,ML-KEM-768,Encaps,86817.0,85501.0,87382.0,1881.0,10000,block-27-s3.csv
27,S3,ML-KEM-768,Decaps,83246.0,81933.0,85879.0,3946.0,10000,block-27-s3.csv
27,S3,ML-KEM-768,NTT,1057.0,1046.0,1065.0,19.0,10000,block-27-s3.csv
27,S3,ML-KEM-768,INVNTT,1120.0,1106.0,1165.0,59.0,10000,block-27-s3.csv
27,S3,ML-KEM-768,BaseMulAcc,911.0,911.0,915.0,4.0,10000,block-27-s3.csv
27,S3,ML-KEM-768,MatrixVectorMul,7821.0,7687.0,8052.0,365.0,10000,block-27-s3.csv
27,S3,ML-KEM-768,InnerProdEnc,1473.0,1473.0,1482.0,9.0,10000,block-27-s3.csv
27,S3,ML-KEM-768,InnerProdDec,4402.0,4385.0,4637.0,252.0,10000,block-27-s3.csv
27,S4,ML-KEM-768,KeyGen,61638.0,60132.0,62387.0,2255.0,10000,block-27-s4.csv
27,S4,ML-KEM-768,Encaps,87007.0,82872.0,87760.0,4888.0,10000,block-27-s4.csv
27,S4,ML-KEM-768,Decaps,83435.0,82308.0,86438.0,4130.0,10000,block-27-s4.csv
27,S4,ML-KEM-768,NTT,1180.0,1166.0,1200.0,34.0,10000,block-27-s4.csv
27,S4,ML-KEM-768,INVNTT,1080.0,1073.0,1086.0,13.0,10000,block-27-s4.csv
27,S4,ML-KEM-768,BaseMulAcc,911.0,911.0,915.0,4.0,10000,block-27-s4.csv
27,S4,ML-KEM-768,MatrixVectorMul,8061.0,7939.0,8281.0,342.0,10000,block-27-s4.csv
27,S4,ML-KEM-768,InnerProdEnc,1529.0,1527.0,1557.0,30.0,10000,block-27-s4.csv
27,S4,ML-KEM-768,InnerProdDec,4744.0,4733.0,4976.0,243.0,10000,block-27-s4.csv
27,S5,ML-KEM-768,KeyGen,61638.0,60132.0,62387.0,2255.0,10000,block-27-s5.csv
27,S5,ML-KEM-768,Encaps,87191.0,85690.0,87760.0,2070.0,10000,block-27-s5.csv
27,S5,ML-KEM-768,Decaps,83999.0,82497.0,86443.0,3946.0,10000,block-27-s5.csv
27,S5,ML-KEM-768,NTT,1185.0,1172.0,1210.0,38.0,10000,block-27-s5.csv
27,S5,ML-KEM-768,INVNTT,1082.0,1073.0,1099.0,26.0,10000,block-27-s5.csv
27,S5,ML-KEM-768,BaseMulAcc,913.0,911.0,932.0,21.0,10000,block-27-s5.csv
27,S5,ML-KEM-768,MatrixVectorMul,8149.0,7956.0,8469.0,513.0,10000,block-27-s5.csv
27,S5,ML-KEM-768,InnerProdEnc,1529.0,1527.0,1597.0,70.0,10000,block-27-s5.csv
27,S5,ML-KEM-768,InnerProdDec,4840.0,4742.0,5064.0,322.0,10000,block-27-s5.csv
28,S1,ML-KEM-768,KeyGen,64452.0,62202.0,65021.0,2819.0,10000,block-28-s1.csv
28,S1,ML-KEM-768,Encaps,87760.0,77234.0,88883.0,11649.0,10000,block-28-s1.csv
28,S1,ML-KEM-768,Decaps,87192.0,84942.0,88699.0,3757.0,10000,block-28-s1.csv
28,S1,ML-KEM-768,NTT,1555.0,1525.0,1565.0,40.0,10000,block-28-s1.csv
28,S1,ML-KEM-768,INVNTT,1116.0,1104.0,1125.0,21.0,10000,block-28-s1.csv
28,S1,ML-KEM-768,BaseMulAcc,913.0,911.0,917.0,6.0,10000,block-28-s1.csv
28,S1,ML-KEM-768,MatrixVectorMul,9335.0,9151.0,9606.0,455.0,10000,block-28-s1.csv
28,S1,ML-KEM-768,InnerProdEnc,1475.0,1473.0,1542.0,69.0,10000,block-28-s1.csv
28,S1,ML-KEM-768,InnerProdDec,6050.0,5857.0,6317.0,460.0,10000,block-28-s1.csv
28,S2,ML-KEM-768,KeyGen,61264.0,59943.0,62012.0,2069.0,10000,block-28-s2.csv
28,S2,ML-KEM-768,Encaps,87007.0,85501.0,87756.0,2255.0,10000,block-28-s2.csv
28,S2,ML-KEM-768,Decaps,83625.0,82307.0,86253.0,3946.0,10000,block-28-s2.csv
28,S2,ML-KEM-768,NTT,1112.0,1101.0,1151.0,50.0,10000,block-28-s2.csv
28,S2,ML-KEM-768,INVNTT,1112.0,1104.0,1125.0,21.0,10000,block-28-s2.csv
28,S2,ML-KEM-768,BaseMulAcc,913.0,911.0,926.0,15.0,10000,block-28-s2.csv
28,S2,ML-KEM-768,MatrixVectorMul,8037.0,7952.0,8255.0,303.0,10000,block-28-s2.csv
28,S2,ML-KEM-768,InnerProdEnc,1475.0,1473.0,1507.0,34.0,10000,block-28-s2.csv
28,S2,ML-KEM-768,InnerProdDec,4557.0,4540.0,4791.0,251.0,10000,block-28-s2.csv
28,S3,ML-KEM-768,KeyGen,61070.0,59568.0,61823.0,2255.0,10000,block-28-s3.csv
28,S3,ML-KEM-768,Encaps,86817.0,84937.0,87382.0,2445.0,10000,block-28-s3.csv
28,S3,ML-KEM-768,Decaps,83809.0,81934.0,85879.0,3945.0,10000,block-28-s3.csv
28,S3,ML-KEM-768,NTT,1058.0,1048.0,1072.0,24.0,10000,block-28-s3.csv
28,S3,ML-KEM-768,INVNTT,1114.0,1104.0,1170.0,66.0,10000,block-28-s3.csv
28,S3,ML-KEM-768,BaseMulAcc,913.0,911.0,918.0,7.0,10000,block-28-s3.csv
28,S3,ML-KEM-768,MatrixVectorMul,7864.0,7689.0,8104.0,415.0,10000,block-28-s3.csv
28,S3,ML-KEM-768,InnerProdEnc,1475.0,1473.0,1503.0,30.0,10000,block-28-s3.csv
28,S3,ML-KEM-768,InnerProdDec,4508.0,4387.0,4746.0,359.0,10000,block-28-s3.csv
28,S4,ML-KEM-768,KeyGen,61449.0,60131.0,62387.0,2256.0,10000,block-28-s4.csv
28,S4,ML-KEM-768,Encaps,87191.0,83620.0,88129.0,4509.0,10000,block-28-s4.csv
28,S4,ML-KEM-768,Decaps,85126.0,82871.0,86443.0,3572.0,10000,block-28-s4.csv
28,S4,ML-KEM-768,NTT,1189.0,1176.0,1206.0,30.0,10000,block-28-s4.csv
28,S4,ML-KEM-768,INVNTT,1091.0,1080.0,1104.0,24.0,10000,block-28-s4.csv
28,S4,ML-KEM-768,BaseMulAcc,928.0,913.0,930.0,17.0,10000,block-28-s4.csv
28,S4,ML-KEM-768,MatrixVectorMul,8164.0,8048.0,8420.0,372.0,10000,block-28-s4.csv
28,S4,ML-KEM-768,InnerProdEnc,1529.0,1527.0,1593.0,66.0,10000,block-28-s4.csv
28,S4,ML-KEM-768,InnerProdDec,4743.0,4731.0,4972.0,241.0,10000,block-28-s4.csv
28,S5,ML-KEM-768,KeyGen,61823.0,60132.0,62387.0,2255.0,10000,block-28-s5.csv
28,S5,ML-KEM-768,Encaps,87191.0,85505.0,87945.0,2440.0,10000,block-28-s5.csv
28,S5,ML-KEM-768,Decaps,85877.0,83061.0,86817.0,3756.0,10000,block-28-s5.csv
28,S5,ML-KEM-768,NTT,1185.0,1181.0,1208.0,27.0,10000,block-28-s5.csv
28,S5,ML-KEM-768,INVNTT,1082.0,1073.0,1099.0,26.0,10000,block-28-s5.csv
28,S5,ML-KEM-768,BaseMulAcc,913.0,911.0,928.0,17.0,10000,block-28-s5.csv
28,S5,ML-KEM-768,MatrixVectorMul,8161.0,7958.0,8435.0,477.0,10000,block-28-s5.csv
28,S5,ML-KEM-768,InnerProdEnc,1529.0,1527.0,1565.0,38.0,10000,block-28-s5.csv
28,S5,ML-KEM-768,InnerProdDec,4859.0,4744.0,5126.0,382.0,10000,block-28-s5.csv
29,S1,ML-KEM-768,KeyGen,64452.0,62202.0,65021.0,2819.0,10000,block-29-s1.csv
29,S1,ML-KEM-768,Encaps,87945.0,77234.0,88883.0,11649.0,10000,block-29-s1.csv
29,S1,ML-KEM-768,Decaps,86254.0,84937.0,88509.0,3572.0,10000,block-29-s1.csv
29,S1,ML-KEM-768,NTT,1557.0,1533.0,1612.0,79.0,10000,block-29-s1.csv
29,S1,ML-KEM-768,INVNTT,1118.0,1108.0,1166.0,58.0,10000,block-29-s1.csv
29,S1,ML-KEM-768,BaseMulAcc,913.0,911.0,928.0,17.0,10000,block-29-s1.csv
29,S1,ML-KEM-768,MatrixVectorMul,9358.0,9155.0,9647.0,492.0,10000,block-29-s1.csv
29,S1,ML-KEM-768,InnerProdEnc,1475.0,1473.0,1537.0,64.0,10000,block-29-s1.csv
29,S1,ML-KEM-768,InnerProdDec,5981.0,5855.0,6248.0,393.0,10000,block-29-s1.csv
29,S2,ML-KEM-768,KeyGen,61264.0,59942.0,62012.0,2070.0,10000,block-29-s2.csv
29,S2,ML-KEM-768,Encaps,87003.0,83061.0,87760.0,4699.0,10000,block-29-s2.csv
29,S2,ML-KEM-768,Decaps,83809.0,82307.0,86253.0,3946.0,10000,block-29-s2.csv
29,S2,ML-KEM-768,NTT,1112.0,1099.0,1118.0,19.0,10000,block-29-s2.csv
29,S2,ML-KEM-768,INVNTT,1114.0,1106.0,1123.0,17.0,10000,block-29-s2.csv
29,S2,ML-KEM-768,BaseMulAcc,913.0,911.0,918.0,7.0,10000,block-29-s2.csv
29,S2,ML-KEM-768,MatrixVectorMul,8025.0,7849.0,8234.0,385.0,10000,block-29-s2.csv
29,S2,ML-KEM-768,InnerProdEnc,1475.0,1473.0,1478.0,5.0,10000,block-29-s2.csv
29,S2,ML-KEM-768,InnerProdDec,4639.0,4617.0,4827.0,210.0,10000,block-29-s2.csv
29,S3,ML-KEM-768,KeyGen,61075.0,59383.0,62197.0,2814.0,10000,block-29-s3.csv
29,S3,ML-KEM-768,Encaps,86817.0,85316.0,87566.0,2250.0,10000,block-29-s3.csv
29,S3,ML-KEM-768,Decaps,83060.0,81929.0,85875.0,3946.0,10000,block-29-s3.csv
29,S3,ML-KEM-768,NTT,1059.0,1046.0,1067.0,21.0,10000,block-29-s3.csv
29,S3,ML-KEM-768,INVNTT,1116.0,1104.0,1121.0,17.0,10000,block-29-s3.csv
29,S3,ML-KEM-768,BaseMulAcc,913.0,911.0,918.0,7.0,10000,block-29-s3.csv
29,S3,ML-KEM-768,MatrixVectorMul,7807.0,7693.0,8031.0,338.0,10000,block-29-s3.csv
29,S3,ML-KEM-768,InnerProdEnc,1473.0,1473.0,1475.0,2.0,10000,block-29-s3.csv
29,S3,ML-KEM-768,InnerProdDec,4400.0,4385.0,4588.0,203.0,10000,block-29-s3.csv
29,S4,ML-KEM-768,KeyGen,61638.0,60132.0,62386.0,2254.0,10000,block-29-s4.csv
29,S4,ML-KEM-768,Encaps,87003.0,82871.0,87755.0,4884.0,10000,block-29-s4.csv
29,S4,ML-KEM-768,Decaps,83527.0,82308.0,86438.0,4130.0,10000,block-29-s4.csv
29,S4,ML-KEM-768,NTT,1181.0,1168.0,1185.0,17.0,10000,block-29-s4.csv
29,S4,ML-KEM-768,INVNTT,1080.0,1073.0,1084.0,11.0,10000,block-29-s4.csv
29,S4,ML-KEM-768,BaseMulAcc,911.0,911.0,913.0,2.0,10000,block-29-s4.csv
29,S4,ML-KEM-768,MatrixVectorMul,8125.0,7939.0,8324.0,385.0,10000,block-29-s4.csv
29,S4,ML-KEM-768,InnerProdEnc,1529.0,1527.0,1559.0,32.0,10000,block-29-s4.csv
29,S4,ML-KEM-768,InnerProdDec,4801.0,4735.0,5009.0,274.0,10000,block-29-s4.csv
29,S5,ML-KEM-768,KeyGen,61638.0,60132.0,62387.0,2255.0,10000,block-29-s5.csv
29,S5,ML-KEM-768,Encaps,87007.0,85505.0,87756.0,2251.0,10000,block-29-s5.csv
29,S5,ML-KEM-768,Decaps,83625.0,82492.0,86439.0,3947.0,10000,block-29-s5.csv
29,S5,ML-KEM-768,NTT,1187.0,1172.0,1189.0,17.0,10000,block-29-s5.csv
29,S5,ML-KEM-768,INVNTT,1073.0,1071.0,1101.0,30.0,10000,block-29-s5.csv
29,S5,ML-KEM-768,BaseMulAcc,911.0,911.0,915.0,4.0,10000,block-29-s5.csv
29,S5,ML-KEM-768,MatrixVectorMul,8131.0,7946.0,8339.0,393.0,10000,block-29-s5.csv
29,S5,ML-KEM-768,InnerProdEnc,1529.0,1527.0,1595.0,68.0,10000,block-29-s5.csv
29,S5,ML-KEM-768,InnerProdDec,4780.0,4739.0,5013.0,274.0,10000,block-29-s5.csv
30,S1,ML-KEM-768,KeyGen,64452.0,62202.0,65021.0,2819.0,10000,block-30-s1.csv
30,S1,ML-KEM-768,Encaps,87945.0,77049.0,88698.0,11649.0,10000,block-30-s1.csv
30,S1,ML-KEM-768,Decaps,86069.0,84936.0,88509.0,3573.0,10000,block-30-s1.csv
30,S1,ML-KEM-768,NTT,1555.0,1529.0,1567.0,38.0,10000,block-30-s1.csv
30,S1,ML-KEM-768,INVNTT,1118.0,1106.0,1129.0,23.0,10000,block-30-s1.csv
30,S1,ML-KEM-768,BaseMulAcc,913.0,911.0,917.0,6.0,10000,block-30-s1.csv
30,S1,ML-KEM-768,MatrixVectorMul,9348.0,9147.0,9596.0,449.0,10000,block-30-s1.csv
30,S1,ML-KEM-768,InnerProdEnc,1473.0,1473.0,1482.0,9.0,10000,block-30-s1.csv
30,S1,ML-KEM-768,InnerProdDec,5987.0,5855.0,6204.0,349.0,10000,block-30-s1.csv
30,S2,ML-KEM-768,KeyGen,61448.0,59943.0,62012.0,2069.0,10000,block-30-s2.csv
30,S2,ML-KEM-768,Encaps,87003.0,82872.0,87756.0,4884.0,10000,block-30-s2.csv
30,S2,ML-KEM-768,Decaps,83620.0,82307.0,86253.0,3946.0,10000,block-30-s2.csv
30,S2,ML-KEM-768,NTT,1116.0,1110.0,1151.0,41.0,10000,block-30-s2.csv
30,S2,ML-KEM-768,INVNTT,1116.0,1104.0,1121.0,17.0,10000,block-30-s2.csv
30,S2,ML-KEM-768,BaseMulAcc,913.0,911.0,928.0,17.0,10000,block-30-s2.csv
30,S2,ML-KEM-768,MatrixVectorMul,8027.0,7847.0,8238.0,391.0,10000,block-30-s2.csv
30,S2,ML-KEM-768,InnerProdEnc,1473.0,1473.0,1499.0,26.0,10000,block-30-s2.csv
30,S2,ML-KEM-768,InnerProdDec,4594.0,4545.0,4808.0,263.0,10000,block-30-s2.csv
30,S3,ML-KEM-768,KeyGen,60885.0,59573.0,61633.0,2060.0,10000,block-30-s3.csv
30,S3,ML-KEM-768,Encaps,86817.0,85501.0,87381.0,1880.0,10000,block-30-s3.csv
30,S3,ML-KEM-768,Decaps,83245.0,81933.0,85879.0,3946.0,10000,block-30-s3.csv
30,S3,ML-KEM-768,NTT,1056.0,1046.0,1069.0,23.0,10000,block-30-s3.csv
30,S3,ML-KEM-768,INVNTT,1116.0,1112.0,1136.0,24.0,10000,block-30-s3.csv
30,S3,ML-KEM-768,BaseMulAcc,911.0,911.0,917.0,6.0,10000,block-30-s3.csv
30,S3,ML-KEM-768,MatrixVectorMul,7868.0,7698.0,8071.0,373.0,10000,block-30-s3.csv
30,S3,ML-KEM-768,InnerProdEnc,1473.0,1473.0,1497.0,24.0,10000,block-30-s3.csv
30,S3,ML-KEM-768,InnerProdDec,4406.0,4389.0,4637.0,248.0,10000,block-30-s3.csv
30,S4,ML-KEM-768,KeyGen,61823.0,60136.0,62387.0,2251.0,10000,block-30-s4.csv
30,S4,ML-KEM-768,Encaps,87007.0,82871.0,87760.0,4889.0,10000,block-30-s4.csv
30,S4,ML-KEM-768,Decaps,83625.0,82492.0,86439.0,3947.0,10000,block-30-s4.csv
30,S4,ML-KEM-768,NTT,1178.0,1168.0,1187.0,19.0,10000,block-30-s4.csv
30,S4,ML-KEM-768,INVNTT,1082.0,1074.0,1086.0,12.0,10000,block-30-s4.csv
30,S4,ML-KEM-768,BaseMulAcc,911.0,911.0,915.0,4.0,10000,block-30-s4.csv
30,S4,ML-KEM-768,MatrixVectorMul,8133.0,7945.0,8341.0,396.0,10000,block-30-s4.csv
30,S4,ML-KEM-768,InnerProdEnc,1529.0,1527.0,1557.0,30.0,10000,block-30-s4.csv
30,S4,ML-KEM-768,InnerProdDec,4821.0,4735.0,5006.0,271.0,10000,block-30-s4.csv
30,S5,ML-KEM-768,KeyGen,61823.0,60132.0,62387.0,2255.0,10000,block-30-s5.csv
30,S5,ML-KEM-768,Encaps,87007.0,82871.0,87756.0,4885.0,10000,block-30-s5.csv
30,S5,ML-KEM-768,Decaps,83809.0,82497.0,86443.0,3946.0,10000,block-30-s5.csv
30,S5,ML-KEM-768,NTT,1174.0,1170.0,1193.0,23.0,10000,block-30-s5.csv
30,S5,ML-KEM-768,INVNTT,1082.0,1080.0,1088.0,8.0,10000,block-30-s5.csv
30,S5,ML-KEM-768,BaseMulAcc,913.0,911.0,915.0,4.0,10000,block-30-s5.csv
30,S5,ML-KEM-768,MatrixVectorMul,8144.0,7958.0,8373.0,415.0,10000,block-30-s5.csv
30,S5,ML-KEM-768,InnerProdEnc,1529.0,1527.0,1557.0,30.0,10000,block-30-s5.csv
30,S5,ML-KEM-768,InnerProdDec,4835.0,4741.0,5024.0,283.0,10000,block-30-s5.csv
