block,variant,paramset,operation,median,p25,p75,iqr,stddev,n,source
1,kyber_neon,Kyber-1024,KeyGen,31570.0,31385.0,31944.0,559.0,2491.74,10000,block-01-kyber-neon-1024.csv
1,kyber_neon,Kyber-1024,Encaps,43598.0,43408.0,48108.0,4700.0,3187.14,10000,block-01-kyber-neon-1024.csv
1,kyber_neon,Kyber-1024,Decaps,38710.0,38524.0,42471.0,3947.0,4226.13,10000,block-01-kyber-neon-1024.csv
1,kyber_neon,Kyber-1024,NTT,259.0,257.0,287.0,30.0,31.36,10000,block-01-kyber-neon-1024.csv
1,kyber_neon,Kyber-1024,INVNTT,281.0,257.0,287.0,30.0,73.11,10000,block-01-kyber-neon-1024.csv
1,kyber_neon,Kyber-1024,BaseMulAcc,456.0,454.0,464.0,10.0,151.7,10000,block-01-kyber-neon-1024.csv
1,kyber_neon,Kyber-1024,MatrixVectorMul,3506.0,3333.0,3713.0,380.0,285.75,10000,block-01-kyber-neon-1024.csv
1,kyber_neon,Kyber-1024,InnerProdEnc,655.0,652.0,727.0,75.0,78.7,10000,block-01-kyber-neon-1024.csv
1,kyber_neon,Kyber-1024,InnerProdDec,1822.0,1696.0,1892.0,196.0,115.9,10000,block-01-kyber-neon-1024.csv
1,kyber_neon,Kyber-512,KeyGen,13719.0,13714.0,13904.0,190.0,1266.61,10000,block-01-kyber-neon-512.csv
1,kyber_neon,Kyber-512,Encaps,20859.0,20674.0,21049.0,375.0,2803.57,10000,block-01-kyber-neon-512.csv
1,kyber_neon,Kyber-512,Decaps,17666.0,17665.0,17855.0,190.0,2005.71,10000,block-01-kyber-neon-512.csv
1,kyber_neon,Kyber-512,NTT,261.0,257.0,287.0,30.0,25.35,10000,block-01-kyber-neon-512.csv
1,kyber_neon,Kyber-512,INVNTT,283.0,255.0,285.0,30.0,63.66,10000,block-01-kyber-neon-512.csv
1,kyber_neon,Kyber-512,BaseMulAcc,274.0,246.0,274.0,28.0,43.5,10000,block-01-kyber-neon-512.csv
1,kyber_neon,Kyber-512,MatrixVectorMul,1462.0,1409.0,1570.0,161.0,135.78,10000,block-01-kyber-neon-512.csv
1,kyber_neon,Kyber-512,InnerProdEnc,509.0,458.0,513.0,55.0,42.8,10000,block-01-kyber-neon-512.csv
1,kyber_neon,Kyber-512,InnerProdDec,1046.0,962.0,1072.0,110.0,109.62,10000,block-01-kyber-neon-512.csv
1,kyber_neon,Kyber-768,KeyGen,22361.0,21986.0,25179.0,3193.0,7431.42,10000,block-01-kyber-neon-768.csv
1,kyber_neon,Kyber-768,Encaps,31196.0,31006.0,31760.0,754.0,14552.05,10000,block-01-kyber-neon-768.csv
1,kyber_neon,Kyber-768,Decaps,27060.0,27060.0,27434.0,374.0,4291.59,10000,block-01-kyber-neon-768.csv
1,kyber_neon,Kyber-768,NTT,283.0,255.0,285.0,30.0,32.1,10000,block-01-kyber-neon-768.csv
1,kyber_neon,Kyber-768,INVNTT,283.0,255.0,285.0,30.0,44.3,10000,block-01-kyber-neon-768.csv
1,kyber_neon,Kyber-768,BaseMulAcc,351.0,349.0,390.0,41.0,66.94,10000,block-01-kyber-neon-768.csv
1,kyber_neon,Kyber-768,MatrixVectorMul,2471.0,2305.0,2572.0,267.0,346.52,10000,block-01-kyber-neon-768.csv
1,kyber_neon,Kyber-768,InnerProdEnc,616.0,554.0,635.0,81.0,818.04,10000,block-01-kyber-neon-768.csv
1,kyber_neon,Kyber-768,InnerProdDec,1366.0,1317.0,1471.0,154.0,126.21,10000,block-01-kyber-neon-768.csv
1,kyber_ref,Kyber-1024,KeyGen,155969.0,141686.0,157476.0,15790.0,11386.91,10000,block-01-kyber-ref-1024.csv
1,kyber_ref,Kyber-1024,Encaps,172508.0,155784.0,173445.0,17661.0,12069.71,10000,block-01-kyber-ref-1024.csv
1,kyber_ref,Kyber-1024,Decaps,196370.0,177397.0,196934.0,19537.0,11823.39,10000,block-01-kyber-ref-1024.csv
1,kyber_ref,Kyber-1024,NTT,3595.0,3288.0,3611.0,323.0,189.31,10000,block-01-kyber-ref-1024.csv
1,kyber_ref,Kyber-1024,INVNTT,5667.0,5348.0,5722.0,374.0,251.54,10000,block-01-kyber-ref-1024.csv
1,kyber_ref,Kyber-1024,BaseMulAcc,9038.0,8751.0,9232.0,481.0,316.34,10000,block-01-kyber-ref-1024.csv
1,kyber_ref,Kyber-1024,MatrixVectorMul,76249.0,75670.0,76790.0,1120.0,1781.34,10000,block-01-kyber-ref-1024.csv
1,kyber_ref,Kyber-1024,InnerProdEnc,14881.0,14604.0,15138.0,534.0,528.54,10000,block-01-kyber-ref-1024.csv
1,kyber_ref,Kyber-1024,InnerProdDec,28719.0,28373.0,28982.0,609.0,1289.57,10000,block-01-kyber-ref-1024.csv
1,kyber_ref,Kyber-512,KeyGen,52239.0,51676.0,57502.0,5826.0,3597.13,10000,block-01-kyber-ref-512.csv
1,kyber_ref,Kyber-512,Encaps,75163.0,67839.0,75727.0,7888.0,5040.25,10000,block-01-kyber-ref-512.csv
1,kyber_ref,Kyber-512,Decaps,83056.0,80805.0,90200.0,9395.0,8083.49,10000,block-01-kyber-ref-512.csv
1,kyber_ref,Kyber-512,NTT,3382.0,3226.0,3596.0,370.0,223.93,10000,block-01-kyber-ref-512.csv
1,kyber_ref,Kyber-512,INVNTT,5460.0,5150.0,5645.0,495.0,267.41,10000,block-01-kyber-ref-512.csv
1,kyber_ref,Kyber-512,BaseMulAcc,4878.0,4588.0,5105.0,517.0,249.45,10000,block-01-kyber-ref-512.csv
1,kyber_ref,Kyber-512,MatrixVectorMul,29217.0,28830.0,29538.0,708.0,832.52,10000,block-01-kyber-ref-512.csv
1,kyber_ref,Kyber-512,InnerProdEnc,10393.0,10136.0,10731.0,595.0,1754.08,10000,block-01-kyber-ref-512.csv
1,kyber_ref,Kyber-512,InnerProdDec,17277.0,17042.0,17495.0,453.0,441.3,10000,block-01-kyber-ref-512.csv
1,kyber_ref,Kyber-768,KeyGen,97436.0,89826.0,100158.0,10332.0,8101.55,10000,block-01-kyber-ref-768.csv
1,kyber_ref,Kyber-768,Encaps,117075.0,105611.0,117634.0,12023.0,6506.4,10000,block-01-kyber-ref-768.csv
1,kyber_ref,Kyber-768,Decaps,135863.0,122334.0,136238.0,13904.0,8332.3,10000,block-01-kyber-ref-768.csv
1,kyber_ref,Kyber-768,NTT,3609.0,3297.0,3634.0,337.0,189.48,10000,block-01-kyber-ref-768.csv
1,kyber_ref,Kyber-768,INVNTT,5641.0,5346.0,5646.0,300.0,236.79,10000,block-01-kyber-ref-768.csv
1,kyber_ref,Kyber-768,BaseMulAcc,6943.0,6620.0,6960.0,340.0,376.28,10000,block-01-kyber-ref-768.csv
1,kyber_ref,Kyber-768,MatrixVectorMul,50372.0,49976.0,50748.0,772.0,2175.37,10000,block-01-kyber-ref-768.csv
1,kyber_ref,Kyber-768,InnerProdEnc,12740.0,12520.0,13003.0,483.0,412.62,10000,block-01-kyber-ref-768.csv
1,kyber_ref,Kyber-768,InnerProdDec,23115.0,22993.0,23314.0,321.0,864.06,10000,block-01-kyber-ref-768.csv
1,kyber_sme,Kyber-1024,KeyGen,62387.0,60885.0,64267.0,3382.0,2857.12,10000,block-01-kyber-sme-1024.csv
1,kyber_sme,Kyber-1024,Encaps,74789.0,69152.0,75727.0,6575.0,3928.28,10000,block-01-kyber-sme-1024.csv
1,kyber_sme,Kyber-1024,Decaps,76481.0,74415.0,76860.0,2445.0,1690.77,10000,block-01-kyber-sme-1024.csv
1,kyber_sme,Kyber-1024,NTT,1185.0,1178.0,1187.0,9.0,83.83,10000,block-01-kyber-sme-1024.csv
1,kyber_sme,Kyber-1024,INVNTT,1097.0,1097.0,1099.0,2.0,129.51,10000,block-01-kyber-sme-1024.csv
1,kyber_sme,Kyber-1024,BaseMulAcc,1409.0,1407.0,1411.0,4.0,38.87,10000,block-01-kyber-sme-1024.csv
1,kyber_sme,Kyber-1024,MatrixVectorMul,10724.0,10703.0,10859.0,156.0,152.66,10000,block-01-kyber-sme-1024.csv
1,kyber_sme,Kyber-1024,InnerProdEnc,2031.0,2031.0,2033.0,2.0,48.62,10000,block-01-kyber-sme-1024.csv
1,kyber_sme,Kyber-1024,InnerProdDec,5120.0,5092.0,5132.0,40.0,194.97,10000,block-01-kyber-sme-1024.csv
1,kyber_sme,Kyber-512,KeyGen,28751.0,28562.0,28941.0,379.0,7715.84,10000,block-01-kyber-sme-512.csv
1,kyber_sme,Kyber-512,Encaps,37582.0,37392.0,37771.0,379.0,2784.23,10000,block-01-kyber-sme-512.csv
1,kyber_sme,Kyber-512,Decaps,37961.0,37771.0,38150.0,379.0,2139.58,10000,block-01-kyber-sme-512.csv
1,kyber_sme,Kyber-512,NTT,1191.0,1189.0,1193.0,4.0,46.26,10000,block-01-kyber-sme-512.csv
1,kyber_sme,Kyber-512,INVNTT,1095.0,1095.0,1097.0,2.0,85.1,10000,block-01-kyber-sme-512.csv
1,kyber_sme,Kyber-512,BaseMulAcc,751.0,749.0,751.0,2.0,60.38,10000,block-01-kyber-sme-512.csv
1,kyber_sme,Kyber-512,MatrixVectorMul,4711.0,4699.0,4731.0,32.0,99.51,10000,block-01-kyber-sme-512.csv
1,kyber_sme,Kyber-512,InnerProdEnc,1379.0,1377.0,1379.0,2.0,38.89,10000,block-01-kyber-sme-512.csv
1,kyber_sme,Kyber-512,InnerProdDec,3677.0,3664.0,3686.0,22.0,299.79,10000,block-01-kyber-sme-512.csv
1,kyber_sme,Kyber-768,KeyGen,42281.0,41154.0,43409.0,2255.0,7374.54,10000,block-01-kyber-sme-768.csv
1,kyber_sme,Kyber-768,Encaps,52618.0,49985.0,55621.0,5636.0,5206.45,10000,block-01-kyber-sme-768.csv
1,kyber_sme,Kyber-768,Decaps,54494.0,54120.0,54684.0,564.0,7634.7,10000,block-01-kyber-sme-768.csv
1,kyber_sme,Kyber-768,NTT,1204.0,1202.0,1204.0,2.0,92.93,10000,block-01-kyber-sme-768.csv
1,kyber_sme,Kyber-768,INVNTT,1104.0,1103.0,1106.0,3.0,148.97,10000,block-01-kyber-sme-768.csv
1,kyber_sme,Kyber-768,BaseMulAcc,1091.0,1089.0,1093.0,4.0,74.71,10000,block-01-kyber-sme-768.csv
1,kyber_sme,Kyber-768,MatrixVectorMul,7279.0,7257.0,7437.0,180.0,389.5,10000,block-01-kyber-sme-768.csv
1,kyber_sme,Kyber-768,InnerProdEnc,1708.0,1706.0,1708.0,2.0,54.66,10000,block-01-kyber-sme-768.csv
1,kyber_sme,Kyber-768,InnerProdDec,4297.0,4290.0,4301.0,11.0,99.7,10000,block-01-kyber-sme-768.csv
1,kyber_sve,Kyber-1024,KeyGen,61639.0,59947.0,62387.0,2440.0,6619.89,10000,block-01-kyber-sve-1024.csv
1,kyber_sve,Kyber-1024,Encaps,75916.0,69531.0,76480.0,6949.0,7556.43,10000,block-01-kyber-sve-1024.csv
1,kyber_sve,Kyber-1024,Decaps,74231.0,72914.0,74790.0,1876.0,12181.45,10000,block-01-kyber-sve-1024.csv
1,kyber_sve,Kyber-1024,NTT,1063.0,1057.0,1072.0,15.0,128.83,10000,block-01-kyber-sve-1024.csv
1,kyber_sve,Kyber-1024,INVNTT,1116.0,1104.0,1123.0,19.0,161.96,10000,block-01-kyber-sve-1024.csv
1,kyber_sve,Kyber-1024,BaseMulAcc,1409.0,1407.0,1415.0,8.0,123.03,10000,block-01-kyber-sve-1024.csv
1,kyber_sve,Kyber-1024,MatrixVectorMul,10510.0,10305.0,10805.0,500.0,543.08,10000,block-01-kyber-sve-1024.csv
1,kyber_sve,Kyber-1024,InnerProdEnc,1978.0,1976.0,2065.0,89.0,220.05,10000,block-01-kyber-sve-1024.csv
1,kyber_sve,Kyber-1024,InnerProdDec,4600.0,4483.0,4733.0,250.0,3731.19,10000,block-01-kyber-sve-1024.csv
1,kyber_sve,Kyber-512,KeyGen,27624.0,27439.0,27998.0,559.0,11679.45,10000,block-01-kyber-sve-512.csv
1,kyber_sve,Kyber-512,Encaps,37397.0,37208.0,37771.0,563.0,4133.92,10000,block-01-kyber-sve-512.csv
1,kyber_sve,Kyber-512,Decaps,35891.0,35701.0,36080.0,379.0,6717.74,10000,block-01-kyber-sve-512.csv
1,kyber_sve,Kyber-512,NTT,1059.0,1046.0,1078.0,32.0,130.39,10000,block-01-kyber-sve-512.csv
1,kyber_sve,Kyber-512,INVNTT,1121.0,1119.0,1125.0,6.0,142.69,10000,block-01-kyber-sve-512.csv
1,kyber_sve,Kyber-512,BaseMulAcc,747.0,746.0,749.0,3.0,80.2,10000,block-01-kyber-sve-512.csv
1,kyber_sve,Kyber-512,MatrixVectorMul,4543.0,4470.0,4701.0,231.0,372.98,10000,block-01-kyber-sve-512.csv
1,kyber_sve,Kyber-512,InnerProdEnc,1317.0,1315.0,1322.0,7.0,133.54,10000,block-01-kyber-sve-512.csv
1,kyber_sve,Kyber-512,InnerProdDec,3363.0,3341.0,3566.0,225.0,309.93,10000,block-01-kyber-sve-512.csv
1,kyber_sve,Kyber-768,KeyGen,42471.0,41344.0,43409.0,2065.0,5555.74,10000,block-01-kyber-sve-768.csv
1,kyber_sve,Kyber-768,Encaps,51865.0,48672.0,54120.0,5448.0,4616.12,10000,block-01-kyber-sve-768.csv
1,kyber_sve,Kyber-768,Decaps,54684.0,54494.0,55058.0,564.0,4554.13,10000,block-01-kyber-sve-768.csv
1,kyber_sve,Kyber-768,NTT,1067.0,1057.0,1074.0,17.0,147.73,10000,block-01-kyber-sve-768.csv
1,kyber_sve,Kyber-768,INVNTT,1131.0,1125.0,1176.0,51.0,166.05,10000,block-01-kyber-sve-768.csv
1,kyber_sve,Kyber-768,BaseMulAcc,1093.0,1091.0,1097.0,6.0,84.61,10000,block-01-kyber-sve-768.csv
1,kyber_sve,Kyber-768,MatrixVectorMul,7146.0,6984.0,7345.0,361.0,436.41,10000,block-01-kyber-sve-768.csv
1,kyber_sve,Kyber-768,InnerProdEnc,1657.0,1655.0,1663.0,8.0,145.48,10000,block-01-kyber-sve-768.csv
1,kyber_sve,Kyber-768,InnerProdDec,3807.0,3797.0,3998.0,201.0,302.3,10000,block-01-kyber-sve-768.csv
1,mlkem_neon,ML-KEM-1024,KeyGen,59757.0,54304.0,60321.0,6017.0,4258.55,10000,block-01-mlkem-neon-1024.csv
1,mlkem_neon,ML-KEM-1024,Encaps,64267.0,58255.0,64832.0,6577.0,4567.92,10000,block-01-mlkem-neon-1024.csv
1,mlkem_neon,ML-KEM-1024,Decaps,76106.0,68967.0,76486.0,7519.0,6133.56,10000,block-01-mlkem-neon-1024.csv
1,mlkem_neon,ML-KEM-1024,NTT,223.0,202.0,225.0,23.0,20.15,10000,block-01-mlkem-neon-1024.csv
1,mlkem_neon,ML-KEM-1024,INVNTT,257.0,238.0,259.0,21.0,24.04,10000,block-01-mlkem-neon-1024.csv
1,mlkem_neon,ML-KEM-1024,BaseMulAcc,279.0,253.0,281.0,28.0,42.28,10000,block-01-mlkem-neon-1024.csv
1,mlkem_neon,ML-KEM-1024,MatrixVectorMul,3220.0,2957.0,3234.0,277.0,1096.0,10000,block-01-mlkem-neon-1024.csv
1,mlkem_neon,ML-KEM-1024,InnerProdEnc,533.0,481.0,535.0,54.0,40.05,10000,block-01-mlkem-neon-1024.csv
1,mlkem_neon,ML-KEM-1024,InnerProdDec,1509.0,1399.0,1516.0,117.0,90.98,10000,block-01-mlkem-neon-1024.csv
1,mlkem_neon,ML-KEM-512,KeyGen,23488.0,23114.0,23678.0,564.0,1586.87,10000,block-01-mlkem-neon-512.csv
1,mlkem_neon,ML-KEM-512,Encaps,26871.0,26307.0,27060.0,753.0,1944.15,10000,block-01-mlkem-neon-512.csv
1,mlkem_neon,ML-KEM-512,Decaps,33077.0,32882.0,33446.0,564.0,1550.64,10000,block-01-mlkem-neon-512.csv
1,mlkem_neon,ML-KEM-512,NTT,223.0,219.0,225.0,6.0,20.05,10000,block-01-mlkem-neon-512.csv
1,mlkem_neon,ML-KEM-512,INVNTT,257.0,233.0,259.0,26.0,24.81,10000,block-01-mlkem-neon-512.csv
1,mlkem_neon,ML-KEM-512,BaseMulAcc,163.0,163.0,163.0,0.0,7.94,10000,block-01-mlkem-neon-512.csv
1,mlkem_neon,ML-KEM-512,MatrixVectorMul,1369.0,1319.0,1373.0,54.0,89.83,10000,block-01-mlkem-neon-512.csv
1,mlkem_neon,ML-KEM-512,InnerProdEnc,420.0,417.0,420.0,3.0,44.78,10000,block-01-mlkem-neon-512.csv
1,mlkem_neon,ML-KEM-512,InnerProdDec,892.0,886.0,894.0,8.0,57.05,10000,block-01-mlkem-neon-512.csv
1,mlkem_neon,ML-KEM-768,KeyGen,40590.0,40216.0,40964.0,748.0,2524.64,10000,block-01-mlkem-neon-768.csv
1,mlkem_neon,ML-KEM-768,Encaps,43598.0,43219.0,43972.0,753.0,3938.53,10000,block-01-mlkem-neon-768.csv
1,mlkem_neon,ML-KEM-768,Decaps,52050.0,51676.0,52244.0,568.0,4063.31,10000,block-01-mlkem-neon-768.csv
1,mlkem_neon,ML-KEM-768,NTT,223.0,206.0,225.0,19.0,29.74,10000,block-01-mlkem-neon-768.csv
1,mlkem_neon,ML-KEM-768,INVNTT,257.0,257.0,259.0,2.0,32.4,10000,block-01-mlkem-neon-768.csv
1,mlkem_neon,ML-KEM-768,BaseMulAcc,219.0,218.0,221.0,3.0,25.68,10000,block-01-mlkem-neon-768.csv
1,mlkem_neon,ML-KEM-768,MatrixVectorMul,2234.0,2202.0,2239.0,37.0,120.19,10000,block-01-mlkem-neon-768.csv
1,mlkem_neon,ML-KEM-768,InnerProdEnc,477.0,475.0,479.0,4.0,19.4,10000,block-01-mlkem-neon-768.csv
1,mlkem_neon,ML-KEM-768,InnerProdDec,1197.0,1191.0,1202.0,11.0,72.16,10000,block-01-mlkem-neon-768.csv
1,mlkem_ref,ML-KEM-1024,KeyGen,70095.0,68962.0,76855.0,7893.0,4839.15,10000,block-01-mlkem-ref-1024.csv
1,mlkem_ref,ML-KEM-1024,Encaps,76481.0,75542.0,83999.0,8457.0,6377.49,10000,block-01-mlkem-ref-1024.csv
1,mlkem_ref,ML-KEM-1024,Decaps,94146.0,85126.0,94710.0,9584.0,5716.94,10000,block-01-mlkem-ref-1024.csv
1,mlkem_ref,ML-KEM-1024,NTT,507.0,467.0,520.0,53.0,122.85,10000,block-01-mlkem-ref-1024.csv
1,mlkem_ref,ML-KEM-1024,INVNTT,885.0,796.0,886.0,90.0,76.36,10000,block-01-mlkem-ref-1024.csv
1,mlkem_ref,ML-KEM-1024,BaseMulAcc,310.0,279.0,311.0,32.0,35.04,10000,block-01-mlkem-ref-1024.csv
1,mlkem_ref,ML-KEM-1024,MatrixVectorMul,7452.0,7129.0,7672.0,543.0,325.11,10000,block-01-mlkem-ref-1024.csv
1,mlkem_ref,ML-KEM-1024,InnerProdEnc,1193.0,1072.0,1195.0,123.0,72.88,10000,block-01-mlkem-ref-1024.csv
1,mlkem_ref,ML-KEM-1024,InnerProdDec,3617.0,3373.0,3621.0,248.0,180.38,10000,block-01-mlkem-ref-1024.csv
1,mlkem_ref,ML-KEM-512,KeyGen,29689.0,26875.0,30063.0,3188.0,2086.23,10000,block-01-mlkem-ref-512.csv
1,mlkem_ref,ML-KEM-512,Encaps,34953.0,31759.0,35331.0,3572.0,2880.14,10000,block-01-mlkem-ref-512.csv
1,mlkem_ref,ML-KEM-512,Decaps,41907.0,38146.0,42281.0,4135.0,5638.95,10000,block-01-mlkem-ref-512.csv
1,mlkem_ref,ML-KEM-512,NTT,520.0,477.0,524.0,47.0,124.69,10000,block-01-mlkem-ref-512.csv
1,mlkem_ref,ML-KEM-512,INVNTT,886.0,811.0,888.0,77.0,112.25,10000,block-01-mlkem-ref-512.csv
1,mlkem_ref,ML-KEM-512,BaseMulAcc,189.0,171.0,189.0,18.0,43.21,10000,block-01-mlkem-ref-512.csv
1,mlkem_ref,ML-KEM-512,MatrixVectorMul,3566.0,3436.0,3585.0,149.0,207.19,10000,block-01-mlkem-ref-512.csv
1,mlkem_ref,ML-KEM-512,InnerProdEnc,1076.0,1073.0,1076.0,3.0,56.9,10000,block-01-mlkem-ref-512.csv
1,mlkem_ref,ML-KEM-512,InnerProdDec,2273.0,2270.0,2275.0,5.0,100.18,10000,block-01-mlkem-ref-512.csv
1,mlkem_ref,ML-KEM-768,KeyGen,47355.0,46606.0,52055.0,5449.0,6711.0,10000,block-01-mlkem-ref-768.csv
1,mlkem_ref,ML-KEM-768,Encaps,57129.0,52054.0,57503.0,5449.0,4518.55,10000,block-01-mlkem-ref-768.csv
1,mlkem_ref,ML-KEM-768,Decaps,65584.0,65021.0,65959.0,938.0,5446.43,10000,block-01-mlkem-ref-768.csv
1,mlkem_ref,ML-KEM-768,NTT,520.0,518.0,522.0,4.0,40.36,10000,block-01-mlkem-ref-768.csv
1,mlkem_ref,ML-KEM-768,INVNTT,886.0,885.0,888.0,3.0,57.92,10000,block-01-mlkem-ref-768.csv
1,mlkem_ref,ML-KEM-768,BaseMulAcc,246.0,231.0,248.0,17.0,33.64,10000,block-01-mlkem-ref-768.csv
1,mlkem_ref,ML-KEM-768,MatrixVectorMul,5552.0,5393.0,5560.0,167.0,202.6,10000,block-01-mlkem-ref-768.csv
1,mlkem_ref,ML-KEM-768,InnerProdEnc,1133.0,1129.0,1135.0,6.0,61.09,10000,block-01-mlkem-ref-768.csv
1,mlkem_ref,ML-KEM-768,InnerProdDec,2940.0,2935.0,2965.0,30.0,121.7,10000,block-01-mlkem-ref-768.csv
1,mlkem_sme,ML-KEM-1024,KeyGen,90574.0,80242.0,91327.0,11085.0,6440.45,10000,block-01-mlkem-sme-1024.csv
1,mlkem_sme,ML-KEM-1024,Encaps,102413.0,101850.0,102792.0,942.0,6794.5,10000,block-01-mlkem-sme-1024.csv
1,mlkem_sme,ML-KEM-1024,Decaps,112939.0,112371.0,122518.0,10147.0,10541.59,10000,block-01-mlkem-sme-1024.csv
1,mlkem_sme,ML-KEM-1024,NTT,1157.0,1155.0,1157.0,2.0,59.37,10000,block-01-mlkem-sme-1024.csv
1,mlkem_sme,ML-KEM-1024,INVNTT,1091.0,1084.0,1099.0,15.0,125.78,10000,block-01-mlkem-sme-1024.csv
1,mlkem_sme,ML-KEM-1024,BaseMulAcc,1202.0,1200.0,1213.0,13.0,254.5,10000,block-01-mlkem-sme-1024.csv
1,mlkem_sme,ML-KEM-1024,MatrixVectorMul,12126.0,12019.0,12231.0,212.0,390.84,10000,block-01-mlkem-sme-1024.csv
1,mlkem_sme,ML-KEM-1024,InnerProdEnc,1796.0,1794.0,1841.0,47.0,1859.23,10000,block-01-mlkem-sme-1024.csv
1,mlkem_sme,ML-KEM-1024,InnerProdDec,5355.0,5348.0,5560.0,212.0,539.25,10000,block-01-mlkem-sme-1024.csv
1,mlkem_sme,ML-KEM-512,KeyGen,36828.0,36459.0,37018.0,559.0,2531.23,10000,block-01-mlkem-sme-512.csv
1,mlkem_sme,ML-KEM-512,Encaps,43409.0,41154.0,43783.0,2629.0,3829.5,10000,block-01-mlkem-sme-512.csv
1,mlkem_sme,ML-KEM-512,Decaps,57503.0,57128.0,57877.0,749.0,4537.53,10000,block-01-mlkem-sme-512.csv
1,mlkem_sme,ML-KEM-512,NTT,1157.0,1155.0,1161.0,6.0,94.66,10000,block-01-mlkem-sme-512.csv
1,mlkem_sme,ML-KEM-512,INVNTT,1078.0,1071.0,1118.0,47.0,187.66,10000,block-01-mlkem-sme-512.csv
1,mlkem_sme,ML-KEM-512,BaseMulAcc,637.0,631.0,644.0,13.0,76.1,10000,block-01-mlkem-sme-512.csv
1,mlkem_sme,ML-KEM-512,MatrixVectorMul,5049.0,5030.0,5056.0,26.0,2573.91,10000,block-01-mlkem-sme-512.csv
1,mlkem_sme,ML-KEM-512,InnerProdEnc,1251.0,1249.0,1253.0,4.0,39.55,10000,block-01-mlkem-sme-512.csv
1,mlkem_sme,ML-KEM-512,InnerProdDec,3446.0,3442.0,3459.0,17.0,204.83,10000,block-01-mlkem-sme-512.csv
1,mlkem_sme,ML-KEM-768,KeyGen,61074.0,59758.0,61823.0,2065.0,3185.91,10000,block-01-mlkem-sme-768.csv
1,mlkem_sme,ML-KEM-768,Encaps,69716.0,66143.0,70654.0,4511.0,2925.37,10000,block-01-mlkem-sme-768.csv
1,mlkem_sme,ML-KEM-768,Decaps,83061.0,82118.0,86069.0,3951.0,4553.97,10000,block-01-mlkem-sme-768.csv
1,mlkem_sme,ML-KEM-768,NTT,1183.0,1165.0,1185.0,20.0,129.19,10000,block-01-mlkem-sme-768.csv
1,mlkem_sme,ML-KEM-768,INVNTT,1089.0,1078.0,1091.0,13.0,88.99,10000,block-01-mlkem-sme-768.csv
1,mlkem_sme,ML-KEM-768,BaseMulAcc,928.0,913.0,952.0,39.0,258.48,10000,block-01-mlkem-sme-768.csv
1,mlkem_sme,ML-KEM-768,MatrixVectorMul,8255.0,8133.0,8384.0,251.0,602.05,10000,block-01-mlkem-sme-768.csv
1,mlkem_sme,ML-KEM-768,InnerProdEnc,1525.0,1524.0,1527.0,3.0,153.64,10000,block-01-mlkem-sme-768.csv
1,mlkem_sme,ML-KEM-768,InnerProdDec,4923.0,4904.0,5011.0,107.0,295.09,10000,block-01-mlkem-sme-768.csv
1,mlkem_sve,ML-KEM-1024,KeyGen,91328.0,80805.0,92266.0,11461.0,9352.02,10000,block-01-mlkem-sve-1024.csv
1,mlkem_sve,ML-KEM-1024,Encaps,103540.0,102977.0,104104.0,1127.0,10547.41,10000,block-01-mlkem-sve-1024.csv
1,mlkem_sve,ML-KEM-1024,Decaps,115005.0,111997.0,122519.0,10522.0,14582.37,10000,block-01-mlkem-sve-1024.csv
1,mlkem_sve,ML-KEM-1024,NTT,1052.0,1039.0,1059.0,20.0,116.77,10000,block-01-mlkem-sve-1024.csv
1,mlkem_sve,ML-KEM-1024,INVNTT,1104.0,1078.0,1112.0,34.0,166.0,10000,block-01-mlkem-sve-1024.csv
1,mlkem_sve,ML-KEM-1024,BaseMulAcc,1181.0,1180.0,1193.0,13.0,97.28,10000,block-01-mlkem-sve-1024.csv
1,mlkem_sve,ML-KEM-1024,MatrixVectorMul,11848.0,11641.0,12186.0,545.0,588.24,10000,block-01-mlkem-sve-1024.csv
1,mlkem_sve,ML-KEM-1024,InnerProdEnc,1751.0,1749.0,1762.0,13.0,149.99,10000,block-01-mlkem-sve-1024.csv
1,mlkem_sve,ML-KEM-1024,InnerProdDec,4665.0,4652.0,4878.0,226.0,345.41,10000,block-01-mlkem-sve-1024.csv
1,mlkem_sve,ML-KEM-512,KeyGen,36265.0,35890.0,36644.0,754.0,12417.64,10000,block-01-mlkem-sve-512.csv
1,mlkem_sve,ML-KEM-512,Encaps,44721.0,43594.0,45285.0,1691.0,9920.71,10000,block-01-mlkem-sve-512.csv
1,mlkem_sve,ML-KEM-512,Decaps,56375.0,55812.0,56754.0,942.0,5606.92,10000,block-01-mlkem-sve-512.csv
1,mlkem_sve,ML-KEM-512,NTT,1031.0,1022.0,1039.0,17.0,107.66,10000,block-01-mlkem-sve-512.csv
1,mlkem_sve,ML-KEM-512,INVNTT,1093.0,1086.0,1138.0,52.0,167.8,10000,block-01-mlkem-sve-512.csv
1,mlkem_sve,ML-KEM-512,BaseMulAcc,631.0,631.0,635.0,4.0,63.99,10000,block-01-mlkem-sve-512.csv
1,mlkem_sve,ML-KEM-512,MatrixVectorMul,4487.0,4463.0,4705.0,242.0,1079.76,10000,block-01-mlkem-sve-512.csv
1,mlkem_sve,ML-KEM-512,InnerProdEnc,1200.0,1198.0,1242.0,44.0,163.63,10000,block-01-mlkem-sve-512.csv
1,mlkem_sve,ML-KEM-512,InnerProdDec,2803.0,2788.0,2935.0,147.0,326.71,10000,block-01-mlkem-sve-512.csv
1,mlkem_sve,ML-KEM-768,KeyGen,61259.0,59757.0,61823.0,2066.0,8590.52,10000,block-01-mlkem-sve-768.csv
1,mlkem_sve,ML-KEM-768,Encaps,76480.0,69905.0,77044.0,7139.0,7999.57,10000,block-01-mlkem-sve-768.csv
1,mlkem_sve,ML-KEM-768,Decaps,83809.0,82118.0,86064.0,3946.0,11248.41,10000,block-01-mlkem-sve-768.csv
1,mlkem_sve,ML-KEM-768,NTT,1059.0,1048.0,1071.0,23.0,140.9,10000,block-01-mlkem-sve-768.csv
1,mlkem_sve,ML-KEM-768,INVNTT,1120.0,1116.0,1125.0,9.0,140.65,10000,block-01-mlkem-sve-768.csv
1,mlkem_sve,ML-KEM-768,BaseMulAcc,913.0,911.0,915.0,4.0,72.79,10000,block-01-mlkem-sve-768.csv
1,mlkem_sve,ML-KEM-768,MatrixVectorMul,7888.0,7708.0,8084.0,376.0,456.83,10000,block-01-mlkem-sve-768.csv
1,mlkem_sve,ML-KEM-768,InnerProdEnc,1477.0,1475.0,1480.0,5.0,116.51,10000,block-01-mlkem-sve-768.csv
1,mlkem_sve,ML-KEM-768,InnerProdDec,4472.0,4389.0,4656.0,267.0,671.5,10000,block-01-mlkem-sve-768.csv
2,kyber_neon,Kyber-1024,KeyGen,31949.0,31570.0,35142.0,3572.0,83643.59,10000,block-02-kyber-neon-1024.csv
2,kyber_neon,Kyber-1024,Encaps,43594.0,43224.0,47919.0,4695.0,8408.06,10000,block-02-kyber-neon-1024.csv
2,kyber_neon,Kyber-1024,Decaps,38899.0,38524.0,43034.0,4510.0,10375.62,10000,block-02-kyber-neon-1024.csv
2,kyber_neon,Kyber-1024,NTT,285.0,257.0,285.0,28.0,36.23,10000,block-02-kyber-neon-1024.csv
2,kyber_neon,Kyber-1024,INVNTT,285.0,283.0,285.0,2.0,29.2,10000,block-02-kyber-neon-1024.csv
2,kyber_neon,Kyber-1024,BaseMulAcc,507.0,503.0,509.0,6.0,50.97,10000,block-02-kyber-neon-1024.csv
2,kyber_neon,Kyber-1024,MatrixVectorMul,3709.0,3606.0,3718.0,112.0,192.9,10000,block-02-kyber-neon-1024.csv
2,kyber_neon,Kyber-1024,InnerProdEnc,727.0,723.0,727.0,4.0,72.76,10000,block-02-kyber-neon-1024.csv
2,kyber_neon,Kyber-1024,InnerProdDec,1890.0,1837.0,1894.0,57.0,120.65,10000,block-02-kyber-neon-1024.csv
2,kyber_neon,Kyber-512,KeyGen,13720.0,13715.0,14094.0,379.0,1165.3,10000,block-02-kyber-neon-512.csv
2,kyber_neon,Kyber-512,Encaps,21049.0,20859.0,23114.0,2255.0,2148.71,10000,block-02-kyber-neon-512.csv
2,kyber_neon,Kyber-512,Decaps,17856.0,17666.0,19731.0,2065.0,1854.02,10000,block-02-kyber-neon-512.csv
2,kyber_neon,Kyber-512,NTT,285.0,257.0,285.0,28.0,20.56,10000,block-02-kyber-neon-512.csv
2,kyber_neon,Kyber-512,INVNTT,283.0,257.0,285.0,28.0,30.09,10000,block-02-kyber-neon-512.csv
2,kyber_neon,Kyber-512,BaseMulAcc,274.0,272.0,276.0,4.0,34.73,10000,block-02-kyber-neon-512.csv
2,kyber_neon,Kyber-512,MatrixVectorMul,1569.0,1431.0,1572.0,141.0,167.34,10000,block-02-kyber-neon-512.csv
2,kyber_neon,Kyber-512,InnerProdEnc,462.0,458.0,513.0,55.0,108.49,10000,block-02-kyber-neon-512.csv
2,kyber_neon,Kyber-512,InnerProdDec,1071.0,1009.0,1073.0,64.0,103.05,10000,block-02-kyber-neon-512.csv
2,kyber_neon,Kyber-768,KeyGen,24241.0,21987.0,24615.0,2628.0,1582.25,10000,block-02-kyber-neon-768.csv
2,kyber_neon,Kyber-768,Encaps,34578.0,31570.0,34768.0,3198.0,2805.4,10000,block-02-kyber-neon-768.csv
2,kyber_neon,Kyber-768,Decaps,30068.0,27249.0,30253.0,3004.0,2294.82,10000,block-02-kyber-neon-768.csv
2,kyber_neon,Kyber-768,NTT,287.0,285.0,287.0,2.0,22.25,10000,block-02-kyber-neon-768.csv
2,kyber_neon,Kyber-768,INVNTT,285.0,283.0,287.0,4.0,18.5,10000,block-02-kyber-neon-768.csv
2,kyber_neon,Kyber-768,BaseMulAcc,388.0,388.0,390.0,2.0,15.75,10000,block-02-kyber-neon-768.csv
2,kyber_neon,Kyber-768,MatrixVectorMul,2566.0,2521.0,2570.0,49.0,187.78,10000,block-02-kyber-neon-768.csv
2,kyber_neon,Kyber-768,InnerProdEnc,616.0,616.0,618.0,2.0,37.12,10000,block-02-kyber-neon-768.csv
2,kyber_neon,Kyber-768,InnerProdDec,1469.0,1467.0,1471.0,4.0,51.37,10000,block-02-kyber-neon-768.csv
2,kyber_ref,Kyber-1024,KeyGen,156159.0,141875.0,157850.0,15975.0,14074.41,10000,block-02-kyber-ref-1024.csv
2,kyber_ref,Kyber-1024,Encaps,172508.0,155780.0,173825.0,18045.0,37339.82,10000,block-02-kyber-ref-1024.csv
2,kyber_ref,Kyber-1024,Decaps,196375.0,177955.0,197128.0,19173.0,22147.53,10000,block-02-kyber-ref-1024.csv
2,kyber_ref,Kyber-1024,NTT,3598.0,3348.0,3611.0,263.0,293.48,10000,block-02-kyber-ref-1024.csv
2,kyber_ref,Kyber-1024,INVNTT,5714.0,5460.0,5723.0,263.0,328.76,10000,block-02-kyber-ref-1024.csv
2,kyber_ref,Kyber-1024,BaseMulAcc,9174.0,8946.0,9237.0,291.0,461.89,10000,block-02-kyber-ref-1024.csv
2,kyber_ref,Kyber-1024,MatrixVectorMul,77314.0,76421.0,78015.0,1594.0,4867.37,10000,block-02-kyber-ref-1024.csv
2,kyber_ref,Kyber-1024,InnerProdEnc,14973.0,14736.0,15228.0,492.0,603.85,10000,block-02-kyber-ref-1024.csv
2,kyber_ref,Kyber-1024,InnerProdDec,29036.0,28760.0,29222.0,462.0,1107.59,10000,block-02-kyber-ref-1024.csv
2,kyber_ref,Kyber-512,KeyGen,57503.0,56375.0,58066.0,1691.0,3550.52,10000,block-02-kyber-ref-512.csv
2,kyber_ref,Kyber-512,Encaps,75353.0,68024.0,75917.0,7893.0,13280.87,10000,block-02-kyber-ref-512.csv
2,kyber_ref,Kyber-512,Decaps,90200.0,81369.0,90575.0,9206.0,7688.44,10000,block-02-kyber-ref-512.csv
2,kyber_ref,Kyber-512,NTT,3602.0,3423.0,3624.0,201.0,249.92,10000,block-02-kyber-ref-512.csv
2,kyber_ref,Kyber-512,INVNTT,5646.0,5421.0,5669.0,248.0,455.07,10000,block-02-kyber-ref-512.csv
2,kyber_ref,Kyber-512,BaseMulAcc,5103.0,4910.0,5107.0,197.0,265.87,10000,block-02-kyber-ref-512.csv
2,kyber_ref,Kyber-512,MatrixVectorMul,30074.0,29672.0,30312.0,640.0,1132.4,10000,block-02-kyber-ref-512.csv
2,kyber_ref,Kyber-512,InnerProdEnc,10726.0,10485.0,10790.0,305.0,469.88,10000,block-02-kyber-ref-512.csv
2,kyber_ref,Kyber-512,InnerProdDec,17750.0,17609.0,17927.0,318.0,2153.47,10000,block-02-kyber-ref-512.csv
2,kyber_ref,Kyber-768,KeyGen,99405.0,90200.0,100537.0,10337.0,14404.35,10000,block-02-kyber-ref-768.csv
2,kyber_ref,Kyber-768,Encaps,117260.0,116696.0,117823.0,1127.0,7241.79,10000,block-02-kyber-ref-768.csv
2,kyber_ref,Kyber-768,Decaps,136238.0,128720.0,136617.0,7897.0,8719.39,10000,block-02-kyber-ref-768.csv
2,kyber_ref,Kyber-768,NTT,3634.0,3474.0,3641.0,167.0,250.23,10000,block-02-kyber-ref-768.csv
2,kyber_ref,Kyber-768,INVNTT,5645.0,5517.0,5654.0,137.0,206.02,10000,block-02-kyber-ref-768.csv
2,kyber_ref,Kyber-768,BaseMulAcc,6958.0,6817.0,6966.0,149.0,222.0,10000,block-02-kyber-ref-768.csv
2,kyber_ref,Kyber-768,MatrixVectorMul,50835.0,50604.0,51058.0,454.0,14644.42,10000,block-02-kyber-ref-768.csv
2,kyber_ref,Kyber-768,InnerProdEnc,12949.0,12806.0,13092.0,286.0,277.4,10000,block-02-kyber-ref-768.csv
2,kyber_ref,Kyber-768,InnerProdDec,23230.0,23209.0,23331.0,122.0,403.98,10000,block-02-kyber-ref-768.csv
2,kyber_sme,Kyber-1024,KeyGen,62766.0,61264.0,64268.0,3004.0,12658.67,10000,block-02-kyber-sme-1024.csv
2,kyber_sme,Kyber-1024,Encaps,74978.0,69152.0,75732.0,6580.0,4538.61,10000,block-02-kyber-sme-1024.csv
2,kyber_sme,Kyber-1024,Decaps,76480.0,74415.0,76859.0,2444.0,4294.99,10000,block-02-kyber-sme-1024.csv
2,kyber_sme,Kyber-1024,NTT,1191.0,1187.0,1197.0,10.0,494.8,10000,block-02-kyber-sme-1024.csv
2,kyber_sme,Kyber-1024,INVNTT,1089.0,1088.0,1091.0,3.0,84.74,10000,block-02-kyber-sme-1024.csv
2,kyber_sme,Kyber-1024,BaseMulAcc,1409.0,1407.0,1411.0,4.0,50.05,10000,block-02-kyber-sme-1024.csv
2,kyber_sme,Kyber-1024,MatrixVectorMul,10726.0,10716.0,10923.0,207.0,402.81,10000,block-02-kyber-sme-1024.csv
2,kyber_sme,Kyber-1024,InnerProdEnc,2031.0,2031.0,2033.0,2.0,83.37,10000,block-02-kyber-sme-1024.csv
2,kyber_sme,Kyber-1024,InnerProdDec,5120.0,5088.0,5209.0,121.0,173.3,10000,block-02-kyber-sme-1024.csv
2,kyber_sme,Kyber-512,KeyGen,28751.0,28561.0,28941.0,380.0,1702.21,10000,block-02-kyber-sme-512.csv
2,kyber_sme,Kyber-512,Encaps,37582.0,37392.0,37771.0,379.0,2971.78,10000,block-02-kyber-sme-512.csv
2,kyber_sme,Kyber-512,Decaps,37960.0,37771.0,38146.0,375.0,1501.74,10000,block-02-kyber-sme-512.csv
2,kyber_sme,Kyber-512,NTT,1191.0,1174.0,1193.0,19.0,76.08,10000,block-02-kyber-sme-512.csv
2,kyber_sme,Kyber-512,INVNTT,1074.0,1073.0,1082.0,9.0,116.73,10000,block-02-kyber-sme-512.csv
2,kyber_sme,Kyber-512,BaseMulAcc,751.0,749.0,751.0,2.0,26.93,10000,block-02-kyber-sme-512.csv
2,kyber_sme,Kyber-512,MatrixVectorMul,4716.0,4703.0,4737.0,34.0,221.44,10000,block-02-kyber-sme-512.csv
2,kyber_sme,Kyber-512,InnerProdEnc,1379.0,1377.0,1379.0,2.0,41.56,10000,block-02-kyber-sme-512.csv
2,kyber_sme,Kyber-512,InnerProdDec,3679.0,3643.0,3683.0,40.0,113.83,10000,block-02-kyber-sme-512.csv
2,kyber_sme,Kyber-768,KeyGen,41533.0,40026.0,42282.0,2256.0,1771.61,10000,block-02-kyber-sme-768.csv
2,kyber_sme,Kyber-768,Encaps,52613.0,49984.0,55437.0,5453.0,2744.92,10000,block-02-kyber-sme-768.csv
2,kyber_sme,Kyber-768,Decaps,54494.0,54304.0,54684.0,380.0,761.27,10000,block-02-kyber-sme-768.csv
2,kyber_sme,Kyber-768,NTT,1180.0,1180.0,1181.0,1.0,40.12,10000,block-02-kyber-sme-768.csv
2,kyber_sme,Kyber-768,INVNTT,1093.0,1093.0,1095.0,2.0,35.91,10000,block-02-kyber-sme-768.csv
2,kyber_sme,Kyber-768,BaseMulAcc,1093.0,1091.0,1093.0,2.0,197.47,10000,block-02-kyber-sme-768.csv
2,kyber_sme,Kyber-768,MatrixVectorMul,7274.0,7253.0,7279.0,26.0,104.14,10000,block-02-kyber-sme-768.csv
2,kyber_sme,Kyber-768,InnerProdEnc,1708.0,1708.0,1710.0,2.0,33.41,10000,block-02-kyber-sme-768.csv
2,kyber_sme,Kyber-768,InnerProdDec,4290.0,4284.0,4295.0,11.0,61.0,10000,block-02-kyber-sme-768.csv
2,kyber_sve,Kyber-1024,KeyGen,61823.0,60132.0,62387.0,2255.0,5351.26,10000,block-02-kyber-sve-1024.csv
2,kyber_sve,Kyber-1024,Encaps,75917.0,69715.0,76481.0,6766.0,7912.04,10000,block-02-kyber-sve-1024.csv
2,kyber_sve,Kyber-1024,Decaps,74230.0,73098.0,74794.0,1696.0,7653.63,10000,block-02-kyber-sve-1024.csv
2,kyber_sve,Kyber-1024,NTT,1065.0,1056.0,1110.0,54.0,169.1,10000,block-02-kyber-sve-1024.csv
2,kyber_sve,Kyber-1024,INVNTT,1116.0,1104.0,1129.0,25.0,170.67,10000,block-02-kyber-sve-1024.csv
2,kyber_sve,Kyber-1024,BaseMulAcc,1433.0,1415.0,1480.0,65.0,169.39,10000,block-02-kyber-sve-1024.csv
2,kyber_sve,Kyber-1024,MatrixVectorMul,10609.0,10335.0,10923.0,588.0,12773.63,10000,block-02-kyber-sve-1024.csv
2,kyber_sve,Kyber-1024,InnerProdEnc,1982.0,1980.0,2018.0,38.0,279.83,10000,block-02-kyber-sve-1024.csv
2,kyber_sve,Kyber-1024,InnerProdDec,4577.0,4483.0,4741.0,258.0,1036.39,10000,block-02-kyber-sve-1024.csv
2,kyber_sve,Kyber-512,KeyGen,27624.0,27434.0,27814.0,380.0,9358.35,10000,block-02-kyber-sve-512.csv
2,kyber_sve,Kyber-512,Encaps,37397.0,37208.0,37771.0,563.0,12083.53,10000,block-02-kyber-sve-512.csv
2,kyber_sve,Kyber-512,Decaps,35891.0,35701.0,36269.0,568.0,13635.7,10000,block-02-kyber-sve-512.csv
2,kyber_sve,Kyber-512,NTT,1061.0,1058.0,1080.0,22.0,275.3,10000,block-02-kyber-sve-512.csv
2,kyber_sve,Kyber-512,INVNTT,1121.0,1119.0,1178.0,59.0,337.88,10000,block-02-kyber-sve-512.csv
2,kyber_sve,Kyber-512,BaseMulAcc,751.0,749.0,757.0,8.0,140.61,10000,block-02-kyber-sve-512.csv
2,kyber_sve,Kyber-512,MatrixVectorMul,4543.0,4470.0,4711.0,241.0,370.55,10000,block-02-kyber-sve-512.csv
2,kyber_sve,Kyber-512,InnerProdEnc,1321.0,1319.0,1373.0,54.0,245.08,10000,block-02-kyber-sve-512.csv
2,kyber_sve,Kyber-512,InnerProdDec,3369.0,3346.0,3577.0,231.0,330.15,10000,block-02-kyber-sve-512.csv
2,kyber_sve,Kyber-768,KeyGen,42471.0,41528.0,43599.0,2071.0,4037.75,10000,block-02-kyber-sve-768.csv
2,kyber_sve,Kyber-768,Encaps,51865.0,48857.0,54305.0,5448.0,7414.48,10000,block-02-kyber-sve-768.csv
2,kyber_sve,Kyber-768,Decaps,54684.0,54494.0,55058.0,564.0,13309.41,10000,block-02-kyber-sve-768.csv
2,kyber_sve,Kyber-768,NTT,1067.0,1059.0,1074.0,15.0,117.17,10000,block-02-kyber-sve-768.csv
2,kyber_sve,Kyber-768,INVNTT,1133.0,1129.0,1151.0,22.0,171.78,10000,block-02-kyber-sve-768.csv
2,kyber_sve,Kyber-768,BaseMulAcc,1093.0,1091.0,1099.0,8.0,107.35,10000,block-02-kyber-sve-768.csv
2,kyber_sve,Kyber-768,MatrixVectorMul,7186.0,6986.0,7345.0,359.0,511.73,10000,block-02-kyber-sve-768.csv
2,kyber_sve,Kyber-768,InnerProdEnc,1657.0,1655.0,1689.0,34.0,153.82,10000,block-02-kyber-sve-768.csv
2,kyber_sve,Kyber-768,InnerProdDec,3801.0,3790.0,3987.0,197.0,270.77,10000,block-02-kyber-sve-768.csv
2,mlkem_neon,ML-KEM-1024,KeyGen,59758.0,54494.0,60321.0,5827.0,4244.07,10000,block-02-mlkem-neon-1024.csv
2,mlkem_neon,ML-KEM-1024,Encaps,64452.0,58256.0,65016.0,6760.0,8685.95,10000,block-02-mlkem-neon-1024.csv
2,mlkem_neon,ML-KEM-1024,Decaps,75168.0,68588.0,76670.0,8082.0,20844.68,10000,block-02-mlkem-neon-1024.csv
2,mlkem_neon,ML-KEM-1024,NTT,223.0,221.0,225.0,4.0,31.48,10000,block-02-mlkem-neon-1024.csv
2,mlkem_neon,ML-KEM-1024,INVNTT,236.0,231.0,259.0,28.0,108.74,10000,block-02-mlkem-neon-1024.csv
2,mlkem_neon,ML-KEM-1024,BaseMulAcc,278.0,253.0,281.0,28.0,52.16,10000,block-02-mlkem-neon-1024.csv
2,mlkem_neon,ML-KEM-1024,MatrixVectorMul,3224.0,3057.0,3235.0,178.0,397.84,10000,block-02-mlkem-neon-1024.csv
2,mlkem_neon,ML-KEM-1024,InnerProdEnc,533.0,531.0,537.0,6.0,78.15,10000,block-02-mlkem-neon-1024.csv
2,mlkem_neon,ML-KEM-1024,InnerProdDec,1512.0,1505.0,1518.0,13.0,126.19,10000,block-02-mlkem-neon-1024.csv
2,mlkem_neon,ML-KEM-512,KeyGen,23488.0,21422.0,23678.0,2256.0,1746.82,10000,block-02-mlkem-neon-512.csv
2,mlkem_neon,ML-KEM-512,Encaps,26870.0,24431.0,27060.0,2629.0,3125.67,10000,block-02-mlkem-neon-512.csv
2,mlkem_neon,ML-KEM-512,Decaps,33072.0,30069.0,33446.0,3377.0,2754.4,10000,block-02-mlkem-neon-512.csv
2,mlkem_neon,ML-KEM-512,NTT,212.0,201.0,223.0,22.0,46.29,10000,block-02-mlkem-neon-512.csv
2,mlkem_neon,ML-KEM-512,INVNTT,257.0,236.0,259.0,23.0,69.11,10000,block-02-mlkem-neon-512.csv
2,mlkem_neon,ML-KEM-512,BaseMulAcc,163.0,163.0,165.0,2.0,23.4,10000,block-02-mlkem-neon-512.csv
2,mlkem_neon,ML-KEM-512,MatrixVectorMul,1369.0,1257.0,1375.0,118.0,297.79,10000,block-02-mlkem-neon-512.csv
2,mlkem_neon,ML-KEM-512,InnerProdEnc,383.0,377.0,420.0,43.0,91.89,10000,block-02-mlkem-neon-512.csv
2,mlkem_neon,ML-KEM-512,InnerProdDec,892.0,808.0,896.0,88.0,112.95,10000,block-02-mlkem-neon-512.csv
2,mlkem_neon,ML-KEM-768,KeyGen,40590.0,40216.0,40964.0,748.0,1760.7,10000,block-02-mlkem-neon-768.csv
2,mlkem_neon,ML-KEM-768,Encaps,43598.0,43409.0,43972.0,563.0,2020.12,10000,block-02-mlkem-neon-768.csv
2,mlkem_neon,ML-KEM-768,Decaps,51865.0,51675.0,52239.0,564.0,2211.01,10000,block-02-mlkem-neon-768.csv
2,mlkem_neon,ML-KEM-768,NTT,223.0,221.0,225.0,4.0,9.11,10000,block-02-mlkem-neon-768.csv
2,mlkem_neon,ML-KEM-768,INVNTT,257.0,236.0,261.0,25.0,55.24,10000,block-02-mlkem-neon-768.csv
2,mlkem_neon,ML-KEM-768,BaseMulAcc,221.0,201.0,223.0,22.0,81.81,10000,block-02-mlkem-neon-768.csv
2,mlkem_neon,ML-KEM-768,MatrixVectorMul,2232.0,2100.0,2238.0,138.0,198.62,10000,block-02-mlkem-neon-768.csv
2,mlkem_neon,ML-KEM-768,InnerProdEnc,477.0,475.0,477.0,2.0,15.22,10000,block-02-mlkem-neon-768.csv
2,mlkem_neon,ML-KEM-768,InnerProdDec,1197.0,1193.0,1200.0,7.0,47.04,10000,block-02-mlkem-neon-768.csv
2,mlkem_ref,ML-KEM-1024,KeyGen,76859.0,72349.0,77419.0,5070.0,5902.34,10000,block-02-mlkem-ref-1024.csv
2,mlkem_ref,ML-KEM-1024,Encaps,84188.0,83625.0,84563.0,938.0,4604.07,10000,block-02-mlkem-ref-1024.csv
2,mlkem_ref,ML-KEM-1024,Decaps,95274.0,94710.0,95837.0,1127.0,5034.31,10000,block-02-mlkem-ref-1024.csv
2,mlkem_ref,ML-KEM-1024,NTT,520.0,518.0,526.0,8.0,46.97,10000,block-02-mlkem-ref-1024.csv
2,mlkem_ref,ML-KEM-1024,INVNTT,886.0,885.0,886.0,1.0,73.24,10000,block-02-mlkem-ref-1024.csv
2,mlkem_ref,ML-KEM-1024,BaseMulAcc,311.0,304.0,311.0,7.0,52.43,10000,block-02-mlkem-ref-1024.csv
2,mlkem_ref,ML-KEM-1024,MatrixVectorMul,7670.0,7533.0,7680.0,147.0,259.26,10000,block-02-mlkem-ref-1024.csv
2,mlkem_ref,ML-KEM-1024,InnerProdEnc,1195.0,1193.0,1197.0,4.0,77.15,10000,block-02-mlkem-ref-1024.csv
2,mlkem_ref,ML-KEM-1024,InnerProdDec,3621.0,3619.0,3624.0,5.0,108.42,10000,block-02-mlkem-ref-1024.csv
2,mlkem_ref,ML-KEM-512,KeyGen,26871.0,26685.0,27434.0,749.0,7115.04,10000,block-02-mlkem-ref-512.csv
2,mlkem_ref,ML-KEM-512,Encaps,31944.0,31570.0,35142.0,3572.0,6044.01,10000,block-02-mlkem-ref-512.csv
2,mlkem_ref,ML-KEM-512,Decaps,37961.0,37771.0,42092.0,4321.0,5597.92,10000,block-02-mlkem-ref-512.csv
2,mlkem_ref,ML-KEM-512,NTT,520.0,518.0,522.0,4.0,55.39,10000,block-02-mlkem-ref-512.csv
2,mlkem_ref,ML-KEM-512,INVNTT,886.0,796.0,886.0,90.0,114.95,10000,block-02-mlkem-ref-512.csv
2,mlkem_ref,ML-KEM-512,BaseMulAcc,189.0,171.0,189.0,18.0,44.0,10000,block-02-mlkem-ref-512.csv
2,mlkem_ref,ML-KEM-512,MatrixVectorMul,3566.0,3429.0,3585.0,156.0,256.41,10000,block-02-mlkem-ref-512.csv
2,mlkem_ref,ML-KEM-512,InnerProdEnc,1076.0,1072.0,1076.0,4.0,57.8,10000,block-02-mlkem-ref-512.csv
2,mlkem_ref,ML-KEM-512,InnerProdDec,2271.0,2057.0,2290.0,233.0,245.33,10000,block-02-mlkem-ref-512.csv
2,mlkem_ref,ML-KEM-768,KeyGen,51491.0,51112.0,51865.0,753.0,2405.13,10000,block-02-mlkem-ref-768.csv
2,mlkem_ref,ML-KEM-768,Encaps,57128.0,56754.0,57318.0,564.0,2404.31,10000,block-02-mlkem-ref-768.csv
2,mlkem_ref,ML-KEM-768,Decaps,65585.0,65206.0,65959.0,753.0,3106.1,10000,block-02-mlkem-ref-768.csv
2,mlkem_ref,ML-KEM-768,NTT,520.0,520.0,524.0,4.0,13.25,10000,block-02-mlkem-ref-768.csv
2,mlkem_ref,ML-KEM-768,INVNTT,896.0,886.0,913.0,27.0,74.88,10000,block-02-mlkem-ref-768.csv
2,mlkem_ref,ML-KEM-768,BaseMulAcc,246.0,246.0,248.0,2.0,14.47,10000,block-02-mlkem-ref-768.csv
2,mlkem_ref,ML-KEM-768,MatrixVectorMul,5552.0,5468.0,5558.0,90.0,155.48,10000,block-02-mlkem-ref-768.csv
2,mlkem_ref,ML-KEM-768,InnerProdEnc,1133.0,1131.0,1133.0,2.0,45.83,10000,block-02-mlkem-ref-768.csv
2,mlkem_ref,ML-KEM-768,InnerProdDec,2940.0,2935.0,2965.0,30.0,121.08,10000,block-02-mlkem-ref-768.csv
2,mlkem_sme,ML-KEM-1024,KeyGen,90763.0,80616.0,91702.0,11086.0,10305.85,10000,block-02-mlkem-sme-1024.csv
2,mlkem_sme,ML-KEM-1024,Encaps,102418.0,101665.0,103166.0,1501.0,16252.79,10000,block-02-mlkem-sme-1024.csv
2,mlkem_sme,ML-KEM-1024,Decaps,121206.0,112750.0,123646.0,10896.0,14875.64,10000,block-02-mlkem-sme-1024.csv
2,mlkem_sme,ML-KEM-1024,NTT,1153.0,1153.0,1155.0,2.0,78.23,10000,block-02-mlkem-sme-1024.csv
2,mlkem_sme,ML-KEM-1024,INVNTT,1073.0,1071.0,1078.0,7.0,104.65,10000,block-02-mlkem-sme-1024.csv
2,mlkem_sme,ML-KEM-1024,BaseMulAcc,1183.0,1181.0,1189.0,8.0,97.78,10000,block-02-mlkem-sme-1024.csv
2,mlkem_sme,ML-KEM-1024,MatrixVectorMul,12036.0,12026.0,12195.0,169.0,277.62,10000,block-02-mlkem-sme-1024.csv
2,mlkem_sme,ML-KEM-1024,InnerProdEnc,1796.0,1794.0,1798.0,4.0,59.48,10000,block-02-mlkem-sme-1024.csv
2,mlkem_sme,ML-KEM-1024,InnerProdDec,5349.0,5325.0,5468.0,143.0,271.29,10000,block-02-mlkem-sme-1024.csv
2,mlkem_sme,ML-KEM-512,KeyGen,36828.0,36459.0,37018.0,559.0,1616.09,10000,block-02-mlkem-sme-512.csv
2,mlkem_sme,ML-KEM-512,Encaps,43409.0,41338.0,43783.0,2445.0,2947.51,10000,block-02-mlkem-sme-512.csv
2,mlkem_sme,ML-KEM-512,Decaps,57502.0,56939.0,57877.0,938.0,2225.78,10000,block-02-mlkem-sme-512.csv
2,mlkem_sme,ML-KEM-512,NTT,1163.0,1159.0,1176.0,17.0,180.1,10000,block-02-mlkem-sme-512.csv
2,mlkem_sme,ML-KEM-512,INVNTT,1067.0,1065.0,1078.0,13.0,143.58,10000,block-02-mlkem-sme-512.csv
2,mlkem_sme,ML-KEM-512,BaseMulAcc,631.0,631.0,635.0,4.0,145.11,10000,block-02-mlkem-sme-512.csv
2,mlkem_sme,ML-KEM-512,MatrixVectorMul,5054.0,5041.0,5182.0,141.0,397.19,10000,block-02-mlkem-sme-512.csv
2,mlkem_sme,ML-KEM-512,InnerProdEnc,1251.0,1249.0,1253.0,4.0,40.48,10000,block-02-mlkem-sme-512.csv
2,mlkem_sme,ML-KEM-512,InnerProdDec,3444.0,3431.0,3450.0,19.0,216.69,10000,block-02-mlkem-sme-512.csv
2,mlkem_sme,ML-KEM-768,KeyGen,60885.0,59758.0,61823.0,2065.0,2431.66,10000,block-02-mlkem-sme-768.csv
2,mlkem_sme,ML-KEM-768,Encaps,69721.0,66144.0,70658.0,4514.0,2540.8,10000,block-02-mlkem-sme-768.csv
2,mlkem_sme,ML-KEM-768,Decaps,83056.0,81933.0,86065.0,4132.0,2299.11,10000,block-02-mlkem-sme-768.csv
2,mlkem_sme,ML-KEM-768,NTT,1185.0,1183.0,1185.0,2.0,67.29,10000,block-02-mlkem-sme-768.csv
2,mlkem_sme,ML-KEM-768,INVNTT,1086.0,1086.0,1088.0,2.0,24.35,10000,block-02-mlkem-sme-768.csv
2,mlkem_sme,ML-KEM-768,BaseMulAcc,911.0,911.0,913.0,2.0,9.34,10000,block-02-mlkem-sme-768.csv
2,mlkem_sme,ML-KEM-768,MatrixVectorMul,8131.0,8110.0,8140.0,30.0,731.63,10000,block-02-mlkem-sme-768.csv
2,mlkem_sme,ML-KEM-768,InnerProdEnc,1525.0,1524.0,1527.0,3.0,16.49,10000,block-02-mlkem-sme-768.csv
2,mlkem_sme,ML-KEM-768,InnerProdDec,4936.0,4930.0,4942.0,12.0,100.69,10000,block-02-mlkem-sme-768.csv
2,mlkem_sve,ML-KEM-1024,KeyGen,91512.0,80990.0,92455.0,11465.0,10762.28,10000,block-02-mlkem-sve-1024.csv
2,mlkem_sve,ML-KEM-1024,Encaps,103545.0,102977.0,104294.0,1317.0,14149.12,10000,block-02-mlkem-sve-1024.csv
2,mlkem_sve,ML-KEM-1024,Decaps,113129.0,111997.0,122523.0,10526.0,15347.08,10000,block-02-mlkem-sve-1024.csv
2,mlkem_sve,ML-KEM-1024,NTT,1042.0,1037.0,1054.0,17.0,111.11,10000,block-02-mlkem-sve-1024.csv
2,mlkem_sve,ML-KEM-1024,INVNTT,1101.0,1084.0,1104.0,20.0,168.44,10000,block-02-mlkem-sve-1024.csv
2,mlkem_sve,ML-KEM-1024,BaseMulAcc,1183.0,1181.0,1189.0,8.0,84.41,10000,block-02-mlkem-sve-1024.csv
2,mlkem_sve,ML-KEM-1024,MatrixVectorMul,11825.0,11618.0,12126.0,508.0,596.17,10000,block-02-mlkem-sve-1024.csv
2,mlkem_sve,ML-KEM-1024,InnerProdEnc,1755.0,1753.0,1834.0,81.0,684.73,10000,block-02-mlkem-sve-1024.csv
2,mlkem_sve,ML-KEM-1024,InnerProdDec,4662.0,4649.0,4870.0,221.0,601.3,10000,block-02-mlkem-sve-1024.csv
2,mlkem_sve,ML-KEM-512,KeyGen,36269.0,35895.0,36643.0,748.0,5414.1,10000,block-02-mlkem-sve-512.csv
2,mlkem_sve,ML-KEM-512,Encaps,44721.0,42845.0,45100.0,2255.0,11427.06,10000,block-02-mlkem-sve-512.csv
2,mlkem_sve,ML-KEM-512,Decaps,56375.0,55811.0,56754.0,943.0,12571.66,10000,block-02-mlkem-sve-512.csv
2,mlkem_sve,ML-KEM-512,NTT,1031.0,1022.0,1050.0,28.0,461.69,10000,block-02-mlkem-sve-512.csv
2,mlkem_sve,ML-KEM-512,INVNTT,1091.0,1084.0,1099.0,15.0,129.22,10000,block-02-mlkem-sve-512.csv
2,mlkem_sve,ML-KEM-512,BaseMulAcc,631.0,631.0,635.0,4.0,66.48,10000,block-02-mlkem-sve-512.csv
2,mlkem_sve,ML-KEM-512,MatrixVectorMul,4485.0,4463.0,4688.0,225.0,309.56,10000,block-02-mlkem-sve-512.csv
2,mlkem_sve,ML-KEM-512,InnerProdEnc,1198.0,1198.0,1206.0,8.0,143.3,10000,block-02-mlkem-sve-512.csv
2,mlkem_sve,ML-KEM-512,InnerProdDec,2803.0,2784.0,2967.0,183.0,821.28,10000,block-02-mlkem-sve-512.csv
2,mlkem_sve,ML-KEM-768,KeyGen,61070.0,59757.0,61638.0,1881.0,6827.69,10000,block-02-mlkem-sve-768.csv
2,mlkem_sve,ML-KEM-768,Encaps,76481.0,69905.0,77045.0,7140.0,9258.29,10000,block-02-mlkem-sve-768.csv
2,mlkem_sve,ML-KEM-768,Decaps,83814.0,82123.0,86064.0,3941.0,8862.05,10000,block-02-mlkem-sve-768.csv
2,mlkem_sve,ML-KEM-768,NTT,1059.0,1046.0,1069.0,23.0,135.1,10000,block-02-mlkem-sve-768.csv
2,mlkem_sve,ML-KEM-768,INVNTT,1121.0,1119.0,1125.0,6.0,132.43,10000,block-02-mlkem-sve-768.csv
2,mlkem_sve,ML-KEM-768,BaseMulAcc,911.0,911.0,915.0,4.0,108.09,10000,block-02-mlkem-sve-768.csv
2,mlkem_sve,ML-KEM-768,MatrixVectorMul,7871.0,7708.0,8072.0,364.0,622.2,10000,block-02-mlkem-sve-768.csv
2,mlkem_sve,ML-KEM-768,InnerProdEnc,1477.0,1475.0,1484.0,9.0,214.38,10000,block-02-mlkem-sve-768.csv
2,mlkem_sve,ML-KEM-768,InnerProdDec,4404.0,4378.0,4635.0,257.0,345.08,10000,block-02-mlkem-sve-768.csv
3,kyber_neon,Kyber-1024,KeyGen,32323.0,31570.0,35142.0,3572.0,2541.51,10000,block-03-kyber-neon-1024.csv
3,kyber_neon,Kyber-1024,Encaps,48109.0,43598.0,48483.0,4885.0,4191.97,10000,block-03-kyber-neon-1024.csv
3,kyber_neon,Kyber-1024,Decaps,43029.0,38899.0,43219.0,4320.0,3258.69,10000,block-03-kyber-neon-1024.csv
3,kyber_neon,Kyber-1024,NTT,287.0,285.0,287.0,2.0,28.94,10000,block-03-kyber-neon-1024.csv
3,kyber_neon,Kyber-1024,INVNTT,285.0,283.0,287.0,4.0,15.89,10000,block-03-kyber-neon-1024.csv
3,kyber_neon,Kyber-1024,BaseMulAcc,505.0,503.0,507.0,4.0,27.51,10000,block-03-kyber-neon-1024.csv
3,kyber_neon,Kyber-1024,MatrixVectorMul,3709.0,3615.0,3717.0,102.0,165.08,10000,block-03-kyber-neon-1024.csv
3,kyber_neon,Kyber-1024,InnerProdEnc,725.0,723.0,727.0,4.0,49.04,10000,block-03-kyber-neon-1024.csv
3,kyber_neon,Kyber-1024,InnerProdDec,1890.0,1886.0,1894.0,8.0,108.09,10000,block-03-kyber-neon-1024.csv
3,kyber_neon,Kyber-512,KeyGen,14093.0,13719.0,15222.0,1503.0,961.18,10000,block-03-kyber-neon-512.csv
3,kyber_neon,Kyber-512,Encaps,23114.0,21048.0,23303.0,2255.0,1529.59,10000,block-03-kyber-neon-512.csv
3,kyber_neon,Kyber-512,Decaps,19731.0,18040.0,19920.0,1880.0,1261.21,10000,block-03-kyber-neon-512.csv
3,kyber_neon,Kyber-512,NTT,287.0,285.0,287.0,2.0,13.67,10000,block-03-kyber-neon-512.csv
3,kyber_neon,Kyber-512,INVNTT,285.0,261.0,285.0,24.0,40.25,10000,block-03-kyber-neon-512.csv
3,kyber_neon,Kyber-512,BaseMulAcc,276.0,274.0,276.0,2.0,32.45,10000,block-03-kyber-neon-512.csv
3,kyber_neon,Kyber-512,MatrixVectorMul,1570.0,1520.0,1572.0,52.0,91.74,10000,block-03-kyber-neon-512.csv
3,kyber_neon,Kyber-512,InnerProdEnc,513.0,511.0,513.0,2.0,20.34,10000,block-03-kyber-neon-512.csv
3,kyber_neon,Kyber-512,InnerProdDec,1071.0,1069.0,1072.0,3.0,62.12,10000,block-03-kyber-neon-512.csv
3,kyber_neon,Kyber-768,KeyGen,24430.0,24056.0,24616.0,560.0,1142.54,10000,block-03-kyber-neon-768.csv
3,kyber_neon,Kyber-768,Encaps,34763.0,34204.0,35142.0,938.0,3943.28,10000,block-03-kyber-neon-768.csv
3,kyber_neon,Kyber-768,Decaps,30442.0,27624.0,30632.0,3008.0,14692.06,10000,block-03-kyber-neon-768.csv
3,kyber_neon,Kyber-768,NTT,285.0,255.0,285.0,30.0,48.68,10000,block-03-kyber-neon-768.csv
3,kyber_neon,Kyber-768,INVNTT,283.0,255.0,285.0,30.0,58.81,10000,block-03-kyber-neon-768.csv
3,kyber_neon,Kyber-768,BaseMulAcc,388.0,349.0,390.0,41.0,66.51,10000,block-03-kyber-neon-768.csv
3,kyber_neon,Kyber-768,MatrixVectorMul,2566.0,2563.0,2570.0,7.0,91.97,10000,block-03-kyber-neon-768.csv
3,kyber_neon,Kyber-768,InnerProdEnc,616.0,616.0,618.0,2.0,30.78,10000,block-03-kyber-neon-768.csv
3,kyber_neon,Kyber-768,InnerProdDec,1469.0,1467.0,1471.0,4.0,45.66,10000,block-03-kyber-neon-768.csv
3,kyber_ref,Kyber-1024,KeyGen,156912.0,147518.0,158224.0,10706.0,15262.22,10000,block-03-kyber-ref-1024.csv
3,kyber_ref,Kyber-1024,Encaps,173445.0,172507.0,174009.0,1502.0,82757.49,10000,block-03-kyber-ref-1024.csv
3,kyber_ref,Kyber-1024,Decaps,196564.0,192992.0,197123.0,4131.0,13590.2,10000,block-03-kyber-ref-1024.csv
3,kyber_ref,Kyber-1024,NTT,3600.0,3489.0,3611.0,122.0,321.64,10000,block-03-kyber-ref-1024.csv
3,kyber_ref,Kyber-1024,INVNTT,5718.0,5554.0,5770.0,216.0,451.88,10000,block-03-kyber-ref-1024.csv
3,kyber_ref,Kyber-1024,BaseMulAcc,9221.0,9127.0,9245.0,118.0,443.42,10000,block-03-kyber-ref-1024.csv
3,kyber_ref,Kyber-1024,MatrixVectorMul,78130.0,77681.0,78564.0,883.0,1441.79,10000,block-03-kyber-ref-1024.csv
3,kyber_ref,Kyber-1024,InnerProdEnc,15125.0,14933.0,15335.0,402.0,405.0,10000,block-03-kyber-ref-1024.csv
3,kyber_ref,Kyber-1024,InnerProdDec,29140.0,28989.0,29286.0,297.0,566.4,10000,block-03-kyber-ref-1024.csv
3,kyber_ref,Kyber-512,KeyGen,57503.0,53177.0,58067.0,4890.0,4629.64,10000,block-03-kyber-ref-512.csv
3,kyber_ref,Kyber-512,Encaps,74036.0,68024.0,76107.0,8083.0,19599.51,10000,block-03-kyber-ref-512.csv
3,kyber_ref,Kyber-512,Decaps,90010.0,80995.0,90200.0,9205.0,6911.81,10000,block-03-kyber-ref-512.csv
3,kyber_ref,Kyber-512,NTT,3598.0,3536.0,3606.0,70.0,133.6,10000,block-03-kyber-ref-512.csv
3,kyber_ref,Kyber-512,INVNTT,5648.0,5629.0,5656.0,27.0,159.38,10000,block-03-kyber-ref-512.csv
3,kyber_ref,Kyber-512,BaseMulAcc,5105.0,4985.0,5111.0,126.0,186.52,10000,block-03-kyber-ref-512.csv
3,kyber_ref,Kyber-512,MatrixVectorMul,30139.0,29929.0,30297.0,368.0,768.75,10000,block-03-kyber-ref-512.csv
3,kyber_ref,Kyber-512,InnerProdEnc,10728.0,10487.0,10748.0,261.0,911.4,10000,block-03-kyber-ref-512.csv
3,kyber_ref,Kyber-512,InnerProdDec,17775.0,17664.0,17912.0,248.0,360.58,10000,block-03-kyber-ref-512.csv
3,kyber_ref,Kyber-768,KeyGen,99784.0,98471.0,100537.0,2066.0,4973.26,10000,block-03-kyber-ref-768.csv
3,kyber_ref,Kyber-768,Encaps,117449.0,117070.0,117824.0,754.0,5572.44,10000,block-03-kyber-ref-768.csv
3,kyber_ref,Kyber-768,Decaps,136238.0,135864.0,136612.0,748.0,6173.45,10000,block-03-kyber-ref-768.csv
3,kyber_ref,Kyber-768,NTT,3634.0,3544.0,3639.0,95.0,134.05,10000,block-03-kyber-ref-768.csv
3,kyber_ref,Kyber-768,INVNTT,5645.0,5641.0,5652.0,11.0,148.98,10000,block-03-kyber-ref-768.csv
3,kyber_ref,Kyber-768,BaseMulAcc,6958.0,6956.0,6966.0,10.0,179.06,10000,block-03-kyber-ref-768.csv
3,kyber_ref,Kyber-768,MatrixVectorMul,51006.0,50791.0,51278.0,487.0,839.88,10000,block-03-kyber-ref-768.csv
3,kyber_ref,Kyber-768,InnerProdEnc,12956.0,12761.0,13110.0,349.0,346.32,10000,block-03-kyber-ref-768.csv
3,kyber_ref,Kyber-768,InnerProdDec,23329.0,23220.0,23478.0,258.0,585.58,10000,block-03-kyber-ref-768.csv
3,kyber_sme,Kyber-1024,KeyGen,62202.0,60506.0,64083.0,3577.0,2502.0,10000,block-03-kyber-sme-1024.csv
3,kyber_sme,Kyber-1024,Encaps,74599.0,69152.0,75543.0,6391.0,3818.79,10000,block-03-kyber-sme-1024.csv
3,kyber_sme,Kyber-1024,Decaps,76480.0,74415.0,76859.0,2444.0,2020.87,10000,block-03-kyber-sme-1024.csv
3,kyber_sme,Kyber-1024,NTT,1183.0,1181.0,1185.0,4.0,54.77,10000,block-03-kyber-sme-1024.csv
3,kyber_sme,Kyber-1024,INVNTT,1104.0,1103.0,1104.0,1.0,87.17,10000,block-03-kyber-sme-1024.csv
3,kyber_sme,Kyber-1024,BaseMulAcc,1409.0,1407.0,1411.0,4.0,38.03,10000,block-03-kyber-sme-1024.csv
3,kyber_sme,Kyber-1024,MatrixVectorMul,10730.0,10703.0,10906.0,203.0,192.65,10000,block-03-kyber-sme-1024.csv
3,kyber_sme,Kyber-1024,InnerProdEnc,2031.0,2031.0,2033.0,2.0,767.84,10000,block-03-kyber-sme-1024.csv
3,kyber_sme,Kyber-1024,InnerProdDec,5120.0,5117.0,5214.0,97.0,119.55,10000,block-03-kyber-sme-1024.csv
3,kyber_sme,Kyber-512,KeyGen,28751.0,28562.0,28941.0,379.0,1235.72,10000,block-03-kyber-sme-512.csv
3,kyber_sme,Kyber-512,Encaps,37582.0,37393.0,37772.0,379.0,1149.12,10000,block-03-kyber-sme-512.csv
3,kyber_sme,Kyber-512,Decaps,37960.0,37771.0,38146.0,375.0,1236.36,10000,block-03-kyber-sme-512.csv
3,kyber_sme,Kyber-512,NTT,1191.0,1191.0,1193.0,2.0,63.46,10000,block-03-kyber-sme-512.csv
3,kyber_sme,Kyber-512,INVNTT,1095.0,1095.0,1095.0,0.0,43.92,10000,block-03-kyber-sme-512.csv
3,kyber_sme,Kyber-512,BaseMulAcc,747.0,746.0,747.0,1.0,13.06,10000,block-03-kyber-sme-512.csv
3,kyber_sme,Kyber-512,MatrixVectorMul,4709.0,4694.0,4731.0,37.0,107.38,10000,block-03-kyber-sme-512.csv
3,kyber_sme,Kyber-512,InnerProdEnc,1375.0,1375.0,1377.0,2.0,39.07,10000,block-03-kyber-sme-512.csv
3,kyber_sme,Kyber-512,InnerProdDec,3668.0,3658.0,3677.0,19.0,98.52,10000,block-03-kyber-sme-512.csv
3,kyber_sme,Kyber-768,KeyGen,41717.0,40026.0,42281.0,2255.0,1798.71,10000,block-03-kyber-sme-768.csv
3,kyber_sme,Kyber-768,Encaps,52808.0,50173.0,55811.0,5638.0,3514.35,10000,block-03-kyber-sme-768.csv
3,kyber_sme,Kyber-768,Decaps,54494.0,54305.0,54684.0,379.0,1597.29,10000,block-03-kyber-sme-768.csv
3,kyber_sme,Kyber-768,NTT,1185.0,1183.0,1187.0,4.0,40.63,10000,block-03-kyber-sme-768.csv
3,kyber_sme,Kyber-768,INVNTT,1093.0,1093.0,1095.0,2.0,63.98,10000,block-03-kyber-sme-768.csv
3,kyber_sme,Kyber-768,BaseMulAcc,1093.0,1091.0,1093.0,2.0,26.21,10000,block-03-kyber-sme-768.csv
3,kyber_sme,Kyber-768,MatrixVectorMul,7274.0,7255.0,7278.0,23.0,88.44,10000,block-03-kyber-sme-768.csv
3,kyber_sme,Kyber-768,InnerProdEnc,1708.0,1708.0,1710.0,2.0,31.46,10000,block-03-kyber-sme-768.csv
3,kyber_sme,Kyber-768,InnerProdDec,4291.0,4282.0,4297.0,15.0,68.43,10000,block-03-kyber-sme-768.csv
3,kyber_sve,Kyber-1024,KeyGen,61638.0,59947.0,62202.0,2255.0,12103.19,10000,block-03-kyber-sve-1024.csv
3,kyber_sve,Kyber-1024,Encaps,75917.0,69716.0,76486.0,6770.0,211943.91,10000,block-03-kyber-sve-1024.csv
3,kyber_sve,Kyber-1024,Decaps,74230.0,73098.0,74790.0,1692.0,12231.46,10000,block-03-kyber-sve-1024.csv
3,kyber_sve,Kyber-1024,NTT,1063.0,1059.0,1069.0,10.0,223.41,10000,block-03-kyber-sve-1024.csv
3,kyber_sve,Kyber-1024,INVNTT,1118.0,1106.0,1125.0,19.0,189.07,10000,block-03-kyber-sve-1024.csv
3,kyber_sve,Kyber-1024,BaseMulAcc,1415.0,1413.0,1437.0,24.0,329.44,10000,block-03-kyber-sve-1024.csv
3,kyber_sve,Kyber-1024,MatrixVectorMul,10474.0,10301.0,10737.0,436.0,760.65,10000,block-03-kyber-sve-1024.csv
3,kyber_sve,Kyber-1024,InnerProdEnc,1982.0,1980.0,2018.0,38.0,213.61,10000,block-03-kyber-sve-1024.csv
3,kyber_sve,Kyber-1024,InnerProdDec,4491.0,4478.0,4681.0,203.0,422.55,10000,block-03-kyber-sve-1024.csv
3,kyber_sve,Kyber-512,KeyGen,27624.0,27439.0,27814.0,375.0,4467.62,10000,block-03-kyber-sve-512.csv
3,kyber_sve,Kyber-512,Encaps,37397.0,37208.0,37771.0,563.0,10200.74,10000,block-03-kyber-sve-512.csv
3,kyber_sve,Kyber-512,Decaps,35891.0,35705.0,36080.0,375.0,6005.75,10000,block-03-kyber-sve-512.csv
3,kyber_sve,Kyber-512,NTT,1057.0,1052.0,1061.0,9.0,140.76,10000,block-03-kyber-sve-512.csv
3,kyber_sve,Kyber-512,INVNTT,1121.0,1119.0,1125.0,6.0,260.98,10000,block-03-kyber-sve-512.csv
3,kyber_sve,Kyber-512,BaseMulAcc,747.0,746.0,749.0,3.0,70.54,10000,block-03-kyber-sve-512.csv
3,kyber_sve,Kyber-512,MatrixVectorMul,4479.0,4468.0,4656.0,188.0,386.44,10000,block-03-kyber-sve-512.csv
3,kyber_sve,Kyber-512,InnerProdEnc,1317.0,1315.0,1319.0,4.0,146.55,10000,block-03-kyber-sve-512.csv
3,kyber_sve,Kyber-512,InnerProdDec,3350.0,3337.0,3532.0,195.0,682.45,10000,block-03-kyber-sve-512.csv
3,kyber_sve,Kyber-768,KeyGen,42470.0,40964.0,43035.0,2071.0,3458.64,10000,block-03-kyber-sve-768.csv
3,kyber_sve,Kyber-768,Encaps,52050.0,48857.0,54305.0,5448.0,6636.06,10000,block-03-kyber-sve-768.csv
3,kyber_sve,Kyber-768,Decaps,54684.0,54494.0,55058.0,564.0,8514.28,10000,block-03-kyber-sve-768.csv
3,kyber_sve,Kyber-768,NTT,1059.0,1054.0,1073.0,19.0,155.26,10000,block-03-kyber-sve-768.csv
3,kyber_sve,Kyber-768,INVNTT,1133.0,1131.0,1134.0,3.0,131.09,10000,block-03-kyber-sve-768.csv
3,kyber_sve,Kyber-768,BaseMulAcc,1093.0,1093.0,1097.0,4.0,169.12,10000,block-03-kyber-sve-768.csv
3,kyber_sve,Kyber-768,MatrixVectorMul,6988.0,6981.0,7221.0,240.0,479.54,10000,block-03-kyber-sve-768.csv
3,kyber_sve,Kyber-768,InnerProdEnc,1657.0,1657.0,1670.0,13.0,759.44,10000,block-03-kyber-sve-768.csv
3,kyber_sve,Kyber-768,InnerProdDec,3805.0,3795.0,3959.0,164.0,397.75,10000,block-03-kyber-sve-768.csv
3,mlkem_neon,ML-KEM-1024,KeyGen,59947.0,59568.0,60322.0,754.0,3607.15,10000,block-03-mlkem-neon-1024.csv
3,mlkem_neon,ML-KEM-1024,Encaps,64831.0,64452.0,65205.0,753.0,8328.6,10000,block-03-mlkem-neon-1024.csv
3,mlkem_neon,ML-KEM-1024,Decaps,76107.0,69156.0,76859.0,7703.0,10026.93,10000,block-03-mlkem-neon-1024.csv
3,mlkem_neon,ML-KEM-1024,NTT,221.0,204.0,225.0,21.0,47.11,10000,block-03-mlkem-neon-1024.csv
3,mlkem_neon,ML-KEM-1024,INVNTT,257.0,257.0,259.0,2.0,54.55,10000,block-03-mlkem-neon-1024.csv
3,mlkem_neon,ML-KEM-1024,BaseMulAcc,281.0,278.0,283.0,5.0,47.35,10000,block-03-mlkem-neon-1024.csv
3,mlkem_neon,ML-KEM-1024,MatrixVectorMul,3230.0,3187.0,3269.0,82.0,215.15,10000,block-03-mlkem-neon-1024.csv
3,mlkem_neon,ML-KEM-1024,InnerProdEnc,535.0,524.0,537.0,13.0,61.3,10000,block-03-mlkem-neon-1024.csv
3,mlkem_neon,ML-KEM-1024,InnerProdDec,1514.0,1478.0,1527.0,49.0,229.2,10000,block-03-mlkem-neon-1024.csv
3,mlkem_neon,ML-KEM-512,KeyGen,23493.0,23303.0,23678.0,375.0,1477.68,10000,block-03-mlkem-neon-512.csv
3,mlkem_neon,ML-KEM-512,Encaps,26871.0,24431.0,27060.0,2629.0,2267.16,10000,block-03-mlkem-neon-512.csv
3,mlkem_neon,ML-KEM-512,Decaps,33261.0,32887.0,33450.0,563.0,2098.73,10000,block-03-mlkem-neon-512.csv
3,mlkem_neon,ML-KEM-512,NTT,223.0,221.0,225.0,4.0,12.05,10000,block-03-mlkem-neon-512.csv
3,mlkem_neon,ML-KEM-512,INVNTT,257.0,257.0,259.0,2.0,28.99,10000,block-03-mlkem-neon-512.csv
3,mlkem_neon,ML-KEM-512,BaseMulAcc,163.0,163.0,165.0,2.0,11.44,10000,block-03-mlkem-neon-512.csv
3,mlkem_neon,ML-KEM-512,MatrixVectorMul,1369.0,1366.0,1373.0,7.0,67.5,10000,block-03-mlkem-neon-512.csv
3,mlkem_neon,ML-KEM-512,InnerProdEnc,420.0,419.0,420.0,1.0,20.01,10000,block-03-mlkem-neon-512.csv
3,mlkem_neon,ML-KEM-512,InnerProdDec,892.0,888.0,894.0,6.0,41.21,10000,block-03-mlkem-neon-512.csv
3,mlkem_neon,ML-KEM-768,KeyGen,40590.0,40400.0,40964.0,564.0,1505.13,10000,block-03-mlkem-neon-768.csv
3,mlkem_neon,ML-KEM-768,Encaps,43598.0,43224.0,43972.0,748.0,2560.38,10000,block-03-mlkem-neon-768.csv
3,mlkem_neon,ML-KEM-768,Decaps,52054.0,51865.0,52428.0,563.0,2590.3,10000,block-03-mlkem-neon-768.csv
3,mlkem_neon,ML-KEM-768,NTT,223.0,221.0,225.0,4.0,18.19,10000,block-03-mlkem-neon-768.csv
3,mlkem_neon,ML-KEM-768,INVNTT,257.0,257.0,259.0,2.0,22.7,10000,block-03-mlkem-neon-768.csv
3,mlkem_neon,ML-KEM-768,BaseMulAcc,219.0,219.0,221.0,2.0,19.43,10000,block-03-mlkem-neon-768.csv
3,mlkem_neon,ML-KEM-768,MatrixVectorMul,2236.0,2230.0,2239.0,9.0,188.52,10000,block-03-mlkem-neon-768.csv
3,mlkem_neon,ML-KEM-768,InnerProdEnc,477.0,475.0,477.0,2.0,18.01,10000,block-03-mlkem-neon-768.csv
3,mlkem_neon,ML-KEM-768,InnerProdDec,1206.0,1196.0,1213.0,17.0,112.3,10000,block-03-mlkem-neon-768.csv
3,mlkem_ref,ML-KEM-1024,KeyGen,76481.0,75921.0,76860.0,939.0,3462.17,10000,block-03-mlkem-ref-1024.csv
3,mlkem_ref,ML-KEM-1024,Encaps,83999.0,83245.0,84377.0,1132.0,6578.25,10000,block-03-mlkem-ref-1024.csv
3,mlkem_ref,ML-KEM-1024,Decaps,94710.0,94336.0,95089.0,753.0,3606.95,10000,block-03-mlkem-ref-1024.csv
3,mlkem_ref,ML-KEM-1024,NTT,520.0,520.0,522.0,2.0,30.06,10000,block-03-mlkem-ref-1024.csv
3,mlkem_ref,ML-KEM-1024,INVNTT,886.0,885.0,886.0,1.0,50.67,10000,block-03-mlkem-ref-1024.csv
3,mlkem_ref,ML-KEM-1024,BaseMulAcc,311.0,310.0,311.0,1.0,14.35,10000,block-03-mlkem-ref-1024.csv
3,mlkem_ref,ML-KEM-1024,MatrixVectorMul,7670.0,7541.0,7676.0,135.0,191.71,10000,block-03-mlkem-ref-1024.csv
3,mlkem_ref,ML-KEM-1024,InnerProdEnc,1195.0,1193.0,1197.0,4.0,54.5,10000,block-03-mlkem-ref-1024.csv
3,mlkem_ref,ML-KEM-1024,InnerProdDec,3621.0,3619.0,3623.0,4.0,106.03,10000,block-03-mlkem-ref-1024.csv
3,mlkem_ref,ML-KEM-512,KeyGen,29690.0,29500.0,29879.0,379.0,1253.56,10000,block-03-mlkem-ref-512.csv
3,mlkem_ref,ML-KEM-512,Encaps,35142.0,34952.0,35516.0,564.0,2328.56,10000,block-03-mlkem-ref-512.csv
3,mlkem_ref,ML-KEM-512,Decaps,41907.0,41532.0,42281.0,749.0,5561.52,10000,block-03-mlkem-ref-512.csv
3,mlkem_ref,ML-KEM-512,NTT,520.0,518.0,522.0,4.0,19.75,10000,block-03-mlkem-ref-512.csv
3,mlkem_ref,ML-KEM-512,INVNTT,886.0,885.0,886.0,1.0,46.07,10000,block-03-mlkem-ref-512.csv
3,mlkem_ref,ML-KEM-512,BaseMulAcc,189.0,189.0,189.0,0.0,13.85,10000,block-03-mlkem-ref-512.csv
3,mlkem_ref,ML-KEM-512,MatrixVectorMul,3568.0,3564.0,3585.0,21.0,128.35,10000,block-03-mlkem-ref-512.csv
3,mlkem_ref,ML-KEM-512,InnerProdEnc,1076.0,1074.0,1076.0,2.0,58.48,10000,block-03-mlkem-ref-512.csv
3,mlkem_ref,ML-KEM-512,InnerProdDec,2273.0,2271.0,2275.0,4.0,95.81,10000,block-03-mlkem-ref-512.csv
3,mlkem_ref,ML-KEM-768,KeyGen,52803.0,52613.0,53182.0,569.0,11203.13,10000,block-03-mlkem-ref-768.csv
3,mlkem_ref,ML-KEM-768,Encaps,58067.0,57692.0,58630.0,938.0,18463.96,10000,block-03-mlkem-ref-768.csv
3,mlkem_ref,ML-KEM-768,Decaps,65584.0,59568.0,66333.0,6765.0,8707.48,10000,block-03-mlkem-ref-768.csv
3,mlkem_ref,ML-KEM-768,NTT,520.0,518.0,524.0,6.0,33.37,10000,block-03-mlkem-ref-768.csv
3,mlkem_ref,ML-KEM-768,INVNTT,898.0,896.0,911.0,15.0,165.86,10000,block-03-mlkem-ref-768.csv
3,mlkem_ref,ML-KEM-768,BaseMulAcc,249.0,249.0,253.0,4.0,23.99,10000,block-03-mlkem-ref-768.csv
3,mlkem_ref,ML-KEM-768,MatrixVectorMul,5554.0,5549.0,5609.0,60.0,312.73,10000,block-03-mlkem-ref-768.csv
3,mlkem_ref,ML-KEM-768,InnerProdEnc,1133.0,1131.0,1133.0,2.0,37.19,10000,block-03-mlkem-ref-768.csv
3,mlkem_ref,ML-KEM-768,InnerProdDec,2939.0,2937.0,2963.0,26.0,59.58,10000,block-03-mlkem-ref-768.csv
3,mlkem_sme,ML-KEM-1024,KeyGen,90389.0,80238.0,91143.0,10905.0,5761.61,10000,block-03-mlkem-sme-1024.csv
3,mlkem_sme,ML-KEM-1024,Encaps,102413.0,101850.0,102976.0,1126.0,6460.57,10000,block-03-mlkem-sme-1024.csv
3,mlkem_sme,ML-KEM-1024,Decaps,112940.0,112375.0,122523.0,10148.0,6714.88,10000,block-03-mlkem-sme-1024.csv
3,mlkem_sme,ML-KEM-1024,NTT,1153.0,1153.0,1155.0,2.0,42.24,10000,block-03-mlkem-sme-1024.csv
3,mlkem_sme,ML-KEM-1024,INVNTT,1071.0,1069.0,1071.0,2.0,43.5,10000,block-03-mlkem-sme-1024.csv
3,mlkem_sme,ML-KEM-1024,BaseMulAcc,1181.0,1180.0,1183.0,3.0,52.92,10000,block-03-mlkem-sme-1024.csv
3,mlkem_sme,ML-KEM-1024,MatrixVectorMul,12028.0,12021.0,12186.0,165.0,161.62,10000,block-03-mlkem-sme-1024.csv
3,mlkem_sme,ML-KEM-1024,InnerProdEnc,1794.0,1792.0,1796.0,4.0,47.91,10000,block-03-mlkem-sme-1024.csv
3,mlkem_sme,ML-KEM-1024,InnerProdDec,5351.0,5318.0,5436.0,118.0,112.43,10000,block-03-mlkem-sme-1024.csv
3,mlkem_sme,ML-KEM-512,KeyGen,36828.0,36459.0,37018.0,559.0,785.37,10000,block-03-mlkem-sme-512.csv
3,mlkem_sme,ML-KEM-512,Encaps,43409.0,41338.0,43787.0,2449.0,1782.56,10000,block-03-mlkem-sme-512.csv
3,mlkem_sme,ML-KEM-512,Decaps,57502.0,56939.0,57876.0,937.0,1515.81,10000,block-03-mlkem-sme-512.csv
3,mlkem_sme,ML-KEM-512,NTT,1155.0,1153.0,1155.0,2.0,55.81,10000,block-03-mlkem-sme-512.csv
3,mlkem_sme,ML-KEM-512,INVNTT,1065.0,1063.0,1065.0,2.0,43.98,10000,block-03-mlkem-sme-512.csv
3,mlkem_sme,ML-KEM-512,BaseMulAcc,631.0,629.0,631.0,2.0,12.02,10000,block-03-mlkem-sme-512.csv
3,mlkem_sme,ML-KEM-512,MatrixVectorMul,5051.0,5038.0,5060.0,22.0,112.11,10000,block-03-mlkem-sme-512.csv
3,mlkem_sme,ML-KEM-512,InnerProdEnc,1251.0,1249.0,1253.0,4.0,41.81,10000,block-03-mlkem-sme-512.csv
3,mlkem_sme,ML-KEM-512,InnerProdDec,3442.0,3433.0,3448.0,15.0,166.35,10000,block-03-mlkem-sme-512.csv
3,mlkem_sme,ML-KEM-768,KeyGen,61075.0,59757.0,61823.0,2066.0,4145.82,10000,block-03-mlkem-sme-768.csv
3,mlkem_sme,ML-KEM-768,Encaps,70095.0,65959.0,70843.0,4884.0,14935.49,10000,block-03-mlkem-sme-768.csv
3,mlkem_sme,ML-KEM-768,Decaps,83435.0,82123.0,86254.0,4131.0,9527.42,10000,block-03-mlkem-sme-768.csv
3,mlkem_sme,ML-KEM-768,NTT,1185.0,1183.0,1185.0,2.0,43.68,10000,block-03-mlkem-sme-768.csv
3,mlkem_sme,ML-KEM-768,INVNTT,1091.0,1089.0,1091.0,2.0,46.95,10000,block-03-mlkem-sme-768.csv
3,mlkem_sme,ML-KEM-768,BaseMulAcc,911.0,911.0,913.0,2.0,29.57,10000,block-03-mlkem-sme-768.csv
3,mlkem_sme,ML-KEM-768,MatrixVectorMul,8133.0,8114.0,8140.0,26.0,289.39,10000,block-03-mlkem-sme-768.csv
3,mlkem_sme,ML-KEM-768,InnerProdEnc,1525.0,1524.0,1527.0,3.0,34.55,10000,block-03-mlkem-sme-768.csv
3,mlkem_sme,ML-KEM-768,InnerProdDec,4923.0,4906.0,4938.0,32.0,77.61,10000,block-03-mlkem-sme-768.csv
3,mlkem_sve,ML-KEM-1024,KeyGen,91328.0,80806.0,92270.0,11464.0,11477.92,10000,block-03-mlkem-sve-1024.csv
3,mlkem_sve,ML-KEM-1024,Encaps,103540.0,102977.0,104104.0,1127.0,12429.09,10000,block-03-mlkem-sve-1024.csv
3,mlkem_sve,ML-KEM-1024,Decaps,112561.0,111812.0,122149.0,10337.0,10438.25,10000,block-03-mlkem-sve-1024.csv
3,mlkem_sve,ML-KEM-1024,NTT,1048.0,1041.0,1056.0,15.0,140.69,10000,block-03-mlkem-sve-1024.csv
3,mlkem_sve,ML-KEM-1024,INVNTT,1099.0,1080.0,1106.0,26.0,137.32,10000,block-03-mlkem-sve-1024.csv
3,mlkem_sve,ML-KEM-1024,BaseMulAcc,1183.0,1181.0,1187.0,6.0,139.27,10000,block-03-mlkem-sve-1024.csv
3,mlkem_sve,ML-KEM-1024,MatrixVectorMul,11821.0,11622.0,12139.0,517.0,563.13,10000,block-03-mlkem-sve-1024.csv
3,mlkem_sve,ML-KEM-1024,InnerProdEnc,1753.0,1753.0,1757.0,4.0,137.53,10000,block-03-mlkem-sve-1024.csv
3,mlkem_sve,ML-KEM-1024,InnerProdDec,4656.0,4641.0,4827.0,186.0,328.31,10000,block-03-mlkem-sve-1024.csv
3,mlkem_sve,ML-KEM-512,KeyGen,36080.0,35890.0,36455.0,565.0,8335.72,10000,block-03-mlkem-sve-512.csv
3,mlkem_sve,ML-KEM-512,Encaps,44536.0,42092.0,44915.0,2823.0,8048.89,10000,block-03-mlkem-sve-512.csv
3,mlkem_sve,ML-KEM-512,Decaps,56375.0,56001.0,56754.0,753.0,8425.71,10000,block-03-mlkem-sve-512.csv
3,mlkem_sve,ML-KEM-512,NTT,1022.0,1016.0,1033.0,17.0,131.36,10000,block-03-mlkem-sve-512.csv
3,mlkem_sve,ML-KEM-512,INVNTT,1089.0,1086.0,1093.0,7.0,149.28,10000,block-03-mlkem-sve-512.csv
3,mlkem_sve,ML-KEM-512,BaseMulAcc,631.0,629.0,637.0,8.0,206.96,10000,block-03-mlkem-sve-512.csv
3,mlkem_sve,ML-KEM-512,MatrixVectorMul,4489.0,4472.0,4682.0,210.0,571.06,10000,block-03-mlkem-sve-512.csv
3,mlkem_sve,ML-KEM-512,InnerProdEnc,1195.0,1195.0,1200.0,5.0,115.77,10000,block-03-mlkem-sve-512.csv
3,mlkem_sve,ML-KEM-512,InnerProdDec,2801.0,2784.0,2923.0,139.0,312.45,10000,block-03-mlkem-sve-512.csv
3,mlkem_sve,ML-KEM-768,KeyGen,61074.0,59757.0,61638.0,1881.0,16038.67,10000,block-03-mlkem-sve-768.csv
3,mlkem_sve,ML-KEM-768,Encaps,76480.0,69905.0,77044.0,7139.0,7817.25,10000,block-03-mlkem-sve-768.csv
3,mlkem_sve,ML-KEM-768,Decaps,82872.0,81928.0,85875.0,3947.0,11145.26,10000,block-03-mlkem-sve-768.csv
3,mlkem_sve,ML-KEM-768,NTT,1057.0,1046.0,1067.0,21.0,122.41,10000,block-03-mlkem-sve-768.csv
3,mlkem_sve,ML-KEM-768,INVNTT,1121.0,1118.0,1138.0,20.0,230.68,10000,block-03-mlkem-sve-768.csv
3,mlkem_sve,ML-KEM-768,BaseMulAcc,911.0,911.0,917.0,6.0,167.52,10000,block-03-mlkem-sve-768.csv
3,mlkem_sve,ML-KEM-768,MatrixVectorMul,7793.0,7704.0,7971.0,267.0,597.84,10000,block-03-mlkem-sve-768.csv
3,mlkem_sve,ML-KEM-768,InnerProdEnc,1477.0,1475.0,1486.0,11.0,130.42,10000,block-03-mlkem-sve-768.csv
3,mlkem_sve,ML-KEM-768,InnerProdDec,4395.0,4370.0,4588.0,218.0,446.77,10000,block-03-mlkem-sve-768.csv
4,kyber_neon,Kyber-1024,KeyGen,34953.0,31944.0,35327.0,3383.0,3098.15,10000,block-04-kyber-neon-1024.csv
4,kyber_neon,Kyber-1024,Encaps,48103.0,43409.0,48482.0,5073.0,7719.01,10000,block-04-kyber-neon-1024.csv
4,kyber_neon,Kyber-1024,Decaps,42845.0,38899.0,43219.0,4320.0,3899.27,10000,block-04-kyber-neon-1024.csv
4,kyber_neon,Kyber-1024,NTT,287.0,285.0,287.0,2.0,15.75,10000,block-04-kyber-neon-1024.csv
4,kyber_neon,Kyber-1024,INVNTT,285.0,283.0,285.0,2.0,12.66,10000,block-04-kyber-neon-1024.csv
4,kyber_neon,Kyber-1024,BaseMulAcc,507.0,505.0,507.0,2.0,26.89,10000,block-04-kyber-neon-1024.csv
4,kyber_neon,Kyber-1024,MatrixVectorMul,3709.0,3662.0,3717.0,55.0,136.55,10000,block-04-kyber-neon-1024.csv
4,kyber_neon,Kyber-1024,InnerProdEnc,725.0,723.0,727.0,4.0,70.92,10000,block-04-kyber-neon-1024.csv
4,kyber_neon,Kyber-1024,InnerProdDec,1892.0,1800.0,1913.0,113.0,334.82,10000,block-04-kyber-neon-1024.csv
4,kyber_neon,Kyber-512,KeyGen,13909.0,13719.0,15222.0,1503.0,915.74,10000,block-04-kyber-neon-512.csv
4,kyber_neon,Kyber-512,Encaps,23114.0,21238.0,23303.0,2065.0,1223.05,10000,block-04-kyber-neon-512.csv
4,kyber_neon,Kyber-512,Decaps,19547.0,17851.0,19916.0,2065.0,3607.72,10000,block-04-kyber-neon-512.csv
4,kyber_neon,Kyber-512,NTT,287.0,287.0,289.0,2.0,17.15,10000,block-04-kyber-neon-512.csv
4,kyber_neon,Kyber-512,INVNTT,285.0,285.0,287.0,2.0,24.28,10000,block-04-kyber-neon-512.csv
4,kyber_neon,Kyber-512,BaseMulAcc,274.0,274.0,276.0,2.0,17.71,10000,block-04-kyber-neon-512.csv
4,kyber_neon,Kyber-512,MatrixVectorMul,1570.0,1569.0,1572.0,3.0,71.52,10000,block-04-kyber-neon-512.csv
4,kyber_neon,Kyber-512,InnerProdEnc,513.0,511.0,513.0,2.0,34.96,10000,block-04-kyber-neon-512.csv
4,kyber_neon,Kyber-512,InnerProdDec,1071.0,1069.0,1073.0,4.0,69.79,10000,block-04-kyber-neon-512.csv
4,kyber_neon,Kyber-768,KeyGen,24242.0,22171.0,24615.0,2444.0,1843.43,10000,block-04-kyber-neon-768.csv
4,kyber_neon,Kyber-768,Encaps,34578.0,34199.0,34768.0,569.0,2444.47,10000,block-04-kyber-neon-768.csv
4,kyber_neon,Kyber-768,Decaps,30069.0,29879.0,30258.0,379.0,1384.93,10000,block-04-kyber-neon-768.csv
4,kyber_neon,Kyber-768,NTT,285.0,285.0,287.0,2.0,14.68,10000,block-04-kyber-neon-768.csv
4,kyber_neon,Kyber-768,INVNTT,285.0,283.0,285.0,2.0,10.16,10000,block-04-kyber-neon-768.csv
4,kyber_neon,Kyber-768,BaseMulAcc,390.0,388.0,390.0,2.0,16.27,10000,block-04-kyber-neon-768.csv
4,kyber_neon,Kyber-768,MatrixVectorMul,2566.0,2561.0,2570.0,9.0,112.57,10000,block-04-kyber-neon-768.csv
4,kyber_neon,Kyber-768,InnerProdEnc,616.0,616.0,618.0,2.0,22.05,10000,block-04-kyber-neon-768.csv
4,kyber_neon,Kyber-768,InnerProdDec,1469.0,1467.0,1471.0,4.0,50.98,10000,block-04-kyber-neon-768.csv
4,kyber_ref,Kyber-1024,KeyGen,156912.0,155411.0,157850.0,2439.0,8605.59,10000,block-04-kyber-ref-1024.csv
4,kyber_ref,Kyber-1024,Encaps,173261.0,172697.0,173635.0,938.0,8851.17,10000,block-04-kyber-ref-1024.csv
4,kyber_ref,Kyber-1024,Decaps,196375.0,195811.0,196934.0,1123.0,8096.1,10000,block-04-kyber-ref-1024.csv
4,kyber_ref,Kyber-1024,NTT,3611.0,3557.0,3617.0,60.0,149.58,10000,block-04-kyber-ref-1024.csv
4,kyber_ref,Kyber-1024,INVNTT,5716.0,5661.0,5722.0,61.0,171.02,10000,block-04-kyber-ref-1024.csv
4,kyber_ref,Kyber-1024,BaseMulAcc,9219.0,9076.0,9239.0,163.0,232.86,10000,block-04-kyber-ref-1024.csv
4,kyber_ref,Kyber-1024,MatrixVectorMul,77942.0,77416.0,78391.0,975.0,1535.62,10000,block-04-kyber-ref-1024.csv
4,kyber_ref,Kyber-1024,InnerProdEnc,15130.0,14913.0,15365.0,452.0,484.45,10000,block-04-kyber-ref-1024.csv
4,kyber_ref,Kyber-1024,InnerProdDec,29117.0,28941.0,29299.0,358.0,763.68,10000,block-04-kyber-ref-1024.csv
4,kyber_ref,Kyber-512,KeyGen,57503.0,57123.0,57881.0,758.0,2460.41,10000,block-04-kyber-ref-512.csv
4,kyber_ref,Kyber-512,Encaps,75542.0,75168.0,75732.0,564.0,4001.13,10000,block-04-kyber-ref-512.csv
4,kyber_ref,Kyber-512,Decaps,90011.0,89637.0,90200.0,563.0,4608.02,10000,block-04-kyber-ref-512.csv
4,kyber_ref,Kyber-512,NTT,3598.0,3547.0,3609.0,62.0,888.91,10000,block-04-kyber-ref-512.csv
4,kyber_ref,Kyber-512,INVNTT,5675.0,5645.0,5746.0,101.0,221.0,10000,block-04-kyber-ref-512.csv
4,kyber_ref,Kyber-512,BaseMulAcc,5105.0,5064.0,5113.0,49.0,212.54,10000,block-04-kyber-ref-512.csv
4,kyber_ref,Kyber-512,MatrixVectorMul,30235.0,30053.0,30434.0,381.0,921.74,10000,block-04-kyber-ref-512.csv
4,kyber_ref,Kyber-512,InnerProdEnc,10731.0,10547.0,10763.0,216.0,393.81,10000,block-04-kyber-ref-512.csv
4,kyber_ref,Kyber-512,InnerProdDec,17795.0,17675.0,17927.0,252.0,498.14,10000,block-04-kyber-ref-512.csv
4,kyber_ref,Kyber-768,KeyGen,99969.0,99031.0,100537.0,1506.0,4810.27,10000,block-04-kyber-ref-768.csv
4,kyber_ref,Kyber-768,Encaps,117260.0,116885.0,117635.0,750.0,4560.99,10000,block-04-kyber-ref-768.csv
4,kyber_ref,Kyber-768,Decaps,136238.0,135674.0,136617.0,943.0,7747.33,10000,block-04-kyber-ref-768.csv
4,kyber_ref,Kyber-768,NTT,3632.0,3583.0,3636.0,53.0,124.84,10000,block-04-kyber-ref-768.csv
4,kyber_ref,Kyber-768,INVNTT,5646.0,5605.0,5654.0,49.0,156.95,10000,block-04-kyber-ref-768.csv
4,kyber_ref,Kyber-768,BaseMulAcc,6958.0,6896.0,6966.0,70.0,189.09,10000,block-04-kyber-ref-768.csv
4,kyber_ref,Kyber-768,MatrixVectorMul,50917.0,50664.0,51179.0,515.0,1667.89,10000,block-04-kyber-ref-768.csv
4,kyber_ref,Kyber-768,InnerProdEnc,12949.0,12768.0,13110.0,342.0,355.95,10000,block-04-kyber-ref-768.csv
4,kyber_ref,Kyber-768,InnerProdDec,23230.0,23213.0,23348.0,135.0,393.21,10000,block-04-kyber-ref-768.csv
4,kyber_sme,Kyber-1024,KeyGen,62576.0,61075.0,64267.0,3192.0,5387.58,10000,block-04-kyber-sme-1024.csv
4,kyber_sme,Kyber-1024,Encaps,74978.0,69152.0,75727.0,6575.0,7965.31,10000,block-04-kyber-sme-1024.csv
4,kyber_sme,Kyber-1024,Decaps,76486.0,74794.0,77045.0,2251.0,16019.68,10000,block-04-kyber-sme-1024.csv
4,kyber_sme,Kyber-1024,NTT,1183.0,1176.0,1187.0,11.0,81.5,10000,block-04-kyber-sme-1024.csv
4,kyber_sme,Kyber-1024,INVNTT,1097.0,1095.0,1101.0,6.0,96.15,10000,block-04-kyber-sme-1024.csv
4,kyber_sme,Kyber-1024,BaseMulAcc,1415.0,1413.0,1416.0,3.0,45.49,10000,block-04-kyber-sme-1024.csv
4,kyber_sme,Kyber-1024,MatrixVectorMul,10722.0,10701.0,10902.0,201.0,449.76,10000,block-04-kyber-sme-1024.csv
4,kyber_sme,Kyber-1024,InnerProdEnc,2038.0,2038.0,2076.0,38.0,86.59,10000,block-04-kyber-sme-1024.csv
4,kyber_sme,Kyber-1024,InnerProdDec,5116.0,5086.0,5133.0,47.0,125.15,10000,block-04-kyber-sme-1024.csv
4,kyber_sme,Kyber-512,KeyGen,28751.0,28561.0,28940.0,379.0,1178.37,10000,block-04-kyber-sme-512.csv
4,kyber_sme,Kyber-512,Encaps,37582.0,37393.0,37771.0,378.0,1256.6,10000,block-04-kyber-sme-512.csv
4,kyber_sme,Kyber-512,Decaps,37961.0,37771.0,38150.0,379.0,698.12,10000,block-04-kyber-sme-512.csv
4,kyber_sme,Kyber-512,NTT,1178.0,1176.0,1178.0,2.0,45.91,10000,block-04-kyber-sme-512.csv
4,kyber_sme,Kyber-512,INVNTT,1080.0,1078.0,1080.0,2.0,54.54,10000,block-04-kyber-sme-512.csv
4,kyber_sme,Kyber-512,BaseMulAcc,751.0,749.0,751.0,2.0,18.68,10000,block-04-kyber-sme-512.csv
4,kyber_sme,Kyber-512,MatrixVectorMul,4707.0,4694.0,4727.0,33.0,122.06,10000,block-04-kyber-sme-512.csv
4,kyber_sme,Kyber-512,InnerProdEnc,1379.0,1377.0,1379.0,2.0,38.04,10000,block-04-kyber-sme-512.csv
4,kyber_sme,Kyber-512,InnerProdDec,3671.0,3664.0,3681.0,17.0,109.59,10000,block-04-kyber-sme-512.csv
4,kyber_sme,Kyber-768,KeyGen,41718.0,40027.0,42660.0,2633.0,5101.18,10000,block-04-kyber-sme-768.csv
4,kyber_sme,Kyber-768,Encaps,55621.0,52618.0,55996.0,3378.0,35619.53,10000,block-04-kyber-sme-768.csv
4,kyber_sme,Kyber-768,Decaps,54310.0,54120.0,54684.0,564.0,11519.46,10000,block-04-kyber-sme-768.csv
4,kyber_sme,Kyber-768,NTT,1180.0,1180.0,1182.0,2.0,68.18,10000,block-04-kyber-sme-768.csv
4,kyber_sme,Kyber-768,INVNTT,1093.0,1093.0,1095.0,2.0,27.0,10000,block-04-kyber-sme-768.csv
4,kyber_sme,Kyber-768,BaseMulAcc,1093.0,1091.0,1093.0,2.0,26.95,10000,block-04-kyber-sme-768.csv
4,kyber_sme,Kyber-768,MatrixVectorMul,7255.0,7251.0,7276.0,25.0,134.92,10000,block-04-kyber-sme-768.csv
4,kyber_sme,Kyber-768,InnerProdEnc,1708.0,1708.0,1710.0,2.0,23.69,10000,block-04-kyber-sme-768.csv
4,kyber_sme,Kyber-768,InnerProdDec,4291.0,4284.0,4295.0,11.0,66.72,10000,block-04-kyber-sme-768.csv
4,kyber_sve,Kyber-1024,KeyGen,61823.0,59947.0,62392.0,2445.0,14080.87,10000,block-04-kyber-sve-1024.csv
4,kyber_sve,Kyber-1024,Encaps,75917.0,69905.0,76670.0,6765.0,18445.29,10000,block-04-kyber-sve-1024.csv
4,kyber_sve,Kyber-1024,Decaps,74415.0,73287.0,74978.0,1691.0,14900.48,10000,block-04-kyber-sve-1024.csv
4,kyber_sve,Kyber-1024,NTT,1061.0,1059.0,1074.0,15.0,127.51,10000,block-04-kyber-sve-1024.csv
4,kyber_sve,Kyber-1024,INVNTT,1118.0,1106.0,1153.0,47.0,215.43,10000,block-04-kyber-sve-1024.csv
4,kyber_sve,Kyber-1024,BaseMulAcc,1411.0,1409.0,1437.0,28.0,183.21,10000,block-04-kyber-sve-1024.csv
4,kyber_sve,Kyber-1024,MatrixVectorMul,10498.0,10301.0,10831.0,530.0,581.7,10000,block-04-kyber-sve-1024.csv
4,kyber_sve,Kyber-1024,InnerProdEnc,1978.0,1975.0,2068.0,93.0,271.33,10000,block-04-kyber-sve-1024.csv
4,kyber_sve,Kyber-1024,InnerProdDec,4600.0,4483.0,4767.0,284.0,492.7,10000,block-04-kyber-sve-1024.csv
4,kyber_sve,Kyber-512,KeyGen,27624.0,27435.0,27814.0,379.0,6780.0,10000,block-04-kyber-sve-512.csv
4,kyber_sve,Kyber-512,Encaps,37397.0,37208.0,37771.0,563.0,8775.03,10000,block-04-kyber-sve-512.csv
4,kyber_sve,Kyber-512,Decaps,35891.0,35701.0,36080.0,379.0,12233.2,10000,block-04-kyber-sve-512.csv
4,kyber_sve,Kyber-512,NTT,1057.0,1044.0,1061.0,17.0,125.45,10000,block-04-kyber-sve-512.csv
4,kyber_sve,Kyber-512,INVNTT,1121.0,1120.0,1125.0,5.0,133.98,10000,block-04-kyber-sve-512.csv
4,kyber_sve,Kyber-512,BaseMulAcc,749.0,747.0,755.0,8.0,168.96,10000,block-04-kyber-sve-512.csv
4,kyber_sve,Kyber-512,MatrixVectorMul,4479.0,4468.0,4675.0,207.0,963.91,10000,block-04-kyber-sve-512.csv
4,kyber_sve,Kyber-512,InnerProdEnc,1317.0,1315.0,1319.0,4.0,142.99,10000,block-04-kyber-sve-512.csv
4,kyber_sve,Kyber-512,InnerProdDec,3361.0,3341.0,3512.0,171.0,612.9,10000,block-04-kyber-sve-512.csv
4,kyber_sve,Kyber-768,KeyGen,42466.0,40780.0,43030.0,2250.0,3774.63,10000,block-04-kyber-sve-768.csv
4,kyber_sve,Kyber-768,Encaps,51865.0,48672.0,54120.0,5448.0,11255.35,10000,block-04-kyber-sve-768.csv
4,kyber_sve,Kyber-768,Decaps,54684.0,54494.0,54873.0,379.0,4525.29,10000,block-04-kyber-sve-768.csv
4,kyber_sve,Kyber-768,NTT,1071.0,1059.0,1086.0,27.0,181.84,10000,block-04-kyber-sve-768.csv
4,kyber_sve,Kyber-768,INVNTT,1131.0,1127.0,1134.0,7.0,157.81,10000,block-04-kyber-sve-768.csv
4,kyber_sve,Kyber-768,BaseMulAcc,1093.0,1093.0,1095.0,2.0,81.38,10000,block-04-kyber-sve-768.csv
4,kyber_sve,Kyber-768,MatrixVectorMul,6990.0,6982.0,7208.0,226.0,432.97,10000,block-04-kyber-sve-768.csv
4,kyber_sve,Kyber-768,InnerProdEnc,1657.0,1657.0,1661.0,4.0,122.45,10000,block-04-kyber-sve-768.csv
4,kyber_sve,Kyber-768,InnerProdDec,3809.0,3799.0,3959.0,160.0,317.52,10000,block-04-kyber-sve-768.csv
4,mlkem_neon,ML-KEM-1024,KeyGen,59947.0,59572.0,60506.0,934.0,4241.19,10000,block-04-mlkem-neon-1024.csv
4,mlkem_neon,ML-KEM-1024,Encaps,64647.0,64267.0,65021.0,754.0,8787.17,10000,block-04-mlkem-neon-1024.csv
4,mlkem_neon,ML-KEM-1024,Decaps,76295.0,75728.0,76670.0,942.0,9548.47,10000,block-04-mlkem-neon-1024.csv
4,mlkem_neon,ML-KEM-1024,NTT,223.0,221.0,225.0,4.0,58.33,10000,block-04-mlkem-neon-1024.csv
4,mlkem_neon,ML-KEM-1024,INVNTT,257.0,257.0,259.0,2.0,54.58,10000,block-04-mlkem-neon-1024.csv
4,mlkem_neon,ML-KEM-1024,BaseMulAcc,279.0,255.0,281.0,26.0,42.08,10000,block-04-mlkem-neon-1024.csv
4,mlkem_neon,ML-KEM-1024,MatrixVectorMul,3228.0,3183.0,3239.0,56.0,831.43,10000,block-04-mlkem-neon-1024.csv
4,mlkem_neon,ML-KEM-1024,InnerProdEnc,535.0,533.0,537.0,4.0,75.01,10000,block-04-mlkem-neon-1024.csv
4,mlkem_neon,ML-KEM-1024,InnerProdDec,1512.0,1505.0,1520.0,15.0,343.72,10000,block-04-mlkem-neon-1024.csv
4,mlkem_neon,ML-KEM-512,KeyGen,23492.0,23299.0,23678.0,379.0,1114.62,10000,block-04-mlkem-neon-512.csv
4,mlkem_neon,ML-KEM-512,Encaps,26876.0,26686.0,27245.0,559.0,3223.74,10000,block-04-mlkem-neon-512.csv
4,mlkem_neon,ML-KEM-512,Decaps,33077.0,31385.0,33450.0,2065.0,3261.07,10000,block-04-mlkem-neon-512.csv
4,mlkem_neon,ML-KEM-512,NTT,221.0,219.0,225.0,6.0,22.83,10000,block-04-mlkem-neon-512.csv
4,mlkem_neon,ML-KEM-512,INVNTT,257.0,257.0,259.0,2.0,13.65,10000,block-04-mlkem-neon-512.csv
4,mlkem_neon,ML-KEM-512,BaseMulAcc,163.0,163.0,165.0,2.0,7.59,10000,block-04-mlkem-neon-512.csv
4,mlkem_neon,ML-KEM-512,MatrixVectorMul,1371.0,1368.0,1373.0,5.0,53.62,10000,block-04-mlkem-neon-512.csv
4,mlkem_neon,ML-KEM-512,InnerProdEnc,420.0,419.0,420.0,1.0,31.64,10000,block-04-mlkem-neon-512.csv
4,mlkem_neon,ML-KEM-512,InnerProdDec,892.0,890.0,896.0,6.0,51.17,10000,block-04-mlkem-neon-512.csv
4,mlkem_neon,ML-KEM-768,KeyGen,40590.0,40400.0,40964.0,564.0,1759.88,10000,block-04-mlkem-neon-768.csv
4,mlkem_neon,ML-KEM-768,Encaps,43783.0,43409.0,43973.0,564.0,3137.47,10000,block-04-mlkem-neon-768.csv
4,mlkem_neon,ML-KEM-768,Decaps,51865.0,51490.0,52244.0,754.0,4095.31,10000,block-04-mlkem-neon-768.csv
4,mlkem_neon,ML-KEM-768,NTT,223.0,221.0,225.0,4.0,18.53,10000,block-04-mlkem-neon-768.csv
4,mlkem_neon,ML-KEM-768,INVNTT,257.0,257.0,259.0,2.0,19.5,10000,block-04-mlkem-neon-768.csv
4,mlkem_neon,ML-KEM-768,BaseMulAcc,219.0,219.0,221.0,2.0,8.65,10000,block-04-mlkem-neon-768.csv
4,mlkem_neon,ML-KEM-768,MatrixVectorMul,2234.0,2228.0,2239.0,11.0,96.12,10000,block-04-mlkem-neon-768.csv
4,mlkem_neon,ML-KEM-768,InnerProdEnc,477.0,475.0,477.0,2.0,35.45,10000,block-04-mlkem-neon-768.csv
4,mlkem_neon,ML-KEM-768,InnerProdDec,1197.0,1193.0,1200.0,7.0,49.4,10000,block-04-mlkem-neon-768.csv
4,mlkem_ref,ML-KEM-1024,KeyGen,77044.0,75917.0,77424.0,1507.0,6696.13,10000,block-04-mlkem-ref-1024.csv
4,mlkem_ref,ML-KEM-1024,Encaps,84188.0,83625.0,84563.0,938.0,5230.6,10000,block-04-mlkem-ref-1024.csv
4,mlkem_ref,ML-KEM-1024,Decaps,95085.0,94525.0,95648.0,1123.0,8231.4,10000,block-04-mlkem-ref-1024.csv
4,mlkem_ref,ML-KEM-1024,NTT,520.0,520.0,522.0,2.0,62.3,10000,block-04-mlkem-ref-1024.csv
4,mlkem_ref,ML-KEM-1024,INVNTT,886.0,885.0,886.0,1.0,81.89,10000,block-04-mlkem-ref-1024.csv
4,mlkem_ref,ML-KEM-1024,BaseMulAcc,310.0,285.0,311.0,26.0,60.86,10000,block-04-mlkem-ref-1024.csv
4,mlkem_ref,ML-KEM-1024,MatrixVectorMul,7670.0,7501.0,7682.0,181.0,506.6,10000,block-04-mlkem-ref-1024.csv
4,mlkem_ref,ML-KEM-1024,InnerProdEnc,1208.0,1204.0,1212.0,8.0,99.94,10000,block-04-mlkem-ref-1024.csv
4,mlkem_ref,ML-KEM-1024,InnerProdDec,3623.0,3619.0,3632.0,13.0,268.81,10000,block-04-mlkem-ref-1024.csv
4,mlkem_ref,ML-KEM-512,KeyGen,29878.0,29504.0,30068.0,564.0,1975.1,10000,block-04-mlkem-ref-512.csv
4,mlkem_ref,ML-KEM-512,Encaps,35142.0,34763.0,35327.0,564.0,2794.93,10000,block-04-mlkem-ref-512.csv
4,mlkem_ref,ML-KEM-512,Decaps,41907.0,38709.0,42281.0,3572.0,7403.38,10000,block-04-mlkem-ref-512.csv
4,mlkem_ref,ML-KEM-512,NTT,520.0,518.0,526.0,8.0,61.38,10000,block-04-mlkem-ref-512.csv
4,mlkem_ref,ML-KEM-512,INVNTT,886.0,885.0,888.0,3.0,100.3,10000,block-04-mlkem-ref-512.csv
4,mlkem_ref,ML-KEM-512,BaseMulAcc,193.0,189.0,195.0,6.0,48.4,10000,block-04-mlkem-ref-512.csv
4,mlkem_ref,ML-KEM-512,MatrixVectorMul,3581.0,3482.0,3626.0,144.0,837.42,10000,block-04-mlkem-ref-512.csv
4,mlkem_ref,ML-KEM-512,InnerProdEnc,1076.0,1074.0,1076.0,2.0,304.4,10000,block-04-mlkem-ref-512.csv
4,mlkem_ref,ML-KEM-512,InnerProdDec,2273.0,2271.0,2290.0,19.0,183.37,10000,block-04-mlkem-ref-512.csv
4,mlkem_ref,ML-KEM-768,KeyGen,51865.0,51486.0,52055.0,569.0,2452.47,10000,block-04-mlkem-ref-768.csv
4,mlkem_ref,ML-KEM-768,Encaps,57128.0,56565.0,57502.0,937.0,2768.59,10000,block-04-mlkem-ref-768.csv
4,mlkem_ref,ML-KEM-768,Decaps,65395.0,65021.0,65770.0,749.0,2807.98,10000,block-04-mlkem-ref-768.csv
4,mlkem_ref,ML-KEM-768,NTT,520.0,518.0,522.0,4.0,17.2,10000,block-04-mlkem-ref-768.csv
4,mlkem_ref,ML-KEM-768,INVNTT,886.0,885.0,888.0,3.0,65.88,10000,block-04-mlkem-ref-768.csv
4,mlkem_ref,ML-KEM-768,BaseMulAcc,246.0,246.0,248.0,2.0,16.36,10000,block-04-mlkem-ref-768.csv
4,mlkem_ref,ML-KEM-768,MatrixVectorMul,5552.0,5502.0,5558.0,56.0,128.98,10000,block-04-mlkem-ref-768.csv
4,mlkem_ref,ML-KEM-768,InnerProdEnc,1133.0,1129.0,1133.0,4.0,48.48,10000,block-04-mlkem-ref-768.csv
4,mlkem_ref,ML-KEM-768,InnerProdDec,2938.0,2935.0,2963.0,28.0,73.37,10000,block-04-mlkem-ref-768.csv
4,mlkem_sme,ML-KEM-1024,KeyGen,90763.0,80432.0,91702.0,11270.0,7603.11,10000,block-04-mlkem-sme-1024.csv
4,mlkem_sme,ML-KEM-1024,Encaps,102603.0,102039.0,103540.0,1501.0,9210.48,10000,block-04-mlkem-sme-1024.csv
4,mlkem_sme,ML-KEM-1024,Decaps,118198.0,112561.0,122897.0,10336.0,8405.28,10000,block-04-mlkem-sme-1024.csv
4,mlkem_sme,ML-KEM-1024,NTT,1198.0,1170.0,1206.0,36.0,104.26,10000,block-04-mlkem-sme-1024.csv
4,mlkem_sme,ML-KEM-1024,INVNTT,1097.0,1089.0,1116.0,27.0,75.26,10000,block-04-mlkem-sme-1024.csv
4,mlkem_sme,ML-KEM-1024,BaseMulAcc,1202.0,1200.0,1204.0,4.0,53.33,10000,block-04-mlkem-sme-1024.csv
4,mlkem_sme,ML-KEM-1024,MatrixVectorMul,12152.0,12028.0,12272.0,244.0,1118.78,10000,block-04-mlkem-sme-1024.csv
4,mlkem_sme,ML-KEM-1024,InnerProdEnc,1794.0,1792.0,1796.0,4.0,66.21,10000,block-04-mlkem-sme-1024.csv
4,mlkem_sme,ML-KEM-1024,InnerProdDec,5348.0,5325.0,5438.0,113.0,135.7,10000,block-04-mlkem-sme-1024.csv
4,mlkem_sme,ML-KEM-512,KeyGen,36833.0,36643.0,37207.0,564.0,2870.5,10000,block-04-mlkem-sme-512.csv
4,mlkem_sme,ML-KEM-512,Encaps,43409.0,41343.0,43788.0,2445.0,4546.32,10000,block-04-mlkem-sme-512.csv
4,mlkem_sme,ML-KEM-512,Decaps,57502.0,56939.0,57877.0,938.0,3071.5,10000,block-04-mlkem-sme-512.csv
4,mlkem_sme,ML-KEM-512,NTT,1176.0,1174.0,1176.0,2.0,45.0,10000,block-04-mlkem-sme-512.csv
4,mlkem_sme,ML-KEM-512,INVNTT,1078.0,1076.0,1078.0,2.0,44.3,10000,block-04-mlkem-sme-512.csv
4,mlkem_sme,ML-KEM-512,BaseMulAcc,631.0,631.0,633.0,2.0,27.56,10000,block-04-mlkem-sme-512.csv
4,mlkem_sme,ML-KEM-512,MatrixVectorMul,5049.0,5032.0,5058.0,26.0,127.87,10000,block-04-mlkem-sme-512.csv
4,mlkem_sme,ML-KEM-512,InnerProdEnc,1255.0,1253.0,1257.0,4.0,74.17,10000,block-04-mlkem-sme-512.csv
4,mlkem_sme,ML-KEM-512,InnerProdDec,3442.0,3431.0,3446.0,15.0,100.6,10000,block-04-mlkem-sme-512.csv
4,mlkem_sme,ML-KEM-768,KeyGen,60885.0,59758.0,61823.0,2065.0,3099.36,10000,block-04-mlkem-sme-768.csv
4,mlkem_sme,ML-KEM-768,Encaps,69715.0,65959.0,70654.0,4695.0,2814.61,10000,block-04-mlkem-sme-768.csv
4,mlkem_sme,ML-KEM-768,Decaps,83056.0,81933.0,86064.0,4131.0,2297.24,10000,block-04-mlkem-sme-768.csv
4,mlkem_sme,ML-KEM-768,NTT,1168.0,1165.0,1180.0,15.0,44.91,10000,block-04-mlkem-sme-768.csv
4,mlkem_sme,ML-KEM-768,INVNTT,1078.0,1076.0,1078.0,2.0,32.33,10000,block-04-mlkem-sme-768.csv
4,mlkem_sme,ML-KEM-768,BaseMulAcc,911.0,911.0,913.0,2.0,12.69,10000,block-04-mlkem-sme-768.csv
4,mlkem_sme,ML-KEM-768,MatrixVectorMul,8133.0,8110.0,8140.0,30.0,113.6,10000,block-04-mlkem-sme-768.csv
4,mlkem_sme,ML-KEM-768,InnerProdEnc,1525.0,1524.0,1527.0,3.0,29.52,10000,block-04-mlkem-sme-768.csv
4,mlkem_sme,ML-KEM-768,InnerProdDec,4917.0,4902.0,4938.0,36.0,177.18,10000,block-04-mlkem-sme-768.csv
4,mlkem_sve,ML-KEM-1024,KeyGen,91328.0,80806.0,92266.0,11460.0,13549.46,10000,block-04-mlkem-sve-1024.csv
4,mlkem_sve,ML-KEM-1024,Encaps,103356.0,102792.0,103920.0,1128.0,16542.93,10000,block-04-mlkem-sve-1024.csv
4,mlkem_sve,ML-KEM-1024,Decaps,121207.0,112186.0,122898.0,10712.0,15535.15,10000,block-04-mlkem-sve-1024.csv
4,mlkem_sve,ML-KEM-1024,NTT,1052.0,1041.0,1059.0,18.0,164.31,10000,block-04-mlkem-sve-1024.csv
4,mlkem_sve,ML-KEM-1024,INVNTT,1106.0,1082.0,1112.0,30.0,163.83,10000,block-04-mlkem-sve-1024.csv
4,mlkem_sve,ML-KEM-1024,BaseMulAcc,1183.0,1181.0,1208.0,27.0,152.14,10000,block-04-mlkem-sve-1024.csv
4,mlkem_sve,ML-KEM-1024,MatrixVectorMul,11922.0,11635.0,12291.0,656.0,1390.5,10000,block-04-mlkem-sve-1024.csv
4,mlkem_sve,ML-KEM-1024,InnerProdEnc,1762.0,1753.0,1835.0,82.0,318.89,10000,block-04-mlkem-sve-1024.csv
4,mlkem_sve,ML-KEM-1024,InnerProdDec,4696.0,4654.0,4874.0,220.0,512.39,10000,block-04-mlkem-sve-1024.csv
4,mlkem_sve,ML-KEM-512,KeyGen,36269.0,35891.0,36828.0,937.0,13261.76,10000,block-04-mlkem-sve-512.csv
4,mlkem_sve,ML-KEM-512,Encaps,44537.0,42471.0,45100.0,2629.0,13352.96,10000,block-04-mlkem-sve-512.csv
4,mlkem_sve,ML-KEM-512,Decaps,56375.0,55996.0,56749.0,753.0,4125.07,10000,block-04-mlkem-sve-512.csv
4,mlkem_sve,ML-KEM-512,NTT,1033.0,1020.0,1071.0,51.0,218.53,10000,block-04-mlkem-sve-512.csv
4,mlkem_sve,ML-KEM-512,INVNTT,1091.0,1086.0,1136.0,50.0,246.64,10000,block-04-mlkem-sve-512.csv
4,mlkem_sve,ML-KEM-512,BaseMulAcc,631.0,629.0,637.0,8.0,111.94,10000,block-04-mlkem-sve-512.csv
4,mlkem_sve,ML-KEM-512,MatrixVectorMul,4498.0,4481.0,4688.0,207.0,858.64,10000,block-04-mlkem-sve-512.csv
4,mlkem_sve,ML-KEM-512,InnerProdEnc,1197.0,1195.0,1219.0,24.0,150.47,10000,block-04-mlkem-sve-512.csv
4,mlkem_sve,ML-KEM-512,InnerProdDec,2803.0,2784.0,2950.0,166.0,314.57,10000,block-04-mlkem-sve-512.csv
4,mlkem_sve,ML-KEM-768,KeyGen,60885.0,59757.0,61634.0,1877.0,12103.47,10000,block-04-mlkem-sve-768.csv
4,mlkem_sve,ML-KEM-768,Encaps,76670.0,70659.0,77423.0,6764.0,52881.46,10000,block-04-mlkem-sve-768.csv
4,mlkem_sve,ML-KEM-768,Decaps,83814.0,82118.0,85879.0,3761.0,13031.01,10000,block-04-mlkem-sve-768.csv
4,mlkem_sve,ML-KEM-768,NTT,1048.0,1039.0,1061.0,22.0,149.31,10000,block-04-mlkem-sve-768.csv
4,mlkem_sve,ML-KEM-768,INVNTT,1119.0,1118.0,1125.0,7.0,146.08,10000,block-04-mlkem-sve-768.csv
4,mlkem_sve,ML-KEM-768,BaseMulAcc,911.0,911.0,915.0,4.0,227.52,10000,block-04-mlkem-sve-768.csv
4,mlkem_sve,ML-KEM-768,MatrixVectorMul,7794.0,7689.0,7980.0,291.0,533.48,10000,block-04-mlkem-sve-768.csv
4,mlkem_sve,ML-KEM-768,InnerProdEnc,1477.0,1475.0,1488.0,13.0,211.72,10000,block-04-mlkem-sve-768.csv
4,mlkem_sve,ML-KEM-768,InnerProdDec,4389.0,4374.0,4588.0,214.0,362.75,10000,block-04-mlkem-sve-768.csv
5,kyber_neon,Kyber-1024,KeyGen,34952.0,31570.0,35327.0,3757.0,2096.45,10000,block-05-kyber-neon-1024.csv
5,kyber_neon,Kyber-1024,Encaps,48108.0,43593.0,48482.0,4889.0,3725.24,10000,block-05-kyber-neon-1024.csv
5,kyber_neon,Kyber-1024,Decaps,42656.0,38709.0,43035.0,4326.0,5628.07,10000,block-05-kyber-neon-1024.csv
5,kyber_neon,Kyber-1024,NTT,287.0,285.0,287.0,2.0,23.41,10000,block-05-kyber-neon-1024.csv
5,kyber_neon,Kyber-1024,INVNTT,259.0,255.0,285.0,30.0,108.78,10000,block-05-kyber-neon-1024.csv
5,kyber_neon,Kyber-1024,BaseMulAcc,505.0,456.0,509.0,53.0,87.95,10000,block-05-kyber-neon-1024.csv
5,kyber_neon,Kyber-1024,MatrixVectorMul,3703.0,3367.0,3718.0,351.0,388.23,10000,block-05-kyber-neon-1024.csv
5,kyber_neon,Kyber-1024,InnerProdEnc,725.0,653.0,729.0,76.0,120.36,10000,block-05-kyber-neon-1024.csv
5,kyber_neon,Kyber-1024,InnerProdDec,1892.0,1828.0,1896.0,68.0,158.64,10000,block-05-kyber-neon-1024.csv
5,kyber_neon,Kyber-512,KeyGen,13720.0,13715.0,14657.0,942.0,885.4,10000,block-05-kyber-neon-512.csv
5,kyber_neon,Kyber-512,Encaps,22929.0,21048.0,23303.0,2255.0,1465.57,10000,block-05-kyber-neon-512.csv
5,kyber_neon,Kyber-512,Decaps,18604.0,17666.0,19732.0,2066.0,1860.3,10000,block-05-kyber-neon-512.csv
5,kyber_neon,Kyber-512,NTT,287.0,287.0,289.0,2.0,13.19,10000,block-05-kyber-neon-512.csv
5,kyber_neon,Kyber-512,INVNTT,285.0,283.0,287.0,4.0,28.22,10000,block-05-kyber-neon-512.csv
5,kyber_neon,Kyber-512,BaseMulAcc,274.0,274.0,276.0,2.0,15.9,10000,block-05-kyber-neon-512.csv
5,kyber_neon,Kyber-512,MatrixVectorMul,1570.0,1559.0,1572.0,13.0,81.03,10000,block-05-kyber-neon-512.csv
5,kyber_neon,Kyber-512,InnerProdEnc,511.0,509.0,513.0,4.0,35.05,10000,block-05-kyber-neon-512.csv
5,kyber_neon,Kyber-512,InnerProdDec,1071.0,1069.0,1073.0,4.0,65.47,10000,block-05-kyber-neon-512.csv
5,kyber_neon,Kyber-768,KeyGen,24426.0,22171.0,24616.0,2445.0,1493.56,10000,block-05-kyber-neon-768.csv
5,kyber_neon,Kyber-768,Encaps,34573.0,31381.0,34763.0,3382.0,2059.69,10000,block-05-kyber-neon-768.csv
5,kyber_neon,Kyber-768,Decaps,30064.0,27245.0,30253.0,3008.0,1973.96,10000,block-05-kyber-neon-768.csv
5,kyber_neon,Kyber-768,NTT,287.0,285.0,287.0,2.0,14.16,10000,block-05-kyber-neon-768.csv
5,kyber_neon,Kyber-768,INVNTT,287.0,285.0,287.0,2.0,10.89,10000,block-05-kyber-neon-768.csv
5,kyber_neon,Kyber-768,BaseMulAcc,390.0,387.0,390.0,3.0,39.7,10000,block-05-kyber-neon-768.csv
5,kyber_neon,Kyber-768,MatrixVectorMul,2566.0,2534.0,2570.0,36.0,115.17,10000,block-05-kyber-neon-768.csv
5,kyber_neon,Kyber-768,InnerProdEnc,616.0,614.0,618.0,4.0,27.85,10000,block-05-kyber-neon-768.csv
5,kyber_neon,Kyber-768,InnerProdDec,1469.0,1467.0,1471.0,4.0,66.4,10000,block-05-kyber-neon-768.csv
5,kyber_ref,Kyber-1024,KeyGen,156912.0,155410.0,157850.0,2440.0,7978.5,10000,block-05-kyber-ref-1024.csv
5,kyber_ref,Kyber-1024,Encaps,173261.0,172508.0,173824.0,1316.0,10700.08,10000,block-05-kyber-ref-1024.csv
5,kyber_ref,Kyber-1024,Decaps,196560.0,195811.0,196939.0,1128.0,10021.68,10000,block-05-kyber-ref-1024.csv
5,kyber_ref,Kyber-1024,NTT,3609.0,3461.0,3630.0,169.0,201.71,10000,block-05-kyber-ref-1024.csv
5,kyber_ref,Kyber-1024,INVNTT,5718.0,5543.0,5742.0,199.0,580.98,10000,block-05-kyber-ref-1024.csv
5,kyber_ref,Kyber-1024,BaseMulAcc,9217.0,8986.0,9239.0,253.0,360.61,10000,block-05-kyber-ref-1024.csv
5,kyber_ref,Kyber-1024,MatrixVectorMul,77331.0,76752.0,77868.0,1116.0,2174.28,10000,block-05-kyber-ref-1024.csv
5,kyber_ref,Kyber-1024,InnerProdEnc,14961.0,14736.0,15219.0,483.0,541.87,10000,block-05-kyber-ref-1024.csv
5,kyber_ref,Kyber-1024,InnerProdDec,28929.0,28691.0,29157.0,466.0,1181.54,10000,block-05-kyber-ref-1024.csv
5,kyber_ref,Kyber-512,KeyGen,57502.0,56749.0,57877.0,1128.0,3286.56,10000,block-05-kyber-ref-512.csv
5,kyber_ref,Kyber-512,Encaps,75358.0,74415.0,75732.0,1317.0,6257.99,10000,block-05-kyber-ref-512.csv
5,kyber_ref,Kyber-512,Decaps,90015.0,89821.0,90389.0,568.0,8258.41,10000,block-05-kyber-ref-512.csv
5,kyber_ref,Kyber-512,NTT,3596.0,3438.0,3604.0,166.0,223.18,10000,block-05-kyber-ref-512.csv
5,kyber_ref,Kyber-512,INVNTT,5646.0,5522.0,5673.0,151.0,261.53,10000,block-05-kyber-ref-512.csv
5,kyber_ref,Kyber-512,BaseMulAcc,5105.0,4979.0,5111.0,132.0,218.51,10000,block-05-kyber-ref-512.csv
5,kyber_ref,Kyber-512,MatrixVectorMul,30057.0,29807.0,30280.0,473.0,1042.85,10000,block-05-kyber-ref-512.csv
5,kyber_ref,Kyber-512,InnerProdEnc,10666.0,10478.0,10741.0,263.0,391.01,10000,block-05-kyber-ref-512.csv
5,kyber_ref,Kyber-512,InnerProdDec,17705.0,17609.0,17899.0,290.0,636.86,10000,block-05-kyber-ref-512.csv
5,kyber_ref,Kyber-768,KeyGen,99599.0,91517.0,100727.0,9210.0,23434.17,10000,block-05-kyber-ref-768.csv
5,kyber_ref,Kyber-768,Encaps,117260.0,105610.0,117639.0,12029.0,16866.81,10000,block-05-kyber-ref-768.csv
5,kyber_ref,Kyber-768,Decaps,136243.0,135864.0,136617.0,753.0,9579.83,10000,block-05-kyber-ref-768.csv
5,kyber_ref,Kyber-768,NTT,3634.0,3564.0,3639.0,75.0,133.96,10000,block-05-kyber-ref-768.csv
5,kyber_ref,Kyber-768,INVNTT,5646.0,5616.0,5656.0,40.0,211.68,10000,block-05-kyber-ref-768.csv
5,kyber_ref,Kyber-768,BaseMulAcc,6958.0,6956.0,6966.0,10.0,163.42,10000,block-05-kyber-ref-768.csv
5,kyber_ref,Kyber-768,MatrixVectorMul,50913.0,50739.0,51160.0,421.0,2035.77,10000,block-05-kyber-ref-768.csv
5,kyber_ref,Kyber-768,InnerProdEnc,12688.0,12579.0,12953.0,374.0,334.57,10000,block-05-kyber-ref-768.csv
5,kyber_ref,Kyber-768,InnerProdDec,23237.0,23213.0,23408.0,195.0,466.48,10000,block-05-kyber-ref-768.csv
5,kyber_sme,Kyber-1024,KeyGen,62387.0,60696.0,64083.0,3387.0,2880.14,10000,block-05-kyber-sme-1024.csv
5,kyber_sme,Kyber-1024,Encaps,74886.0,69156.0,75732.0,6576.0,4824.36,10000,block-05-kyber-sme-1024.csv
5,kyber_sme,Kyber-1024,Decaps,76480.0,74415.0,76859.0,2444.0,4566.87,10000,block-05-kyber-sme-1024.csv
5,kyber_sme,Kyber-1024,NTT,1174.0,1172.0,1174.0,2.0,55.68,10000,block-05-kyber-sme-1024.csv
5,kyber_sme,Kyber-1024,INVNTT,1093.0,1091.0,1093.0,2.0,63.44,10000,block-05-kyber-sme-1024.csv
5,kyber_sme,Kyber-1024,BaseMulAcc,1415.0,1413.0,1416.0,3.0,50.73,10000,block-05-kyber-sme-1024.csv
5,kyber_sme,Kyber-1024,MatrixVectorMul,10720.0,10699.0,10897.0,198.0,282.93,10000,block-05-kyber-sme-1024.csv
5,kyber_sme,Kyber-1024,InnerProdEnc,2038.0,2038.0,2040.0,2.0,86.35,10000,block-05-kyber-sme-1024.csv
5,kyber_sme,Kyber-1024,InnerProdDec,5116.0,5085.0,5207.0,122.0,493.26,10000,block-05-kyber-sme-1024.csv
5,kyber_sme,Kyber-512,KeyGen,28751.0,28377.0,28940.0,563.0,924.41,10000,block-05-kyber-sme-512.csv
5,kyber_sme,Kyber-512,Encaps,37582.0,37392.0,37771.0,379.0,1218.36,10000,block-05-kyber-sme-512.csv
5,kyber_sme,Kyber-512,Decaps,37960.0,37771.0,38146.0,375.0,1170.86,10000,block-05-kyber-sme-512.csv
5,kyber_sme,Kyber-512,NTT,1174.0,1172.0,1174.0,2.0,51.52,10000,block-05-kyber-sme-512.csv
5,kyber_sme,Kyber-512,INVNTT,1073.0,1071.0,1095.0,24.0,65.5,10000,block-05-kyber-sme-512.csv
5,kyber_sme,Kyber-512,BaseMulAcc,747.0,746.0,747.0,1.0,36.47,10000,block-05-kyber-sme-512.csv
5,kyber_sme,Kyber-512,MatrixVectorMul,4711.0,4694.0,4737.0,43.0,644.51,10000,block-05-kyber-sme-512.csv
5,kyber_sme,Kyber-512,InnerProdEnc,1375.0,1375.0,1377.0,2.0,54.21,10000,block-05-kyber-sme-512.csv
5,kyber_sme,Kyber-512,InnerProdDec,3670.0,3641.0,3675.0,34.0,111.26,10000,block-05-kyber-sme-512.csv
5,kyber_sme,Kyber-768,KeyGen,41533.0,39842.0,42281.0,2439.0,1407.39,10000,block-05-kyber-sme-768.csv
5,kyber_sme,Kyber-768,Encaps,52992.0,50173.0,55811.0,5638.0,2798.46,10000,block-05-kyber-sme-768.csv
5,kyber_sme,Kyber-768,Decaps,54494.0,54305.0,54684.0,379.0,3014.3,10000,block-05-kyber-sme-768.csv
5,kyber_sme,Kyber-768,NTT,1185.0,1185.0,1187.0,2.0,40.91,10000,block-05-kyber-sme-768.csv
5,kyber_sme,Kyber-768,INVNTT,1104.0,1095.0,1123.0,28.0,264.3,10000,block-05-kyber-sme-768.csv
5,kyber_sme,Kyber-768,BaseMulAcc,1091.0,1091.0,1093.0,2.0,342.38,10000,block-05-kyber-sme-768.csv
5,kyber_sme,Kyber-768,MatrixVectorMul,7274.0,7255.0,7278.0,23.0,251.35,10000,block-05-kyber-sme-768.csv
5,kyber_sme,Kyber-768,InnerProdEnc,1708.0,1706.0,1708.0,2.0,20.91,10000,block-05-kyber-sme-768.csv
5,kyber_sme,Kyber-768,InnerProdDec,4295.0,4288.0,4301.0,13.0,85.51,10000,block-05-kyber-sme-768.csv
5,kyber_sve,Kyber-1024,KeyGen,61638.0,59947.0,62386.0,2439.0,6432.11,10000,block-05-kyber-sve-1024.csv
5,kyber_sve,Kyber-1024,Encaps,75732.0,69531.0,76480.0,6949.0,10203.3,10000,block-05-kyber-sve-1024.csv
5,kyber_sve,Kyber-1024,Decaps,74230.0,72909.0,74789.0,1880.0,6065.48,10000,block-05-kyber-sve-1024.csv
5,kyber_sve,Kyber-1024,NTT,1063.0,1057.0,1074.0,17.0,177.72,10000,block-05-kyber-sve-1024.csv
5,kyber_sve,Kyber-1024,INVNTT,1116.0,1104.0,1150.0,46.0,323.36,10000,block-05-kyber-sve-1024.csv
5,kyber_sve,Kyber-1024,BaseMulAcc,1415.0,1415.0,1418.0,3.0,141.56,10000,block-05-kyber-sve-1024.csv
5,kyber_sve,Kyber-1024,MatrixVectorMul,10469.0,10299.0,10733.0,434.0,1010.18,10000,block-05-kyber-sve-1024.csv
5,kyber_sve,Kyber-1024,InnerProdEnc,1982.0,1980.0,2023.0,43.0,325.84,10000,block-05-kyber-sve-1024.csv
5,kyber_sve,Kyber-1024,InnerProdDec,4491.0,4481.0,4688.0,207.0,692.52,10000,block-05-kyber-sve-1024.csv
5,kyber_sve,Kyber-512,KeyGen,27624.0,27439.0,27814.0,375.0,5086.57,10000,block-05-kyber-sve-512.csv
5,kyber_sve,Kyber-512,Encaps,37397.0,37208.0,37771.0,563.0,4388.34,10000,block-05-kyber-sve-512.csv
5,kyber_sve,Kyber-512,Decaps,35890.0,35701.0,36080.0,379.0,8306.24,10000,block-05-kyber-sve-512.csv
5,kyber_sve,Kyber-512,NTT,1058.0,1044.0,1097.0,53.0,873.25,10000,block-05-kyber-sve-512.csv
5,kyber_sve,Kyber-512,INVNTT,1121.0,1114.0,1123.0,9.0,173.35,10000,block-05-kyber-sve-512.csv
5,kyber_sve,Kyber-512,BaseMulAcc,751.0,749.0,753.0,4.0,66.44,10000,block-05-kyber-sve-512.csv
5,kyber_sve,Kyber-512,MatrixVectorMul,4478.0,4466.0,4645.0,179.0,906.08,10000,block-05-kyber-sve-512.csv
5,kyber_sve,Kyber-512,InnerProdEnc,1319.0,1319.0,1321.0,2.0,138.26,10000,block-05-kyber-sve-512.csv
5,kyber_sve,Kyber-512,InnerProdDec,3367.0,3344.0,3529.0,185.0,310.65,10000,block-05-kyber-sve-512.csv
5,kyber_sve,Kyber-768,KeyGen,42656.0,41718.0,43972.0,2254.0,8925.66,10000,block-05-kyber-sve-768.csv
5,kyber_sve,Kyber-768,Encaps,51680.0,48672.0,54120.0,5448.0,8357.86,10000,block-05-kyber-sve-768.csv
5,kyber_sve,Kyber-768,Decaps,54684.0,54494.0,54873.0,379.0,5301.15,10000,block-05-kyber-sve-768.csv
5,kyber_sve,Kyber-768,NTT,1071.0,1063.0,1088.0,25.0,171.25,10000,block-05-kyber-sve-768.csv
5,kyber_sve,Kyber-768,INVNTT,1131.0,1125.0,1151.0,26.0,198.42,10000,block-05-kyber-sve-768.csv
5,kyber_sve,Kyber-768,BaseMulAcc,1093.0,1091.0,1110.0,19.0,238.68,10000,block-05-kyber-sve-768.csv
5,kyber_sve,Kyber-768,MatrixVectorMul,7103.0,6981.0,7294.0,313.0,560.82,10000,block-05-kyber-sve-768.csv
5,kyber_sve,Kyber-768,InnerProdEnc,1657.0,1655.0,1679.0,24.0,290.9,10000,block-05-kyber-sve-768.csv
5,kyber_sve,Kyber-768,InnerProdDec,3801.0,3792.0,3963.0,171.0,348.11,10000,block-05-kyber-sve-768.csv
5,mlkem_neon,ML-KEM-1024,KeyGen,59758.0,54304.0,60321.0,6017.0,3738.58,10000,block-05-mlkem-neon-1024.csv
5,mlkem_neon,ML-KEM-1024,Encaps,64642.0,59009.0,65021.0,6012.0,6347.83,10000,block-05-mlkem-neon-1024.csv
5,mlkem_neon,ML-KEM-1024,Decaps,76291.0,72160.0,76670.0,4510.0,6249.38,10000,block-05-mlkem-neon-1024.csv
5,mlkem_neon,ML-KEM-1024,NTT,223.0,208.0,225.0,17.0,27.83,10000,block-05-mlkem-neon-1024.csv
5,mlkem_neon,ML-KEM-1024,INVNTT,257.0,257.0,259.0,2.0,60.24,10000,block-05-mlkem-neon-1024.csv
5,mlkem_neon,ML-KEM-1024,BaseMulAcc,278.0,251.0,281.0,30.0,44.78,10000,block-05-mlkem-neon-1024.csv
5,mlkem_neon,ML-KEM-1024,MatrixVectorMul,3226.0,3153.0,3235.0,82.0,153.55,10000,block-05-mlkem-neon-1024.csv
5,mlkem_neon,ML-KEM-1024,InnerProdEnc,535.0,531.0,537.0,6.0,39.77,10000,block-05-mlkem-neon-1024.csv
5,mlkem_neon,ML-KEM-1024,InnerProdDec,1512.0,1503.0,1518.0,15.0,81.66,10000,block-05-mlkem-neon-1024.csv
5,mlkem_neon,ML-KEM-512,KeyGen,23488.0,21612.0,23678.0,2066.0,1942.74,10000,block-05-mlkem-neon-512.csv
5,mlkem_neon,ML-KEM-512,Encaps,26871.0,24621.0,27060.0,2439.0,2436.24,10000,block-05-mlkem-neon-512.csv
5,mlkem_neon,ML-KEM-512,Decaps,33077.0,32698.0,33450.0,752.0,2344.13,10000,block-05-mlkem-neon-512.csv
5,mlkem_neon,ML-KEM-512,NTT,221.0,210.0,225.0,15.0,35.33,10000,block-05-mlkem-neon-512.csv
5,mlkem_neon,ML-KEM-512,INVNTT,257.0,255.0,259.0,4.0,15.38,10000,block-05-mlkem-neon-512.csv
5,mlkem_neon,ML-KEM-512,BaseMulAcc,163.0,163.0,163.0,0.0,8.84,10000,block-05-mlkem-neon-512.csv
5,mlkem_neon,ML-KEM-512,MatrixVectorMul,1369.0,1366.0,1373.0,7.0,80.7,10000,block-05-mlkem-neon-512.csv
5,mlkem_neon,ML-KEM-512,InnerProdEnc,420.0,419.0,420.0,1.0,35.64,10000,block-05-mlkem-neon-512.csv
5,mlkem_neon,ML-KEM-512,InnerProdDec,890.0,885.0,894.0,9.0,59.24,10000,block-05-mlkem-neon-512.csv
5,mlkem_neon,ML-KEM-768,KeyGen,40590.0,40400.0,40964.0,564.0,1546.29,10000,block-05-mlkem-neon-768.csv
5,mlkem_neon,ML-KEM-768,Encaps,43598.0,43408.0,43972.0,564.0,2105.79,10000,block-05-mlkem-neon-768.csv
5,mlkem_neon,ML-KEM-768,Decaps,52049.0,51676.0,52240.0,564.0,1984.12,10000,block-05-mlkem-neon-768.csv
5,mlkem_neon,ML-KEM-768,NTT,223.0,221.0,225.0,4.0,8.96,10000,block-05-mlkem-neon-768.csv
5,mlkem_neon,ML-KEM-768,INVNTT,257.0,257.0,259.0,2.0,13.08,10000,block-05-mlkem-neon-768.csv
5,mlkem_neon,ML-KEM-768,BaseMulAcc,219.0,219.0,221.0,2.0,8.99,10000,block-05-mlkem-neon-768.csv
5,mlkem_neon,ML-KEM-768,MatrixVectorMul,2234.0,2228.0,2239.0,11.0,206.07,10000,block-05-mlkem-neon-768.csv
5,mlkem_neon,ML-KEM-768,InnerProdEnc,477.0,475.0,477.0,2.0,18.87,10000,block-05-mlkem-neon-768.csv
5,mlkem_neon,ML-KEM-768,InnerProdDec,1196.0,1191.0,1200.0,9.0,37.74,10000,block-05-mlkem-neon-768.csv
5,mlkem_ref,ML-KEM-1024,KeyGen,76855.0,76106.0,77234.0,1128.0,3962.44,10000,block-05-mlkem-ref-1024.csv
5,mlkem_ref,ML-KEM-1024,Encaps,83814.0,77798.0,84378.0,6580.0,9612.85,10000,block-05-mlkem-ref-1024.csv
5,mlkem_ref,ML-KEM-1024,Decaps,95089.0,87761.0,95648.0,7887.0,8404.66,10000,block-05-mlkem-ref-1024.csv
5,mlkem_ref,ML-KEM-1024,NTT,520.0,518.0,522.0,4.0,50.39,10000,block-05-mlkem-ref-1024.csv
5,mlkem_ref,ML-KEM-1024,INVNTT,886.0,885.0,886.0,1.0,78.23,10000,block-05-mlkem-ref-1024.csv
5,mlkem_ref,ML-KEM-1024,BaseMulAcc,310.0,310.0,311.0,1.0,18.54,10000,block-05-mlkem-ref-1024.csv
5,mlkem_ref,ML-KEM-1024,MatrixVectorMul,7638.0,7383.0,7676.0,293.0,319.12,10000,block-05-mlkem-ref-1024.csv
5,mlkem_ref,ML-KEM-1024,InnerProdEnc,1195.0,1193.0,1197.0,4.0,62.8,10000,block-05-mlkem-ref-1024.csv
5,mlkem_ref,ML-KEM-1024,InnerProdDec,3623.0,3577.0,3626.0,49.0,169.09,10000,block-05-mlkem-ref-1024.csv
5,mlkem_ref,ML-KEM-512,KeyGen,29694.0,27249.0,30253.0,3004.0,3162.25,10000,block-05-mlkem-ref-512.csv
5,mlkem_ref,ML-KEM-512,Encaps,35142.0,34574.0,35516.0,942.0,3688.17,10000,block-05-mlkem-ref-512.csv
5,mlkem_ref,ML-KEM-512,Decaps,42091.0,38899.0,42466.0,3567.0,4219.54,10000,block-05-mlkem-ref-512.csv
5,mlkem_ref,ML-KEM-512,NTT,520.0,520.0,522.0,2.0,38.34,10000,block-05-mlkem-ref-512.csv
5,mlkem_ref,ML-KEM-512,INVNTT,886.0,885.0,886.0,1.0,52.45,10000,block-05-mlkem-ref-512.csv
5,mlkem_ref,ML-KEM-512,BaseMulAcc,189.0,189.0,189.0,0.0,14.81,10000,block-05-mlkem-ref-512.csv
5,mlkem_ref,ML-KEM-512,MatrixVectorMul,3574.0,3523.0,3587.0,64.0,187.93,10000,block-05-mlkem-ref-512.csv
5,mlkem_ref,ML-KEM-512,InnerProdEnc,1076.0,1073.0,1076.0,3.0,83.39,10000,block-05-mlkem-ref-512.csv
5,mlkem_ref,ML-KEM-512,InnerProdDec,2275.0,2271.0,2281.0,10.0,151.29,10000,block-05-mlkem-ref-512.csv
5,mlkem_ref,ML-KEM-768,KeyGen,51865.0,47919.0,52244.0,4325.0,4728.02,10000,block-05-mlkem-ref-768.csv
5,mlkem_ref,ML-KEM-768,Encaps,57124.0,52050.0,58066.0,6016.0,28715.49,10000,block-05-mlkem-ref-768.csv
5,mlkem_ref,ML-KEM-768,Decaps,59757.0,58820.0,65585.0,6765.0,17608.39,10000,block-05-mlkem-ref-768.csv
5,mlkem_ref,ML-KEM-768,NTT,520.0,475.0,526.0,51.0,84.47,10000,block-05-mlkem-ref-768.csv
5,mlkem_ref,ML-KEM-768,INVNTT,886.0,813.0,886.0,73.0,62.6,10000,block-05-mlkem-ref-768.csv
5,mlkem_ref,ML-KEM-768,BaseMulAcc,246.0,246.0,248.0,2.0,11.97,10000,block-05-mlkem-ref-768.csv
5,mlkem_ref,ML-KEM-768,MatrixVectorMul,5552.0,5413.0,5556.0,143.0,243.75,10000,block-05-mlkem-ref-768.csv
5,mlkem_ref,ML-KEM-768,InnerProdEnc,1131.0,1129.0,1134.0,5.0,77.25,10000,block-05-mlkem-ref-768.csv
5,mlkem_ref,ML-KEM-768,InnerProdDec,2938.0,2935.0,2954.0,19.0,75.29,10000,block-05-mlkem-ref-768.csv
5,mlkem_sme,ML-KEM-1024,KeyGen,90390.0,80242.0,91327.0,11085.0,6124.2,10000,block-05-mlkem-sme-1024.csv
5,mlkem_sme,ML-KEM-1024,Encaps,102413.0,101850.0,102792.0,942.0,6222.76,10000,block-05-mlkem-sme-1024.csv
5,mlkem_sme,ML-KEM-1024,Decaps,112935.0,112371.0,122334.0,9963.0,5522.93,10000,block-05-mlkem-sme-1024.csv
5,mlkem_sme,ML-KEM-1024,NTT,1150.0,1148.0,1150.0,2.0,48.52,10000,block-05-mlkem-sme-1024.csv
5,mlkem_sme,ML-KEM-1024,INVNTT,1065.0,1063.0,1065.0,2.0,46.9,10000,block-05-mlkem-sme-1024.csv
5,mlkem_sme,ML-KEM-1024,BaseMulAcc,1202.0,1181.0,1206.0,25.0,162.15,10000,block-05-mlkem-sme-1024.csv
5,mlkem_sme,ML-KEM-1024,MatrixVectorMul,12026.0,11979.0,12186.0,207.0,246.47,10000,block-05-mlkem-sme-1024.csv
5,mlkem_sme,ML-KEM-1024,InnerProdEnc,1794.0,1792.0,1796.0,4.0,71.75,10000,block-05-mlkem-sme-1024.csv
5,mlkem_sme,ML-KEM-1024,InnerProdDec,5349.0,5318.0,5359.0,41.0,160.56,10000,block-05-mlkem-sme-1024.csv
5,mlkem_sme,ML-KEM-512,KeyGen,36828.0,36459.0,37018.0,559.0,2904.21,10000,block-05-mlkem-sme-512.csv
5,mlkem_sme,ML-KEM-512,Encaps,43409.0,41343.0,43783.0,2440.0,2744.13,10000,block-05-mlkem-sme-512.csv
5,mlkem_sme,ML-KEM-512,Decaps,57503.0,57128.0,57877.0,749.0,2195.3,10000,block-05-mlkem-sme-512.csv
5,mlkem_sme,ML-KEM-512,NTT,1172.0,1172.0,1174.0,2.0,41.84,10000,block-05-mlkem-sme-512.csv
5,mlkem_sme,ML-KEM-512,INVNTT,1076.0,1074.0,1076.0,2.0,41.34,10000,block-05-mlkem-sme-512.csv
5,mlkem_sme,ML-KEM-512,BaseMulAcc,631.0,629.0,631.0,2.0,23.68,10000,block-05-mlkem-sme-512.csv
5,mlkem_sme,ML-KEM-512,MatrixVectorMul,5053.0,5039.0,5058.0,19.0,109.27,10000,block-05-mlkem-sme-512.csv
5,mlkem_sme,ML-KEM-512,InnerProdEnc,1251.0,1249.0,1253.0,4.0,36.98,10000,block-05-mlkem-sme-512.csv
5,mlkem_sme,ML-KEM-512,InnerProdDec,3431.0,3429.0,3438.0,9.0,104.03,10000,block-05-mlkem-sme-512.csv
5,mlkem_sme,ML-KEM-768,KeyGen,61069.0,59758.0,61823.0,2065.0,2940.46,10000,block-05-mlkem-sme-768.csv
5,mlkem_sme,ML-KEM-768,Encaps,69715.0,65959.0,70654.0,4695.0,2942.21,10000,block-05-mlkem-sme-768.csv
5,mlkem_sme,ML-KEM-768,Decaps,83246.0,82118.0,86069.0,3951.0,2318.72,10000,block-05-mlkem-sme-768.csv
5,mlkem_sme,ML-KEM-768,NTT,1187.0,1183.0,1208.0,25.0,139.25,10000,block-05-mlkem-sme-768.csv
5,mlkem_sme,ML-KEM-768,INVNTT,1076.0,1074.0,1078.0,4.0,26.46,10000,block-05-mlkem-sme-768.csv
5,mlkem_sme,ML-KEM-768,BaseMulAcc,911.0,911.0,913.0,2.0,23.92,10000,block-05-mlkem-sme-768.csv
5,mlkem_sme,ML-KEM-768,MatrixVectorMul,8131.0,8118.0,8148.0,30.0,106.02,10000,block-05-mlkem-sme-768.csv
5,mlkem_sme,ML-KEM-768,InnerProdEnc,1525.0,1524.0,1527.0,3.0,17.71,10000,block-05-mlkem-sme-768.csv
5,mlkem_sme,ML-KEM-768,InnerProdDec,4927.0,4908.0,4934.0,26.0,117.43,10000,block-05-mlkem-sme-768.csv
5,mlkem_sve,ML-KEM-1024,KeyGen,91328.0,80806.0,92266.0,11460.0,9274.37,10000,block-05-mlkem-sve-1024.csv
5,mlkem_sve,ML-KEM-1024,Encaps,103356.0,102792.0,103920.0,1128.0,15667.35,10000,block-05-mlkem-sve-1024.csv
5,mlkem_sve,ML-KEM-1024,Decaps,114441.0,111997.0,122523.0,10526.0,9956.88,10000,block-05-mlkem-sve-1024.csv
5,mlkem_sve,ML-KEM-1024,NTT,1052.0,1044.0,1061.0,17.0,160.01,10000,block-05-mlkem-sve-1024.csv
5,mlkem_sve,ML-KEM-1024,INVNTT,1103.0,1082.0,1112.0,30.0,120.67,10000,block-05-mlkem-sve-1024.csv
5,mlkem_sve,ML-KEM-1024,BaseMulAcc,1181.0,1180.0,1191.0,11.0,114.83,10000,block-05-mlkem-sve-1024.csv
5,mlkem_sve,ML-KEM-1024,MatrixVectorMul,11823.0,11622.0,12205.0,583.0,1218.75,10000,block-05-mlkem-sve-1024.csv
5,mlkem_sve,ML-KEM-1024,InnerProdEnc,1753.0,1751.0,1828.0,77.0,151.35,10000,block-05-mlkem-sve-1024.csv
5,mlkem_sve,ML-KEM-1024,InnerProdDec,4660.0,4649.0,4848.0,199.0,1102.97,10000,block-05-mlkem-sve-1024.csv
5,mlkem_sve,ML-KEM-512,KeyGen,36265.0,35891.0,36644.0,753.0,7526.5,10000,block-05-mlkem-sve-512.csv
5,mlkem_sve,ML-KEM-512,Encaps,44536.0,42097.0,44915.0,2818.0,8920.68,10000,block-05-mlkem-sve-512.csv
5,mlkem_sve,ML-KEM-512,Decaps,56375.0,56000.0,56750.0,750.0,8237.0,10000,block-05-mlkem-sve-512.csv
5,mlkem_sve,ML-KEM-512,NTT,1026.0,1014.0,1035.0,21.0,127.89,10000,block-05-mlkem-sve-512.csv
5,mlkem_sve,ML-KEM-512,INVNTT,1089.0,1082.0,1133.0,51.0,493.69,10000,block-05-mlkem-sve-512.csv
5,mlkem_sve,ML-KEM-512,BaseMulAcc,631.0,629.0,657.0,28.0,383.03,10000,block-05-mlkem-sve-512.csv
5,mlkem_sve,ML-KEM-512,MatrixVectorMul,4530.0,4479.0,4733.0,254.0,438.0,10000,block-05-mlkem-sve-512.csv
5,mlkem_sve,ML-KEM-512,InnerProdEnc,1197.0,1195.0,1217.0,22.0,131.41,10000,block-05-mlkem-sve-512.csv
5,mlkem_sve,ML-KEM-512,InnerProdDec,2803.0,2790.0,2914.0,124.0,239.05,10000,block-05-mlkem-sve-512.csv
5,mlkem_sve,ML-KEM-768,KeyGen,61264.0,59758.0,62202.0,2444.0,12821.23,10000,block-05-mlkem-sve-768.csv
5,mlkem_sve,ML-KEM-768,Encaps,76670.0,70279.0,77418.0,7139.0,17739.95,10000,block-05-mlkem-sve-768.csv
5,mlkem_sve,ML-KEM-768,Decaps,83250.0,81933.0,85879.0,3946.0,12450.74,10000,block-05-mlkem-sve-768.csv
5,mlkem_sve,ML-KEM-768,NTT,1054.0,1044.0,1061.0,17.0,177.86,10000,block-05-mlkem-sve-768.csv
5,mlkem_sve,ML-KEM-768,INVNTT,1119.0,1116.0,1165.0,49.0,209.12,10000,block-05-mlkem-sve-768.csv
5,mlkem_sve,ML-KEM-768,BaseMulAcc,911.0,911.0,913.0,2.0,48.73,10000,block-05-mlkem-sve-768.csv
5,mlkem_sve,ML-KEM-768,MatrixVectorMul,7834.0,7689.0,8072.0,383.0,731.17,10000,block-05-mlkem-sve-768.csv
5,mlkem_sve,ML-KEM-768,InnerProdEnc,1477.0,1475.0,1503.0,28.0,282.21,10000,block-05-mlkem-sve-768.csv
5,mlkem_sve,ML-KEM-768,InnerProdDec,4395.0,4378.0,4611.0,233.0,424.43,10000,block-05-mlkem-sve-768.csv
6,kyber_neon,Kyber-1024,KeyGen,31570.0,31385.0,32134.0,749.0,1851.23,10000,block-06-kyber-neon-1024.csv
6,kyber_neon,Kyber-1024,Encaps,43788.0,43408.0,48298.0,4890.0,3011.49,10000,block-06-kyber-neon-1024.csv
6,kyber_neon,Kyber-1024,Decaps,39278.0,38525.0,43034.0,4509.0,3013.08,10000,block-06-kyber-neon-1024.csv
6,kyber_neon,Kyber-1024,NTT,287.0,283.0,287.0,4.0,21.29,10000,block-06-kyber-neon-1024.csv
6,kyber_neon,Kyber-1024,INVNTT,285.0,257.0,285.0,28.0,27.61,10000,block-06-kyber-neon-1024.csv
6,kyber_neon,Kyber-1024,BaseMulAcc,507.0,456.0,509.0,53.0,42.2,10000,block-06-kyber-neon-1024.csv
6,kyber_neon,Kyber-1024,MatrixVectorMul,3705.0,3444.0,3715.0,271.0,193.0,10000,block-06-kyber-neon-1024.csv
6,kyber_neon,Kyber-1024,InnerProdEnc,725.0,700.0,727.0,27.0,47.7,10000,block-06-kyber-neon-1024.csv
6,kyber_neon,Kyber-1024,InnerProdDec,1890.0,1704.0,1892.0,188.0,113.18,10000,block-06-kyber-neon-1024.csv
6,kyber_neon,Kyber-512,KeyGen,13905.0,13719.0,15221.0,1502.0,1060.41,10000,block-06-kyber-neon-512.csv
6,kyber_neon,Kyber-512,Encaps,23113.0,21043.0,23303.0,2260.0,1558.04,10000,block-06-kyber-neon-512.csv
6,kyber_neon,Kyber-512,Decaps,19542.0,17666.0,19732.0,2066.0,1229.06,10000,block-06-kyber-neon-512.csv
6,kyber_neon,Kyber-512,NTT,287.0,270.0,289.0,19.0,25.12,10000,block-06-kyber-neon-512.csv
6,kyber_neon,Kyber-512,INVNTT,285.0,283.0,285.0,2.0,26.99,10000,block-06-kyber-neon-512.csv
6,kyber_neon,Kyber-512,BaseMulAcc,274.0,272.0,276.0,4.0,37.23,10000,block-06-kyber-neon-512.csv
6,kyber_neon,Kyber-512,MatrixVectorMul,1570.0,1509.0,1572.0,63.0,90.07,10000,block-06-kyber-neon-512.csv
6,kyber_neon,Kyber-512,InnerProdEnc,511.0,509.0,513.0,4.0,28.29,10000,block-06-kyber-neon-512.csv
6,kyber_neon,Kyber-512,InnerProdDec,1071.0,1056.0,1073.0,17.0,63.76,10000,block-06-kyber-neon-512.csv
6,kyber_neon,Kyber-768,KeyGen,24241.0,21987.0,24615.0,2628.0,1347.34,10000,block-06-kyber-neon-768.csv
6,kyber_neon,Kyber-768,Encaps,34574.0,31385.0,34767.0,3382.0,1843.25,10000,block-06-kyber-neon-768.csv
6,kyber_neon,Kyber-768,Decaps,30068.0,27249.0,30257.0,3008.0,1583.02,10000,block-06-kyber-neon-768.csv
6,kyber_neon,Kyber-768,NTT,287.0,285.0,287.0,2.0,11.6,10000,block-06-kyber-neon-768.csv
6,kyber_neon,Kyber-768,INVNTT,285.0,283.0,287.0,4.0,17.1,10000,block-06-kyber-neon-768.csv
6,kyber_neon,Kyber-768,BaseMulAcc,390.0,390.0,392.0,2.0,23.15,10000,block-06-kyber-neon-768.csv
6,kyber_neon,Kyber-768,MatrixVectorMul,2565.0,2433.0,2568.0,135.0,143.65,10000,block-06-kyber-neon-768.csv
6,kyber_neon,Kyber-768,InnerProdEnc,616.0,614.0,618.0,4.0,28.52,10000,block-06-kyber-neon-768.csv
6,kyber_neon,Kyber-768,InnerProdDec,1469.0,1463.0,1473.0,10.0,73.19,10000,block-06-kyber-neon-768.csv
6,kyber_ref,Kyber-1024,KeyGen,156723.0,148830.0,157850.0,9020.0,7905.77,10000,block-06-kyber-ref-1024.csv
6,kyber_ref,Kyber-1024,Encaps,172887.0,160484.0,173450.0,12966.0,11628.24,10000,block-06-kyber-ref-1024.csv
6,kyber_ref,Kyber-1024,Decaps,196370.0,184536.0,196749.0,12213.0,9726.3,10000,block-06-kyber-ref-1024.csv
6,kyber_ref,Kyber-1024,NTT,3604.0,3358.0,3609.0,251.0,170.64,10000,block-06-kyber-ref-1024.csv
6,kyber_ref,Kyber-1024,INVNTT,5714.0,5449.0,5718.0,269.0,225.96,10000,block-06-kyber-ref-1024.csv
6,kyber_ref,Kyber-1024,BaseMulAcc,9121.0,8865.0,9232.0,367.0,289.28,10000,block-06-kyber-ref-1024.csv
6,kyber_ref,Kyber-1024,MatrixVectorMul,76709.0,76185.0,77188.0,1003.0,1700.6,10000,block-06-kyber-ref-1024.csv
6,kyber_ref,Kyber-1024,InnerProdEnc,14965.0,14742.0,15183.0,441.0,388.26,10000,block-06-kyber-ref-1024.csv
6,kyber_ref,Kyber-1024,InnerProdDec,28677.0,28428.0,28835.0,407.0,551.49,10000,block-06-kyber-ref-1024.csv
6,kyber_ref,Kyber-512,KeyGen,57317.0,52055.0,57877.0,5822.0,3468.34,10000,block-06-kyber-ref-512.csv
6,kyber_ref,Kyber-512,Encaps,75353.0,68025.0,75543.0,7518.0,4329.08,10000,block-06-kyber-ref-512.csv
6,kyber_ref,Kyber-512,Decaps,89821.0,81365.0,90015.0,8650.0,7536.35,10000,block-06-kyber-ref-512.csv
6,kyber_ref,Kyber-512,NTT,3596.0,3367.0,3602.0,235.0,177.35,10000,block-06-kyber-ref-512.csv
6,kyber_ref,Kyber-512,INVNTT,5643.0,5396.0,5646.0,250.0,210.15,10000,block-06-kyber-ref-512.csv
6,kyber_ref,Kyber-512,BaseMulAcc,5103.0,4840.0,5115.0,275.0,215.69,10000,block-06-kyber-ref-512.csv
6,kyber_ref,Kyber-512,MatrixVectorMul,29690.0,29369.0,29863.0,494.0,652.82,10000,block-06-kyber-ref-512.csv
6,kyber_ref,Kyber-512,InnerProdEnc,10502.0,10262.0,10731.0,469.0,336.65,10000,block-06-kyber-ref-512.csv
6,kyber_ref,Kyber-512,InnerProdDec,17481.0,17387.0,17686.0,299.0,370.04,10000,block-06-kyber-ref-512.csv
6,kyber_ref,Kyber-768,KeyGen,99784.0,95652.0,100537.0,4885.0,4882.94,10000,block-06-kyber-ref-768.csv
6,kyber_ref,Kyber-768,Encaps,117444.0,116697.0,117823.0,1126.0,5866.35,10000,block-06-kyber-ref-768.csv
6,kyber_ref,Kyber-768,Decaps,136238.0,124779.0,136617.0,11838.0,17238.74,10000,block-06-kyber-ref-768.csv
6,kyber_ref,Kyber-768,NTT,3632.0,3529.0,3638.0,109.0,135.21,10000,block-06-kyber-ref-768.csv
6,kyber_ref,Kyber-768,INVNTT,5646.0,5545.0,5656.0,111.0,152.81,10000,block-06-kyber-ref-768.csv
6,kyber_ref,Kyber-768,BaseMulAcc,6958.0,6842.0,6966.0,124.0,182.18,10000,block-06-kyber-ref-768.csv
6,kyber_ref,Kyber-768,MatrixVectorMul,50827.0,50575.0,51010.0,435.0,915.43,10000,block-06-kyber-ref-768.csv
6,kyber_ref,Kyber-768,InnerProdEnc,12896.0,12699.0,13054.0,355.0,312.06,10000,block-06-kyber-ref-768.csv
6,kyber_ref,Kyber-768,InnerProdDec,23220.0,23175.0,23256.0,81.0,371.24,10000,block-06-kyber-ref-768.csv
6,kyber_sme,Kyber-1024,KeyGen,62202.0,60137.0,64078.0,3941.0,3413.04,10000,block-06-kyber-sme-1024.csv
6,kyber_sme,Kyber-1024,Encaps,72913.0,69152.0,75727.0,6575.0,3552.63,10000,block-06-kyber-sme-1024.csv
6,kyber_sme,Kyber-1024,Decaps,76670.0,74604.0,77049.0,2445.0,6965.64,10000,block-06-kyber-sme-1024.csv
6,kyber_sme,Kyber-1024,NTT,1183.0,1181.0,1195.0,14.0,48.48,10000,block-06-kyber-sme-1024.csv
6,kyber_sme,Kyber-1024,INVNTT,1101.0,1099.0,1104.0,5.0,43.17,10000,block-06-kyber-sme-1024.csv
6,kyber_sme,Kyber-1024,BaseMulAcc,1409.0,1407.0,1411.0,4.0,45.39,10000,block-06-kyber-sme-1024.csv
6,kyber_sme,Kyber-1024,MatrixVectorMul,10724.0,10701.0,10895.0,194.0,157.07,10000,block-06-kyber-sme-1024.csv
6,kyber_sme,Kyber-1024,InnerProdEnc,2031.0,2029.0,2033.0,4.0,58.03,10000,block-06-kyber-sme-1024.csv
6,kyber_sme,Kyber-1024,InnerProdDec,5094.0,5090.0,5103.0,13.0,144.46,10000,block-06-kyber-sme-1024.csv
6,kyber_sme,Kyber-512,KeyGen,28751.0,28562.0,28940.0,378.0,1321.52,10000,block-06-kyber-sme-512.csv
6,kyber_sme,Kyber-512,Encaps,37581.0,37392.0,37771.0,379.0,736.83,10000,block-06-kyber-sme-512.csv
6,kyber_sme,Kyber-512,Decaps,37961.0,37771.0,38150.0,379.0,1197.46,10000,block-06-kyber-sme-512.csv
6,kyber_sme,Kyber-512,NTT,1170.0,1170.0,1172.0,2.0,54.0,10000,block-06-kyber-sme-512.csv
6,kyber_sme,Kyber-512,INVNTT,1073.0,1073.0,1074.0,1.0,43.89,10000,block-06-kyber-sme-512.csv
6,kyber_sme,Kyber-512,BaseMulAcc,751.0,749.0,751.0,2.0,19.4,10000,block-06-kyber-sme-512.csv
6,kyber_sme,Kyber-512,MatrixVectorMul,4712.0,4705.0,4812.0,107.0,262.57,10000,block-06-kyber-sme-512.csv
6,kyber_sme,Kyber-512,InnerProdEnc,1379.0,1377.0,1379.0,2.0,36.4,10000,block-06-kyber-sme-512.csv
6,kyber_sme,Kyber-512,InnerProdDec,3675.0,3664.0,3681.0,17.0,91.0,10000,block-06-kyber-sme-512.csv
6,kyber_sme,Kyber-768,KeyGen,41533.0,39842.0,42281.0,2439.0,4328.7,10000,block-06-kyber-sme-768.csv
6,kyber_sme,Kyber-768,Encaps,52803.0,49984.0,55622.0,5638.0,2732.17,10000,block-06-kyber-sme-768.csv
6,kyber_sme,Kyber-768,Decaps,54494.0,54304.0,54684.0,380.0,690.2,10000,block-06-kyber-sme-768.csv
6,kyber_sme,Kyber-768,NTT,1181.0,1180.0,1183.0,3.0,72.1,10000,block-06-kyber-sme-768.csv
6,kyber_sme,Kyber-768,INVNTT,1093.0,1093.0,1095.0,2.0,45.3,10000,block-06-kyber-sme-768.csv
6,kyber_sme,Kyber-768,BaseMulAcc,1091.0,1089.0,1093.0,4.0,10.09,10000,block-06-kyber-sme-768.csv
6,kyber_sme,Kyber-768,MatrixVectorMul,7276.0,7255.0,7279.0,24.0,95.12,10000,block-06-kyber-sme-768.csv
6,kyber_sme,Kyber-768,InnerProdEnc,1708.0,1706.0,1708.0,2.0,33.06,10000,block-06-kyber-sme-768.csv
6,kyber_sme,Kyber-768,InnerProdDec,4292.0,4286.0,4297.0,11.0,99.56,10000,block-06-kyber-sme-768.csv
6,kyber_sve,Kyber-1024,KeyGen,60885.0,58441.0,62387.0,3946.0,10661.14,10000,block-06-kyber-sve-1024.csv
6,kyber_sve,Kyber-1024,Encaps,75917.0,69905.0,76670.0,6765.0,16065.76,10000,block-06-kyber-sve-1024.csv
6,kyber_sve,Kyber-1024,Decaps,74415.0,73662.0,74979.0,1317.0,15181.86,10000,block-06-kyber-sve-1024.csv
6,kyber_sve,Kyber-1024,NTT,1059.0,1054.0,1104.0,50.0,201.98,10000,block-06-kyber-sve-1024.csv
6,kyber_sve,Kyber-1024,INVNTT,1118.0,1106.0,1159.0,53.0,283.28,10000,block-06-kyber-sve-1024.csv
6,kyber_sve,Kyber-1024,BaseMulAcc,1416.0,1415.0,1437.0,22.0,233.83,10000,block-06-kyber-sve-1024.csv
6,kyber_sve,Kyber-1024,MatrixVectorMul,10508.0,10303.0,10848.0,545.0,1038.95,10000,block-06-kyber-sve-1024.csv
6,kyber_sve,Kyber-1024,InnerProdEnc,2001.0,1982.0,2089.0,107.0,288.79,10000,block-06-kyber-sve-1024.csv
6,kyber_sve,Kyber-1024,InnerProdDec,4564.0,4481.0,4726.0,245.0,499.56,10000,block-06-kyber-sve-1024.csv
6,kyber_sve,Kyber-512,KeyGen,27809.0,27439.0,28187.0,748.0,6609.89,10000,block-06-kyber-sve-512.csv
6,kyber_sve,Kyber-512,Encaps,37581.0,37208.0,37771.0,563.0,6110.99,10000,block-06-kyber-sve-512.csv
6,kyber_sve,Kyber-512,Decaps,35893.0,35705.0,36265.0,560.0,5975.11,10000,block-06-kyber-sve-512.csv
6,kyber_sve,Kyber-512,NTT,1059.0,1057.0,1104.0,47.0,209.23,10000,block-06-kyber-sve-512.csv
6,kyber_sve,Kyber-512,INVNTT,1123.0,1120.0,1189.0,69.0,177.39,10000,block-06-kyber-sve-512.csv
6,kyber_sve,Kyber-512,BaseMulAcc,747.0,746.0,753.0,7.0,133.4,10000,block-06-kyber-sve-512.csv
6,kyber_sve,Kyber-512,MatrixVectorMul,4570.0,4472.0,4754.0,282.0,602.37,10000,block-06-kyber-sve-512.csv
6,kyber_sve,Kyber-512,InnerProdEnc,1319.0,1317.0,1377.0,60.0,232.59,10000,block-06-kyber-sve-512.csv
6,kyber_sve,Kyber-512,InnerProdDec,3369.0,3343.0,3504.0,161.0,426.16,10000,block-06-kyber-sve-512.csv
6,kyber_sve,Kyber-768,KeyGen,42471.0,41154.0,43409.0,2255.0,5437.34,10000,block-06-kyber-sve-768.csv
6,kyber_sve,Kyber-768,Encaps,52049.0,48857.0,54305.0,5448.0,17700.64,10000,block-06-kyber-sve-768.csv
6,kyber_sve,Kyber-768,Decaps,54684.0,54494.0,55058.0,564.0,7715.84,10000,block-06-kyber-sve-768.csv
6,kyber_sve,Kyber-768,NTT,1074.0,1063.0,1123.0,60.0,175.36,10000,block-06-kyber-sve-768.csv
6,kyber_sve,Kyber-768,INVNTT,1135.0,1129.0,1189.0,60.0,165.03,10000,block-06-kyber-sve-768.csv
6,kyber_sve,Kyber-768,BaseMulAcc,1093.0,1091.0,1118.0,27.0,140.41,10000,block-06-kyber-sve-768.csv
6,kyber_sve,Kyber-768,MatrixVectorMul,7118.0,6984.0,7306.0,322.0,1025.71,10000,block-06-kyber-sve-768.csv
6,kyber_sve,Kyber-768,InnerProdEnc,1657.0,1655.0,1728.0,73.0,261.24,10000,block-06-kyber-sve-768.csv
6,kyber_sve,Kyber-768,InnerProdDec,3859.0,3795.0,3989.0,194.0,1087.27,10000,block-06-kyber-sve-768.csv
6,mlkem_neon,ML-KEM-1024,KeyGen,59947.0,59194.0,60321.0,1127.0,3530.03,10000,block-06-mlkem-neon-1024.csv
6,mlkem_neon,ML-KEM-1024,Encaps,64642.0,61449.0,65021.0,3572.0,5313.63,10000,block-06-mlkem-neon-1024.csv
6,mlkem_neon,ML-KEM-1024,Decaps,76291.0,75542.0,76670.0,1128.0,4033.59,10000,block-06-mlkem-neon-1024.csv
6,mlkem_neon,ML-KEM-1024,NTT,221.0,201.0,225.0,24.0,42.66,10000,block-06-mlkem-neon-1024.csv
6,mlkem_neon,ML-KEM-1024,INVNTT,257.0,255.0,259.0,4.0,15.65,10000,block-06-mlkem-neon-1024.csv
6,mlkem_neon,ML-KEM-1024,BaseMulAcc,280.0,278.0,283.0,5.0,46.15,10000,block-06-mlkem-neon-1024.csv
6,mlkem_neon,ML-KEM-1024,MatrixVectorMul,3224.0,3106.0,3234.0,128.0,145.85,10000,block-06-mlkem-neon-1024.csv
6,mlkem_neon,ML-KEM-1024,InnerProdEnc,535.0,531.0,537.0,6.0,32.06,10000,block-06-mlkem-neon-1024.csv
6,mlkem_neon,ML-KEM-1024,InnerProdDec,1510.0,1465.0,1518.0,53.0,81.56,10000,block-06-mlkem-neon-1024.csv
6,mlkem_neon,ML-KEM-512,KeyGen,23488.0,22925.0,23678.0,753.0,1383.41,10000,block-06-mlkem-neon-512.csv
6,mlkem_neon,ML-KEM-512,Encaps,26871.0,26311.0,27060.0,749.0,2553.61,10000,block-06-mlkem-neon-512.csv
6,mlkem_neon,ML-KEM-512,Decaps,33072.0,30069.0,33446.0,3377.0,3285.48,10000,block-06-mlkem-neon-512.csv
6,mlkem_neon,ML-KEM-512,NTT,221.0,217.0,225.0,8.0,17.06,10000,block-06-mlkem-neon-512.csv
6,mlkem_neon,ML-KEM-512,INVNTT,257.0,257.0,259.0,2.0,23.21,10000,block-06-mlkem-neon-512.csv
6,mlkem_neon,ML-KEM-512,BaseMulAcc,163.0,163.0,163.0,0.0,28.8,10000,block-06-mlkem-neon-512.csv
6,mlkem_neon,ML-KEM-512,MatrixVectorMul,1371.0,1366.0,1373.0,7.0,65.4,10000,block-06-mlkem-neon-512.csv
6,mlkem_neon,ML-KEM-512,InnerProdEnc,419.0,390.0,420.0,30.0,23.34,10000,block-06-mlkem-neon-512.csv
6,mlkem_neon,ML-KEM-512,InnerProdDec,890.0,886.0,894.0,8.0,44.28,10000,block-06-mlkem-neon-512.csv
6,mlkem_neon,ML-KEM-768,KeyGen,40590.0,37018.0,40780.0,3762.0,2191.06,10000,block-06-mlkem-neon-768.csv
6,mlkem_neon,ML-KEM-768,Encaps,43598.0,43219.0,43972.0,753.0,2138.55,10000,block-06-mlkem-neon-768.csv
6,mlkem_neon,ML-KEM-768,Decaps,52050.0,51676.0,52244.0,568.0,1946.93,10000,block-06-mlkem-neon-768.csv
6,mlkem_neon,ML-KEM-768,NTT,221.0,206.0,225.0,19.0,14.51,10000,block-06-mlkem-neon-768.csv
6,mlkem_neon,ML-KEM-768,INVNTT,257.0,257.0,259.0,2.0,23.96,10000,block-06-mlkem-neon-768.csv
6,mlkem_neon,ML-KEM-768,BaseMulAcc,219.0,219.0,221.0,2.0,17.81,10000,block-06-mlkem-neon-768.csv
6,mlkem_neon,ML-KEM-768,MatrixVectorMul,2234.0,2224.0,2238.0,14.0,96.39,10000,block-06-mlkem-neon-768.csv
6,mlkem_neon,ML-KEM-768,InnerProdEnc,477.0,475.0,477.0,2.0,22.78,10000,block-06-mlkem-neon-768.csv
6,mlkem_neon,ML-KEM-768,InnerProdDec,1196.0,1191.0,1200.0,9.0,57.87,10000,block-06-mlkem-neon-768.csv
6,mlkem_ref,ML-KEM-1024,KeyGen,76670.0,73103.0,77233.0,4130.0,4535.51,10000,block-06-mlkem-ref-1024.csv
6,mlkem_ref,ML-KEM-1024,Encaps,83999.0,77044.0,84378.0,7334.0,6015.76,10000,block-06-mlkem-ref-1024.csv
6,mlkem_ref,ML-KEM-1024,Decaps,94710.0,90579.0,95089.0,4510.0,6524.43,10000,block-06-mlkem-ref-1024.csv
6,mlkem_ref,ML-KEM-1024,NTT,520.0,518.0,520.0,2.0,25.09,10000,block-06-mlkem-ref-1024.csv
6,mlkem_ref,ML-KEM-1024,INVNTT,886.0,883.0,886.0,3.0,46.82,10000,block-06-mlkem-ref-1024.csv
6,mlkem_ref,ML-KEM-1024,BaseMulAcc,311.0,310.0,311.0,1.0,27.27,10000,block-06-mlkem-ref-1024.csv
6,mlkem_ref,ML-KEM-1024,MatrixVectorMul,7642.0,7396.0,7674.0,278.0,233.72,10000,block-06-mlkem-ref-1024.csv
6,mlkem_ref,ML-KEM-1024,InnerProdEnc,1195.0,1183.0,1195.0,12.0,64.27,10000,block-06-mlkem-ref-1024.csv
6,mlkem_ref,ML-KEM-1024,InnerProdDec,3621.0,3579.0,3623.0,44.0,131.16,10000,block-06-mlkem-ref-1024.csv
6,mlkem_ref,ML-KEM-512,KeyGen,29690.0,26876.0,30063.0,3187.0,1671.42,10000,block-06-mlkem-ref-512.csv
6,mlkem_ref,ML-KEM-512,Encaps,35137.0,31945.0,35331.0,3386.0,2227.34,10000,block-06-mlkem-ref-512.csv
6,mlkem_ref,ML-KEM-512,Decaps,41907.0,38520.0,42281.0,3761.0,3253.08,10000,block-06-mlkem-ref-512.csv
6,mlkem_ref,ML-KEM-512,NTT,520.0,518.0,520.0,2.0,34.39,10000,block-06-mlkem-ref-512.csv
6,mlkem_ref,ML-KEM-512,INVNTT,886.0,885.0,886.0,1.0,46.57,10000,block-06-mlkem-ref-512.csv
6,mlkem_ref,ML-KEM-512,BaseMulAcc,189.0,171.0,189.0,18.0,39.63,10000,block-06-mlkem-ref-512.csv
6,mlkem_ref,ML-KEM-512,MatrixVectorMul,3566.0,3446.0,3583.0,137.0,161.91,10000,block-06-mlkem-ref-512.csv
6,mlkem_ref,ML-KEM-512,InnerProdEnc,1074.0,1072.0,1076.0,4.0,70.62,10000,block-06-mlkem-ref-512.csv
6,mlkem_ref,ML-KEM-512,InnerProdDec,2273.0,2270.0,2275.0,5.0,85.6,10000,block-06-mlkem-ref-512.csv
6,mlkem_ref,ML-KEM-768,KeyGen,52050.0,50359.0,52244.0,1885.0,2354.93,10000,block-06-mlkem-ref-768.csv
6,mlkem_ref,ML-KEM-768,Encaps,57313.0,56565.0,57503.0,938.0,2878.28,10000,block-06-mlkem-ref-768.csv
6,mlkem_ref,ML-KEM-768,Decaps,65210.0,64831.0,65584.0,753.0,3044.57,10000,block-06-mlkem-ref-768.csv
6,mlkem_ref,ML-KEM-768,NTT,520.0,518.0,522.0,4.0,20.2,10000,block-06-mlkem-ref-768.csv
6,mlkem_ref,ML-KEM-768,INVNTT,886.0,855.0,888.0,33.0,66.16,10000,block-06-mlkem-ref-768.csv
6,mlkem_ref,ML-KEM-768,BaseMulAcc,246.0,244.0,248.0,4.0,18.55,10000,block-06-mlkem-ref-768.csv
6,mlkem_ref,ML-KEM-768,MatrixVectorMul,5552.0,5425.0,5560.0,135.0,154.68,10000,block-06-mlkem-ref-768.csv
6,mlkem_ref,ML-KEM-768,InnerProdEnc,1133.0,1131.0,1135.0,4.0,57.68,10000,block-06-mlkem-ref-768.csv
6,mlkem_ref,ML-KEM-768,InnerProdDec,2938.0,2935.0,2946.0,11.0,80.96,10000,block-06-mlkem-ref-768.csv
6,mlkem_sme,ML-KEM-1024,KeyGen,91517.0,82682.0,92455.0,9773.0,16246.26,10000,block-06-mlkem-sme-1024.csv
6,mlkem_sme,ML-KEM-1024,Encaps,102413.0,101849.0,102792.0,943.0,7289.85,10000,block-06-mlkem-sme-1024.csv
6,mlkem_sme,ML-KEM-1024,Decaps,112939.0,112376.0,122518.0,10142.0,5725.32,10000,block-06-mlkem-sme-1024.csv
6,mlkem_sme,ML-KEM-1024,NTT,1157.0,1155.0,1157.0,2.0,45.25,10000,block-06-mlkem-sme-1024.csv
6,mlkem_sme,ML-KEM-1024,INVNTT,1076.0,1074.0,1078.0,4.0,40.54,10000,block-06-mlkem-sme-1024.csv
6,mlkem_sme,ML-KEM-1024,BaseMulAcc,1181.0,1180.0,1183.0,3.0,38.4,10000,block-06-mlkem-sme-1024.csv
6,mlkem_sme,ML-KEM-1024,MatrixVectorMul,12026.0,11994.0,12199.0,205.0,184.22,10000,block-06-mlkem-sme-1024.csv
6,mlkem_sme,ML-KEM-1024,InnerProdEnc,1794.0,1792.0,1796.0,4.0,53.16,10000,block-06-mlkem-sme-1024.csv
6,mlkem_sme,ML-KEM-1024,InnerProdDec,5351.0,5325.0,5365.0,40.0,106.76,10000,block-06-mlkem-sme-1024.csv
6,mlkem_sme,ML-KEM-512,KeyGen,36644.0,36459.0,37018.0,559.0,1052.0,10000,block-06-mlkem-sme-512.csv
6,mlkem_sme,ML-KEM-512,Encaps,43409.0,41154.0,43783.0,2629.0,1836.2,10000,block-06-mlkem-sme-512.csv
6,mlkem_sme,ML-KEM-512,Decaps,57502.0,57123.0,57877.0,754.0,2184.99,10000,block-06-mlkem-sme-512.csv
6,mlkem_sme,ML-KEM-512,NTT,1174.0,1174.0,1176.0,2.0,47.84,10000,block-06-mlkem-sme-512.csv
6,mlkem_sme,ML-KEM-512,INVNTT,1078.0,1076.0,1078.0,2.0,868.5,10000,block-06-mlkem-sme-512.csv
6,mlkem_sme,ML-KEM-512,BaseMulAcc,631.0,631.0,633.0,2.0,23.01,10000,block-06-mlkem-sme-512.csv
6,mlkem_sme,ML-KEM-512,MatrixVectorMul,5049.0,5047.0,5056.0,9.0,123.39,10000,block-06-mlkem-sme-512.csv
6,mlkem_sme,ML-KEM-512,InnerProdEnc,1255.0,1253.0,1255.0,2.0,43.75,10000,block-06-mlkem-sme-512.csv
6,mlkem_sme,ML-KEM-512,InnerProdDec,3442.0,3433.0,3446.0,13.0,85.55,10000,block-06-mlkem-sme-512.csv
6,mlkem_sme,ML-KEM-768,KeyGen,61069.0,59758.0,61823.0,2065.0,1464.73,10000,block-06-mlkem-sme-768.csv
6,mlkem_sme,ML-KEM-768,Encaps,69718.0,66144.0,70658.0,4514.0,2615.08,10000,block-06-mlkem-sme-768.csv
6,mlkem_sme,ML-KEM-768,Decaps,82872.0,81933.0,86064.0,4131.0,2404.41,10000,block-06-mlkem-sme-768.csv
6,mlkem_sme,ML-KEM-768,NTT,1185.0,1183.0,1185.0,2.0,65.58,10000,block-06-mlkem-sme-768.csv
6,mlkem_sme,ML-KEM-768,INVNTT,1091.0,1089.0,1091.0,2.0,17.96,10000,block-06-mlkem-sme-768.csv
6,mlkem_sme,ML-KEM-768,BaseMulAcc,911.0,911.0,913.0,2.0,15.23,10000,block-06-mlkem-sme-768.csv
6,mlkem_sme,ML-KEM-768,MatrixVectorMul,8134.0,8112.0,8279.0,167.0,365.99,10000,block-06-mlkem-sme-768.csv
6,mlkem_sme,ML-KEM-768,InnerProdEnc,1525.0,1524.0,1527.0,3.0,23.3,10000,block-06-mlkem-sme-768.csv
6,mlkem_sme,ML-KEM-768,InnerProdDec,4925.0,4908.0,4940.0,32.0,86.65,10000,block-06-mlkem-sme-768.csv
6,mlkem_sve,ML-KEM-1024,KeyGen,92455.0,85501.0,93209.0,7708.0,16420.2,10000,block-06-mlkem-sve-1024.csv
6,mlkem_sve,ML-KEM-1024,Encaps,103541.0,97339.0,104857.0,7518.0,24252.67,10000,block-06-mlkem-sve-1024.csv
6,mlkem_sve,ML-KEM-1024,Decaps,121022.0,115380.0,124025.0,8645.0,19510.26,10000,block-06-mlkem-sve-1024.csv
6,mlkem_sve,ML-KEM-1024,NTT,1054.0,1044.0,1103.0,59.0,200.88,10000,block-06-mlkem-sve-1024.csv
6,mlkem_sve,ML-KEM-1024,INVNTT,1101.0,1084.0,1135.0,51.0,230.33,10000,block-06-mlkem-sve-1024.csv
6,mlkem_sve,ML-KEM-1024,BaseMulAcc,1182.0,1180.0,1232.0,52.0,217.3,10000,block-06-mlkem-sve-1024.csv
6,mlkem_sve,ML-KEM-1024,MatrixVectorMul,11913.0,11622.0,12317.0,695.0,1122.42,10000,block-06-mlkem-sve-1024.csv
6,mlkem_sve,ML-KEM-1024,InnerProdEnc,1753.0,1751.0,1822.0,71.0,178.05,10000,block-06-mlkem-sve-1024.csv
6,mlkem_sve,ML-KEM-1024,InnerProdDec,4761.0,4649.0,4900.0,251.0,356.85,10000,block-06-mlkem-sve-1024.csv
6,mlkem_sve,ML-KEM-512,KeyGen,36264.0,35891.0,36455.0,564.0,5014.89,10000,block-06-mlkem-sve-512.csv
6,mlkem_sve,ML-KEM-512,Encaps,44536.0,41907.0,44911.0,3004.0,5837.44,10000,block-06-mlkem-sve-512.csv
6,mlkem_sve,ML-KEM-512,Decaps,56375.0,56001.0,56939.0,938.0,9558.17,10000,block-06-mlkem-sve-512.csv
6,mlkem_sve,ML-KEM-512,NTT,1026.0,1022.0,1029.0,7.0,84.35,10000,block-06-mlkem-sve-512.csv
6,mlkem_sve,ML-KEM-512,INVNTT,1088.0,1086.0,1093.0,7.0,117.13,10000,block-06-mlkem-sve-512.csv
6,mlkem_sve,ML-KEM-512,BaseMulAcc,631.0,631.0,637.0,6.0,65.35,10000,block-06-mlkem-sve-512.csv
6,mlkem_sve,ML-KEM-512,MatrixVectorMul,4487.0,4463.0,4699.0,236.0,749.15,10000,block-06-mlkem-sve-512.csv
6,mlkem_sve,ML-KEM-512,InnerProdEnc,1198.0,1198.0,1219.0,21.0,139.65,10000,block-06-mlkem-sve-512.csv
6,mlkem_sve,ML-KEM-512,InnerProdDec,2803.0,2786.0,2927.0,141.0,234.35,10000,block-06-mlkem-sve-512.csv
6,mlkem_sve,ML-KEM-768,KeyGen,61075.0,59758.0,61823.0,2065.0,8539.59,10000,block-06-mlkem-sve-768.csv
6,mlkem_sve,ML-KEM-768,Encaps,76480.0,69905.0,77044.0,7139.0,6352.2,10000,block-06-mlkem-sve-768.csv
6,mlkem_sve,ML-KEM-768,Decaps,85316.0,82871.0,86443.0,3572.0,28614.01,10000,block-06-mlkem-sve-768.csv
6,mlkem_sve,ML-KEM-768,NTT,1059.0,1044.0,1071.0,27.0,157.07,10000,block-06-mlkem-sve-768.csv
6,mlkem_sve,ML-KEM-768,INVNTT,1118.0,1116.0,1121.0,5.0,113.01,10000,block-06-mlkem-sve-768.csv
6,mlkem_sve,ML-KEM-768,BaseMulAcc,913.0,911.0,932.0,21.0,105.46,10000,block-06-mlkem-sve-768.csv
6,mlkem_sve,ML-KEM-768,MatrixVectorMul,7886.0,7693.0,8133.0,440.0,579.27,10000,block-06-mlkem-sve-768.csv
6,mlkem_sve,ML-KEM-768,InnerProdEnc,1477.0,1475.0,1486.0,11.0,149.67,10000,block-06-mlkem-sve-768.csv
6,mlkem_sve,ML-KEM-768,InnerProdDec,4389.0,4376.0,4596.0,220.0,893.82,10000,block-06-mlkem-sve-768.csv
7,kyber_neon,Kyber-1024,KeyGen,32134.0,31570.0,35142.0,3572.0,2236.11,10000,block-07-kyber-neon-1024.csv
7,kyber_neon,Kyber-1024,Encaps,48104.0,43409.0,48483.0,5074.0,3229.58,10000,block-07-kyber-neon-1024.csv
7,kyber_neon,Kyber-1024,Decaps,42845.0,38709.0,43219.0,4510.0,2527.31,10000,block-07-kyber-neon-1024.csv
7,kyber_neon,Kyber-1024,NTT,287.0,285.0,287.0,2.0,35.98,10000,block-07-kyber-neon-1024.csv
7,kyber_neon,Kyber-1024,INVNTT,285.0,283.0,287.0,4.0,17.14,10000,block-07-kyber-neon-1024.csv
7,kyber_neon,Kyber-1024,BaseMulAcc,505.0,458.0,507.0,49.0,38.55,10000,block-07-kyber-neon-1024.csv
7,kyber_neon,Kyber-1024,MatrixVectorMul,3707.0,3525.0,3715.0,190.0,166.69,10000,block-07-kyber-neon-1024.csv
7,kyber_neon,Kyber-1024,InnerProdEnc,725.0,657.0,727.0,70.0,63.68,10000,block-07-kyber-neon-1024.csv
7,kyber_neon,Kyber-1024,InnerProdDec,1890.0,1773.0,1892.0,119.0,96.73,10000,block-07-kyber-neon-1024.csv
7,kyber_neon,Kyber-512,KeyGen,13720.0,13715.0,14094.0,379.0,1097.44,10000,block-07-kyber-neon-512.csv
7,kyber_neon,Kyber-512,Encaps,22924.0,20859.0,23303.0,2444.0,1854.84,10000,block-07-kyber-neon-512.csv
7,kyber_neon,Kyber-512,Decaps,18225.0,17666.0,19731.0,2065.0,1448.6,10000,block-07-kyber-neon-512.csv
7,kyber_neon,Kyber-512,NTT,287.0,268.0,287.0,19.0,15.32,10000,block-07-kyber-neon-512.csv
7,kyber_neon,Kyber-512,INVNTT,283.0,255.0,285.0,30.0,28.17,10000,block-07-kyber-neon-512.csv
7,kyber_neon,Kyber-512,BaseMulAcc,274.0,274.0,276.0,2.0,23.09,10000,block-07-kyber-neon-512.csv
7,kyber_neon,Kyber-512,MatrixVectorMul,1569.0,1435.0,1570.0,135.0,86.55,10000,block-07-kyber-neon-512.csv
7,kyber_neon,Kyber-512,InnerProdEnc,511.0,490.0,513.0,23.0,39.17,10000,block-07-kyber-neon-512.csv
7,kyber_neon,Kyber-512,InnerProdDec,1069.0,1001.0,1071.0,70.0,55.92,10000,block-07-kyber-neon-512.csv
7,kyber_neon,Kyber-768,KeyGen,24241.0,21986.0,24615.0,2629.0,1524.27,10000,block-07-kyber-neon-768.csv
7,kyber_neon,Kyber-768,Encaps,34573.0,31380.0,34763.0,3383.0,1847.3,10000,block-07-kyber-neon-768.csv
7,kyber_neon,Kyber-768,Decaps,30068.0,27439.0,30258.0,2819.0,2402.36,10000,block-07-kyber-neon-768.csv
7,kyber_neon,Kyber-768,NTT,285.0,283.0,287.0,4.0,24.7,10000,block-07-kyber-neon-768.csv
7,kyber_neon,Kyber-768,INVNTT,285.0,283.0,285.0,2.0,21.38,10000,block-07-kyber-neon-768.csv
7,kyber_neon,Kyber-768,BaseMulAcc,388.0,385.0,390.0,5.0,26.88,10000,block-07-kyber-neon-768.csv
7,kyber_neon,Kyber-768,MatrixVectorMul,2566.0,2497.0,2570.0,73.0,102.86,10000,block-07-kyber-neon-768.csv
7,kyber_neon,Kyber-768,InnerProdEnc,616.0,614.0,618.0,4.0,41.94,10000,block-07-kyber-neon-768.csv
7,kyber_neon,Kyber-768,InnerProdDec,1469.0,1463.0,1471.0,8.0,68.42,10000,block-07-kyber-neon-768.csv
7,kyber_ref,Kyber-1024,KeyGen,156348.0,142250.0,157660.0,15410.0,9527.31,10000,block-07-kyber-ref-1024.csv
7,kyber_ref,Kyber-1024,Encaps,172887.0,162175.0,173450.0,11275.0,10175.31,10000,block-07-kyber-ref-1024.csv
7,kyber_ref,Kyber-1024,Decaps,197125.0,182466.0,202765.0,20299.0,16359.94,10000,block-07-kyber-ref-1024.csv
7,kyber_ref,Kyber-1024,NTT,3606.0,3405.0,3611.0,206.0,175.62,10000,block-07-kyber-ref-1024.csv
7,kyber_ref,Kyber-1024,INVNTT,5714.0,5421.0,5740.0,319.0,423.48,10000,block-07-kyber-ref-1024.csv
7,kyber_ref,Kyber-1024,BaseMulAcc,9149.0,8879.0,9232.0,353.0,293.64,10000,block-07-kyber-ref-1024.csv
7,kyber_ref,Kyber-1024,MatrixVectorMul,77042.0,76399.0,77598.0,1199.0,2382.87,10000,block-07-kyber-ref-1024.csv
7,kyber_ref,Kyber-1024,InnerProdEnc,15022.0,14798.0,15275.0,477.0,660.79,10000,block-07-kyber-ref-1024.csv
7,kyber_ref,Kyber-1024,InnerProdDec,28811.0,28523.0,28978.0,455.0,1435.07,10000,block-07-kyber-ref-1024.csv
7,kyber_ref,Kyber-512,KeyGen,57313.0,52055.0,57877.0,5822.0,3014.99,10000,block-07-kyber-ref-512.csv
7,kyber_ref,Kyber-512,Encaps,75353.0,68398.0,75732.0,7334.0,6328.07,10000,block-07-kyber-ref-512.csv
7,kyber_ref,Kyber-512,Decaps,90010.0,81180.0,90390.0,9210.0,36643.26,10000,block-07-kyber-ref-512.csv
7,kyber_ref,Kyber-512,NTT,3594.0,3320.0,3604.0,284.0,227.57,10000,block-07-kyber-ref-512.csv
7,kyber_ref,Kyber-512,INVNTT,5643.0,5368.0,5654.0,286.0,325.5,10000,block-07-kyber-ref-512.csv
7,kyber_ref,Kyber-512,BaseMulAcc,5103.0,4784.0,5111.0,327.0,333.46,10000,block-07-kyber-ref-512.csv
7,kyber_ref,Kyber-512,MatrixVectorMul,29707.0,29284.0,29968.0,684.0,1245.6,10000,block-07-kyber-ref-512.csv
7,kyber_ref,Kyber-512,InnerProdEnc,10562.0,10271.0,10739.0,468.0,723.2,10000,block-07-kyber-ref-512.csv
7,kyber_ref,Kyber-512,InnerProdDec,17496.0,17386.0,17690.0,304.0,378.62,10000,block-07-kyber-ref-512.csv
7,kyber_ref,Kyber-768,KeyGen,99784.0,91517.0,100537.0,9020.0,6955.48,10000,block-07-kyber-ref-768.csv
7,kyber_ref,Kyber-768,Encaps,117260.0,116697.0,117635.0,938.0,5559.26,10000,block-07-kyber-ref-768.csv
7,kyber_ref,Kyber-768,Decaps,136243.0,135674.0,136617.0,943.0,6925.16,10000,block-07-kyber-ref-768.csv
7,kyber_ref,Kyber-768,NTT,3632.0,3502.0,3638.0,136.0,145.92,10000,block-07-kyber-ref-768.csv
7,kyber_ref,Kyber-768,INVNTT,5648.0,5504.0,5656.0,152.0,229.79,10000,block-07-kyber-ref-768.csv
7,kyber_ref,Kyber-768,BaseMulAcc,6958.0,6813.0,6966.0,153.0,183.41,10000,block-07-kyber-ref-768.csv
7,kyber_ref,Kyber-768,MatrixVectorMul,50816.0,50530.0,50981.0,451.0,1444.14,10000,block-07-kyber-ref-768.csv
7,kyber_ref,Kyber-768,InnerProdEnc,12844.0,12628.0,13024.0,396.0,362.74,10000,block-07-kyber-ref-768.csv
7,kyber_ref,Kyber-768,InnerProdDec,23218.0,23094.0,23249.0,155.0,407.24,10000,block-07-kyber-ref-768.csv
7,kyber_sme,Kyber-1024,KeyGen,62391.0,61074.0,64083.0,3009.0,3269.71,10000,block-07-kyber-sme-1024.csv
7,kyber_sme,Kyber-1024,Encaps,74228.0,69152.0,75727.0,6575.0,3933.0,10000,block-07-kyber-sme-1024.csv
7,kyber_sme,Kyber-1024,Decaps,76481.0,74415.0,77044.0,2629.0,160013.1,10000,block-07-kyber-sme-1024.csv
7,kyber_sme,Kyber-1024,NTT,1174.0,1172.0,1178.0,6.0,68.73,10000,block-07-kyber-sme-1024.csv
7,kyber_sme,Kyber-1024,INVNTT,1097.0,1097.0,1099.0,2.0,49.77,10000,block-07-kyber-sme-1024.csv
7,kyber_sme,Kyber-1024,BaseMulAcc,1409.0,1407.0,1411.0,4.0,39.66,10000,block-07-kyber-sme-1024.csv
7,kyber_sme,Kyber-1024,MatrixVectorMul,10726.0,10713.0,10906.0,193.0,453.71,10000,block-07-kyber-sme-1024.csv
7,kyber_sme,Kyber-1024,InnerProdEnc,2031.0,2029.0,2033.0,4.0,57.07,10000,block-07-kyber-sme-1024.csv
7,kyber_sme,Kyber-1024,InnerProdDec,5122.0,5090.0,5132.0,42.0,111.82,10000,block-07-kyber-sme-1024.csv
7,kyber_sme,Kyber-512,KeyGen,28751.0,28562.0,28941.0,379.0,828.85,10000,block-07-kyber-sme-512.csv
7,kyber_sme,Kyber-512,Encaps,37582.0,37397.0,37771.0,374.0,1453.77,10000,block-07-kyber-sme-512.csv
7,kyber_sme,Kyber-512,Decaps,37960.0,37771.0,38146.0,375.0,1365.22,10000,block-07-kyber-sme-512.csv
7,kyber_sme,Kyber-512,NTT,1191.0,1191.0,1193.0,2.0,51.28,10000,block-07-kyber-sme-512.csv
7,kyber_sme,Kyber-512,INVNTT,1097.0,1097.0,1099.0,2.0,55.44,10000,block-07-kyber-sme-512.csv
7,kyber_sme,Kyber-512,BaseMulAcc,751.0,749.0,751.0,2.0,22.87,10000,block-07-kyber-sme-512.csv
7,kyber_sme,Kyber-512,MatrixVectorMul,4709.0,4699.0,4729.0,30.0,135.48,10000,block-07-kyber-sme-512.csv
7,kyber_sme,Kyber-512,InnerProdEnc,1379.0,1377.0,1379.0,2.0,70.46,10000,block-07-kyber-sme-512.csv
7,kyber_sme,Kyber-512,InnerProdDec,3677.0,3662.0,3683.0,21.0,252.96,10000,block-07-kyber-sme-512.csv
7,kyber_sme,Kyber-768,KeyGen,41717.0,40026.0,42281.0,2255.0,2254.23,10000,block-07-kyber-sme-768.csv
7,kyber_sme,Kyber-768,Encaps,52618.0,49984.0,55437.0,5453.0,3501.81,10000,block-07-kyber-sme-768.csv
7,kyber_sme,Kyber-768,Decaps,54494.0,54305.0,54684.0,379.0,1379.88,10000,block-07-kyber-sme-768.csv
7,kyber_sme,Kyber-768,NTT,1202.0,1197.0,1204.0,7.0,33.37,10000,block-07-kyber-sme-768.csv
7,kyber_sme,Kyber-768,INVNTT,1093.0,1093.0,1095.0,2.0,45.49,10000,block-07-kyber-sme-768.csv
7,kyber_sme,Kyber-768,BaseMulAcc,1093.0,1091.0,1093.0,2.0,25.65,10000,block-07-kyber-sme-768.csv
7,kyber_sme,Kyber-768,MatrixVectorMul,7261.0,7255.0,7279.0,24.0,275.26,10000,block-07-kyber-sme-768.csv
7,kyber_sme,Kyber-768,InnerProdEnc,1708.0,1708.0,1710.0,2.0,523.87,10000,block-07-kyber-sme-768.csv
7,kyber_sme,Kyber-768,InnerProdDec,4293.0,4286.0,4297.0,11.0,67.07,10000,block-07-kyber-sme-768.csv
7,kyber_sve,Kyber-1024,KeyGen,61075.0,59758.0,62386.0,2628.0,66678.07,10000,block-07-kyber-sve-1024.csv
7,kyber_sve,Kyber-1024,Encaps,75732.0,69531.0,76480.0,6949.0,68323.1,10000,block-07-kyber-sve-1024.csv
7,kyber_sve,Kyber-1024,Decaps,74415.0,72913.0,74794.0,1881.0,10503.49,10000,block-07-kyber-sve-1024.csv
7,kyber_sve,Kyber-1024,NTT,1059.0,1056.0,1065.0,9.0,103.52,10000,block-07-kyber-sve-1024.csv
7,kyber_sve,Kyber-1024,INVNTT,1116.0,1104.0,1121.0,17.0,138.28,10000,block-07-kyber-sve-1024.csv
7,kyber_sve,Kyber-1024,BaseMulAcc,1416.0,1415.0,1430.0,15.0,173.1,10000,block-07-kyber-sve-1024.csv
7,kyber_sve,Kyber-1024,MatrixVectorMul,10508.0,10303.0,10761.0,458.0,508.05,10000,block-07-kyber-sve-1024.csv
7,kyber_sve,Kyber-1024,InnerProdEnc,1982.0,1980.0,2070.0,90.0,947.87,10000,block-07-kyber-sve-1024.csv
7,kyber_sve,Kyber-1024,InnerProdDec,4491.0,4483.0,4694.0,211.0,297.5,10000,block-07-kyber-sve-1024.csv
7,kyber_sve,Kyber-512,KeyGen,27624.0,27435.0,27813.0,378.0,3264.89,10000,block-07-kyber-sve-512.csv
7,kyber_sve,Kyber-512,Encaps,37397.0,37208.0,37771.0,563.0,4268.71,10000,block-07-kyber-sve-512.csv
7,kyber_sve,Kyber-512,Decaps,35890.0,35701.0,36080.0,379.0,2949.63,10000,block-07-kyber-sve-512.csv
7,kyber_sve,Kyber-512,NTT,1056.0,1044.0,1059.0,15.0,113.05,10000,block-07-kyber-sve-512.csv
7,kyber_sve,Kyber-512,INVNTT,1121.0,1120.0,1135.0,15.0,126.67,10000,block-07-kyber-sve-512.csv
7,kyber_sve,Kyber-512,BaseMulAcc,751.0,749.0,764.0,15.0,107.74,10000,block-07-kyber-sve-512.csv
7,kyber_sve,Kyber-512,MatrixVectorMul,4555.0,4470.0,4712.0,242.0,391.94,10000,block-07-kyber-sve-512.csv
7,kyber_sve,Kyber-512,InnerProdEnc,1321.0,1319.0,1349.0,30.0,178.99,10000,block-07-kyber-sve-512.csv
7,kyber_sve,Kyber-512,InnerProdDec,3382.0,3350.0,3564.0,214.0,1037.4,10000,block-07-kyber-sve-512.csv
7,kyber_sve,Kyber-768,KeyGen,42471.0,41528.0,43598.0,2070.0,4154.01,10000,block-07-kyber-sve-768.csv
7,kyber_sve,Kyber-768,Encaps,51957.0,48857.0,54305.0,5448.0,10221.1,10000,block-07-kyber-sve-768.csv
7,kyber_sve,Kyber-768,Decaps,54684.0,54494.0,55058.0,564.0,6554.03,10000,block-07-kyber-sve-768.csv
7,kyber_sve,Kyber-768,NTT,1067.0,1054.0,1074.0,20.0,140.55,10000,block-07-kyber-sve-768.csv
7,kyber_sve,Kyber-768,INVNTT,1133.0,1129.0,1150.0,21.0,110.7,10000,block-07-kyber-sve-768.csv
7,kyber_sve,Kyber-768,BaseMulAcc,1093.0,1091.0,1099.0,8.0,112.64,10000,block-07-kyber-sve-768.csv
7,kyber_sve,Kyber-768,MatrixVectorMul,7116.0,6982.0,7296.0,314.0,412.23,10000,block-07-kyber-sve-768.csv
7,kyber_sve,Kyber-768,InnerProdEnc,1657.0,1655.0,1687.0,32.0,178.75,10000,block-07-kyber-sve-768.csv
7,kyber_sve,Kyber-768,InnerProdDec,3801.0,3792.0,3968.0,176.0,289.19,10000,block-07-kyber-sve-768.csv
7,mlkem_neon,ML-KEM-1024,KeyGen,59943.0,58445.0,60321.0,1876.0,3964.16,10000,block-07-mlkem-neon-1024.csv
7,mlkem_neon,ML-KEM-1024,Encaps,64642.0,60885.0,65021.0,4136.0,5060.17,10000,block-07-mlkem-neon-1024.csv
7,mlkem_neon,ML-KEM-1024,Decaps,76106.0,69531.0,76485.0,6954.0,4385.64,10000,block-07-mlkem-neon-1024.csv
7,mlkem_neon,ML-KEM-1024,NTT,223.0,219.0,225.0,6.0,11.71,10000,block-07-mlkem-neon-1024.csv
7,mlkem_neon,ML-KEM-1024,INVNTT,257.0,257.0,259.0,2.0,30.24,10000,block-07-mlkem-neon-1024.csv
7,mlkem_neon,ML-KEM-1024,BaseMulAcc,279.0,253.0,281.0,28.0,26.41,10000,block-07-mlkem-neon-1024.csv
7,mlkem_neon,ML-KEM-1024,MatrixVectorMul,3224.0,3110.0,3234.0,124.0,144.07,10000,block-07-mlkem-neon-1024.csv
7,mlkem_neon,ML-KEM-1024,InnerProdEnc,535.0,531.0,537.0,6.0,37.19,10000,block-07-mlkem-neon-1024.csv
7,mlkem_neon,ML-KEM-1024,InnerProdDec,1510.0,1431.0,1516.0,85.0,82.34,10000,block-07-mlkem-neon-1024.csv
7,mlkem_neon,ML-KEM-512,KeyGen,23488.0,21422.0,23678.0,2256.0,1391.94,10000,block-07-mlkem-neon-512.csv
7,mlkem_neon,ML-KEM-512,Encaps,26871.0,24805.0,27060.0,2255.0,1918.77,10000,block-07-mlkem-neon-512.csv
7,mlkem_neon,ML-KEM-512,Decaps,33071.0,29879.0,33262.0,3383.0,2328.51,10000,block-07-mlkem-neon-512.csv
7,mlkem_neon,ML-KEM-512,NTT,223.0,212.0,225.0,13.0,12.35,10000,block-07-mlkem-neon-512.csv
7,mlkem_neon,ML-KEM-512,INVNTT,257.0,232.0,259.0,27.0,16.37,10000,block-07-mlkem-neon-512.csv
7,mlkem_neon,ML-KEM-512,BaseMulAcc,163.0,163.0,163.0,0.0,31.51,10000,block-07-mlkem-neon-512.csv
7,mlkem_neon,ML-KEM-512,MatrixVectorMul,1369.0,1354.0,1373.0,19.0,67.37,10000,block-07-mlkem-neon-512.csv
7,mlkem_neon,ML-KEM-512,InnerProdEnc,419.0,415.0,420.0,5.0,42.32,10000,block-07-mlkem-neon-512.csv
7,mlkem_neon,ML-KEM-512,InnerProdDec,890.0,885.0,894.0,9.0,48.24,10000,block-07-mlkem-neon-512.csv
7,mlkem_neon,ML-KEM-768,KeyGen,40590.0,40216.0,40964.0,748.0,1733.74,10000,block-07-mlkem-neon-768.csv
7,mlkem_neon,ML-KEM-768,Encaps,43598.0,43224.0,43788.0,564.0,2062.7,10000,block-07-mlkem-neon-768.csv
7,mlkem_neon,ML-KEM-768,Decaps,51865.0,51486.0,52239.0,753.0,4010.21,10000,block-07-mlkem-neon-768.csv
7,mlkem_neon,ML-KEM-768,NTT,221.0,217.0,223.0,6.0,16.49,10000,block-07-mlkem-neon-768.csv
7,mlkem_neon,ML-KEM-768,INVNTT,257.0,257.0,259.0,2.0,24.08,10000,block-07-mlkem-neon-768.csv
7,mlkem_neon,ML-KEM-768,BaseMulAcc,219.0,217.0,221.0,4.0,25.53,10000,block-07-mlkem-neon-768.csv
7,mlkem_neon,ML-KEM-768,MatrixVectorMul,2234.0,2223.0,2239.0,16.0,95.89,10000,block-07-mlkem-neon-768.csv
7,mlkem_neon,ML-KEM-768,InnerProdEnc,477.0,475.0,477.0,2.0,21.61,10000,block-07-mlkem-neon-768.csv
7,mlkem_neon,ML-KEM-768,InnerProdDec,1197.0,1191.0,1200.0,9.0,53.73,10000,block-07-mlkem-neon-768.csv
7,mlkem_ref,ML-KEM-1024,KeyGen,76859.0,69531.0,77423.0,7892.0,7295.82,10000,block-07-mlkem-ref-1024.csv
7,mlkem_ref,ML-KEM-1024,Encaps,83624.0,75917.0,84373.0,8456.0,7710.91,10000,block-07-mlkem-ref-1024.csv
7,mlkem_ref,ML-KEM-1024,Decaps,95089.0,89447.0,95648.0,6201.0,9897.5,10000,block-07-mlkem-ref-1024.csv
7,mlkem_ref,ML-KEM-1024,NTT,520.0,507.0,522.0,15.0,58.32,10000,block-07-mlkem-ref-1024.csv
7,mlkem_ref,ML-KEM-1024,INVNTT,886.0,804.0,888.0,84.0,74.58,10000,block-07-mlkem-ref-1024.csv
7,mlkem_ref,ML-KEM-1024,BaseMulAcc,310.0,280.0,311.0,31.0,39.27,10000,block-07-mlkem-ref-1024.csv
7,mlkem_ref,ML-KEM-1024,MatrixVectorMul,7636.0,7319.0,7674.0,355.0,269.29,10000,block-07-mlkem-ref-1024.csv
7,mlkem_ref,ML-KEM-1024,InnerProdEnc,1195.0,1127.0,1195.0,68.0,65.99,10000,block-07-mlkem-ref-1024.csv
7,mlkem_ref,ML-KEM-1024,InnerProdDec,3619.0,3551.0,3623.0,72.0,140.87,10000,block-07-mlkem-ref-1024.csv
7,mlkem_ref,ML-KEM-512,KeyGen,29694.0,27250.0,30064.0,2814.0,1710.92,10000,block-07-mlkem-ref-512.csv
7,mlkem_ref,ML-KEM-512,Encaps,35138.0,31944.0,35331.0,3387.0,2976.46,10000,block-07-mlkem-ref-512.csv
7,mlkem_ref,ML-KEM-512,Decaps,41907.0,38335.0,42281.0,3946.0,2902.82,10000,block-07-mlkem-ref-512.csv
7,mlkem_ref,ML-KEM-512,NTT,520.0,518.0,520.0,2.0,42.61,10000,block-07-mlkem-ref-512.csv
7,mlkem_ref,ML-KEM-512,INVNTT,886.0,804.0,886.0,82.0,72.37,10000,block-07-mlkem-ref-512.csv
7,mlkem_ref,ML-KEM-512,BaseMulAcc,189.0,189.0,189.0,0.0,24.84,10000,block-07-mlkem-ref-512.csv
7,mlkem_ref,ML-KEM-512,MatrixVectorMul,3566.0,3397.0,3587.0,190.0,562.3,10000,block-07-mlkem-ref-512.csv
7,mlkem_ref,ML-KEM-512,InnerProdEnc,1074.0,973.0,1076.0,103.0,101.55,10000,block-07-mlkem-ref-512.csv
7,mlkem_ref,ML-KEM-512,InnerProdDec,2273.0,2270.0,2279.0,9.0,132.98,10000,block-07-mlkem-ref-512.csv
7,mlkem_ref,ML-KEM-768,KeyGen,52054.0,51675.0,52428.0,753.0,4636.35,10000,block-07-mlkem-ref-768.csv
7,mlkem_ref,ML-KEM-768,Encaps,52992.0,52050.0,57876.0,5826.0,27408.22,10000,block-07-mlkem-ref-768.csv
7,mlkem_ref,ML-KEM-768,Decaps,61264.0,58820.0,65769.0,6949.0,6932.6,10000,block-07-mlkem-ref-768.csv
7,mlkem_ref,ML-KEM-768,NTT,520.0,518.0,526.0,8.0,21.4,10000,block-07-mlkem-ref-768.csv
7,mlkem_ref,ML-KEM-768,INVNTT,886.0,885.0,888.0,3.0,66.15,10000,block-07-mlkem-ref-768.csv
7,mlkem_ref,ML-KEM-768,BaseMulAcc,246.0,246.0,248.0,2.0,17.23,10000,block-07-mlkem-ref-768.csv
7,mlkem_ref,ML-KEM-768,MatrixVectorMul,5551.0,5427.0,5556.0,129.0,142.27,10000,block-07-mlkem-ref-768.csv
7,mlkem_ref,ML-KEM-768,InnerProdEnc,1133.0,1131.0,1134.0,3.0,48.96,10000,block-07-mlkem-ref-768.csv
7,mlkem_ref,ML-KEM-768,InnerProdDec,2937.0,2935.0,2963.0,28.0,92.16,10000,block-07-mlkem-ref-768.csv
7,mlkem_sme,ML-KEM-1024,KeyGen,90574.0,80242.0,91327.0,11085.0,36339.1,10000,block-07-mlkem-sme-1024.csv
7,mlkem_sme,ML-KEM-1024,Encaps,102413.0,101849.0,102976.0,1127.0,48634.9,10000,block-07-mlkem-sme-1024.csv
7,mlkem_sme,ML-KEM-1024,Decaps,112750.0,112187.0,113688.0,1501.0,5166.14,10000,block-07-mlkem-sme-1024.csv
7,mlkem_sme,ML-KEM-1024,NTT,1153.0,1153.0,1155.0,2.0,50.23,10000,block-07-mlkem-sme-1024.csv
7,mlkem_sme,ML-KEM-1024,INVNTT,1063.0,1063.0,1063.0,0.0,40.93,10000,block-07-mlkem-sme-1024.csv
7,mlkem_sme,ML-KEM-1024,BaseMulAcc,1181.0,1180.0,1182.0,2.0,43.94,10000,block-07-mlkem-sme-1024.csv
7,mlkem_sme,ML-KEM-1024,MatrixVectorMul,12094.0,12021.0,12201.0,180.0,219.92,10000,block-07-mlkem-sme-1024.csv
7,mlkem_sme,ML-KEM-1024,InnerProdEnc,1794.0,1792.0,1796.0,4.0,45.78,10000,block-07-mlkem-sme-1024.csv
7,mlkem_sme,ML-KEM-1024,InnerProdDec,5349.0,5318.0,5365.0,47.0,124.13,10000,block-07-mlkem-sme-1024.csv
7,mlkem_sme,ML-KEM-512,KeyGen,36828.0,36459.0,37018.0,559.0,941.67,10000,block-07-mlkem-sme-512.csv
7,mlkem_sme,ML-KEM-512,Encaps,43409.0,41154.0,43783.0,2629.0,2112.34,10000,block-07-mlkem-sme-512.csv
7,mlkem_sme,ML-KEM-512,Decaps,57502.0,57124.0,57876.0,752.0,3830.02,10000,block-07-mlkem-sme-512.csv
7,mlkem_sme,ML-KEM-512,NTT,1176.0,1174.0,1176.0,2.0,39.2,10000,block-07-mlkem-sme-512.csv
7,mlkem_sme,ML-KEM-512,INVNTT,1078.0,1076.0,1078.0,2.0,43.43,10000,block-07-mlkem-sme-512.csv
7,mlkem_sme,ML-KEM-512,BaseMulAcc,631.0,631.0,633.0,2.0,22.3,10000,block-07-mlkem-sme-512.csv
7,mlkem_sme,ML-KEM-512,MatrixVectorMul,5047.0,5030.0,5053.0,23.0,92.72,10000,block-07-mlkem-sme-512.csv
7,mlkem_sme,ML-KEM-512,InnerProdEnc,1255.0,1253.0,1255.0,2.0,38.21,10000,block-07-mlkem-sme-512.csv
7,mlkem_sme,ML-KEM-512,InnerProdDec,3442.0,3433.0,3448.0,15.0,96.64,10000,block-07-mlkem-sme-512.csv
7,mlkem_sme,ML-KEM-768,KeyGen,60885.0,59758.0,61823.0,2065.0,1669.08,10000,block-07-mlkem-sme-768.csv
7,mlkem_sme,ML-KEM-768,Encaps,69715.0,66143.0,70654.0,4511.0,2699.16,10000,block-07-mlkem-sme-768.csv
7,mlkem_sme,ML-KEM-768,Decaps,83056.0,81933.0,86069.0,4136.0,3062.5,10000,block-07-mlkem-sme-768.csv
7,mlkem_sme,ML-KEM-768,NTT,1183.0,1180.0,1185.0,5.0,38.55,10000,block-07-mlkem-sme-768.csv
7,mlkem_sme,ML-KEM-768,INVNTT,1089.0,1086.0,1091.0,5.0,43.84,10000,block-07-mlkem-sme-768.csv
7,mlkem_sme,ML-KEM-768,BaseMulAcc,911.0,911.0,913.0,2.0,28.17,10000,block-07-mlkem-sme-768.csv
7,mlkem_sme,ML-KEM-768,MatrixVectorMul,8131.0,8108.0,8140.0,32.0,106.14,10000,block-07-mlkem-sme-768.csv
7,mlkem_sme,ML-KEM-768,InnerProdEnc,1525.0,1524.0,1527.0,3.0,28.72,10000,block-07-mlkem-sme-768.csv
7,mlkem_sme,ML-KEM-768,InnerProdDec,4927.0,4908.0,4940.0,32.0,70.45,10000,block-07-mlkem-sme-768.csv
7,mlkem_sve,ML-KEM-1024,KeyGen,91328.0,80801.0,92081.0,11280.0,10809.06,10000,block-07-mlkem-sve-1024.csv
7,mlkem_sve,ML-KEM-1024,Encaps,103540.0,102976.0,104104.0,1128.0,18444.61,10000,block-07-mlkem-sve-1024.csv
7,mlkem_sve,ML-KEM-1024,Decaps,112750.0,111812.0,122333.0,10521.0,11871.84,10000,block-07-mlkem-sve-1024.csv
7,mlkem_sve,ML-KEM-1024,NTT,1076.0,1063.0,1078.0,15.0,92.85,10000,block-07-mlkem-sve-1024.csv
7,mlkem_sve,ML-KEM-1024,INVNTT,1125.0,1104.0,1136.0,32.0,197.34,10000,block-07-mlkem-sve-1024.csv
7,mlkem_sve,ML-KEM-1024,BaseMulAcc,1202.0,1182.0,1230.0,48.0,232.36,10000,block-07-mlkem-sve-1024.csv
7,mlkem_sve,ML-KEM-1024,MatrixVectorMul,11831.0,11630.0,12098.0,468.0,1177.89,10000,block-07-mlkem-sve-1024.csv
7,mlkem_sve,ML-KEM-1024,InnerProdEnc,1751.0,1749.0,1783.0,34.0,1200.52,10000,block-07-mlkem-sve-1024.csv
7,mlkem_sve,ML-KEM-1024,InnerProdDec,4709.0,4652.0,4876.0,224.0,301.26,10000,block-07-mlkem-sve-1024.csv
7,mlkem_sve,ML-KEM-512,KeyGen,36264.0,35895.0,36455.0,560.0,2862.86,10000,block-07-mlkem-sve-512.csv
7,mlkem_sve,ML-KEM-512,Encaps,44536.0,41907.0,44911.0,3004.0,7896.36,10000,block-07-mlkem-sve-512.csv
7,mlkem_sve,ML-KEM-512,Decaps,56375.0,55996.0,56750.0,754.0,11238.22,10000,block-07-mlkem-sve-512.csv
7,mlkem_sve,ML-KEM-512,NTT,1029.0,1022.0,1037.0,15.0,117.53,10000,block-07-mlkem-sve-512.csv
7,mlkem_sve,ML-KEM-512,INVNTT,1091.0,1084.0,1097.0,13.0,143.12,10000,block-07-mlkem-sve-512.csv
7,mlkem_sve,ML-KEM-512,BaseMulAcc,631.0,631.0,635.0,4.0,87.74,10000,block-07-mlkem-sve-512.csv
7,mlkem_sve,ML-KEM-512,MatrixVectorMul,4489.0,4472.0,4682.0,210.0,323.82,10000,block-07-mlkem-sve-512.csv
7,mlkem_sve,ML-KEM-512,InnerProdEnc,1195.0,1195.0,1198.0,3.0,129.37,10000,block-07-mlkem-sve-512.csv
7,mlkem_sve,ML-KEM-512,InnerProdDec,2801.0,2786.0,2910.0,124.0,192.96,10000,block-07-mlkem-sve-512.csv
7,mlkem_sve,ML-KEM-768,KeyGen,60885.0,59757.0,61634.0,1877.0,10575.24,10000,block-07-mlkem-sve-768.csv
7,mlkem_sve,ML-KEM-768,Encaps,76296.0,69905.0,77044.0,7139.0,5672.2,10000,block-07-mlkem-sve-768.csv
7,mlkem_sve,ML-KEM-768,Decaps,83435.0,81934.0,85879.0,3945.0,7426.44,10000,block-07-mlkem-sve-768.csv
7,mlkem_sve,ML-KEM-768,NTT,1054.0,1042.0,1067.0,25.0,161.47,10000,block-07-mlkem-sve-768.csv
7,mlkem_sve,ML-KEM-768,INVNTT,1121.0,1118.0,1125.0,7.0,117.67,10000,block-07-mlkem-sve-768.csv
7,mlkem_sve,ML-KEM-768,BaseMulAcc,913.0,911.0,920.0,9.0,151.95,10000,block-07-mlkem-sve-768.csv
7,mlkem_sve,ML-KEM-768,MatrixVectorMul,7830.0,7691.0,8050.0,359.0,448.27,10000,block-07-mlkem-sve-768.csv
7,mlkem_sve,ML-KEM-768,InnerProdEnc,1477.0,1475.0,1480.0,5.0,159.54,10000,block-07-mlkem-sve-768.csv
7,mlkem_sve,ML-KEM-768,InnerProdDec,4395.0,4376.0,4607.0,231.0,715.6,10000,block-07-mlkem-sve-768.csv
8,kyber_neon,Kyber-1024,KeyGen,31759.0,31386.0,34953.0,3567.0,2047.87,10000,block-08-kyber-neon-1024.csv
8,kyber_neon,Kyber-1024,Encaps,47729.0,43409.0,48482.0,5073.0,3641.97,10000,block-08-kyber-neon-1024.csv
8,kyber_neon,Kyber-1024,Decaps,39652.0,38899.0,43034.0,4135.0,5867.52,10000,block-08-kyber-neon-1024.csv
8,kyber_neon,Kyber-1024,NTT,263.0,261.0,287.0,26.0,38.29,10000,block-08-kyber-neon-1024.csv
8,kyber_neon,Kyber-1024,INVNTT,263.0,261.0,289.0,28.0,90.13,10000,block-08-kyber-neon-1024.csv
8,kyber_neon,Kyber-1024,BaseMulAcc,464.0,454.0,509.0,55.0,325.05,10000,block-08-kyber-neon-1024.csv
8,kyber_neon,Kyber-1024,MatrixVectorMul,3703.0,3382.0,3715.0,333.0,200.57,10000,block-08-kyber-neon-1024.csv
8,kyber_neon,Kyber-1024,InnerProdEnc,725.0,674.0,727.0,53.0,49.9,10000,block-08-kyber-neon-1024.csv
8,kyber_neon,Kyber-1024,InnerProdDec,1890.0,1758.0,1894.0,136.0,113.31,10000,block-08-kyber-neon-1024.csv
8,kyber_neon,Kyber-512,KeyGen,13720.0,13715.0,14278.0,563.0,836.1,10000,block-08-kyber-neon-512.csv
8,kyber_neon,Kyber-512,Encaps,22924.0,20859.0,23303.0,2444.0,1457.2,10000,block-08-kyber-neon-512.csv
8,kyber_neon,Kyber-512,Decaps,18040.0,17666.0,19731.0,2065.0,1554.64,10000,block-08-kyber-neon-512.csv
8,kyber_neon,Kyber-512,NTT,287.0,259.0,289.0,30.0,15.73,10000,block-08-kyber-neon-512.csv
8,kyber_neon,Kyber-512,INVNTT,285.0,257.0,287.0,30.0,22.21,10000,block-08-kyber-neon-512.csv
8,kyber_neon,Kyber-512,BaseMulAcc,274.0,248.0,276.0,28.0,19.16,10000,block-08-kyber-neon-512.csv
8,kyber_neon,Kyber-512,MatrixVectorMul,1570.0,1465.0,1572.0,107.0,89.08,10000,block-08-kyber-neon-512.csv
8,kyber_neon,Kyber-512,InnerProdEnc,511.0,509.0,513.0,4.0,26.6,10000,block-08-kyber-neon-512.csv
8,kyber_neon,Kyber-512,InnerProdDec,1071.0,999.0,1073.0,74.0,74.84,10000,block-08-kyber-neon-512.csv
8,kyber_neon,Kyber-768,KeyGen,23677.0,21986.0,24431.0,2445.0,1962.63,10000,block-08-kyber-neon-768.csv
8,kyber_neon,Kyber-768,Encaps,34578.0,31570.0,34767.0,3197.0,1957.97,10000,block-08-kyber-neon-768.csv
8,kyber_neon,Kyber-768,Decaps,30064.0,27245.0,30253.0,3008.0,1928.58,10000,block-08-kyber-neon-768.csv
8,kyber_neon,Kyber-768,NTT,287.0,285.0,287.0,2.0,12.63,10000,block-08-kyber-neon-768.csv
8,kyber_neon,Kyber-768,INVNTT,285.0,283.0,287.0,4.0,16.39,10000,block-08-kyber-neon-768.csv
8,kyber_neon,Kyber-768,BaseMulAcc,388.0,388.0,390.0,2.0,15.81,10000,block-08-kyber-neon-768.csv
8,kyber_neon,Kyber-768,MatrixVectorMul,2563.0,2350.0,2572.0,222.0,458.83,10000,block-08-kyber-neon-768.csv
8,kyber_neon,Kyber-768,InnerProdEnc,554.0,552.0,616.0,64.0,91.59,10000,block-08-kyber-neon-768.csv
8,kyber_neon,Kyber-768,InnerProdDec,1469.0,1386.0,1471.0,85.0,128.39,10000,block-08-kyber-neon-768.csv
8,kyber_ref,Kyber-1024,KeyGen,154842.0,141317.0,157476.0,16159.0,10840.7,10000,block-08-kyber-ref-1024.csv
8,kyber_ref,Kyber-1024,Encaps,173071.0,156722.0,173635.0,16913.0,10139.57,10000,block-08-kyber-ref-1024.csv
8,kyber_ref,Kyber-1024,Decaps,196375.0,181713.0,196938.0,15225.0,10569.13,10000,block-08-kyber-ref-1024.csv
8,kyber_ref,Kyber-1024,NTT,3598.0,3294.0,3609.0,315.0,180.99,10000,block-08-kyber-ref-1024.csv
8,kyber_ref,Kyber-1024,INVNTT,5699.0,5385.0,5722.0,337.0,320.29,10000,block-08-kyber-ref-1024.csv
8,kyber_ref,Kyber-1024,BaseMulAcc,9097.0,8824.0,9232.0,408.0,368.3,10000,block-08-kyber-ref-1024.csv
8,kyber_ref,Kyber-1024,MatrixVectorMul,76560.0,75995.0,77113.0,1118.0,1643.52,10000,block-08-kyber-ref-1024.csv
8,kyber_ref,Kyber-1024,InnerProdEnc,14930.0,14715.0,15178.0,463.0,452.14,10000,block-08-kyber-ref-1024.csv
8,kyber_ref,Kyber-1024,InnerProdDec,28719.0,28458.0,28873.0,415.0,799.8,10000,block-08-kyber-ref-1024.csv
8,kyber_ref,Kyber-512,KeyGen,56754.0,51865.0,57692.0,5827.0,3630.15,10000,block-08-kyber-ref-512.csv
8,kyber_ref,Kyber-512,Encaps,75353.0,68213.0,75727.0,7514.0,5239.86,10000,block-08-kyber-ref-512.csv
8,kyber_ref,Kyber-512,Decaps,89826.0,81744.0,90200.0,8456.0,5389.9,10000,block-08-kyber-ref-512.csv
8,kyber_ref,Kyber-512,NTT,3596.0,3331.0,3602.0,271.0,236.27,10000,block-08-kyber-ref-512.csv
8,kyber_ref,Kyber-512,INVNTT,5643.0,5381.0,5650.0,269.0,248.84,10000,block-08-kyber-ref-512.csv
8,kyber_ref,Kyber-512,BaseMulAcc,5103.0,4805.0,5107.0,302.0,229.09,10000,block-08-kyber-ref-512.csv
8,kyber_ref,Kyber-512,MatrixVectorMul,29568.0,29264.0,29786.0,522.0,591.93,10000,block-08-kyber-ref-512.csv
8,kyber_ref,Kyber-512,InnerProdEnc,10493.0,10228.0,10735.0,507.0,390.91,10000,block-08-kyber-ref-512.csv
8,kyber_ref,Kyber-512,InnerProdDec,17495.0,17365.0,17754.0,389.0,501.23,10000,block-08-kyber-ref-512.csv
8,kyber_ref,Kyber-768,KeyGen,99784.0,92644.0,100532.0,7888.0,4989.61,10000,block-08-kyber-ref-768.csv
8,kyber_ref,Kyber-768,Encaps,117260.0,116507.0,117635.0,1128.0,6139.57,10000,block-08-kyber-ref-768.csv
8,kyber_ref,Kyber-768,Decaps,136238.0,133798.0,136612.0,2814.0,7801.45,10000,block-08-kyber-ref-768.csv
8,kyber_ref,Kyber-768,NTT,3632.0,3495.0,3638.0,143.0,142.51,10000,block-08-kyber-ref-768.csv
8,kyber_ref,Kyber-768,INVNTT,5646.0,5511.0,5652.0,141.0,174.48,10000,block-08-kyber-ref-768.csv
8,kyber_ref,Kyber-768,BaseMulAcc,6958.0,6815.0,6966.0,151.0,166.18,10000,block-08-kyber-ref-768.csv
8,kyber_ref,Kyber-768,MatrixVectorMul,50754.0,50470.0,50927.0,457.0,2083.35,10000,block-08-kyber-ref-768.csv
8,kyber_ref,Kyber-768,InnerProdEnc,12860.0,12611.0,13060.0,449.0,775.04,10000,block-08-kyber-ref-768.csv
8,kyber_ref,Kyber-768,InnerProdDec,23215.0,23002.0,23243.0,241.0,503.74,10000,block-08-kyber-ref-768.csv
8,kyber_sme,Kyber-1024,KeyGen,62202.0,60132.0,64078.0,3946.0,2411.97,10000,block-08-kyber-sme-1024.csv
8,kyber_sme,Kyber-1024,Encaps,73851.0,69152.0,75543.0,6391.0,3551.55,10000,block-08-kyber-sme-1024.csv
8,kyber_sme,Kyber-1024,Decaps,76480.0,74415.0,76859.0,2444.0,1811.02,10000,block-08-kyber-sme-1024.csv
8,kyber_sme,Kyber-1024,NTT,1172.0,1172.0,1174.0,2.0,57.26,10000,block-08-kyber-sme-1024.csv
8,kyber_sme,Kyber-1024,INVNTT,1095.0,1091.0,1101.0,10.0,82.43,10000,block-08-kyber-sme-1024.csv
8,kyber_sme,Kyber-1024,BaseMulAcc,1409.0,1407.0,1411.0,4.0,54.76,10000,block-08-kyber-sme-1024.csv
8,kyber_sme,Kyber-1024,MatrixVectorMul,10726.0,10703.0,10901.0,198.0,209.46,10000,block-08-kyber-sme-1024.csv
8,kyber_sme,Kyber-1024,InnerProdEnc,2031.0,2031.0,2035.0,4.0,91.13,10000,block-08-kyber-sme-1024.csv
8,kyber_sme,Kyber-1024,InnerProdDec,5118.0,5092.0,5210.0,118.0,185.59,10000,block-08-kyber-sme-1024.csv
8,kyber_sme,Kyber-512,KeyGen,28751.0,28561.0,28941.0,380.0,802.2,10000,block-08-kyber-sme-512.csv
8,kyber_sme,Kyber-512,Encaps,37582.0,37392.0,37771.0,379.0,1774.72,10000,block-08-kyber-sme-512.csv
8,kyber_sme,Kyber-512,Decaps,37961.0,37771.0,38150.0,379.0,1423.58,10000,block-08-kyber-sme-512.csv
8,kyber_sme,Kyber-512,NTT,1189.0,1189.0,1191.0,2.0,45.75,10000,block-08-kyber-sme-512.csv
8,kyber_sme,Kyber-512,INVNTT,1095.0,1095.0,1097.0,2.0,46.72,10000,block-08-kyber-sme-512.csv
8,kyber_sme,Kyber-512,BaseMulAcc,766.0,764.0,774.0,10.0,84.01,10000,block-08-kyber-sme-512.csv
8,kyber_sme,Kyber-512,MatrixVectorMul,4711.0,4696.0,4731.0,35.0,104.46,10000,block-08-kyber-sme-512.csv
8,kyber_sme,Kyber-512,InnerProdEnc,1379.0,1377.0,1379.0,2.0,37.32,10000,block-08-kyber-sme-512.csv
8,kyber_sme,Kyber-512,InnerProdDec,3668.0,3658.0,3679.0,21.0,90.27,10000,block-08-kyber-sme-512.csv
8,kyber_sme,Kyber-768,KeyGen,41718.0,40027.0,42471.0,2444.0,1630.05,10000,block-08-kyber-sme-768.csv
8,kyber_sme,Kyber-768,Encaps,52613.0,49984.0,55437.0,5453.0,2948.48,10000,block-08-kyber-sme-768.csv
8,kyber_sme,Kyber-768,Decaps,54494.0,54305.0,54684.0,379.0,597.3,10000,block-08-kyber-sme-768.csv
8,kyber_sme,Kyber-768,NTT,1182.0,1181.0,1183.0,2.0,47.16,10000,block-08-kyber-sme-768.csv
8,kyber_sme,Kyber-768,INVNTT,1104.0,1103.0,1106.0,3.0,47.5,10000,block-08-kyber-sme-768.csv
8,kyber_sme,Kyber-768,BaseMulAcc,1093.0,1091.0,1093.0,2.0,14.42,10000,block-08-kyber-sme-768.csv
8,kyber_sme,Kyber-768,MatrixVectorMul,7274.0,7253.0,7278.0,25.0,94.88,10000,block-08-kyber-sme-768.csv
8,kyber_sme,Kyber-768,InnerProdEnc,1708.0,1708.0,1710.0,2.0,54.75,10000,block-08-kyber-sme-768.csv
8,kyber_sme,Kyber-768,InnerProdDec,4293.0,4284.0,4299.0,15.0,65.2,10000,block-08-kyber-sme-768.csv
8,kyber_sve,Kyber-1024,KeyGen,61638.0,60132.0,62202.0,2070.0,4874.53,10000,block-08-kyber-sve-1024.csv
8,kyber_sve,Kyber-1024,Encaps,75916.0,69531.0,76480.0,6949.0,5517.89,10000,block-08-kyber-sve-1024.csv
8,kyber_sve,Kyber-1024,Decaps,74225.0,72724.0,74605.0,1881.0,9345.06,10000,block-08-kyber-sve-1024.csv
8,kyber_sve,Kyber-1024,NTT,1063.0,1059.0,1067.0,8.0,102.4,10000,block-08-kyber-sve-1024.csv
8,kyber_sve,Kyber-1024,INVNTT,1118.0,1106.0,1121.0,15.0,346.53,10000,block-08-kyber-sve-1024.csv
8,kyber_sve,Kyber-1024,BaseMulAcc,1441.0,1416.0,1478.0,62.0,772.31,10000,block-08-kyber-sve-1024.csv
8,kyber_sve,Kyber-1024,MatrixVectorMul,10510.0,10301.0,10902.0,601.0,861.29,10000,block-08-kyber-sve-1024.csv
8,kyber_sve,Kyber-1024,InnerProdEnc,1982.0,1980.0,2053.0,73.0,321.73,10000,block-08-kyber-sve-1024.csv
8,kyber_sve,Kyber-1024,InnerProdDec,4570.0,4485.0,4729.0,244.0,516.79,10000,block-08-kyber-sve-1024.csv
8,kyber_sve,Kyber-512,KeyGen,27624.0,27435.0,27998.0,563.0,5064.17,10000,block-08-kyber-sve-512.csv
8,kyber_sve,Kyber-512,Encaps,37581.0,37208.0,37956.0,748.0,11247.43,10000,block-08-kyber-sve-512.csv
8,kyber_sve,Kyber-512,Decaps,35891.0,35701.0,36265.0,564.0,10570.0,10000,block-08-kyber-sve-512.csv
8,kyber_sve,Kyber-512,NTT,1059.0,1052.0,1089.0,37.0,152.13,10000,block-08-kyber-sve-512.csv
8,kyber_sve,Kyber-512,INVNTT,1121.0,1119.0,1170.0,51.0,183.74,10000,block-08-kyber-sve-512.csv
8,kyber_sve,Kyber-512,BaseMulAcc,751.0,749.0,761.0,12.0,97.44,10000,block-08-kyber-sve-512.csv
8,kyber_sve,Kyber-512,MatrixVectorMul,4540.0,4472.0,4703.0,231.0,438.76,10000,block-08-kyber-sve-512.csv
8,kyber_sve,Kyber-512,InnerProdEnc,1321.0,1319.0,1351.0,32.0,192.6,10000,block-08-kyber-sve-512.csv
8,kyber_sve,Kyber-512,InnerProdDec,3429.0,3356.0,3683.0,327.0,411.28,10000,block-08-kyber-sve-512.csv
8,kyber_sve,Kyber-768,KeyGen,42845.0,41907.0,44347.0,2440.0,7087.32,10000,block-08-kyber-sve-768.csv
8,kyber_sve,Kyber-768,Encaps,54120.0,50363.0,55063.0,4700.0,62677.42,10000,block-08-kyber-sve-768.csv
8,kyber_sve,Kyber-768,Decaps,54684.0,54494.0,55063.0,569.0,8203.18,10000,block-08-kyber-sve-768.csv
8,kyber_sve,Kyber-768,NTT,1071.0,1059.0,1116.0,57.0,168.68,10000,block-08-kyber-sve-768.csv
8,kyber_sve,Kyber-768,INVNTT,1133.0,1127.0,1200.0,73.0,144.91,10000,block-08-kyber-sve-768.csv
8,kyber_sve,Kyber-768,BaseMulAcc,1093.0,1091.0,1123.0,32.0,481.06,10000,block-08-kyber-sve-768.csv
8,kyber_sve,Kyber-768,MatrixVectorMul,7189.0,6984.0,7445.0,461.0,1026.19,10000,block-08-kyber-sve-768.csv
8,kyber_sve,Kyber-768,InnerProdEnc,1685.0,1657.0,1741.0,84.0,1124.32,10000,block-08-kyber-sve-768.csv
8,kyber_sve,Kyber-768,InnerProdDec,3857.0,3792.0,3978.0,186.0,424.75,10000,block-08-kyber-sve-768.csv
8,mlkem_neon,ML-KEM-1024,KeyGen,59942.0,54494.0,60321.0,5827.0,4469.15,10000,block-08-mlkem-neon-1024.csv
8,mlkem_neon,ML-KEM-1024,Encaps,64642.0,58630.0,65021.0,6391.0,7787.89,10000,block-08-mlkem-neon-1024.csv
8,mlkem_neon,ML-KEM-1024,Decaps,76106.0,68967.0,76670.0,7703.0,15416.93,10000,block-08-mlkem-neon-1024.csv
8,mlkem_neon,ML-KEM-1024,NTT,223.0,219.0,225.0,6.0,20.64,10000,block-08-mlkem-neon-1024.csv
8,mlkem_neon,ML-KEM-1024,INVNTT,257.0,242.0,259.0,17.0,32.6,10000,block-08-mlkem-neon-1024.csv
8,mlkem_neon,ML-KEM-1024,BaseMulAcc,280.0,257.0,283.0,26.0,28.56,10000,block-08-mlkem-neon-1024.csv
8,mlkem_neon,ML-KEM-1024,MatrixVectorMul,3224.0,3091.0,3235.0,144.0,178.73,10000,block-08-mlkem-neon-1024.csv
8,mlkem_neon,ML-KEM-1024,InnerProdEnc,533.0,486.0,537.0,51.0,57.15,10000,block-08-mlkem-neon-1024.csv
8,mlkem_neon,ML-KEM-1024,InnerProdDec,1510.0,1456.0,1518.0,62.0,126.53,10000,block-08-mlkem-neon-1024.csv
8,mlkem_neon,ML-KEM-512,KeyGen,23303.0,21233.0,23677.0,2444.0,2325.27,10000,block-08-mlkem-neon-512.csv
8,mlkem_neon,ML-KEM-512,Encaps,26871.0,24620.0,27060.0,2440.0,2332.01,10000,block-08-mlkem-neon-512.csv
8,mlkem_neon,ML-KEM-512,Decaps,33072.0,30068.0,33446.0,3378.0,3946.16,10000,block-08-mlkem-neon-512.csv
8,mlkem_neon,ML-KEM-512,NTT,223.0,219.0,225.0,6.0,38.77,10000,block-08-mlkem-neon-512.csv
8,mlkem_neon,ML-KEM-512,INVNTT,257.0,233.0,259.0,26.0,31.92,10000,block-08-mlkem-neon-512.csv
8,mlkem_neon,ML-KEM-512,BaseMulAcc,163.0,152.0,163.0,11.0,18.03,10000,block-08-mlkem-neon-512.csv
8,mlkem_neon,ML-KEM-512,MatrixVectorMul,1369.0,1364.0,1373.0,9.0,89.42,10000,block-08-mlkem-neon-512.csv
8,mlkem_neon,ML-KEM-512,InnerProdEnc,419.0,417.0,420.0,3.0,43.2,10000,block-08-mlkem-neon-512.csv
8,mlkem_neon,ML-KEM-512,InnerProdDec,890.0,886.0,894.0,8.0,52.12,10000,block-08-mlkem-neon-512.csv
8,mlkem_neon,ML-KEM-768,KeyGen,40590.0,40216.0,40964.0,748.0,2890.43,10000,block-08-mlkem-neon-768.csv
8,mlkem_neon,ML-KEM-768,Encaps,43598.0,43408.0,43972.0,564.0,2009.45,10000,block-08-mlkem-neon-768.csv
8,mlkem_neon,ML-KEM-768,Decaps,52049.0,51676.0,52240.0,564.0,1948.42,10000,block-08-mlkem-neon-768.csv
8,mlkem_neon,ML-KEM-768,NTT,223.0,206.0,225.0,19.0,13.62,10000,block-08-mlkem-neon-768.csv
8,mlkem_neon,ML-KEM-768,INVNTT,259.0,257.0,259.0,2.0,9.73,10000,block-08-mlkem-neon-768.csv
8,mlkem_neon,ML-KEM-768,BaseMulAcc,219.0,219.0,221.0,2.0,12.72,10000,block-08-mlkem-neon-768.csv
8,mlkem_neon,ML-KEM-768,MatrixVectorMul,2234.0,2223.0,2239.0,16.0,107.48,10000,block-08-mlkem-neon-768.csv
8,mlkem_neon,ML-KEM-768,InnerProdEnc,477.0,475.0,477.0,2.0,17.53,10000,block-08-mlkem-neon-768.csv
8,mlkem_neon,ML-KEM-768,InnerProdDec,1195.0,1189.0,1200.0,11.0,65.35,10000,block-08-mlkem-neon-768.csv
8,mlkem_ref,ML-KEM-1024,KeyGen,76296.0,69157.0,76859.0,7702.0,5989.48,10000,block-08-mlkem-ref-1024.csv
8,mlkem_ref,ML-KEM-1024,Encaps,83435.0,75727.0,84183.0,8456.0,8850.18,10000,block-08-mlkem-ref-1024.csv
8,mlkem_ref,ML-KEM-1024,Decaps,94520.0,85690.0,95089.0,9399.0,8782.22,10000,block-08-mlkem-ref-1024.csv
8,mlkem_ref,ML-KEM-1024,NTT,520.0,518.0,522.0,4.0,57.16,10000,block-08-mlkem-ref-1024.csv
8,mlkem_ref,ML-KEM-1024,INVNTT,886.0,802.0,886.0,84.0,85.0,10000,block-08-mlkem-ref-1024.csv
8,mlkem_ref,ML-KEM-1024,BaseMulAcc,311.0,293.0,311.0,18.0,43.7,10000,block-08-mlkem-ref-1024.csv
8,mlkem_ref,ML-KEM-1024,MatrixVectorMul,7638.0,7353.0,7678.0,325.0,307.45,10000,block-08-mlkem-ref-1024.csv
8,mlkem_ref,ML-KEM-1024,InnerProdEnc,1195.0,1114.0,1195.0,81.0,82.34,10000,block-08-mlkem-ref-1024.csv
8,mlkem_ref,ML-KEM-1024,InnerProdDec,3621.0,3577.0,3626.0,49.0,157.59,10000,block-08-mlkem-ref-1024.csv
8,mlkem_ref,ML-KEM-512,KeyGen,29694.0,27060.0,30068.0,3008.0,1919.54,10000,block-08-mlkem-ref-512.csv
8,mlkem_ref,ML-KEM-512,Encaps,34953.0,31755.0,35327.0,3572.0,4180.79,10000,block-08-mlkem-ref-512.csv
8,mlkem_ref,ML-KEM-512,Decaps,41902.0,37961.0,42097.0,4136.0,6425.12,10000,block-08-mlkem-ref-512.csv
8,mlkem_ref,ML-KEM-512,NTT,520.0,518.0,520.0,2.0,76.89,10000,block-08-mlkem-ref-512.csv
8,mlkem_ref,ML-KEM-512,INVNTT,886.0,851.0,886.0,35.0,81.59,10000,block-08-mlkem-ref-512.csv
8,mlkem_ref,ML-KEM-512,BaseMulAcc,189.0,174.0,191.0,17.0,34.39,10000,block-08-mlkem-ref-512.csv
8,mlkem_ref,ML-KEM-512,MatrixVectorMul,3568.0,3468.0,3585.0,117.0,205.24,10000,block-08-mlkem-ref-512.csv
8,mlkem_ref,ML-KEM-512,InnerProdEnc,1074.0,1072.0,1076.0,4.0,112.86,10000,block-08-mlkem-ref-512.csv
8,mlkem_ref,ML-KEM-512,InnerProdDec,2273.0,2241.0,2275.0,34.0,164.86,10000,block-08-mlkem-ref-512.csv
8,mlkem_ref,ML-KEM-768,KeyGen,52050.0,51486.0,52244.0,758.0,2767.27,10000,block-08-mlkem-ref-768.csv
8,mlkem_ref,ML-KEM-768,Encaps,57313.0,56560.0,57503.0,943.0,2972.33,10000,block-08-mlkem-ref-768.csv
8,mlkem_ref,ML-KEM-768,Decaps,65395.0,64646.0,65774.0,1128.0,3240.27,10000,block-08-mlkem-ref-768.csv
8,mlkem_ref,ML-KEM-768,NTT,520.0,518.0,520.0,2.0,19.84,10000,block-08-mlkem-ref-768.csv
8,mlkem_ref,ML-KEM-768,INVNTT,886.0,885.0,888.0,3.0,37.86,10000,block-08-mlkem-ref-768.csv
8,mlkem_ref,ML-KEM-768,BaseMulAcc,246.0,246.0,248.0,2.0,24.26,10000,block-08-mlkem-ref-768.csv
8,mlkem_ref,ML-KEM-768,MatrixVectorMul,5552.0,5404.0,5556.0,152.0,171.33,10000,block-08-mlkem-ref-768.csv
8,mlkem_ref,ML-KEM-768,InnerProdEnc,1133.0,1131.0,1133.0,2.0,42.62,10000,block-08-mlkem-ref-768.csv
8,mlkem_ref,ML-KEM-768,InnerProdDec,2938.0,2935.0,2961.0,26.0,84.18,10000,block-08-mlkem-ref-768.csv
8,mlkem_sme,ML-KEM-1024,KeyGen,90390.0,80242.0,91327.0,11085.0,5993.18,10000,block-08-mlkem-sme-1024.csv
8,mlkem_sme,ML-KEM-1024,Encaps,102413.0,101850.0,102976.0,1126.0,6327.03,10000,block-08-mlkem-sme-1024.csv
8,mlkem_sme,ML-KEM-1024,Decaps,112940.0,112371.0,122523.0,10152.0,7174.27,10000,block-08-mlkem-sme-1024.csv
8,mlkem_sme,ML-KEM-1024,NTT,1150.0,1148.0,1155.0,7.0,85.42,10000,block-08-mlkem-sme-1024.csv
8,mlkem_sme,ML-KEM-1024,INVNTT,1071.0,1069.0,1071.0,2.0,65.98,10000,block-08-mlkem-sme-1024.csv
8,mlkem_sme,ML-KEM-1024,BaseMulAcc,1181.0,1180.0,1183.0,3.0,47.15,10000,block-08-mlkem-sme-1024.csv
8,mlkem_sme,ML-KEM-1024,MatrixVectorMul,12052.0,12026.0,12235.0,209.0,495.68,10000,block-08-mlkem-sme-1024.csv
8,mlkem_sme,ML-KEM-1024,InnerProdEnc,1796.0,1794.0,1798.0,4.0,77.78,10000,block-08-mlkem-sme-1024.csv
8,mlkem_sme,ML-KEM-1024,InnerProdDec,5348.0,5321.0,5442.0,121.0,535.78,10000,block-08-mlkem-sme-1024.csv
8,mlkem_sme,ML-KEM-512,KeyGen,36828.0,36459.0,37018.0,559.0,1960.83,10000,block-08-mlkem-sme-512.csv
8,mlkem_sme,ML-KEM-512,Encaps,43409.0,41154.0,43783.0,2629.0,3070.16,10000,block-08-mlkem-sme-512.csv
8,mlkem_sme,ML-KEM-512,Decaps,57503.0,57129.0,57881.0,752.0,1653.1,10000,block-08-mlkem-sme-512.csv
8,mlkem_sme,ML-KEM-512,NTT,1155.0,1153.0,1159.0,6.0,61.29,10000,block-08-mlkem-sme-512.csv
8,mlkem_sme,ML-KEM-512,INVNTT,1065.0,1063.0,1076.0,13.0,254.61,10000,block-08-mlkem-sme-512.csv
8,mlkem_sme,ML-KEM-512,BaseMulAcc,633.0,631.0,635.0,4.0,56.39,10000,block-08-mlkem-sme-512.csv
8,mlkem_sme,ML-KEM-512,MatrixVectorMul,5047.0,5030.0,5145.0,115.0,143.62,10000,block-08-mlkem-sme-512.csv
8,mlkem_sme,ML-KEM-512,InnerProdEnc,1255.0,1253.0,1257.0,4.0,62.55,10000,block-08-mlkem-sme-512.csv
8,mlkem_sme,ML-KEM-512,InnerProdDec,3436.0,3433.0,3442.0,9.0,212.3,10000,block-08-mlkem-sme-512.csv
8,mlkem_sme,ML-KEM-768,KeyGen,60885.0,59758.0,61639.0,1881.0,2231.55,10000,block-08-mlkem-sme-768.csv
8,mlkem_sme,ML-KEM-768,Encaps,69720.0,66143.0,70654.0,4511.0,3350.61,10000,block-08-mlkem-sme-768.csv
8,mlkem_sme,ML-KEM-768,Decaps,83056.0,81933.0,86065.0,4132.0,2815.7,10000,block-08-mlkem-sme-768.csv
8,mlkem_sme,ML-KEM-768,NTT,1185.0,1181.0,1185.0,4.0,32.19,10000,block-08-mlkem-sme-768.csv
8,mlkem_sme,ML-KEM-768,INVNTT,1078.0,1078.0,1086.0,8.0,53.98,10000,block-08-mlkem-sme-768.csv
8,mlkem_sme,ML-KEM-768,BaseMulAcc,911.0,911.0,913.0,2.0,22.0,10000,block-08-mlkem-sme-768.csv
8,mlkem_sme,ML-KEM-768,MatrixVectorMul,8129.0,8114.0,8148.0,34.0,95.48,10000,block-08-mlkem-sme-768.csv
8,mlkem_sme,ML-KEM-768,InnerProdEnc,1525.0,1524.0,1527.0,3.0,38.4,10000,block-08-mlkem-sme-768.csv
8,mlkem_sme,ML-KEM-768,InnerProdDec,4921.0,4904.0,4934.0,30.0,75.3,10000,block-08-mlkem-sme-768.csv
8,mlkem_sve,ML-KEM-1024,KeyGen,91891.0,82118.0,93582.0,11464.0,42953.32,10000,block-08-mlkem-sve-1024.csv
8,mlkem_sve,ML-KEM-1024,Encaps,103540.0,102792.0,104104.0,1312.0,11993.05,10000,block-08-mlkem-sve-1024.csv
8,mlkem_sve,ML-KEM-1024,Decaps,120642.0,112186.0,123087.0,10901.0,19576.64,10000,block-08-mlkem-sve-1024.csv
8,mlkem_sve,ML-KEM-1024,NTT,1054.0,1041.0,1074.0,33.0,151.86,10000,block-08-mlkem-sve-1024.csv
8,mlkem_sve,ML-KEM-1024,INVNTT,1104.0,1080.0,1114.0,34.0,153.16,10000,block-08-mlkem-sve-1024.csv
8,mlkem_sve,ML-KEM-1024,BaseMulAcc,1181.0,1180.0,1200.0,20.0,103.27,10000,block-08-mlkem-sve-1024.csv
8,mlkem_sve,ML-KEM-1024,MatrixVectorMul,11857.0,11630.0,12255.0,625.0,630.05,10000,block-08-mlkem-sve-1024.csv
8,mlkem_sve,ML-KEM-1024,InnerProdEnc,1753.0,1751.0,1826.0,75.0,136.39,10000,block-08-mlkem-sve-1024.csv
8,mlkem_sve,ML-KEM-1024,InnerProdDec,4741.0,4656.0,4921.0,265.0,460.15,10000,block-08-mlkem-sve-1024.csv
8,mlkem_sve,ML-KEM-512,KeyGen,36269.0,35895.0,36644.0,749.0,12145.7,10000,block-08-mlkem-sve-512.csv
8,mlkem_sve,ML-KEM-512,Encaps,44721.0,42471.0,45100.0,2629.0,9508.83,10000,block-08-mlkem-sve-512.csv
8,mlkem_sve,ML-KEM-512,Decaps,56375.0,55812.0,56939.0,1127.0,7100.97,10000,block-08-mlkem-sve-512.csv
8,mlkem_sve,ML-KEM-512,NTT,1029.0,1016.0,1057.0,41.0,105.52,10000,block-08-mlkem-sve-512.csv
8,mlkem_sve,ML-KEM-512,INVNTT,1093.0,1088.0,1135.0,47.0,191.13,10000,block-08-mlkem-sve-512.csv
8,mlkem_sve,ML-KEM-512,BaseMulAcc,633.0,631.0,644.0,13.0,98.72,10000,block-08-mlkem-sve-512.csv
8,mlkem_sve,ML-KEM-512,MatrixVectorMul,4549.0,4483.0,4731.0,248.0,345.1,10000,block-08-mlkem-sve-512.csv
8,mlkem_sve,ML-KEM-512,InnerProdEnc,1197.0,1195.0,1202.0,7.0,139.99,10000,block-08-mlkem-sve-512.csv
8,mlkem_sve,ML-KEM-512,InnerProdDec,2803.0,2786.0,2955.0,169.0,253.84,10000,block-08-mlkem-sve-512.csv
8,mlkem_sve,ML-KEM-768,KeyGen,60885.0,59757.0,61634.0,1877.0,4880.01,10000,block-08-mlkem-sve-768.csv
8,mlkem_sve,ML-KEM-768,Encaps,76480.0,69905.0,77044.0,7139.0,11733.01,10000,block-08-mlkem-sve-768.csv
8,mlkem_sve,ML-KEM-768,Decaps,83245.0,81933.0,85879.0,3946.0,7644.61,10000,block-08-mlkem-sve-768.csv
8,mlkem_sve,ML-KEM-768,NTT,1056.0,1046.0,1080.0,34.0,136.18,10000,block-08-mlkem-sve-768.csv
8,mlkem_sve,ML-KEM-768,INVNTT,1120.0,1116.0,1142.0,26.0,166.04,10000,block-08-mlkem-sve-768.csv
8,mlkem_sve,ML-KEM-768,BaseMulAcc,911.0,911.0,915.0,4.0,81.18,10000,block-08-mlkem-sve-768.csv
8,mlkem_sve,ML-KEM-768,MatrixVectorMul,7811.0,7689.0,7997.0,308.0,393.41,10000,block-08-mlkem-sve-768.csv
8,mlkem_sve,ML-KEM-768,InnerProdEnc,1477.0,1475.0,1480.0,5.0,124.99,10000,block-08-mlkem-sve-768.csv
8,mlkem_sve,ML-KEM-768,InnerProdDec,4387.0,4372.0,4588.0,216.0,280.9,10000,block-08-mlkem-sve-768.csv
9,kyber_neon,Kyber-1024,KeyGen,31755.0,31570.0,32324.0,754.0,4258.82,10000,block-09-kyber-neon-1024.csv
9,kyber_neon,Kyber-1024,Encaps,44536.0,43409.0,48482.0,5073.0,4756.33,10000,block-09-kyber-neon-1024.csv
9,kyber_neon,Kyber-1024,Decaps,38898.0,38524.0,43029.0,4505.0,2541.11,10000,block-09-kyber-neon-1024.csv
9,kyber_neon,Kyber-1024,NTT,285.0,264.0,287.0,23.0,16.14,10000,block-09-kyber-neon-1024.csv
9,kyber_neon,Kyber-1024,INVNTT,285.0,257.0,287.0,30.0,29.38,10000,block-09-kyber-neon-1024.csv
9,kyber_neon,Kyber-1024,BaseMulAcc,505.0,454.0,507.0,53.0,29.59,10000,block-09-kyber-neon-1024.csv
9,kyber_neon,Kyber-1024,MatrixVectorMul,3707.0,3438.0,3715.0,277.0,180.89,10000,block-09-kyber-neon-1024.csv
9,kyber_neon,Kyber-1024,InnerProdEnc,725.0,653.0,727.0,74.0,39.43,10000,block-09-kyber-neon-1024.csv
9,kyber_neon,Kyber-1024,InnerProdDec,1890.0,1738.0,1892.0,154.0,101.04,10000,block-09-kyber-neon-1024.csv
9,kyber_neon,Kyber-512,KeyGen,13904.0,13715.0,14283.0,568.0,946.83,10000,block-09-kyber-neon-512.csv
9,kyber_neon,Kyber-512,Encaps,21233.0,20859.0,23298.0,2439.0,2204.87,10000,block-09-kyber-neon-512.csv
9,kyber_neon,Kyber-512,Decaps,18040.0,17666.0,19731.0,2065.0,2475.27,10000,block-09-kyber-neon-512.csv
9,kyber_neon,Kyber-512,NTT,287.0,261.0,289.0,28.0,19.41,10000,block-09-kyber-neon-512.csv
9,kyber_neon,Kyber-512,INVNTT,285.0,281.0,287.0,6.0,27.37,10000,block-09-kyber-neon-512.csv
9,kyber_neon,Kyber-512,BaseMulAcc,274.0,274.0,276.0,2.0,37.9,10000,block-09-kyber-neon-512.csv
9,kyber_neon,Kyber-512,MatrixVectorMul,1570.0,1503.0,1572.0,69.0,78.69,10000,block-09-kyber-neon-512.csv
9,kyber_neon,Kyber-512,InnerProdEnc,511.0,462.0,513.0,51.0,44.53,10000,block-09-kyber-neon-512.csv
9,kyber_neon,Kyber-512,InnerProdDec,1071.0,1026.0,1073.0,47.0,61.06,10000,block-09-kyber-neon-512.csv
9,kyber_neon,Kyber-768,KeyGen,24057.0,21986.0,24615.0,2629.0,1513.62,10000,block-09-kyber-neon-768.csv
9,kyber_neon,Kyber-768,Encaps,34574.0,31385.0,34763.0,3378.0,2289.54,10000,block-09-kyber-neon-768.csv
9,kyber_neon,Kyber-768,Decaps,29879.0,27060.0,30253.0,3193.0,2567.08,10000,block-09-kyber-neon-768.csv
9,kyber_neon,Kyber-768,NTT,287.0,285.0,287.0,2.0,23.78,10000,block-09-kyber-neon-768.csv
9,kyber_neon,Kyber-768,INVNTT,285.0,283.0,285.0,2.0,22.88,10000,block-09-kyber-neon-768.csv
9,kyber_neon,Kyber-768,BaseMulAcc,390.0,388.0,392.0,4.0,20.28,10000,block-09-kyber-neon-768.csv
9,kyber_neon,Kyber-768,MatrixVectorMul,2566.0,2499.0,2570.0,71.0,115.74,10000,block-09-kyber-neon-768.csv
9,kyber_neon,Kyber-768,InnerProdEnc,616.0,614.0,618.0,4.0,40.54,10000,block-09-kyber-neon-768.csv
9,kyber_neon,Kyber-768,InnerProdDec,1469.0,1465.0,1471.0,6.0,60.53,10000,block-09-kyber-neon-768.csv
9,kyber_ref,Kyber-1024,KeyGen,156348.0,142440.0,157660.0,15220.0,9286.02,10000,block-09-kyber-ref-1024.csv
9,kyber_ref,Kyber-1024,Encaps,173071.0,162175.0,173635.0,11460.0,9641.7,10000,block-09-kyber-ref-1024.csv
9,kyber_ref,Kyber-1024,Decaps,196369.0,182280.0,196749.0,14469.0,10368.22,10000,block-09-kyber-ref-1024.csv
9,kyber_ref,Kyber-1024,NTT,3596.0,3307.0,3604.0,297.0,185.45,10000,block-09-kyber-ref-1024.csv
9,kyber_ref,Kyber-1024,INVNTT,5712.0,5404.0,5718.0,314.0,242.55,10000,block-09-kyber-ref-1024.csv
9,kyber_ref,Kyber-1024,BaseMulAcc,9097.0,8830.0,9226.0,396.0,311.87,10000,block-09-kyber-ref-1024.csv
9,kyber_ref,Kyber-1024,MatrixVectorMul,76673.0,76119.0,77152.0,1033.0,1412.24,10000,block-09-kyber-ref-1024.csv
9,kyber_ref,Kyber-1024,InnerProdEnc,14990.0,14781.0,15230.0,449.0,585.19,10000,block-09-kyber-ref-1024.csv
9,kyber_ref,Kyber-1024,InnerProdDec,28737.0,28499.0,28935.0,436.0,553.22,10000,block-09-kyber-ref-1024.csv
9,kyber_ref,Kyber-512,KeyGen,57313.0,52239.0,57877.0,5638.0,3891.14,10000,block-09-kyber-ref-512.csv
9,kyber_ref,Kyber-512,Encaps,75353.0,67840.0,75728.0,7888.0,5263.77,10000,block-09-kyber-ref-512.csv
9,kyber_ref,Kyber-512,Decaps,82682.0,80806.0,90200.0,9394.0,79293.77,10000,block-09-kyber-ref-512.csv
9,kyber_ref,Kyber-512,NTT,3594.0,3299.0,3600.0,301.0,180.45,10000,block-09-kyber-ref-512.csv
9,kyber_ref,Kyber-512,INVNTT,5643.0,5361.0,5652.0,291.0,233.09,10000,block-09-kyber-ref-512.csv
9,kyber_ref,Kyber-512,BaseMulAcc,5101.0,4797.0,5107.0,310.0,219.06,10000,block-09-kyber-ref-512.csv
9,kyber_ref,Kyber-512,MatrixVectorMul,29698.0,29377.0,29878.0,501.0,2372.13,10000,block-09-kyber-ref-512.csv
9,kyber_ref,Kyber-512,InnerProdEnc,10491.0,10256.0,10731.0,475.0,334.39,10000,block-09-kyber-ref-512.csv
9,kyber_ref,Kyber-512,InnerProdDec,17451.0,17250.0,17651.0,401.0,402.69,10000,block-09-kyber-ref-512.csv
9,kyber_ref,Kyber-768,KeyGen,99968.0,99030.0,100537.0,1507.0,4268.38,10000,block-09-kyber-ref-768.csv
9,kyber_ref,Kyber-768,Encaps,117260.0,116881.0,117639.0,758.0,5429.88,10000,block-09-kyber-ref-768.csv
9,kyber_ref,Kyber-768,Decaps,136238.0,135300.0,136613.0,1313.0,6621.86,10000,block-09-kyber-ref-768.csv
9,kyber_ref,Kyber-768,NTT,3632.0,3495.0,3636.0,141.0,165.77,10000,block-09-kyber-ref-768.csv
9,kyber_ref,Kyber-768,INVNTT,5644.0,5505.0,5648.0,143.0,156.77,10000,block-09-kyber-ref-768.csv
9,kyber_ref,Kyber-768,BaseMulAcc,6958.0,6815.0,6966.0,151.0,176.31,10000,block-09-kyber-ref-768.csv
9,kyber_ref,Kyber-768,MatrixVectorMul,50805.0,50536.0,51045.0,509.0,1053.71,10000,block-09-kyber-ref-768.csv
9,kyber_ref,Kyber-768,InnerProdEnc,12851.0,12626.0,13037.0,411.0,353.79,10000,block-09-kyber-ref-768.csv
9,kyber_ref,Kyber-768,InnerProdDec,23226.0,23175.0,23256.0,81.0,345.85,10000,block-09-kyber-ref-768.csv
9,kyber_sme,Kyber-1024,KeyGen,62576.0,61074.0,64267.0,3193.0,4831.63,10000,block-09-kyber-sme-1024.csv
9,kyber_sme,Kyber-1024,Encaps,74789.0,69152.0,75727.0,6575.0,4747.31,10000,block-09-kyber-sme-1024.csv
9,kyber_sme,Kyber-1024,Decaps,76480.0,74415.0,76859.0,2444.0,4787.25,10000,block-09-kyber-sme-1024.csv
9,kyber_sme,Kyber-1024,NTT,1187.0,1185.0,1193.0,8.0,54.61,10000,block-09-kyber-sme-1024.csv
9,kyber_sme,Kyber-1024,INVNTT,1103.0,1103.0,1104.0,1.0,79.8,10000,block-09-kyber-sme-1024.csv
9,kyber_sme,Kyber-1024,BaseMulAcc,1415.0,1413.0,1416.0,3.0,54.59,10000,block-09-kyber-sme-1024.csv
9,kyber_sme,Kyber-1024,MatrixVectorMul,10724.0,10699.0,10901.0,202.0,196.46,10000,block-09-kyber-sme-1024.csv
9,kyber_sme,Kyber-1024,InnerProdEnc,2040.0,2038.0,2097.0,59.0,321.76,10000,block-09-kyber-sme-1024.csv
9,kyber_sme,Kyber-1024,InnerProdDec,5118.0,5085.0,5246.0,161.0,648.16,10000,block-09-kyber-sme-1024.csv
9,kyber_sme,Kyber-512,KeyGen,28751.0,28561.0,28941.0,380.0,1345.67,10000,block-09-kyber-sme-512.csv
9,kyber_sme,Kyber-512,Encaps,37582.0,37392.0,37771.0,379.0,1457.23,10000,block-09-kyber-sme-512.csv
9,kyber_sme,Kyber-512,Decaps,37960.0,37771.0,38146.0,375.0,1558.54,10000,block-09-kyber-sme-512.csv
9,kyber_sme,Kyber-512,NTT,1170.0,1170.0,1172.0,2.0,45.7,10000,block-09-kyber-sme-512.csv
9,kyber_sme,Kyber-512,INVNTT,1097.0,1095.0,1099.0,4.0,45.57,10000,block-09-kyber-sme-512.csv
9,kyber_sme,Kyber-512,BaseMulAcc,751.0,749.0,751.0,2.0,14.4,10000,block-09-kyber-sme-512.csv
9,kyber_sme,Kyber-512,MatrixVectorMul,4705.0,4692.0,4716.0,24.0,128.48,10000,block-09-kyber-sme-512.csv
9,kyber_sme,Kyber-512,InnerProdEnc,1379.0,1377.0,1379.0,2.0,34.95,10000,block-09-kyber-sme-512.csv
9,kyber_sme,Kyber-512,InnerProdDec,3671.0,3643.0,3679.0,36.0,94.62,10000,block-09-kyber-sme-512.csv
9,kyber_sme,Kyber-768,KeyGen,41533.0,39842.0,42281.0,2439.0,2104.08,10000,block-09-kyber-sme-768.csv
9,kyber_sme,Kyber-768,Encaps,55811.0,55247.0,56185.0,938.0,21391.28,10000,block-09-kyber-sme-768.csv
9,kyber_sme,Kyber-768,Decaps,54494.0,54120.0,54684.0,564.0,7283.57,10000,block-09-kyber-sme-768.csv
9,kyber_sme,Kyber-768,NTT,1204.0,1202.0,1204.0,2.0,140.33,10000,block-09-kyber-sme-768.csv
9,kyber_sme,Kyber-768,INVNTT,1104.0,1104.0,1106.0,2.0,46.8,10000,block-09-kyber-sme-768.csv
9,kyber_sme,Kyber-768,BaseMulAcc,1093.0,1091.0,1095.0,4.0,32.24,10000,block-09-kyber-sme-768.csv
9,kyber_sme,Kyber-768,MatrixVectorMul,7276.0,7255.0,7281.0,26.0,268.67,10000,block-09-kyber-sme-768.csv
9,kyber_sme,Kyber-768,InnerProdEnc,1708.0,1708.0,1710.0,2.0,45.56,10000,block-09-kyber-sme-768.csv
9,kyber_sme,Kyber-768,InnerProdDec,4290.0,4284.0,4297.0,13.0,69.72,10000,block-09-kyber-sme-768.csv
9,kyber_sve,Kyber-1024,KeyGen,61823.0,59947.0,62387.0,2440.0,8963.75,10000,block-09-kyber-sve-1024.csv
9,kyber_sve,Kyber-1024,Encaps,75916.0,69716.0,76481.0,6765.0,15404.11,10000,block-09-kyber-sve-1024.csv
9,kyber_sve,Kyber-1024,Decaps,74415.0,73288.0,74978.0,1690.0,10994.98,10000,block-09-kyber-sve-1024.csv
9,kyber_sve,Kyber-1024,NTT,1069.0,1061.0,1086.0,25.0,284.16,10000,block-09-kyber-sve-1024.csv
9,kyber_sve,Kyber-1024,INVNTT,1116.0,1101.0,1123.0,22.0,181.86,10000,block-09-kyber-sve-1024.csv
9,kyber_sve,Kyber-1024,BaseMulAcc,1416.0,1415.0,1437.0,22.0,179.82,10000,block-09-kyber-sve-1024.csv
9,kyber_sve,Kyber-1024,MatrixVectorMul,10613.0,10307.0,11040.0,733.0,1550.9,10000,block-09-kyber-sve-1024.csv
9,kyber_sve,Kyber-1024,InnerProdEnc,1982.0,1980.0,2035.0,55.0,318.14,10000,block-09-kyber-sve-1024.csv
9,kyber_sve,Kyber-1024,InnerProdDec,4560.0,4485.0,4750.0,265.0,461.22,10000,block-09-kyber-sve-1024.csv
9,kyber_sve,Kyber-512,KeyGen,27624.0,27434.0,27998.0,564.0,9914.62,10000,block-09-kyber-sve-512.csv
9,kyber_sve,Kyber-512,Encaps,37581.0,37208.0,37771.0,563.0,8138.33,10000,block-09-kyber-sve-512.csv
9,kyber_sve,Kyber-512,Decaps,35891.0,35705.0,36265.0,560.0,7093.75,10000,block-09-kyber-sve-512.csv
9,kyber_sve,Kyber-512,NTT,1059.0,1050.0,1097.0,47.0,223.05,10000,block-09-kyber-sve-512.csv
9,kyber_sve,Kyber-512,INVNTT,1123.0,1120.0,1185.0,65.0,185.46,10000,block-09-kyber-sve-512.csv
9,kyber_sve,Kyber-512,BaseMulAcc,751.0,749.0,753.0,4.0,134.0,10000,block-09-kyber-sve-512.csv
9,kyber_sve,Kyber-512,MatrixVectorMul,4572.0,4474.0,4769.0,295.0,523.08,10000,block-09-kyber-sve-512.csv
9,kyber_sve,Kyber-512,InnerProdEnc,1321.0,1319.0,1345.0,26.0,166.12,10000,block-09-kyber-sve-512.csv
9,kyber_sve,Kyber-512,InnerProdDec,3418.0,3346.0,3647.0,301.0,441.7,10000,block-09-kyber-sve-512.csv
9,kyber_sve,Kyber-768,KeyGen,43030.0,41907.0,44346.0,2439.0,8077.3,10000,block-09-kyber-sve-768.csv
9,kyber_sve,Kyber-768,Encaps,51680.0,48672.0,54120.0,5448.0,9346.57,10000,block-09-kyber-sve-768.csv
9,kyber_sve,Kyber-768,Decaps,54684.0,54494.0,55058.0,564.0,10332.38,10000,block-09-kyber-sve-768.csv
9,kyber_sve,Kyber-768,NTT,1071.0,1054.0,1101.0,47.0,172.99,10000,block-09-kyber-sve-768.csv
9,kyber_sve,Kyber-768,INVNTT,1131.0,1127.0,1153.0,26.0,832.28,10000,block-09-kyber-sve-768.csv
9,kyber_sve,Kyber-768,BaseMulAcc,1093.0,1091.0,1108.0,17.0,153.12,10000,block-09-kyber-sve-768.csv
9,kyber_sve,Kyber-768,MatrixVectorMul,7127.0,6982.0,7413.0,431.0,583.68,10000,block-09-kyber-sve-768.csv
9,kyber_sve,Kyber-768,InnerProdEnc,1657.0,1655.0,1689.0,34.0,239.4,10000,block-09-kyber-sve-768.csv
9,kyber_sve,Kyber-768,InnerProdDec,3803.0,3792.0,3976.0,184.0,1034.43,10000,block-09-kyber-sve-768.csv
9,mlkem_neon,ML-KEM-1024,KeyGen,59942.0,54684.0,60321.0,5637.0,3554.08,10000,block-09-mlkem-neon-1024.csv
9,mlkem_neon,ML-KEM-1024,Encaps,64641.0,58630.0,65020.0,6390.0,5736.56,10000,block-09-mlkem-neon-1024.csv
9,mlkem_neon,ML-KEM-1024,Decaps,76106.0,68967.0,76486.0,7519.0,4535.05,10000,block-09-mlkem-neon-1024.csv
9,mlkem_neon,ML-KEM-1024,NTT,221.0,201.0,223.0,22.0,15.93,10000,block-09-mlkem-neon-1024.csv
9,mlkem_neon,ML-KEM-1024,INVNTT,257.0,255.0,259.0,4.0,15.84,10000,block-09-mlkem-neon-1024.csv
9,mlkem_neon,ML-KEM-1024,BaseMulAcc,280.0,278.0,283.0,5.0,12.7,10000,block-09-mlkem-neon-1024.csv
9,mlkem_neon,ML-KEM-1024,MatrixVectorMul,3222.0,3085.0,3234.0,149.0,149.54,10000,block-09-mlkem-neon-1024.csv
9,mlkem_neon,ML-KEM-1024,InnerProdEnc,533.0,486.0,535.0,49.0,40.96,10000,block-09-mlkem-neon-1024.csv
9,mlkem_neon,ML-KEM-1024,InnerProdDec,1510.0,1488.0,1516.0,28.0,72.94,10000,block-09-mlkem-neon-1024.csv
9,mlkem_neon,ML-KEM-512,KeyGen,23488.0,21423.0,23678.0,2255.0,2089.32,10000,block-09-mlkem-neon-512.csv
9,mlkem_neon,ML-KEM-512,Encaps,26871.0,26497.0,27060.0,563.0,2518.3,10000,block-09-mlkem-neon-512.csv
9,mlkem_neon,ML-KEM-512,Decaps,33077.0,32882.0,33446.0,564.0,1664.55,10000,block-09-mlkem-neon-512.csv
9,mlkem_neon,ML-KEM-512,NTT,223.0,202.0,225.0,23.0,29.52,10000,block-09-mlkem-neon-512.csv
9,mlkem_neon,ML-KEM-512,INVNTT,257.0,240.0,259.0,19.0,17.32,10000,block-09-mlkem-neon-512.csv
9,mlkem_neon,ML-KEM-512,BaseMulAcc,163.0,163.0,163.0,0.0,11.23,10000,block-09-mlkem-neon-512.csv
9,mlkem_neon,ML-KEM-512,MatrixVectorMul,1369.0,1358.0,1373.0,15.0,80.08,10000,block-09-mlkem-neon-512.csv
9,mlkem_neon,ML-KEM-512,InnerProdEnc,419.0,417.0,420.0,3.0,37.64,10000,block-09-mlkem-neon-512.csv
9,mlkem_neon,ML-KEM-512,InnerProdDec,890.0,885.0,894.0,9.0,51.78,10000,block-09-mlkem-neon-512.csv
9,mlkem_neon,ML-KEM-768,KeyGen,40590.0,40400.0,40964.0,564.0,2197.72,10000,block-09-mlkem-neon-768.csv
9,mlkem_neon,ML-KEM-768,Encaps,43598.0,43224.0,43972.0,748.0,2021.37,10000,block-09-mlkem-neon-768.csv
9,mlkem_neon,ML-KEM-768,Decaps,52050.0,51676.0,52244.0,568.0,2132.11,10000,block-09-mlkem-neon-768.csv
9,mlkem_neon,ML-KEM-768,NTT,221.0,208.0,223.0,15.0,26.99,10000,block-09-mlkem-neon-768.csv
9,mlkem_neon,ML-KEM-768,INVNTT,257.0,257.0,259.0,2.0,10.43,10000,block-09-mlkem-neon-768.csv
9,mlkem_neon,ML-KEM-768,BaseMulAcc,219.0,218.0,221.0,3.0,13.14,10000,block-09-mlkem-neon-768.csv
9,mlkem_neon,ML-KEM-768,MatrixVectorMul,2234.0,2224.0,2239.0,15.0,115.59,10000,block-09-mlkem-neon-768.csv
9,mlkem_neon,ML-KEM-768,InnerProdEnc,477.0,475.0,477.0,2.0,16.84,10000,block-09-mlkem-neon-768.csv
9,mlkem_neon,ML-KEM-768,InnerProdDec,1197.0,1191.0,1200.0,9.0,53.22,10000,block-09-mlkem-neon-768.csv
9,mlkem_ref,ML-KEM-1024,KeyGen,77044.0,69905.0,77423.0,7518.0,7606.71,10000,block-09-mlkem-ref-1024.csv
9,mlkem_ref,ML-KEM-1024,Encaps,84188.0,78736.0,84563.0,5827.0,10008.77,10000,block-09-mlkem-ref-1024.csv
9,mlkem_ref,ML-KEM-1024,Decaps,94899.0,86254.0,95463.0,9209.0,9559.43,10000,block-09-mlkem-ref-1024.csv
9,mlkem_ref,ML-KEM-1024,NTT,520.0,520.0,522.0,2.0,43.13,10000,block-09-mlkem-ref-1024.csv
9,mlkem_ref,ML-KEM-1024,INVNTT,886.0,796.0,915.0,119.0,139.66,10000,block-09-mlkem-ref-1024.csv
9,mlkem_ref,ML-KEM-1024,BaseMulAcc,311.0,287.0,321.0,34.0,49.39,10000,block-09-mlkem-ref-1024.csv
9,mlkem_ref,ML-KEM-1024,MatrixVectorMul,7640.0,7355.0,7680.0,325.0,416.4,10000,block-09-mlkem-ref-1024.csv
9,mlkem_ref,ML-KEM-1024,InnerProdEnc,1195.0,1161.0,1195.0,34.0,73.52,10000,block-09-mlkem-ref-1024.csv
9,mlkem_ref,ML-KEM-1024,InnerProdDec,3623.0,3555.0,3626.0,71.0,144.77,10000,block-09-mlkem-ref-1024.csv
9,mlkem_ref,ML-KEM-512,KeyGen,29689.0,26871.0,29879.0,3008.0,2287.29,10000,block-09-mlkem-ref-512.csv
9,mlkem_ref,ML-KEM-512,Encaps,35142.0,32134.0,35331.0,3197.0,2775.57,10000,block-09-mlkem-ref-512.csv
9,mlkem_ref,ML-KEM-512,Decaps,41902.0,37960.0,42097.0,4137.0,2930.89,10000,block-09-mlkem-ref-512.csv
9,mlkem_ref,ML-KEM-512,NTT,520.0,518.0,520.0,2.0,50.57,10000,block-09-mlkem-ref-512.csv
9,mlkem_ref,ML-KEM-512,INVNTT,886.0,851.0,886.0,35.0,54.97,10000,block-09-mlkem-ref-512.csv
9,mlkem_ref,ML-KEM-512,BaseMulAcc,189.0,189.0,189.0,0.0,13.68,10000,block-09-mlkem-ref-512.csv
9,mlkem_ref,ML-KEM-512,MatrixVectorMul,3566.0,3427.0,3585.0,158.0,159.01,10000,block-09-mlkem-ref-512.csv
9,mlkem_ref,ML-KEM-512,InnerProdEnc,1074.0,1003.0,1076.0,73.0,74.02,10000,block-09-mlkem-ref-512.csv
9,mlkem_ref,ML-KEM-512,InnerProdDec,2273.0,2243.0,2275.0,32.0,103.79,10000,block-09-mlkem-ref-512.csv
9,mlkem_ref,ML-KEM-768,KeyGen,51865.0,47355.0,52239.0,4884.0,3384.89,10000,block-09-mlkem-ref-768.csv
9,mlkem_ref,ML-KEM-768,Encaps,57318.0,56938.0,57692.0,754.0,3656.89,10000,block-09-mlkem-ref-768.csv
9,mlkem_ref,ML-KEM-768,Decaps,65769.0,65395.0,65959.0,564.0,2654.73,10000,block-09-mlkem-ref-768.csv
9,mlkem_ref,ML-KEM-768,NTT,520.0,518.0,520.0,2.0,19.29,10000,block-09-mlkem-ref-768.csv
9,mlkem_ref,ML-KEM-768,INVNTT,886.0,834.0,886.0,52.0,63.33,10000,block-09-mlkem-ref-768.csv
9,mlkem_ref,ML-KEM-768,BaseMulAcc,246.0,246.0,248.0,2.0,13.92,10000,block-09-mlkem-ref-768.csv
9,mlkem_ref,ML-KEM-768,MatrixVectorMul,5552.0,5400.0,5558.0,158.0,167.89,10000,block-09-mlkem-ref-768.csv
9,mlkem_ref,ML-KEM-768,InnerProdEnc,1131.0,1129.0,1133.0,4.0,101.41,10000,block-09-mlkem-ref-768.csv
9,mlkem_ref,ML-KEM-768,InnerProdDec,2939.0,2935.0,2963.0,28.0,93.52,10000,block-09-mlkem-ref-768.csv
9,mlkem_sme,ML-KEM-1024,KeyGen,90574.0,80242.0,91327.0,11085.0,6391.35,10000,block-09-mlkem-sme-1024.csv
9,mlkem_sme,ML-KEM-1024,Encaps,102413.0,101849.0,102792.0,943.0,6480.75,10000,block-09-mlkem-sme-1024.csv
9,mlkem_sme,ML-KEM-1024,Decaps,112940.0,112376.0,122523.0,10147.0,5910.73,10000,block-09-mlkem-sme-1024.csv
9,mlkem_sme,ML-KEM-1024,NTT,1157.0,1155.0,1157.0,2.0,37.3,10000,block-09-mlkem-sme-1024.csv
9,mlkem_sme,ML-KEM-1024,INVNTT,1069.0,1063.0,1074.0,11.0,62.6,10000,block-09-mlkem-sme-1024.csv
9,mlkem_sme,ML-KEM-1024,BaseMulAcc,1181.0,1180.0,1183.0,3.0,47.31,10000,block-09-mlkem-sme-1024.csv
9,mlkem_sme,ML-KEM-1024,MatrixVectorMul,12028.0,11994.0,12186.0,192.0,234.4,10000,block-09-mlkem-sme-1024.csv
9,mlkem_sme,ML-KEM-1024,InnerProdEnc,1795.0,1794.0,1796.0,2.0,51.98,10000,block-09-mlkem-sme-1024.csv
9,mlkem_sme,ML-KEM-1024,InnerProdDec,5349.0,5318.0,5357.0,39.0,104.19,10000,block-09-mlkem-sme-1024.csv
9,mlkem_sme,ML-KEM-512,KeyGen,36644.0,36459.0,37018.0,559.0,1342.28,10000,block-09-mlkem-sme-512.csv
9,mlkem_sme,ML-KEM-512,Encaps,43409.0,41154.0,43783.0,2629.0,1890.14,10000,block-09-mlkem-sme-512.csv
9,mlkem_sme,ML-KEM-512,Decaps,57503.0,57128.0,57877.0,749.0,2530.04,10000,block-09-mlkem-sme-512.csv
9,mlkem_sme,ML-KEM-512,NTT,1174.0,1174.0,1176.0,2.0,41.37,10000,block-09-mlkem-sme-512.csv
9,mlkem_sme,ML-KEM-512,INVNTT,1078.0,1076.0,1078.0,2.0,41.29,10000,block-09-mlkem-sme-512.csv
9,mlkem_sme,ML-KEM-512,BaseMulAcc,631.0,631.0,633.0,2.0,13.01,10000,block-09-mlkem-sme-512.csv
9,mlkem_sme,ML-KEM-512,MatrixVectorMul,5047.0,5030.0,5053.0,23.0,104.78,10000,block-09-mlkem-sme-512.csv
9,mlkem_sme,ML-KEM-512,InnerProdEnc,1255.0,1253.0,1255.0,2.0,41.48,10000,block-09-mlkem-sme-512.csv
9,mlkem_sme,ML-KEM-512,InnerProdDec,3444.0,3433.0,3448.0,15.0,81.75,10000,block-09-mlkem-sme-512.csv
9,mlkem_sme,ML-KEM-768,KeyGen,61074.0,59758.0,61823.0,2065.0,2715.2,10000,block-09-mlkem-sme-768.csv
9,mlkem_sme,ML-KEM-768,Encaps,69716.0,66144.0,70658.0,4514.0,3186.5,10000,block-09-mlkem-sme-768.csv
9,mlkem_sme,ML-KEM-768,Decaps,83056.0,81933.0,86065.0,4132.0,2231.4,10000,block-09-mlkem-sme-768.csv
9,mlkem_sme,ML-KEM-768,NTT,1163.0,1161.0,1165.0,4.0,49.04,10000,block-09-mlkem-sme-768.csv
9,mlkem_sme,ML-KEM-768,INVNTT,1078.0,1076.0,1078.0,2.0,46.98,10000,block-09-mlkem-sme-768.csv
9,mlkem_sme,ML-KEM-768,BaseMulAcc,913.0,911.0,930.0,19.0,26.54,10000,block-09-mlkem-sme-768.csv
9,mlkem_sme,ML-KEM-768,MatrixVectorMul,8136.0,8116.0,8151.0,35.0,139.18,10000,block-09-mlkem-sme-768.csv
9,mlkem_sme,ML-KEM-768,InnerProdEnc,1525.0,1524.0,1527.0,3.0,30.83,10000,block-09-mlkem-sme-768.csv
9,mlkem_sme,ML-KEM-768,InnerProdDec,4923.0,4904.0,4938.0,34.0,910.28,10000,block-09-mlkem-sme-768.csv
9,mlkem_sve,ML-KEM-1024,KeyGen,91517.0,81180.0,92644.0,11464.0,12413.06,10000,block-09-mlkem-sve-1024.csv
9,mlkem_sve,ML-KEM-1024,Encaps,103540.0,102792.0,104104.0,1312.0,13512.05,10000,block-09-mlkem-sve-1024.csv
9,mlkem_sve,ML-KEM-1024,Decaps,121581.0,112371.0,123646.0,11275.0,14778.95,10000,block-09-mlkem-sve-1024.csv
9,mlkem_sve,ML-KEM-1024,NTT,1050.0,1041.0,1059.0,18.0,168.59,10000,block-09-mlkem-sve-1024.csv
9,mlkem_sve,ML-KEM-1024,INVNTT,1101.0,1084.0,1108.0,24.0,159.06,10000,block-09-mlkem-sve-1024.csv
9,mlkem_sve,ML-KEM-1024,BaseMulAcc,1181.0,1180.0,1189.0,9.0,164.52,10000,block-09-mlkem-sve-1024.csv
9,mlkem_sve,ML-KEM-1024,MatrixVectorMul,11878.0,11615.0,12289.0,674.0,740.81,10000,block-09-mlkem-sve-1024.csv
9,mlkem_sve,ML-KEM-1024,InnerProdEnc,1753.0,1751.0,1813.0,62.0,180.83,10000,block-09-mlkem-sve-1024.csv
9,mlkem_sve,ML-KEM-1024,InnerProdDec,4673.0,4650.0,4919.0,269.0,404.53,10000,block-09-mlkem-sve-1024.csv
9,mlkem_sve,ML-KEM-512,KeyGen,36265.0,35891.0,36459.0,568.0,8246.23,10000,block-09-mlkem-sve-512.csv
9,mlkem_sve,ML-KEM-512,Encaps,44721.0,42281.0,45100.0,2819.0,7982.89,10000,block-09-mlkem-sve-512.csv
9,mlkem_sve,ML-KEM-512,Decaps,56375.0,55811.0,56754.0,943.0,8174.98,10000,block-09-mlkem-sve-512.csv
9,mlkem_sve,ML-KEM-512,NTT,1031.0,1020.0,1035.0,15.0,158.17,10000,block-09-mlkem-sve-512.csv
9,mlkem_sve,ML-KEM-512,INVNTT,1089.0,1086.0,1097.0,11.0,122.35,10000,block-09-mlkem-sve-512.csv
9,mlkem_sve,ML-KEM-512,BaseMulAcc,631.0,629.0,635.0,6.0,184.81,10000,block-09-mlkem-sve-512.csv
9,mlkem_sve,ML-KEM-512,MatrixVectorMul,4489.0,4470.0,4703.0,233.0,375.61,10000,block-09-mlkem-sve-512.csv
9,mlkem_sve,ML-KEM-512,InnerProdEnc,1196.0,1195.0,1204.0,9.0,149.76,10000,block-09-mlkem-sve-512.csv
9,mlkem_sve,ML-KEM-512,InnerProdDec,2803.0,2788.0,2969.0,181.0,319.86,10000,block-09-mlkem-sve-512.csv
9,mlkem_sve,ML-KEM-768,KeyGen,61259.0,59568.0,62012.0,2444.0,15527.83,10000,block-09-mlkem-sve-768.csv
9,mlkem_sve,ML-KEM-768,Encaps,76670.0,70095.0,77234.0,7139.0,14715.94,10000,block-09-mlkem-sve-768.csv
9,mlkem_sve,ML-KEM-768,Decaps,84747.0,82492.0,86069.0,3577.0,14845.47,10000,block-09-mlkem-sve-768.csv
9,mlkem_sve,ML-KEM-768,NTT,1061.0,1046.0,1106.0,60.0,168.18,10000,block-09-mlkem-sve-768.csv
9,mlkem_sve,ML-KEM-768,INVNTT,1121.0,1118.0,1163.0,45.0,203.81,10000,block-09-mlkem-sve-768.csv
9,mlkem_sve,ML-KEM-768,BaseMulAcc,913.0,911.0,930.0,19.0,119.27,10000,block-09-mlkem-sve-768.csv
9,mlkem_sve,ML-KEM-768,MatrixVectorMul,7903.0,7710.0,8211.0,501.0,599.62,10000,block-09-mlkem-sve-768.csv
9,mlkem_sve,ML-KEM-768,InnerProdEnc,1477.0,1475.0,1482.0,7.0,159.31,10000,block-09-mlkem-sve-768.csv
9,mlkem_sve,ML-KEM-768,InnerProdDec,4442.0,4376.0,4744.0,368.0,1485.45,10000,block-09-mlkem-sve-768.csv
10,kyber_neon,Kyber-1024,KeyGen,32134.0,31570.0,35137.0,3567.0,2419.72,10000,block-10-kyber-neon-1024.csv
10,kyber_neon,Kyber-1024,Encaps,47919.0,43409.0,48482.0,5073.0,3704.19,10000,block-10-kyber-neon-1024.csv
10,kyber_neon,Kyber-1024,Decaps,39463.0,38525.0,43034.0,4509.0,4003.91,10000,block-10-kyber-neon-1024.csv
10,kyber_neon,Kyber-1024,NTT,293.0,283.0,295.0,12.0,31.16,10000,block-10-kyber-neon-1024.csv
10,kyber_neon,Kyber-1024,INVNTT,285.0,261.0,293.0,32.0,31.04,10000,block-10-kyber-neon-1024.csv
10,kyber_neon,Kyber-1024,BaseMulAcc,505.0,458.0,507.0,49.0,31.79,10000,block-10-kyber-neon-1024.csv
10,kyber_neon,Kyber-1024,MatrixVectorMul,3707.0,3459.0,3722.0,263.0,211.49,10000,block-10-kyber-neon-1024.csv
10,kyber_neon,Kyber-1024,InnerProdEnc,727.0,691.0,734.0,43.0,38.55,10000,block-10-kyber-neon-1024.csv
10,kyber_neon,Kyber-1024,InnerProdDec,1890.0,1779.0,1894.0,115.0,96.84,10000,block-10-kyber-neon-1024.csv
10,kyber_neon,Kyber-512,KeyGen,13720.0,13715.0,14093.0,378.0,1392.24,10000,block-10-kyber-neon-512.csv
10,kyber_neon,Kyber-512,Encaps,22550.0,20859.0,23303.0,2444.0,1577.49,10000,block-10-kyber-neon-512.csv
10,kyber_neon,Kyber-512,Decaps,18040.0,17666.0,19731.0,2065.0,1984.31,10000,block-10-kyber-neon-512.csv
10,kyber_neon,Kyber-512,NTT,287.0,279.0,289.0,10.0,19.27,10000,block-10-kyber-neon-512.csv
10,kyber_neon,Kyber-512,INVNTT,285.0,278.0,285.0,7.0,33.63,10000,block-10-kyber-neon-512.csv
10,kyber_neon,Kyber-512,BaseMulAcc,274.0,274.0,276.0,2.0,15.31,10000,block-10-kyber-neon-512.csv
10,kyber_neon,Kyber-512,MatrixVectorMul,1570.0,1475.0,1572.0,97.0,82.89,10000,block-10-kyber-neon-512.csv
10,kyber_neon,Kyber-512,InnerProdEnc,511.0,509.0,513.0,4.0,24.51,10000,block-10-kyber-neon-512.csv
10,kyber_neon,Kyber-512,InnerProdDec,1071.0,1011.0,1073.0,62.0,62.36,10000,block-10-kyber-neon-512.csv
10,kyber_neon,Kyber-768,KeyGen,22361.0,21986.0,24431.0,2445.0,1511.58,10000,block-10-kyber-neon-768.csv
10,kyber_neon,Kyber-768,Encaps,34388.0,31191.0,34763.0,3572.0,2386.98,10000,block-10-kyber-neon-768.csv
10,kyber_neon,Kyber-768,Decaps,30064.0,27245.0,30253.0,3008.0,2486.66,10000,block-10-kyber-neon-768.csv
10,kyber_neon,Kyber-768,NTT,285.0,257.0,285.0,28.0,27.89,10000,block-10-kyber-neon-768.csv
10,kyber_neon,Kyber-768,INVNTT,285.0,283.0,285.0,2.0,26.96,10000,block-10-kyber-neon-768.csv
10,kyber_neon,Kyber-768,BaseMulAcc,388.0,351.0,390.0,39.0,39.67,10000,block-10-kyber-neon-768.csv
10,kyber_neon,Kyber-768,MatrixVectorMul,2566.0,2471.0,2570.0,99.0,115.46,10000,block-10-kyber-neon-768.csv
10,kyber_neon,Kyber-768,InnerProdEnc,616.0,614.0,618.0,4.0,41.85,10000,block-10-kyber-neon-768.csv
10,kyber_neon,Kyber-768,InnerProdDec,1469.0,1456.0,1471.0,15.0,62.66,10000,block-10-kyber-neon-768.csv
10,kyber_ref,Kyber-1024,KeyGen,156722.0,143572.0,157850.0,14278.0,10391.0,10000,block-10-kyber-ref-1024.csv
10,kyber_ref,Kyber-1024,Encaps,172882.0,157096.0,173446.0,16350.0,10032.57,10000,block-10-kyber-ref-1024.csv
10,kyber_ref,Kyber-1024,Decaps,196375.0,181338.0,196938.0,15600.0,10687.63,10000,block-10-kyber-ref-1024.csv
10,kyber_ref,Kyber-1024,NTT,3598.0,3316.0,3606.0,290.0,175.85,10000,block-10-kyber-ref-1024.csv
10,kyber_ref,Kyber-1024,INVNTT,5710.0,5381.0,5720.0,339.0,246.15,10000,block-10-kyber-ref-1024.csv
10,kyber_ref,Kyber-1024,BaseMulAcc,9125.0,8865.0,9228.0,363.0,293.72,10000,block-10-kyber-ref-1024.csv
10,kyber_ref,Kyber-1024,MatrixVectorMul,76733.0,76247.0,77209.0,962.0,1341.78,10000,block-10-kyber-ref-1024.csv
10,kyber_ref,Kyber-1024,InnerProdEnc,14862.0,14599.0,15099.0,500.0,443.15,10000,block-10-kyber-ref-1024.csv
10,kyber_ref,Kyber-1024,InnerProdDec,28694.0,28424.0,28832.0,408.0,671.23,10000,block-10-kyber-ref-1024.csv
10,kyber_ref,Kyber-512,KeyGen,57318.0,52055.0,57881.0,5826.0,3973.68,10000,block-10-kyber-ref-512.csv
10,kyber_ref,Kyber-512,Encaps,75358.0,68778.0,75732.0,6954.0,4577.21,10000,block-10-kyber-ref-512.csv
10,kyber_ref,Kyber-512,Decaps,90010.0,83061.0,90385.0,7324.0,5085.62,10000,block-10-kyber-ref-512.csv
10,kyber_ref,Kyber-512,NTT,3598.0,3346.0,3606.0,260.0,158.72,10000,block-10-kyber-ref-512.csv
10,kyber_ref,Kyber-512,INVNTT,5641.0,5336.0,5648.0,312.0,224.31,10000,block-10-kyber-ref-512.csv
10,kyber_ref,Kyber-512,BaseMulAcc,5100.0,4788.0,5105.0,317.0,221.4,10000,block-10-kyber-ref-512.csv
10,kyber_ref,Kyber-512,MatrixVectorMul,29606.0,29292.0,29835.0,543.0,601.58,10000,block-10-kyber-ref-512.csv
10,kyber_ref,Kyber-512,InnerProdEnc,10534.0,10269.0,10735.0,466.0,326.27,10000,block-10-kyber-ref-512.csv
10,kyber_ref,Kyber-512,InnerProdDec,17442.0,17233.0,17632.0,399.0,396.78,10000,block-10-kyber-ref-512.csv
10,kyber_ref,Kyber-768,KeyGen,99784.0,98656.0,100537.0,1881.0,4853.42,10000,block-10-kyber-ref-768.csv
10,kyber_ref,Kyber-768,Encaps,117260.0,116696.0,117823.0,1127.0,6763.89,10000,block-10-kyber-ref-768.csv
10,kyber_ref,Kyber-768,Decaps,136238.0,129288.0,136617.0,7329.0,7374.65,10000,block-10-kyber-ref-768.csv
10,kyber_ref,Kyber-768,NTT,3634.0,3504.0,3639.0,135.0,142.23,10000,block-10-kyber-ref-768.csv
10,kyber_ref,Kyber-768,INVNTT,5646.0,5521.0,5665.0,144.0,161.16,10000,block-10-kyber-ref-768.csv
10,kyber_ref,Kyber-768,BaseMulAcc,6958.0,6823.0,6966.0,143.0,160.14,10000,block-10-kyber-ref-768.csv
10,kyber_ref,Kyber-768,MatrixVectorMul,50797.0,50523.0,50989.0,466.0,922.54,10000,block-10-kyber-ref-768.csv
10,kyber_ref,Kyber-768,InnerProdEnc,12725.0,12565.0,12968.0,403.0,333.65,10000,block-10-kyber-ref-768.csv
10,kyber_ref,Kyber-768,InnerProdDec,23224.0,23153.0,23296.0,143.0,1059.48,10000,block-10-kyber-ref-768.csv
10,kyber_sme,Kyber-1024,KeyGen,62391.0,61075.0,64267.0,3192.0,2683.75,10000,block-10-kyber-sme-1024.csv
10,kyber_sme,Kyber-1024,Encaps,74697.0,69152.0,75727.0,6575.0,3580.94,10000,block-10-kyber-sme-1024.csv
10,kyber_sme,Kyber-1024,Decaps,76480.0,74415.0,76859.0,2444.0,2330.44,10000,block-10-kyber-sme-1024.csv
10,kyber_sme,Kyber-1024,NTT,1187.0,1187.0,1187.0,0.0,39.77,10000,block-10-kyber-sme-1024.csv
10,kyber_sme,Kyber-1024,INVNTT,1104.0,1103.0,1104.0,1.0,55.3,10000,block-10-kyber-sme-1024.csv
10,kyber_sme,Kyber-1024,BaseMulAcc,1409.0,1407.0,1411.0,4.0,53.68,10000,block-10-kyber-sme-1024.csv
10,kyber_sme,Kyber-1024,MatrixVectorMul,10724.0,10701.0,10876.0,175.0,191.89,10000,block-10-kyber-sme-1024.csv
10,kyber_sme,Kyber-1024,InnerProdEnc,2031.0,2029.0,2033.0,4.0,61.22,10000,block-10-kyber-sme-1024.csv
10,kyber_sme,Kyber-1024,InnerProdDec,5118.0,5092.0,5132.0,40.0,106.46,10000,block-10-kyber-sme-1024.csv
10,kyber_sme,Kyber-512,KeyGen,28751.0,28561.0,28941.0,380.0,1718.7,10000,block-10-kyber-sme-512.csv
10,kyber_sme,Kyber-512,Encaps,37582.0,37392.0,37771.0,379.0,2703.95,10000,block-10-kyber-sme-512.csv
10,kyber_sme,Kyber-512,Decaps,37960.0,37771.0,38146.0,375.0,1799.3,10000,block-10-kyber-sme-512.csv
10,kyber_sme,Kyber-512,NTT,1191.0,1189.0,1193.0,4.0,59.42,10000,block-10-kyber-sme-512.csv
10,kyber_sme,Kyber-512,INVNTT,1097.0,1097.0,1099.0,2.0,50.86,10000,block-10-kyber-sme-512.csv
10,kyber_sme,Kyber-512,BaseMulAcc,747.0,746.0,747.0,1.0,12.17,10000,block-10-kyber-sme-512.csv
10,kyber_sme,Kyber-512,MatrixVectorMul,4707.0,4697.0,4716.0,19.0,106.7,10000,block-10-kyber-sme-512.csv
10,kyber_sme,Kyber-512,InnerProdEnc,1375.0,1375.0,1377.0,2.0,47.61,10000,block-10-kyber-sme-512.csv
10,kyber_sme,Kyber-512,InnerProdDec,3662.0,3651.0,3670.0,19.0,80.33,10000,block-10-kyber-sme-512.csv
10,kyber_sme,Kyber-768,KeyGen,41718.0,40026.0,42466.0,2440.0,1409.4,10000,block-10-kyber-sme-768.csv
10,kyber_sme,Kyber-768,Encaps,54120.0,50174.0,55811.0,5637.0,2825.35,10000,block-10-kyber-sme-768.csv
10,kyber_sme,Kyber-768,Decaps,54494.0,54305.0,54684.0,379.0,1001.37,10000,block-10-kyber-sme-768.csv
10,kyber_sme,Kyber-768,NTT,1197.0,1197.0,1202.0,5.0,79.5,10000,block-10-kyber-sme-768.csv
10,kyber_sme,Kyber-768,INVNTT,1093.0,1093.0,1095.0,2.0,24.28,10000,block-10-kyber-sme-768.csv
10,kyber_sme,Kyber-768,BaseMulAcc,1091.0,1089.0,1093.0,4.0,16.44,10000,block-10-kyber-sme-768.csv
10,kyber_sme,Kyber-768,MatrixVectorMul,7278.0,7255.0,7281.0,26.0,94.35,10000,block-10-kyber-sme-768.csv
10,kyber_sme,Kyber-768,InnerProdEnc,1708.0,1706.0,1708.0,2.0,26.45,10000,block-10-kyber-sme-768.csv
10,kyber_sme,Kyber-768,InnerProdDec,4293.0,4286.0,4299.0,13.0,67.55,10000,block-10-kyber-sme-768.csv
10,kyber_sve,Kyber-1024,KeyGen,61449.0,59004.0,62576.0,3572.0,9775.55,10000,block-10-kyber-sve-1024.csv
10,kyber_sve,Kyber-1024,Encaps,75916.0,69715.0,76481.0,6766.0,13879.12,10000,block-10-kyber-sve-1024.csv
10,kyber_sve,Kyber-1024,Decaps,74415.0,73288.0,74979.0,1691.0,20439.23,10000,block-10-kyber-sve-1024.csv
10,kyber_sve,Kyber-1024,NTT,1061.0,1056.0,1074.0,18.0,223.52,10000,block-10-kyber-sve-1024.csv
10,kyber_sve,Kyber-1024,INVNTT,1116.0,1103.0,1125.0,22.0,206.88,10000,block-10-kyber-sve-1024.csv
10,kyber_sve,Kyber-1024,BaseMulAcc,1416.0,1415.0,1422.0,7.0,161.76,10000,block-10-kyber-sve-1024.csv
10,kyber_sve,Kyber-1024,MatrixVectorMul,10506.0,10303.0,10765.0,462.0,706.52,10000,block-10-kyber-sve-1024.csv
10,kyber_sve,Kyber-1024,InnerProdEnc,1982.0,1980.0,2018.0,38.0,263.26,10000,block-10-kyber-sve-1024.csv
10,kyber_sve,Kyber-1024,InnerProdDec,4496.0,4479.0,4701.0,222.0,830.55,10000,block-10-kyber-sve-1024.csv
10,kyber_sve,Kyber-512,KeyGen,27624.0,27439.0,27998.0,559.0,7169.02,10000,block-10-kyber-sve-512.csv
10,kyber_sve,Kyber-512,Encaps,37581.0,37208.0,37771.0,563.0,6826.18,10000,block-10-kyber-sve-512.csv
10,kyber_sve,Kyber-512,Decaps,35891.0,35705.0,36080.0,375.0,9306.59,10000,block-10-kyber-sve-512.csv
10,kyber_sve,Kyber-512,NTT,1059.0,1054.0,1063.0,9.0,207.26,10000,block-10-kyber-sve-512.csv
10,kyber_sve,Kyber-512,INVNTT,1121.0,1119.0,1127.0,8.0,173.57,10000,block-10-kyber-sve-512.csv
10,kyber_sve,Kyber-512,BaseMulAcc,747.0,746.0,749.0,3.0,134.85,10000,block-10-kyber-sve-512.csv
10,kyber_sve,Kyber-512,MatrixVectorMul,4478.0,4466.0,4662.0,196.0,411.49,10000,block-10-kyber-sve-512.csv
10,kyber_sve,Kyber-512,InnerProdEnc,1317.0,1315.0,1321.0,6.0,176.65,10000,block-10-kyber-sve-512.csv
10,kyber_sve,Kyber-512,InnerProdDec,3363.0,3341.0,3570.0,229.0,372.27,10000,block-10-kyber-sve-512.csv
10,kyber_sve,Kyber-768,KeyGen,42660.0,41902.0,44157.0,2255.0,14108.18,10000,block-10-kyber-sve-768.csv
10,kyber_sve,Kyber-768,Encaps,51865.0,48857.0,54304.0,5447.0,8788.88,10000,block-10-kyber-sve-768.csv
10,kyber_sve,Kyber-768,Decaps,54684.0,54494.0,55058.0,564.0,10390.19,10000,block-10-kyber-sve-768.csv
10,kyber_sve,Kyber-768,NTT,1072.0,1061.0,1101.0,40.0,234.61,10000,block-10-kyber-sve-768.csv
10,kyber_sve,Kyber-768,INVNTT,1131.0,1125.0,1146.0,21.0,173.51,10000,block-10-kyber-sve-768.csv
10,kyber_sve,Kyber-768,BaseMulAcc,1093.0,1093.0,1097.0,4.0,225.87,10000,block-10-kyber-sve-768.csv
10,kyber_sve,Kyber-768,MatrixVectorMul,7107.0,6982.0,7328.0,346.0,585.96,10000,block-10-kyber-sve-768.csv
10,kyber_sve,Kyber-768,InnerProdEnc,1659.0,1657.0,1687.0,30.0,532.31,10000,block-10-kyber-sve-768.csv
10,kyber_sve,Kyber-768,InnerProdDec,3846.0,3805.0,4004.0,199.0,429.91,10000,block-10-kyber-sve-768.csv
10,mlkem_neon,ML-KEM-1024,KeyGen,59758.0,54494.0,60321.0,5827.0,4329.96,10000,block-10-mlkem-neon-1024.csv
10,mlkem_neon,ML-KEM-1024,Encaps,64642.0,63893.0,65021.0,1128.0,5178.13,10000,block-10-mlkem-neon-1024.csv
10,mlkem_neon,ML-KEM-1024,Decaps,75543.0,68593.0,76486.0,7893.0,93969.29,10000,block-10-mlkem-neon-1024.csv
10,mlkem_neon,ML-KEM-1024,NTT,223.0,219.0,225.0,6.0,15.54,10000,block-10-mlkem-neon-1024.csv
10,mlkem_neon,ML-KEM-1024,INVNTT,257.0,255.0,259.0,4.0,20.14,10000,block-10-mlkem-neon-1024.csv
10,mlkem_neon,ML-KEM-1024,BaseMulAcc,280.0,278.0,283.0,5.0,15.82,10000,block-10-mlkem-neon-1024.csv
10,mlkem_neon,ML-KEM-1024,MatrixVectorMul,3224.0,3104.0,3234.0,130.0,140.78,10000,block-10-mlkem-neon-1024.csv
10,mlkem_neon,ML-KEM-1024,InnerProdEnc,533.0,531.0,537.0,6.0,27.06,10000,block-10-mlkem-neon-1024.csv
10,mlkem_neon,ML-KEM-1024,InnerProdDec,1510.0,1493.0,1518.0,25.0,83.45,10000,block-10-mlkem-neon-1024.csv
10,mlkem_neon,ML-KEM-512,KeyGen,23303.0,21423.0,23678.0,2255.0,1673.46,10000,block-10-mlkem-neon-512.csv
10,mlkem_neon,ML-KEM-512,Encaps,26871.0,24616.0,27060.0,2444.0,1914.0,10000,block-10-mlkem-neon-512.csv
10,mlkem_neon,ML-KEM-512,Decaps,32887.0,29879.0,33261.0,3382.0,4441.49,10000,block-10-mlkem-neon-512.csv
10,mlkem_neon,ML-KEM-512,NTT,223.0,204.0,225.0,21.0,15.82,10000,block-10-mlkem-neon-512.csv
10,mlkem_neon,ML-KEM-512,INVNTT,257.0,249.0,259.0,10.0,24.81,10000,block-10-mlkem-neon-512.csv
10,mlkem_neon,ML-KEM-512,BaseMulAcc,163.0,163.0,163.0,0.0,17.12,10000,block-10-mlkem-neon-512.csv
10,mlkem_neon,ML-KEM-512,MatrixVectorMul,1369.0,1347.0,1373.0,26.0,75.26,10000,block-10-mlkem-neon-512.csv
10,mlkem_neon,ML-KEM-512,InnerProdEnc,419.0,417.0,420.0,3.0,28.75,10000,block-10-mlkem-neon-512.csv
10,mlkem_neon,ML-KEM-512,InnerProdDec,888.0,802.0,894.0,92.0,82.74,10000,block-10-mlkem-neon-512.csv
10,mlkem_neon,ML-KEM-768,KeyGen,40590.0,40026.0,40964.0,938.0,2145.62,10000,block-10-mlkem-neon-768.csv
10,mlkem_neon,ML-KEM-768,Encaps,43599.0,43408.0,43973.0,565.0,2794.86,10000,block-10-mlkem-neon-768.csv
10,mlkem_neon,ML-KEM-768,Decaps,51865.0,51486.0,52240.0,754.0,3003.46,10000,block-10-mlkem-neon-768.csv
10,mlkem_neon,ML-KEM-768,NTT,221.0,204.0,225.0,21.0,16.0,10000,block-10-mlkem-neon-768.csv
10,mlkem_neon,ML-KEM-768,INVNTT,257.0,257.0,259.0,2.0,9.89,10000,block-10-mlkem-neon-768.csv
10,mlkem_neon,ML-KEM-768,BaseMulAcc,219.0,219.0,221.0,2.0,8.15,10000,block-10-mlkem-neon-768.csv
10,mlkem_neon,ML-KEM-768,MatrixVectorMul,2234.0,2219.0,2239.0,20.0,90.2,10000,block-10-mlkem-neon-768.csv
10,mlkem_neon,ML-KEM-768,InnerProdEnc,477.0,475.0,479.0,4.0,39.74,10000,block-10-mlkem-neon-768.csv
10,mlkem_neon,ML-KEM-768,InnerProdDec,1195.0,1191.0,1200.0,9.0,49.32,10000,block-10-mlkem-neon-768.csv
10,mlkem_ref,ML-KEM-1024,KeyGen,76670.0,69721.0,77234.0,7513.0,4716.56,10000,block-10-mlkem-ref-1024.csv
10,mlkem_ref,ML-KEM-1024,Encaps,83809.0,75917.0,84189.0,8272.0,5999.59,10000,block-10-mlkem-ref-1024.csv
10,mlkem_ref,ML-KEM-1024,Decaps,94900.0,86069.0,95463.0,9394.0,5647.28,10000,block-10-mlkem-ref-1024.csv
10,mlkem_ref,ML-KEM-1024,NTT,520.0,518.0,522.0,4.0,24.94,10000,block-10-mlkem-ref-1024.csv
10,mlkem_ref,ML-KEM-1024,INVNTT,886.0,858.0,886.0,28.0,57.37,10000,block-10-mlkem-ref-1024.csv
10,mlkem_ref,ML-KEM-1024,BaseMulAcc,310.0,280.0,311.0,31.0,27.63,10000,block-10-mlkem-ref-1024.csv
10,mlkem_ref,ML-KEM-1024,MatrixVectorMul,7627.0,7328.0,7672.0,344.0,256.5,10000,block-10-mlkem-ref-1024.csv
10,mlkem_ref,ML-KEM-1024,InnerProdEnc,1195.0,1163.0,1195.0,32.0,71.78,10000,block-10-mlkem-ref-1024.csv
10,mlkem_ref,ML-KEM-1024,InnerProdDec,3619.0,3545.0,3623.0,78.0,137.11,10000,block-10-mlkem-ref-1024.csv
10,mlkem_ref,ML-KEM-512,KeyGen,29689.0,27249.0,29879.0,2630.0,2159.81,10000,block-10-mlkem-ref-512.csv
10,mlkem_ref,ML-KEM-512,Encaps,35142.0,34768.0,35332.0,564.0,2659.12,10000,block-10-mlkem-ref-512.csv
10,mlkem_ref,ML-KEM-512,Decaps,41717.0,37772.0,42096.0,4324.0,3607.02,10000,block-10-mlkem-ref-512.csv
10,mlkem_ref,ML-KEM-512,NTT,520.0,518.0,520.0,2.0,24.51,10000,block-10-mlkem-ref-512.csv
10,mlkem_ref,ML-KEM-512,INVNTT,886.0,817.0,886.0,69.0,64.24,10000,block-10-mlkem-ref-512.csv
10,mlkem_ref,ML-KEM-512,BaseMulAcc,189.0,187.0,189.0,2.0,11.34,10000,block-10-mlkem-ref-512.csv
10,mlkem_ref,ML-KEM-512,MatrixVectorMul,3566.0,3465.0,3583.0,118.0,149.29,10000,block-10-mlkem-ref-512.csv
10,mlkem_ref,ML-KEM-512,InnerProdEnc,1074.0,973.0,1076.0,103.0,169.17,10000,block-10-mlkem-ref-512.csv
10,mlkem_ref,ML-KEM-512,InnerProdDec,2273.0,2224.0,2277.0,53.0,139.24,10000,block-10-mlkem-ref-512.csv
10,mlkem_ref,ML-KEM-768,KeyGen,52050.0,50363.0,52244.0,1881.0,3311.73,10000,block-10-mlkem-ref-768.csv
10,mlkem_ref,ML-KEM-768,Encaps,57317.0,56750.0,57692.0,942.0,3586.31,10000,block-10-mlkem-ref-768.csv
10,mlkem_ref,ML-KEM-768,Decaps,65579.0,65021.0,65774.0,753.0,2969.64,10000,block-10-mlkem-ref-768.csv
10,mlkem_ref,ML-KEM-768,NTT,520.0,520.0,520.0,0.0,12.23,10000,block-10-mlkem-ref-768.csv
10,mlkem_ref,ML-KEM-768,INVNTT,886.0,855.0,886.0,31.0,59.02,10000,block-10-mlkem-ref-768.csv
10,mlkem_ref,ML-KEM-768,BaseMulAcc,246.0,221.0,248.0,27.0,18.46,10000,block-10-mlkem-ref-768.csv
10,mlkem_ref,ML-KEM-768,MatrixVectorMul,5552.0,5421.0,5558.0,137.0,156.82,10000,block-10-mlkem-ref-768.csv
10,mlkem_ref,ML-KEM-768,InnerProdEnc,1131.0,1129.0,1133.0,4.0,43.89,10000,block-10-mlkem-ref-768.csv
10,mlkem_ref,ML-KEM-768,InnerProdDec,2939.0,2935.0,2965.0,30.0,96.78,10000,block-10-mlkem-ref-768.csv
10,mlkem_sme,ML-KEM-1024,KeyGen,91143.0,80995.0,92081.0,11086.0,8799.62,10000,block-10-mlkem-sme-1024.csv
10,mlkem_sme,ML-KEM-1024,Encaps,102418.0,101849.0,102977.0,1128.0,25770.43,10000,block-10-mlkem-sme-1024.csv
10,mlkem_sme,ML-KEM-1024,Decaps,113125.0,112376.0,122708.0,10332.0,6027.37,10000,block-10-mlkem-sme-1024.csv
10,mlkem_sme,ML-KEM-1024,NTT,1153.0,1151.0,1153.0,2.0,45.15,10000,block-10-mlkem-sme-1024.csv
10,mlkem_sme,ML-KEM-1024,INVNTT,1069.0,1069.0,1071.0,2.0,47.54,10000,block-10-mlkem-sme-1024.csv
10,mlkem_sme,ML-KEM-1024,BaseMulAcc,1180.0,1180.0,1181.0,1.0,38.92,10000,block-10-mlkem-sme-1024.csv
10,mlkem_sme,ML-KEM-1024,MatrixVectorMul,12026.0,12021.0,12184.0,163.0,211.63,10000,block-10-mlkem-sme-1024.csv
10,mlkem_sme,ML-KEM-1024,InnerProdEnc,1792.0,1792.0,1794.0,2.0,43.36,10000,block-10-mlkem-sme-1024.csv
10,mlkem_sme,ML-KEM-1024,InnerProdDec,5349.0,5319.0,5355.0,36.0,105.48,10000,block-10-mlkem-sme-1024.csv
10,mlkem_sme,ML-KEM-512,KeyGen,36828.0,36459.0,37018.0,559.0,1495.33,10000,block-10-mlkem-sme-512.csv
10,mlkem_sme,ML-KEM-512,Encaps,43409.0,41154.0,43783.0,2629.0,2378.54,10000,block-10-mlkem-sme-512.csv
10,mlkem_sme,ML-KEM-512,Decaps,57502.0,57123.0,57877.0,754.0,1904.78,10000,block-10-mlkem-sme-512.csv
10,mlkem_sme,ML-KEM-512,NTT,1172.0,1157.0,1174.0,17.0,60.19,10000,block-10-mlkem-sme-512.csv
10,mlkem_sme,ML-KEM-512,INVNTT,1065.0,1063.0,1065.0,2.0,53.5,10000,block-10-mlkem-sme-512.csv
10,mlkem_sme,ML-KEM-512,BaseMulAcc,631.0,631.0,633.0,2.0,14.12,10000,block-10-mlkem-sme-512.csv
10,mlkem_sme,ML-KEM-512,MatrixVectorMul,5047.0,5032.0,5054.0,22.0,120.38,10000,block-10-mlkem-sme-512.csv
10,mlkem_sme,ML-KEM-512,InnerProdEnc,1255.0,1253.0,1257.0,4.0,79.88,10000,block-10-mlkem-sme-512.csv
10,mlkem_sme,ML-KEM-512,InnerProdDec,3444.0,3431.0,3448.0,17.0,98.73,10000,block-10-mlkem-sme-512.csv
10,mlkem_sme,ML-KEM-768,KeyGen,61070.0,59758.0,61639.0,1881.0,2214.56,10000,block-10-mlkem-sme-768.csv
10,mlkem_sme,ML-KEM-768,Encaps,69716.0,66143.0,70654.0,4511.0,2958.24,10000,block-10-mlkem-sme-768.csv
10,mlkem_sme,ML-KEM-768,Decaps,83056.0,81933.0,86069.0,4136.0,2625.08,10000,block-10-mlkem-sme-768.csv
10,mlkem_sme,ML-KEM-768,NTT,1166.0,1163.0,1181.0,18.0,29.15,10000,block-10-mlkem-sme-768.csv
10,mlkem_sme,ML-KEM-768,INVNTT,1086.0,1078.0,1091.0,13.0,128.13,10000,block-10-mlkem-sme-768.csv
10,mlkem_sme,ML-KEM-768,BaseMulAcc,911.0,911.0,913.0,2.0,47.79,10000,block-10-mlkem-sme-768.csv
10,mlkem_sme,ML-KEM-768,MatrixVectorMul,8142.0,8131.0,8151.0,20.0,152.85,10000,block-10-mlkem-sme-768.csv
10,mlkem_sme,ML-KEM-768,InnerProdEnc,1525.0,1524.0,1527.0,3.0,36.18,10000,block-10-mlkem-sme-768.csv
10,mlkem_sme,ML-KEM-768,InnerProdDec,4927.0,4908.0,4934.0,26.0,71.38,10000,block-10-mlkem-sme-768.csv
10,mlkem_sve,ML-KEM-1024,KeyGen,91517.0,81365.0,92644.0,11279.0,12595.02,10000,block-10-mlkem-sve-1024.csv
10,mlkem_sve,ML-KEM-1024,Encaps,108430.0,103356.0,109557.0,6201.0,735937.54,10000,block-10-mlkem-sve-1024.csv
10,mlkem_sve,ML-KEM-1024,Decaps,119704.0,112750.0,123461.0,10711.0,18418.01,10000,block-10-mlkem-sve-1024.csv
10,mlkem_sve,ML-KEM-1024,NTT,1050.0,1042.0,1059.0,17.0,172.43,10000,block-10-mlkem-sve-1024.csv
10,mlkem_sve,ML-KEM-1024,INVNTT,1099.0,1078.0,1106.0,28.0,187.77,10000,block-10-mlkem-sve-1024.csv
10,mlkem_sve,ML-KEM-1024,BaseMulAcc,1181.0,1180.0,1202.0,22.0,255.72,10000,block-10-mlkem-sve-1024.csv
10,mlkem_sve,ML-KEM-1024,MatrixVectorMul,11829.0,11615.0,12222.0,607.0,868.43,10000,block-10-mlkem-sve-1024.csv
10,mlkem_sve,ML-KEM-1024,InnerProdEnc,1753.0,1751.0,1815.0,64.0,268.28,10000,block-10-mlkem-sve-1024.csv
10,mlkem_sve,ML-KEM-1024,InnerProdDec,4726.0,4649.0,4870.0,221.0,1213.99,10000,block-10-mlkem-sve-1024.csv
10,mlkem_sve,ML-KEM-512,KeyGen,37581.0,36454.0,38150.0,1696.0,6553.47,10000,block-10-mlkem-sve-512.csv
10,mlkem_sve,ML-KEM-512,Encaps,44726.0,43030.0,45479.0,2449.0,6097.81,10000,block-10-mlkem-sve-512.csv
10,mlkem_sve,ML-KEM-512,Decaps,56375.0,55811.0,56938.0,1127.0,13263.19,10000,block-10-mlkem-sve-512.csv
10,mlkem_sve,ML-KEM-512,NTT,1031.0,1022.0,1052.0,30.0,246.81,10000,block-10-mlkem-sve-512.csv
10,mlkem_sve,ML-KEM-512,INVNTT,1088.0,1084.0,1093.0,9.0,180.73,10000,block-10-mlkem-sve-512.csv
10,mlkem_sve,ML-KEM-512,BaseMulAcc,633.0,631.0,646.0,15.0,94.76,10000,block-10-mlkem-sve-512.csv
10,mlkem_sve,ML-KEM-512,MatrixVectorMul,4481.0,4464.0,4705.0,241.0,755.07,10000,block-10-mlkem-sve-512.csv
10,mlkem_sve,ML-KEM-512,InnerProdEnc,1198.0,1198.0,1202.0,4.0,151.78,10000,block-10-mlkem-sve-512.csv
10,mlkem_sve,ML-KEM-512,InnerProdDec,2803.0,2788.0,2927.0,139.0,291.3,10000,block-10-mlkem-sve-512.csv
10,mlkem_sve,ML-KEM-768,KeyGen,61074.0,59757.0,61639.0,1882.0,9752.58,10000,block-10-mlkem-sve-768.csv
10,mlkem_sve,ML-KEM-768,Encaps,76485.0,70090.0,77233.0,7143.0,12936.81,10000,block-10-mlkem-sve-768.csv
10,mlkem_sve,ML-KEM-768,Decaps,83061.0,82118.0,85880.0,3762.0,12230.89,10000,block-10-mlkem-sve-768.csv
10,mlkem_sve,ML-KEM-768,NTT,1059.0,1046.0,1084.0,38.0,711.71,10000,block-10-mlkem-sve-768.csv
10,mlkem_sve,ML-KEM-768,INVNTT,1120.0,1116.0,1151.0,35.0,179.22,10000,block-10-mlkem-sve-768.csv
10,mlkem_sve,ML-KEM-768,BaseMulAcc,911.0,911.0,915.0,4.0,140.26,10000,block-10-mlkem-sve-768.csv
10,mlkem_sve,ML-KEM-768,MatrixVectorMul,7821.0,7691.0,8080.0,389.0,1798.65,10000,block-10-mlkem-sve-768.csv
10,mlkem_sve,ML-KEM-768,InnerProdEnc,1477.0,1475.0,1503.0,28.0,181.18,10000,block-10-mlkem-sve-768.csv
10,mlkem_sve,ML-KEM-768,InnerProdDec,4502.0,4378.0,4758.0,380.0,653.85,10000,block-10-mlkem-sve-768.csv
11,kyber_neon,Kyber-1024,KeyGen,31759.0,31570.0,32508.0,938.0,3673.38,10000,block-11-kyber-neon-1024.csv
11,kyber_neon,Kyber-1024,Encaps,44536.0,43599.0,49795.0,6196.0,8455.93,10000,block-11-kyber-neon-1024.csv
11,kyber_neon,Kyber-1024,Decaps,39652.0,38899.0,43409.0,4510.0,6897.41,10000,block-11-kyber-neon-1024.csv
11,kyber_neon,Kyber-1024,NTT,285.0,261.0,287.0,26.0,29.09,10000,block-11-kyber-neon-1024.csv
11,kyber_neon,Kyber-1024,INVNTT,285.0,263.0,289.0,26.0,36.17,10000,block-11-kyber-neon-1024.csv
11,kyber_neon,Kyber-1024,BaseMulAcc,507.0,464.0,513.0,49.0,55.64,10000,block-11-kyber-neon-1024.csv
11,kyber_neon,Kyber-1024,MatrixVectorMul,3711.0,3525.0,3726.0,201.0,227.84,10000,block-11-kyber-neon-1024.csv
11,kyber_neon,Kyber-1024,InnerProdEnc,727.0,723.0,729.0,6.0,49.05,10000,block-11-kyber-neon-1024.csv
11,kyber_neon,Kyber-1024,InnerProdDec,1892.0,1826.0,1894.0,68.0,107.61,10000,block-11-kyber-neon-1024.csv
11,kyber_neon,Kyber-512,KeyGen,13904.0,13715.0,14094.0,379.0,929.03,10000,block-11-kyber-neon-512.csv
11,kyber_neon,Kyber-512,Encaps,22550.0,20859.0,23303.0,2444.0,1827.76,10000,block-11-kyber-neon-512.csv
11,kyber_neon,Kyber-512,Decaps,17851.0,17666.0,19541.0,1875.0,1996.23,10000,block-11-kyber-neon-512.csv
11,kyber_neon,Kyber-512,NTT,285.0,257.0,287.0,30.0,20.14,10000,block-11-kyber-neon-512.csv
11,kyber_neon,Kyber-512,INVNTT,287.0,283.0,287.0,4.0,14.59,10000,block-11-kyber-neon-512.csv
11,kyber_neon,Kyber-512,BaseMulAcc,276.0,248.0,276.0,28.0,26.88,10000,block-11-kyber-neon-512.csv
11,kyber_neon,Kyber-512,MatrixVectorMul,1569.0,1450.0,1572.0,122.0,86.72,10000,block-11-kyber-neon-512.csv
11,kyber_neon,Kyber-512,InnerProdEnc,513.0,469.0,513.0,44.0,34.88,10000,block-11-kyber-neon-512.csv
11,kyber_neon,Kyber-512,InnerProdDec,1069.0,1007.0,1071.0,64.0,56.9,10000,block-11-kyber-neon-512.csv
11,kyber_neon,Kyber-768,KeyGen,22366.0,21986.0,24431.0,2445.0,1654.54,10000,block-11-kyber-neon-768.csv
11,kyber_neon,Kyber-768,Encaps,34574.0,31570.0,34763.0,3193.0,2707.68,10000,block-11-kyber-neon-768.csv
11,kyber_neon,Kyber-768,Decaps,30068.0,27249.0,30257.0,3008.0,2317.49,10000,block-11-kyber-neon-768.csv
11,kyber_neon,Kyber-768,NTT,287.0,285.0,287.0,2.0,11.33,10000,block-11-kyber-neon-768.csv
11,kyber_neon,Kyber-768,INVNTT,287.0,285.0,287.0,2.0,10.1,10000,block-11-kyber-neon-768.csv
11,kyber_neon,Kyber-768,BaseMulAcc,388.0,377.0,390.0,13.0,21.39,10000,block-11-kyber-neon-768.csv
11,kyber_neon,Kyber-768,MatrixVectorMul,2565.0,2474.0,2568.0,94.0,123.73,10000,block-11-kyber-neon-768.csv
11,kyber_neon,Kyber-768,InnerProdEnc,616.0,614.0,618.0,4.0,26.63,10000,block-11-kyber-neon-768.csv
11,kyber_neon,Kyber-768,InnerProdDec,1469.0,1465.0,1471.0,6.0,57.38,10000,block-11-kyber-neon-768.csv
11,kyber_ref,Kyber-1024,KeyGen,156348.0,142065.0,157661.0,15596.0,9797.3,10000,block-11-kyber-ref-1024.csv
11,kyber_ref,Kyber-1024,Encaps,173071.0,158039.0,173635.0,15596.0,78442.08,10000,block-11-kyber-ref-1024.csv
11,kyber_ref,Kyber-1024,Decaps,196559.0,180964.0,197128.0,16164.0,9072.76,10000,block-11-kyber-ref-1024.csv
11,kyber_ref,Kyber-1024,NTT,3600.0,3327.0,3611.0,284.0,162.19,10000,block-11-kyber-ref-1024.csv
11,kyber_ref,Kyber-1024,INVNTT,5705.0,5378.0,5718.0,340.0,247.16,10000,block-11-kyber-ref-1024.csv
11,kyber_ref,Kyber-1024,BaseMulAcc,9132.0,8864.0,9236.0,372.0,330.99,10000,block-11-kyber-ref-1024.csv
11,kyber_ref,Kyber-1024,MatrixVectorMul,76767.0,76228.0,77237.0,1009.0,1603.28,10000,block-11-kyber-ref-1024.csv
11,kyber_ref,Kyber-1024,InnerProdEnc,14840.0,14561.0,15102.0,541.0,738.21,10000,block-11-kyber-ref-1024.csv
11,kyber_ref,Kyber-1024,InnerProdDec,28687.0,28364.0,28903.0,539.0,2778.16,10000,block-11-kyber-ref-1024.csv
11,kyber_ref,Kyber-512,KeyGen,57313.0,52054.0,57877.0,5823.0,4606.22,10000,block-11-kyber-ref-512.csv
11,kyber_ref,Kyber-512,Encaps,75353.0,68214.0,75727.0,7513.0,6853.14,10000,block-11-kyber-ref-512.csv
11,kyber_ref,Kyber-512,Decaps,90010.0,80995.0,90385.0,9390.0,5999.58,10000,block-11-kyber-ref-512.csv
11,kyber_ref,Kyber-512,NTT,3594.0,3277.0,3608.0,331.0,390.14,10000,block-11-kyber-ref-512.csv
11,kyber_ref,Kyber-512,INVNTT,5643.0,5359.0,5654.0,295.0,268.7,10000,block-11-kyber-ref-512.csv
11,kyber_ref,Kyber-512,BaseMulAcc,5101.0,4791.0,5109.0,318.0,344.36,10000,block-11-kyber-ref-512.csv
11,kyber_ref,Kyber-512,MatrixVectorMul,29707.0,29363.0,29946.0,583.0,9538.11,10000,block-11-kyber-ref-512.csv
11,kyber_ref,Kyber-512,InnerProdEnc,10609.0,10269.0,10820.0,551.0,1029.49,10000,block-11-kyber-ref-512.csv
11,kyber_ref,Kyber-512,InnerProdDec,17669.0,17451.0,17976.0,525.0,612.1,10000,block-11-kyber-ref-512.csv
11,kyber_ref,Kyber-768,KeyGen,99784.0,95089.0,100532.0,5443.0,7212.94,10000,block-11-kyber-ref-768.csv
11,kyber_ref,Kyber-768,Encaps,117445.0,117070.0,117639.0,569.0,4278.83,10000,block-11-kyber-ref-768.csv
11,kyber_ref,Kyber-768,Decaps,136053.0,132856.0,136428.0,3572.0,8918.53,10000,block-11-kyber-ref-768.csv
11,kyber_ref,Kyber-768,NTT,3632.0,3512.0,3638.0,126.0,134.73,10000,block-11-kyber-ref-768.csv
11,kyber_ref,Kyber-768,INVNTT,5645.0,5539.0,5652.0,113.0,147.7,10000,block-11-kyber-ref-768.csv
11,kyber_ref,Kyber-768,BaseMulAcc,6958.0,6847.0,6966.0,119.0,168.87,10000,block-11-kyber-ref-768.csv
11,kyber_ref,Kyber-768,MatrixVectorMul,50814.0,50540.0,51008.0,468.0,2492.45,10000,block-11-kyber-ref-768.csv
11,kyber_ref,Kyber-768,InnerProdEnc,12652.0,12464.0,12936.0,472.0,342.97,10000,block-11-kyber-ref-768.csv
11,kyber_ref,Kyber-768,InnerProdDec,23217.0,23076.0,23256.0,180.0,416.8,10000,block-11-kyber-ref-768.csv
11,kyber_sme,Kyber-1024,KeyGen,62202.0,59947.0,64083.0,4136.0,4113.75,10000,block-11-kyber-sme-1024.csv
11,kyber_sme,Kyber-1024,Encaps,74978.0,69152.0,75728.0,6576.0,4659.99,10000,block-11-kyber-sme-1024.csv
11,kyber_sme,Kyber-1024,Decaps,76481.0,74415.0,76860.0,2445.0,5009.01,10000,block-11-kyber-sme-1024.csv
11,kyber_sme,Kyber-1024,NTT,1182.0,1180.0,1183.0,3.0,76.08,10000,block-11-kyber-sme-1024.csv
11,kyber_sme,Kyber-1024,INVNTT,1099.0,1099.0,1101.0,2.0,56.47,10000,block-11-kyber-sme-1024.csv
11,kyber_sme,Kyber-1024,BaseMulAcc,1409.0,1407.0,1411.0,4.0,92.59,10000,block-11-kyber-sme-1024.csv
11,kyber_sme,Kyber-1024,MatrixVectorMul,10726.0,10699.0,10904.0,205.0,243.54,10000,block-11-kyber-sme-1024.csv
11,kyber_sme,Kyber-1024,InnerProdEnc,2033.0,2031.0,2070.0,39.0,122.09,10000,block-11-kyber-sme-1024.csv
11,kyber_sme,Kyber-1024,InnerProdDec,5118.0,5092.0,5214.0,122.0,183.6,10000,block-11-kyber-sme-1024.csv
11,kyber_sme,Kyber-512,KeyGen,28751.0,28561.0,28941.0,380.0,1903.46,10000,block-11-kyber-sme-512.csv
11,kyber_sme,Kyber-512,Encaps,37582.0,37392.0,37771.0,379.0,2148.97,10000,block-11-kyber-sme-512.csv
11,kyber_sme,Kyber-512,Decaps,37961.0,37771.0,38150.0,379.0,2057.24,10000,block-11-kyber-sme-512.csv
11,kyber_sme,Kyber-512,NTT,1174.0,1172.0,1176.0,4.0,72.55,10000,block-11-kyber-sme-512.csv
11,kyber_sme,Kyber-512,INVNTT,1074.0,1074.0,1076.0,2.0,77.26,10000,block-11-kyber-sme-512.csv
11,kyber_sme,Kyber-512,BaseMulAcc,747.0,746.0,747.0,1.0,45.25,10000,block-11-kyber-sme-512.csv
11,kyber_sme,Kyber-512,MatrixVectorMul,4727.0,4709.0,4857.0,148.0,374.75,10000,block-11-kyber-sme-512.csv
11,kyber_sme,Kyber-512,InnerProdEnc,1377.0,1375.0,1379.0,4.0,491.82,10000,block-11-kyber-sme-512.csv
11,kyber_sme,Kyber-512,InnerProdDec,3671.0,3658.0,3679.0,21.0,167.99,10000,block-11-kyber-sme-512.csv
11,kyber_sme,Kyber-768,KeyGen,41533.0,39842.0,42281.0,2439.0,1867.72,10000,block-11-kyber-sme-768.csv
11,kyber_sme,Kyber-768,Encaps,50738.0,49984.0,53367.0,3383.0,3470.67,10000,block-11-kyber-sme-768.csv
11,kyber_sme,Kyber-768,Decaps,54495.0,54305.0,54869.0,564.0,5989.93,10000,block-11-kyber-sme-768.csv
11,kyber_sme,Kyber-768,NTT,1185.0,1183.0,1185.0,2.0,52.91,10000,block-11-kyber-sme-768.csv
11,kyber_sme,Kyber-768,INVNTT,1093.0,1093.0,1095.0,2.0,43.98,10000,block-11-kyber-sme-768.csv
11,kyber_sme,Kyber-768,BaseMulAcc,1093.0,1091.0,1093.0,2.0,28.42,10000,block-11-kyber-sme-768.csv
11,kyber_sme,Kyber-768,MatrixVectorMul,7276.0,7255.0,7279.0,24.0,107.02,10000,block-11-kyber-sme-768.csv
11,kyber_sme,Kyber-768,InnerProdEnc,1708.0,1708.0,1710.0,2.0,37.81,10000,block-11-kyber-sme-768.csv
11,kyber_sme,Kyber-768,InnerProdDec,4291.0,4284.0,4295.0,11.0,73.53,10000,block-11-kyber-sme-768.csv
11,kyber_sve,Kyber-1024,KeyGen,61638.0,59942.0,62386.0,2444.0,9003.57,10000,block-11-kyber-sve-1024.csv
11,kyber_sve,Kyber-1024,Encaps,75732.0,69716.0,76481.0,6765.0,11405.72,10000,block-11-kyber-sve-1024.csv
11,kyber_sve,Kyber-1024,Decaps,74415.0,72914.0,74794.0,1880.0,11050.07,10000,block-11-kyber-sve-1024.csv
11,kyber_sve,Kyber-1024,NTT,1063.0,1059.0,1073.0,14.0,154.02,10000,block-11-kyber-sve-1024.csv
11,kyber_sve,Kyber-1024,INVNTT,1119.0,1106.0,1170.0,64.0,753.43,10000,block-11-kyber-sve-1024.csv
11,kyber_sve,Kyber-1024,BaseMulAcc,1416.0,1415.0,1422.0,7.0,146.78,10000,block-11-kyber-sve-1024.csv
11,kyber_sve,Kyber-1024,MatrixVectorMul,10523.0,10303.0,10891.0,588.0,605.76,10000,block-11-kyber-sve-1024.csv
11,kyber_sve,Kyber-1024,InnerProdEnc,1982.0,1980.0,2074.0,94.0,205.91,10000,block-11-kyber-sve-1024.csv
11,kyber_sve,Kyber-1024,InnerProdDec,4498.0,4481.0,4733.0,252.0,357.15,10000,block-11-kyber-sve-1024.csv
11,kyber_sve,Kyber-512,KeyGen,27624.0,27435.0,27998.0,563.0,8875.28,10000,block-11-kyber-sve-512.csv
11,kyber_sve,Kyber-512,Encaps,37397.0,37208.0,37771.0,563.0,6551.91,10000,block-11-kyber-sve-512.csv
11,kyber_sve,Kyber-512,Decaps,35891.0,35701.0,36265.0,564.0,6638.37,10000,block-11-kyber-sve-512.csv
11,kyber_sve,Kyber-512,NTT,1059.0,1054.0,1065.0,11.0,165.33,10000,block-11-kyber-sve-512.csv
11,kyber_sve,Kyber-512,INVNTT,1121.0,1116.0,1142.0,26.0,204.73,10000,block-11-kyber-sve-512.csv
11,kyber_sve,Kyber-512,BaseMulAcc,747.0,746.0,751.0,5.0,121.01,10000,block-11-kyber-sve-512.csv
11,kyber_sve,Kyber-512,MatrixVectorMul,4487.0,4474.0,4752.0,278.0,446.18,10000,block-11-kyber-sve-512.csv
11,kyber_sve,Kyber-512,InnerProdEnc,1317.0,1315.0,1324.0,9.0,194.27,10000,block-11-kyber-sve-512.csv
11,kyber_sve,Kyber-512,InnerProdDec,3354.0,3339.0,3589.0,250.0,386.34,10000,block-11-kyber-sve-512.csv
11,kyber_sve,Kyber-768,KeyGen,42845.0,41907.0,44162.0,2255.0,8065.77,10000,block-11-kyber-sve-768.csv
11,kyber_sve,Kyber-768,Encaps,51865.0,48857.0,54305.0,5448.0,9129.31,10000,block-11-kyber-sve-768.csv
11,kyber_sve,Kyber-768,Decaps,54684.0,54310.0,55058.0,748.0,9058.08,10000,block-11-kyber-sve-768.csv
11,kyber_sve,Kyber-768,NTT,1069.0,1054.0,1076.0,22.0,173.2,10000,block-11-kyber-sve-768.csv
11,kyber_sve,Kyber-768,INVNTT,1131.0,1127.0,1151.0,24.0,156.36,10000,block-11-kyber-sve-768.csv
11,kyber_sve,Kyber-768,BaseMulAcc,1093.0,1091.0,1110.0,19.0,168.9,10000,block-11-kyber-sve-768.csv
11,kyber_sve,Kyber-768,MatrixVectorMul,7140.0,6984.0,7435.0,451.0,527.86,10000,block-11-kyber-sve-768.csv
11,kyber_sve,Kyber-768,InnerProdEnc,1657.0,1655.0,1663.0,8.0,168.88,10000,block-11-kyber-sve-768.csv
11,kyber_sve,Kyber-768,InnerProdDec,3812.0,3797.0,4034.0,237.0,362.33,10000,block-11-kyber-sve-768.csv
11,mlkem_neon,ML-KEM-1024,KeyGen,59943.0,55247.0,60321.0,5074.0,3555.47,10000,block-11-mlkem-neon-1024.csv
11,mlkem_neon,ML-KEM-1024,Encaps,64641.0,58815.0,65016.0,6201.0,4584.03,10000,block-11-mlkem-neon-1024.csv
11,mlkem_neon,ML-KEM-1024,Decaps,76291.0,75542.0,76670.0,1128.0,4065.72,10000,block-11-mlkem-neon-1024.csv
11,mlkem_neon,ML-KEM-1024,NTT,221.0,217.0,225.0,8.0,17.47,10000,block-11-mlkem-neon-1024.csv
11,mlkem_neon,ML-KEM-1024,INVNTT,257.0,257.0,259.0,2.0,14.32,10000,block-11-mlkem-neon-1024.csv
11,mlkem_neon,ML-KEM-1024,BaseMulAcc,279.0,278.0,281.0,3.0,24.2,10000,block-11-mlkem-neon-1024.csv
11,mlkem_neon,ML-KEM-1024,MatrixVectorMul,3226.0,3145.0,3235.0,90.0,140.95,10000,block-11-mlkem-neon-1024.csv
11,mlkem_neon,ML-KEM-1024,InnerProdEnc,535.0,531.0,537.0,6.0,34.68,10000,block-11-mlkem-neon-1024.csv
11,mlkem_neon,ML-KEM-1024,InnerProdDec,1510.0,1469.0,1516.0,47.0,93.38,10000,block-11-mlkem-neon-1024.csv
11,mlkem_neon,ML-KEM-512,KeyGen,23488.0,22171.0,23678.0,1507.0,1406.63,10000,block-11-mlkem-neon-512.csv
11,mlkem_neon,ML-KEM-512,Encaps,26875.0,26496.0,27060.0,564.0,1336.44,10000,block-11-mlkem-neon-512.csv
11,mlkem_neon,ML-KEM-512,Decaps,33072.0,30069.0,33446.0,3377.0,2175.51,10000,block-11-mlkem-neon-512.csv
11,mlkem_neon,ML-KEM-512,NTT,221.0,202.0,223.0,21.0,23.85,10000,block-11-mlkem-neon-512.csv
11,mlkem_neon,ML-KEM-512,INVNTT,257.0,255.0,259.0,4.0,31.47,10000,block-11-mlkem-neon-512.csv
11,mlkem_neon,ML-KEM-512,BaseMulAcc,163.0,163.0,165.0,2.0,8.29,10000,block-11-mlkem-neon-512.csv
11,mlkem_neon,ML-KEM-512,MatrixVectorMul,1369.0,1343.0,1373.0,30.0,76.46,10000,block-11-mlkem-neon-512.csv
11,mlkem_neon,ML-KEM-512,InnerProdEnc,419.0,379.0,420.0,41.0,31.32,10000,block-11-mlkem-neon-512.csv
11,mlkem_neon,ML-KEM-512,InnerProdDec,892.0,886.0,894.0,8.0,55.24,10000,block-11-mlkem-neon-512.csv
11,mlkem_neon,ML-KEM-768,KeyGen,40590.0,40216.0,40964.0,748.0,1924.53,10000,block-11-mlkem-neon-768.csv
11,mlkem_neon,ML-KEM-768,Encaps,43598.0,43224.0,43972.0,748.0,3453.5,10000,block-11-mlkem-neon-768.csv
11,mlkem_neon,ML-KEM-768,Decaps,52049.0,51676.0,52240.0,564.0,3492.45,10000,block-11-mlkem-neon-768.csv
11,mlkem_neon,ML-KEM-768,NTT,223.0,219.0,225.0,6.0,13.51,10000,block-11-mlkem-neon-768.csv
11,mlkem_neon,ML-KEM-768,INVNTT,257.0,236.0,259.0,23.0,18.85,10000,block-11-mlkem-neon-768.csv
11,mlkem_neon,ML-KEM-768,BaseMulAcc,219.0,219.0,221.0,2.0,8.55,10000,block-11-mlkem-neon-768.csv
11,mlkem_neon,ML-KEM-768,MatrixVectorMul,2234.0,2204.0,2239.0,35.0,114.64,10000,block-11-mlkem-neon-768.csv
11,mlkem_neon,ML-KEM-768,InnerProdEnc,477.0,475.0,477.0,2.0,31.18,10000,block-11-mlkem-neon-768.csv
11,mlkem_neon,ML-KEM-768,InnerProdDec,1197.0,1191.0,1200.0,9.0,43.91,10000,block-11-mlkem-neon-768.csv
11,mlkem_ref,ML-KEM-1024,KeyGen,76855.0,69531.0,77419.0,7888.0,6828.71,10000,block-11-mlkem-ref-1024.csv
11,mlkem_ref,ML-KEM-1024,Encaps,83810.0,76860.0,84373.0,7513.0,6082.3,10000,block-11-mlkem-ref-1024.csv
11,mlkem_ref,ML-KEM-1024,Decaps,94899.0,86064.0,95463.0,9399.0,5762.08,10000,block-11-mlkem-ref-1024.csv
11,mlkem_ref,ML-KEM-1024,NTT,520.0,520.0,520.0,0.0,42.78,10000,block-11-mlkem-ref-1024.csv
11,mlkem_ref,ML-KEM-1024,INVNTT,886.0,813.0,886.0,73.0,46.51,10000,block-11-mlkem-ref-1024.csv
11,mlkem_ref,ML-KEM-1024,BaseMulAcc,310.0,310.0,311.0,1.0,30.19,10000,block-11-mlkem-ref-1024.csv
11,mlkem_ref,ML-KEM-1024,MatrixVectorMul,7638.0,7321.0,7676.0,355.0,253.31,10000,block-11-mlkem-ref-1024.csv
11,mlkem_ref,ML-KEM-1024,InnerProdEnc,1195.0,1146.0,1197.0,51.0,67.29,10000,block-11-mlkem-ref-1024.csv
11,mlkem_ref,ML-KEM-1024,InnerProdDec,3621.0,3519.0,3624.0,105.0,203.74,10000,block-11-mlkem-ref-1024.csv
11,mlkem_ref,ML-KEM-512,KeyGen,29689.0,26875.0,29879.0,3004.0,2531.56,10000,block-11-mlkem-ref-512.csv
11,mlkem_ref,ML-KEM-512,Encaps,35142.0,31949.0,35516.0,3567.0,2409.41,10000,block-11-mlkem-ref-512.csv
11,mlkem_ref,ML-KEM-512,Decaps,42091.0,41717.0,42281.0,564.0,2000.96,10000,block-11-mlkem-ref-512.csv
11,mlkem_ref,ML-KEM-512,NTT,520.0,518.0,520.0,2.0,31.81,10000,block-11-mlkem-ref-512.csv
11,mlkem_ref,ML-KEM-512,INVNTT,886.0,885.0,886.0,1.0,55.14,10000,block-11-mlkem-ref-512.csv
11,mlkem_ref,ML-KEM-512,BaseMulAcc,189.0,171.0,189.0,18.0,13.88,10000,block-11-mlkem-ref-512.csv
11,mlkem_ref,ML-KEM-512,MatrixVectorMul,3566.0,3483.0,3583.0,100.0,142.96,10000,block-11-mlkem-ref-512.csv
11,mlkem_ref,ML-KEM-512,InnerProdEnc,1074.0,1054.0,1076.0,22.0,65.06,10000,block-11-mlkem-ref-512.csv
11,mlkem_ref,ML-KEM-512,InnerProdDec,2273.0,2270.0,2275.0,5.0,103.92,10000,block-11-mlkem-ref-512.csv
11,mlkem_ref,ML-KEM-768,KeyGen,52239.0,51865.0,52429.0,564.0,1972.54,10000,block-11-mlkem-ref-768.csv
11,mlkem_ref,ML-KEM-768,Encaps,57313.0,56938.0,57503.0,565.0,2809.84,10000,block-11-mlkem-ref-768.csv
11,mlkem_ref,ML-KEM-768,Decaps,65395.0,65016.0,65774.0,758.0,3515.26,10000,block-11-mlkem-ref-768.csv
11,mlkem_ref,ML-KEM-768,NTT,520.0,518.0,520.0,2.0,35.69,10000,block-11-mlkem-ref-768.csv
11,mlkem_ref,ML-KEM-768,INVNTT,886.0,885.0,886.0,1.0,53.76,10000,block-11-mlkem-ref-768.csv
11,mlkem_ref,ML-KEM-768,BaseMulAcc,246.0,246.0,248.0,2.0,12.52,10000,block-11-mlkem-ref-768.csv
11,mlkem_ref,ML-KEM-768,MatrixVectorMul,5552.0,5395.0,5558.0,163.0,173.21,10000,block-11-mlkem-ref-768.csv
11,mlkem_ref,ML-KEM-768,InnerProdEnc,1131.0,1129.0,1133.0,4.0,62.65,10000,block-11-mlkem-ref-768.csv
11,mlkem_ref,ML-KEM-768,InnerProdDec,2938.0,2935.0,2948.0,13.0,80.5,10000,block-11-mlkem-ref-768.csv
11,mlkem_sme,ML-KEM-1024,KeyGen,90574.0,80242.0,91327.0,11085.0,5967.51,10000,block-11-mlkem-sme-1024.csv
11,mlkem_sme,ML-KEM-1024,Encaps,102418.0,102038.0,102977.0,939.0,6136.36,10000,block-11-mlkem-sme-1024.csv
11,mlkem_sme,ML-KEM-1024,Decaps,113314.0,112376.0,122708.0,10332.0,11838.99,10000,block-11-mlkem-sme-1024.csv
11,mlkem_sme,ML-KEM-1024,NTT,1148.0,1148.0,1153.0,5.0,44.91,10000,block-11-mlkem-sme-1024.csv
11,mlkem_sme,ML-KEM-1024,INVNTT,1063.0,1063.0,1063.0,0.0,49.63,10000,block-11-mlkem-sme-1024.csv
11,mlkem_sme,ML-KEM-1024,BaseMulAcc,1180.0,1180.0,1181.0,1.0,46.35,10000,block-11-mlkem-sme-1024.csv
11,mlkem_sme,ML-KEM-1024,MatrixVectorMul,12022.0,11979.0,12146.0,167.0,183.76,10000,block-11-mlkem-sme-1024.csv
11,mlkem_sme,ML-KEM-1024,InnerProdEnc,1792.0,1792.0,1794.0,2.0,43.77,10000,block-11-mlkem-sme-1024.csv
11,mlkem_sme,ML-KEM-1024,InnerProdDec,5351.0,5321.0,5442.0,121.0,177.86,10000,block-11-mlkem-sme-1024.csv
11,mlkem_sme,ML-KEM-512,KeyGen,36828.0,36459.0,37018.0,559.0,1542.32,10000,block-11-mlkem-sme-512.csv
11,mlkem_sme,ML-KEM-512,Encaps,43408.0,41154.0,43783.0,2629.0,2021.81,10000,block-11-mlkem-sme-512.csv
11,mlkem_sme,ML-KEM-512,Decaps,57502.0,57124.0,57877.0,753.0,2238.17,10000,block-11-mlkem-sme-512.csv
11,mlkem_sme,ML-KEM-512,NTT,1155.0,1153.0,1172.0,19.0,45.3,10000,block-11-mlkem-sme-512.csv
11,mlkem_sme,ML-KEM-512,INVNTT,1078.0,1076.0,1078.0,2.0,45.66,10000,block-11-mlkem-sme-512.csv
11,mlkem_sme,ML-KEM-512,BaseMulAcc,633.0,631.0,633.0,2.0,38.21,10000,block-11-mlkem-sme-512.csv
11,mlkem_sme,ML-KEM-512,MatrixVectorMul,5045.0,5030.0,5054.0,24.0,120.16,10000,block-11-mlkem-sme-512.csv
11,mlkem_sme,ML-KEM-512,InnerProdEnc,1255.0,1253.0,1255.0,2.0,41.61,10000,block-11-mlkem-sme-512.csv
11,mlkem_sme,ML-KEM-512,InnerProdDec,3442.0,3433.0,3446.0,13.0,78.58,10000,block-11-mlkem-sme-512.csv
11,mlkem_sme,ML-KEM-768,KeyGen,61070.0,59758.0,61823.0,2065.0,2471.28,10000,block-11-mlkem-sme-768.csv
11,mlkem_sme,ML-KEM-768,Encaps,69720.0,65959.0,70653.0,4694.0,3771.37,10000,block-11-mlkem-sme-768.csv
11,mlkem_sme,ML-KEM-768,Decaps,83060.0,81934.0,86069.0,4135.0,2202.11,10000,block-11-mlkem-sme-768.csv
11,mlkem_sme,ML-KEM-768,NTT,1163.0,1163.0,1165.0,2.0,56.42,10000,block-11-mlkem-sme-768.csv
11,mlkem_sme,ML-KEM-768,INVNTT,1078.0,1076.0,1078.0,2.0,34.73,10000,block-11-mlkem-sme-768.csv
11,mlkem_sme,ML-KEM-768,BaseMulAcc,911.0,911.0,913.0,2.0,12.74,10000,block-11-mlkem-sme-768.csv
11,mlkem_sme,ML-KEM-768,MatrixVectorMul,8131.0,8114.0,8149.0,35.0,103.13,10000,block-11-mlkem-sme-768.csv
11,mlkem_sme,ML-KEM-768,InnerProdEnc,1525.0,1524.0,1527.0,3.0,24.96,10000,block-11-mlkem-sme-768.csv
11,mlkem_sme,ML-KEM-768,InnerProdDec,4927.0,4908.0,4934.0,26.0,85.25,10000,block-11-mlkem-sme-768.csv
11,mlkem_sve,ML-KEM-1024,KeyGen,91517.0,81365.0,92645.0,11280.0,15222.84,10000,block-11-mlkem-sve-1024.csv
11,mlkem_sve,ML-KEM-1024,Encaps,103540.0,102792.0,104104.0,1312.0,17763.9,10000,block-11-mlkem-sve-1024.csv
11,mlkem_sve,ML-KEM-1024,Decaps,121206.0,112187.0,123650.0,11463.0,17073.45,10000,block-11-mlkem-sve-1024.csv
11,mlkem_sve,ML-KEM-1024,NTT,1056.0,1042.0,1063.0,21.0,188.85,10000,block-11-mlkem-sve-1024.csv
11,mlkem_sve,ML-KEM-1024,INVNTT,1106.0,1082.0,1125.0,43.0,192.23,10000,block-11-mlkem-sve-1024.csv
11,mlkem_sve,ML-KEM-1024,BaseMulAcc,1183.0,1181.0,1195.0,14.0,192.79,10000,block-11-mlkem-sve-1024.csv
11,mlkem_sve,ML-KEM-1024,MatrixVectorMul,11910.0,11633.0,12363.0,730.0,1067.52,10000,block-11-mlkem-sve-1024.csv
11,mlkem_sve,ML-KEM-1024,InnerProdEnc,1755.0,1753.0,1826.0,73.0,220.89,10000,block-11-mlkem-sve-1024.csv
11,mlkem_sve,ML-KEM-1024,InnerProdDec,4664.0,4652.0,4897.0,245.0,400.27,10000,block-11-mlkem-sve-1024.csv
11,mlkem_sve,ML-KEM-512,KeyGen,36264.0,35891.0,36643.0,752.0,8638.42,10000,block-11-mlkem-sve-512.csv
11,mlkem_sve,ML-KEM-512,Encaps,44721.0,42471.0,45100.0,2629.0,9646.31,10000,block-11-mlkem-sve-512.csv
11,mlkem_sve,ML-KEM-512,Decaps,56375.0,55996.0,56939.0,943.0,8970.04,10000,block-11-mlkem-sve-512.csv
11,mlkem_sve,ML-KEM-512,NTT,1027.0,1022.0,1035.0,13.0,142.4,10000,block-11-mlkem-sve-512.csv
11,mlkem_sve,ML-KEM-512,INVNTT,1091.0,1086.0,1106.0,20.0,146.17,10000,block-11-mlkem-sve-512.csv
11,mlkem_sve,ML-KEM-512,BaseMulAcc,633.0,631.0,635.0,4.0,157.37,10000,block-11-mlkem-sve-512.csv
11,mlkem_sve,ML-KEM-512,MatrixVectorMul,4572.0,4478.0,4726.0,248.0,1073.26,10000,block-11-mlkem-sve-512.csv
11,mlkem_sve,ML-KEM-512,InnerProdEnc,1200.0,1198.0,1221.0,23.0,192.58,10000,block-11-mlkem-sve-512.csv
11,mlkem_sve,ML-KEM-512,InnerProdDec,2805.0,2786.0,2976.0,190.0,373.42,10000,block-11-mlkem-sve-512.csv
11,mlkem_sve,ML-KEM-768,KeyGen,61075.0,59757.0,61639.0,1882.0,8111.81,10000,block-11-mlkem-sve-768.csv
11,mlkem_sve,ML-KEM-768,Encaps,76481.0,70094.0,77049.0,6955.0,14010.31,10000,block-11-mlkem-sve-768.csv
11,mlkem_sve,ML-KEM-768,Decaps,84188.0,82307.0,86065.0,3758.0,11620.3,10000,block-11-mlkem-sve-768.csv
11,mlkem_sve,ML-KEM-768,NTT,1059.0,1046.0,1089.0,43.0,184.79,10000,block-11-mlkem-sve-768.csv
11,mlkem_sve,ML-KEM-768,INVNTT,1121.0,1116.0,1174.0,58.0,394.41,10000,block-11-mlkem-sve-768.csv
11,mlkem_sve,ML-KEM-768,BaseMulAcc,911.0,911.0,915.0,4.0,128.7,10000,block-11-mlkem-sve-768.csv
11,mlkem_sve,ML-KEM-768,MatrixVectorMul,7881.0,7693.0,8196.0,503.0,568.73,10000,block-11-mlkem-sve-768.csv
11,mlkem_sve,ML-KEM-768,InnerProdEnc,1477.0,1475.0,1484.0,9.0,175.72,10000,block-11-mlkem-sve-768.csv
11,mlkem_sve,ML-KEM-768,InnerProdDec,4431.0,4374.0,4716.0,342.0,437.62,10000,block-11-mlkem-sve-768.csv
12,kyber_neon,Kyber-1024,KeyGen,31570.0,31385.0,32134.0,749.0,2055.61,10000,block-12-kyber-neon-1024.csv
12,kyber_neon,Kyber-1024,Encaps,43972.0,43409.0,48482.0,5073.0,3078.1,10000,block-12-kyber-neon-1024.csv
12,kyber_neon,Kyber-1024,Decaps,42470.0,38525.0,43035.0,4510.0,3051.67,10000,block-12-kyber-neon-1024.csv
12,kyber_neon,Kyber-1024,NTT,285.0,259.0,287.0,28.0,19.71,10000,block-12-kyber-neon-1024.csv
12,kyber_neon,Kyber-1024,INVNTT,287.0,285.0,287.0,2.0,15.38,10000,block-12-kyber-neon-1024.csv
12,kyber_neon,Kyber-1024,BaseMulAcc,505.0,454.0,507.0,53.0,43.96,10000,block-12-kyber-neon-1024.csv
12,kyber_neon,Kyber-1024,MatrixVectorMul,3705.0,3465.0,3715.0,250.0,177.13,10000,block-12-kyber-neon-1024.csv
12,kyber_neon,Kyber-1024,InnerProdEnc,725.0,653.0,727.0,74.0,48.24,10000,block-12-kyber-neon-1024.csv
12,kyber_neon,Kyber-1024,InnerProdDec,1888.0,1700.0,1892.0,192.0,110.2,10000,block-12-kyber-neon-1024.csv
12,kyber_neon,Kyber-512,KeyGen,13904.0,13715.0,14847.0,1132.0,1426.61,10000,block-12-kyber-neon-512.csv
12,kyber_neon,Kyber-512,Encaps,22924.0,20859.0,23303.0,2444.0,2015.55,10000,block-12-kyber-neon-512.csv
12,kyber_neon,Kyber-512,Decaps,18040.0,17666.0,19731.0,2065.0,2329.02,10000,block-12-kyber-neon-512.csv
12,kyber_neon,Kyber-512,NTT,287.0,259.0,287.0,28.0,41.11,10000,block-12-kyber-neon-512.csv
12,kyber_neon,Kyber-512,INVNTT,285.0,257.0,287.0,30.0,48.48,10000,block-12-kyber-neon-512.csv
12,kyber_neon,Kyber-512,BaseMulAcc,274.0,255.0,276.0,21.0,45.82,10000,block-12-kyber-neon-512.csv
12,kyber_neon,Kyber-512,MatrixVectorMul,1570.0,1433.0,1572.0,139.0,142.99,10000,block-12-kyber-neon-512.csv
12,kyber_neon,Kyber-512,InnerProdEnc,511.0,509.0,513.0,4.0,67.27,10000,block-12-kyber-neon-512.csv
12,kyber_neon,Kyber-512,InnerProdDec,1071.0,988.0,1073.0,85.0,120.94,10000,block-12-kyber-neon-512.csv
12,kyber_neon,Kyber-768,KeyGen,22361.0,21986.0,24431.0,2445.0,2095.56,10000,block-12-kyber-neon-768.csv
12,kyber_neon,Kyber-768,Encaps,34389.0,31196.0,34763.0,3567.0,3623.62,10000,block-12-kyber-neon-768.csv
12,kyber_neon,Kyber-768,Decaps,30064.0,27245.0,30253.0,3008.0,1688.32,10000,block-12-kyber-neon-768.csv
12,kyber_neon,Kyber-768,NTT,287.0,285.0,287.0,2.0,11.78,10000,block-12-kyber-neon-768.csv
12,kyber_neon,Kyber-768,INVNTT,285.0,281.0,285.0,4.0,15.67,10000,block-12-kyber-neon-768.csv
12,kyber_neon,Kyber-768,BaseMulAcc,390.0,388.0,392.0,4.0,20.71,10000,block-12-kyber-neon-768.csv
12,kyber_neon,Kyber-768,MatrixVectorMul,2565.0,2439.0,2568.0,129.0,123.16,10000,block-12-kyber-neon-768.csv
12,kyber_neon,Kyber-768,InnerProdEnc,616.0,614.0,618.0,4.0,23.34,10000,block-12-kyber-neon-768.csv
12,kyber_neon,Kyber-768,InnerProdDec,1469.0,1452.0,1471.0,19.0,62.48,10000,block-12-kyber-neon-768.csv
12,kyber_ref,Kyber-1024,KeyGen,156159.0,141875.0,157476.0,15601.0,8825.91,10000,block-12-kyber-ref-1024.csv
12,kyber_ref,Kyber-1024,Encaps,173071.0,157661.0,173635.0,15974.0,9463.47,10000,block-12-kyber-ref-1024.csv
12,kyber_ref,Kyber-1024,Decaps,196370.0,179273.0,196933.0,17660.0,12233.38,10000,block-12-kyber-ref-1024.csv
12,kyber_ref,Kyber-1024,NTT,3596.0,3326.0,3600.0,274.0,182.56,10000,block-12-kyber-ref-1024.csv
12,kyber_ref,Kyber-1024,INVNTT,5714.0,5423.0,5718.0,295.0,232.11,10000,block-12-kyber-ref-1024.csv
12,kyber_ref,Kyber-1024,BaseMulAcc,9125.0,8869.0,9232.0,363.0,279.07,10000,block-12-kyber-ref-1024.csv
12,kyber_ref,Kyber-1024,MatrixVectorMul,76624.0,76108.0,77102.0,994.0,2838.49,10000,block-12-kyber-ref-1024.csv
12,kyber_ref,Kyber-1024,InnerProdEnc,14864.0,14602.0,15116.0,514.0,609.28,10000,block-12-kyber-ref-1024.csv
12,kyber_ref,Kyber-1024,InnerProdDec,28734.0,28394.0,28922.0,528.0,1119.61,10000,block-12-kyber-ref-1024.csv
12,kyber_ref,Kyber-512,KeyGen,52239.0,51675.0,57503.0,5828.0,11604.61,10000,block-12-kyber-ref-512.csv
12,kyber_ref,Kyber-512,Encaps,75358.0,68214.0,75916.0,7702.0,6993.3,10000,block-12-kyber-ref-512.csv
12,kyber_ref,Kyber-512,Decaps,89637.0,82492.0,90389.0,7897.0,23235.07,10000,block-12-kyber-ref-512.csv
12,kyber_ref,Kyber-512,NTT,3596.0,3341.0,3606.0,265.0,261.99,10000,block-12-kyber-ref-512.csv
12,kyber_ref,Kyber-512,INVNTT,5644.0,5398.0,5654.0,256.0,283.09,10000,block-12-kyber-ref-512.csv
12,kyber_ref,Kyber-512,BaseMulAcc,5103.0,4836.0,5107.0,271.0,277.94,10000,block-12-kyber-ref-512.csv
12,kyber_ref,Kyber-512,MatrixVectorMul,29690.0,29326.0,29891.0,565.0,927.01,10000,block-12-kyber-ref-512.csv
12,kyber_ref,Kyber-512,InnerProdEnc,10498.0,10258.0,10735.0,477.0,1358.12,10000,block-12-kyber-ref-512.csv
12,kyber_ref,Kyber-512,InnerProdDec,17517.0,17378.0,17754.0,376.0,772.24,10000,block-12-kyber-ref-512.csv
12,kyber_ref,Kyber-768,KeyGen,99969.0,98656.0,100537.0,1881.0,6002.6,10000,block-12-kyber-ref-768.csv
12,kyber_ref,Kyber-768,Encaps,117260.0,116507.0,117634.0,1127.0,6688.56,10000,block-12-kyber-ref-768.csv
12,kyber_ref,Kyber-768,Decaps,136238.0,122708.0,136802.0,14094.0,27554.05,10000,block-12-kyber-ref-768.csv
12,kyber_ref,Kyber-768,NTT,3632.0,3521.0,3638.0,117.0,136.87,10000,block-12-kyber-ref-768.csv
12,kyber_ref,Kyber-768,INVNTT,5645.0,5536.0,5652.0,116.0,157.48,10000,block-12-kyber-ref-768.csv
12,kyber_ref,Kyber-768,BaseMulAcc,6958.0,6819.0,6966.0,147.0,158.54,10000,block-12-kyber-ref-768.csv
12,kyber_ref,Kyber-768,MatrixVectorMul,50754.0,50440.0,50940.0,500.0,920.72,10000,block-12-kyber-ref-768.csv
12,kyber_ref,Kyber-768,InnerProdEnc,12913.0,12746.0,13063.0,317.0,307.25,10000,block-12-kyber-ref-768.csv
12,kyber_ref,Kyber-768,InnerProdDec,23213.0,23002.0,23234.0,232.0,376.49,10000,block-12-kyber-ref-768.csv
12,kyber_sme,Kyber-1024,KeyGen,62387.0,61074.0,64083.0,3009.0,2497.61,10000,block-12-kyber-sme-1024.csv
12,kyber_sme,Kyber-1024,Encaps,74789.0,69152.0,75727.0,6575.0,3803.86,10000,block-12-kyber-sme-1024.csv
12,kyber_sme,Kyber-1024,Decaps,76480.0,74230.0,76855.0,2625.0,2609.33,10000,block-12-kyber-sme-1024.csv
12,kyber_sme,Kyber-1024,NTT,1183.0,1181.0,1183.0,2.0,41.04,10000,block-12-kyber-sme-1024.csv
12,kyber_sme,Kyber-1024,INVNTT,1099.0,1099.0,1101.0,2.0,50.28,10000,block-12-kyber-sme-1024.csv
12,kyber_sme,Kyber-1024,BaseMulAcc,1415.0,1413.0,1416.0,3.0,41.71,10000,block-12-kyber-sme-1024.csv
12,kyber_sme,Kyber-1024,MatrixVectorMul,10730.0,10707.0,10908.0,201.0,266.35,10000,block-12-kyber-sme-1024.csv
12,kyber_sme,Kyber-1024,InnerProdEnc,2038.0,2038.0,2040.0,2.0,29.68,10000,block-12-kyber-sme-1024.csv
12,kyber_sme,Kyber-1024,InnerProdDec,5086.0,5085.0,5092.0,7.0,84.86,10000,block-12-kyber-sme-1024.csv
12,kyber_sme,Kyber-512,KeyGen,28751.0,28377.0,28940.0,563.0,1001.95,10000,block-12-kyber-sme-512.csv
12,kyber_sme,Kyber-512,Encaps,37582.0,37392.0,37771.0,379.0,1370.98,10000,block-12-kyber-sme-512.csv
12,kyber_sme,Kyber-512,Decaps,37961.0,37771.0,38146.0,375.0,2550.66,10000,block-12-kyber-sme-512.csv
12,kyber_sme,Kyber-512,NTT,1191.0,1191.0,1193.0,2.0,45.75,10000,block-12-kyber-sme-512.csv
12,kyber_sme,Kyber-512,INVNTT,1097.0,1097.0,1099.0,2.0,43.21,10000,block-12-kyber-sme-512.csv
12,kyber_sme,Kyber-512,BaseMulAcc,749.0,749.0,751.0,2.0,19.83,10000,block-12-kyber-sme-512.csv
12,kyber_sme,Kyber-512,MatrixVectorMul,4707.0,4697.0,4718.0,21.0,122.04,10000,block-12-kyber-sme-512.csv
12,kyber_sme,Kyber-512,InnerProdEnc,1379.0,1377.0,1379.0,2.0,45.64,10000,block-12-kyber-sme-512.csv
12,kyber_sme,Kyber-512,InnerProdDec,3677.0,3641.0,3681.0,40.0,81.86,10000,block-12-kyber-sme-512.csv
12,kyber_sme,Kyber-768,KeyGen,41717.0,39842.0,42281.0,2439.0,1453.71,10000,block-12-kyber-sme-768.csv
12,kyber_sme,Kyber-768,Encaps,52613.0,49984.0,55437.0,5453.0,3012.69,10000,block-12-kyber-sme-768.csv
12,kyber_sme,Kyber-768,Decaps,54494.0,54304.0,54684.0,380.0,1019.51,10000,block-12-kyber-sme-768.csv
12,kyber_sme,Kyber-768,NTT,1204.0,1202.0,1204.0,2.0,31.52,10000,block-12-kyber-sme-768.csv
12,kyber_sme,Kyber-768,INVNTT,1104.0,1104.0,1106.0,2.0,50.35,10000,block-12-kyber-sme-768.csv
12,kyber_sme,Kyber-768,BaseMulAcc,1093.0,1091.0,1093.0,2.0,14.19,10000,block-12-kyber-sme-768.csv
12,kyber_sme,Kyber-768,MatrixVectorMul,7259.0,7253.0,7278.0,25.0,905.19,10000,block-12-kyber-sme-768.csv
12,kyber_sme,Kyber-768,InnerProdEnc,1708.0,1708.0,1710.0,2.0,37.55,10000,block-12-kyber-sme-768.csv
12,kyber_sme,Kyber-768,InnerProdDec,4299.0,4293.0,4301.0,8.0,345.86,10000,block-12-kyber-sme-768.csv
12,kyber_sve,Kyber-1024,KeyGen,61633.0,59758.0,62387.0,2629.0,11780.73,10000,block-12-kyber-sve-1024.csv
12,kyber_sve,Kyber-1024,Encaps,75917.0,69720.0,76485.0,6765.0,9405.57,10000,block-12-kyber-sve-1024.csv
12,kyber_sve,Kyber-1024,Decaps,74415.0,73098.0,74978.0,1880.0,9642.07,10000,block-12-kyber-sve-1024.csv
12,kyber_sve,Kyber-1024,NTT,1063.0,1057.0,1103.0,46.0,186.64,10000,block-12-kyber-sve-1024.csv
12,kyber_sve,Kyber-1024,INVNTT,1116.0,1104.0,1136.0,32.0,162.47,10000,block-12-kyber-sve-1024.csv
12,kyber_sve,Kyber-1024,BaseMulAcc,1416.0,1415.0,1428.0,13.0,154.5,10000,block-12-kyber-sve-1024.csv
12,kyber_sve,Kyber-1024,MatrixVectorMul,10540.0,10303.0,10906.0,603.0,631.11,10000,block-12-kyber-sve-1024.csv
12,kyber_sve,Kyber-1024,InnerProdEnc,1982.0,1980.0,2068.0,88.0,210.54,10000,block-12-kyber-sve-1024.csv
12,kyber_sve,Kyber-1024,InnerProdDec,4494.0,4481.0,4709.0,228.0,367.81,10000,block-12-kyber-sve-1024.csv
12,kyber_sve,Kyber-512,KeyGen,27624.0,27434.0,27813.0,379.0,8798.3,10000,block-12-kyber-sve-512.csv
12,kyber_sve,Kyber-512,Encaps,37771.0,37392.0,39462.0,2070.0,49341.36,10000,block-12-kyber-sve-512.csv
12,kyber_sve,Kyber-512,Decaps,35891.0,35701.0,36080.0,379.0,6847.6,10000,block-12-kyber-sve-512.csv
12,kyber_sve,Kyber-512,NTT,1059.0,1052.0,1061.0,9.0,151.4,10000,block-12-kyber-sve-512.csv
12,kyber_sve,Kyber-512,INVNTT,1121.0,1119.0,1142.0,23.0,191.96,10000,block-12-kyber-sve-512.csv
12,kyber_sve,Kyber-512,BaseMulAcc,747.0,746.0,749.0,3.0,82.95,10000,block-12-kyber-sve-512.csv
12,kyber_sve,Kyber-512,MatrixVectorMul,4485.0,4470.0,4727.0,257.0,400.83,10000,block-12-kyber-sve-512.csv
12,kyber_sve,Kyber-512,InnerProdEnc,1317.0,1315.0,1339.0,24.0,185.21,10000,block-12-kyber-sve-512.csv
12,kyber_sve,Kyber-512,InnerProdDec,3356.0,3339.0,3566.0,227.0,359.31,10000,block-12-kyber-sve-512.csv
12,kyber_sve,Kyber-768,KeyGen,42660.0,41902.0,44157.0,2255.0,5307.98,10000,block-12-kyber-sve-768.csv
12,kyber_sve,Kyber-768,Encaps,51865.0,48672.0,54120.0,5448.0,9226.6,10000,block-12-kyber-sve-768.csv
12,kyber_sve,Kyber-768,Decaps,54684.0,54494.0,55058.0,564.0,12395.11,10000,block-12-kyber-sve-768.csv
12,kyber_sve,Kyber-768,NTT,1071.0,1059.0,1089.0,30.0,162.28,10000,block-12-kyber-sve-768.csv
12,kyber_sve,Kyber-768,INVNTT,1133.0,1131.0,1155.0,24.0,185.86,10000,block-12-kyber-sve-768.csv
12,kyber_sve,Kyber-768,BaseMulAcc,1093.0,1093.0,1099.0,6.0,152.12,10000,block-12-kyber-sve-768.csv
12,kyber_sve,Kyber-768,MatrixVectorMul,7153.0,6981.0,7439.0,458.0,1032.74,10000,block-12-kyber-sve-768.csv
12,kyber_sve,Kyber-768,InnerProdEnc,1659.0,1657.0,1728.0,71.0,198.86,10000,block-12-kyber-sve-768.csv
12,kyber_sve,Kyber-768,InnerProdDec,3809.0,3795.0,4025.0,230.0,358.71,10000,block-12-kyber-sve-768.csv
12,mlkem_neon,ML-KEM-1024,KeyGen,57503.0,53931.0,60136.0,6205.0,4965.61,10000,block-12-mlkem-neon-1024.csv
12,mlkem_neon,ML-KEM-1024,Encaps,64642.0,63888.0,65021.0,1133.0,4960.27,10000,block-12-mlkem-neon-1024.csv
12,mlkem_neon,ML-KEM-1024,Decaps,76107.0,73477.0,76670.0,3193.0,4182.48,10000,block-12-mlkem-neon-1024.csv
12,mlkem_neon,ML-KEM-1024,NTT,223.0,212.0,225.0,13.0,12.66,10000,block-12-mlkem-neon-1024.csv
12,mlkem_neon,ML-KEM-1024,INVNTT,257.0,255.0,259.0,4.0,15.49,10000,block-12-mlkem-neon-1024.csv
12,mlkem_neon,ML-KEM-1024,BaseMulAcc,280.0,278.0,283.0,5.0,31.12,10000,block-12-mlkem-neon-1024.csv
12,mlkem_neon,ML-KEM-1024,MatrixVectorMul,3224.0,3104.0,3234.0,130.0,142.69,10000,block-12-mlkem-neon-1024.csv
12,mlkem_neon,ML-KEM-1024,InnerProdEnc,533.0,505.0,535.0,30.0,29.85,10000,block-12-mlkem-neon-1024.csv
12,mlkem_neon,ML-KEM-1024,InnerProdDec,1510.0,1501.0,1516.0,15.0,84.67,10000,block-12-mlkem-neon-1024.csv
12,mlkem_neon,ML-KEM-512,KeyGen,23488.0,21423.0,23678.0,2255.0,1220.06,10000,block-12-mlkem-neon-512.csv
12,mlkem_neon,ML-KEM-512,Encaps,26875.0,26681.0,27060.0,379.0,1266.86,10000,block-12-mlkem-neon-512.csv
12,mlkem_neon,ML-KEM-512,Decaps,33072.0,30068.0,33446.0,3378.0,5011.52,10000,block-12-mlkem-neon-512.csv
12,mlkem_neon,ML-KEM-512,NTT,223.0,214.0,225.0,11.0,12.12,10000,block-12-mlkem-neon-512.csv
12,mlkem_neon,ML-KEM-512,INVNTT,257.0,255.0,259.0,4.0,17.27,10000,block-12-mlkem-neon-512.csv
12,mlkem_neon,ML-KEM-512,BaseMulAcc,163.0,163.0,163.0,0.0,9.41,10000,block-12-mlkem-neon-512.csv
12,mlkem_neon,ML-KEM-512,MatrixVectorMul,1369.0,1311.0,1373.0,62.0,83.84,10000,block-12-mlkem-neon-512.csv
12,mlkem_neon,ML-KEM-512,InnerProdEnc,419.0,383.0,420.0,37.0,42.75,10000,block-12-mlkem-neon-512.csv
12,mlkem_neon,ML-KEM-512,InnerProdDec,824.0,802.0,896.0,94.0,134.59,10000,block-12-mlkem-neon-512.csv
12,mlkem_neon,ML-KEM-768,KeyGen,40590.0,40216.0,40964.0,748.0,1753.01,10000,block-12-mlkem-neon-768.csv
12,mlkem_neon,ML-KEM-768,Encaps,40401.0,39837.0,44162.0,4325.0,12720.8,10000,block-12-mlkem-neon-768.csv
12,mlkem_neon,ML-KEM-768,Decaps,51675.0,46791.0,52239.0,5448.0,13300.34,10000,block-12-mlkem-neon-768.csv
12,mlkem_neon,ML-KEM-768,NTT,219.0,201.0,223.0,22.0,47.0,10000,block-12-mlkem-neon-768.csv
12,mlkem_neon,ML-KEM-768,INVNTT,257.0,231.0,257.0,26.0,34.42,10000,block-12-mlkem-neon-768.csv
12,mlkem_neon,ML-KEM-768,BaseMulAcc,219.0,219.0,221.0,2.0,15.79,10000,block-12-mlkem-neon-768.csv
12,mlkem_neon,ML-KEM-768,MatrixVectorMul,2234.0,2224.0,2239.0,15.0,210.31,10000,block-12-mlkem-neon-768.csv
12,mlkem_neon,ML-KEM-768,InnerProdEnc,477.0,475.0,477.0,2.0,23.17,10000,block-12-mlkem-neon-768.csv
12,mlkem_neon,ML-KEM-768,InnerProdDec,1202.0,1193.0,1213.0,20.0,47.6,10000,block-12-mlkem-neon-768.csv
12,mlkem_ref,ML-KEM-1024,KeyGen,76106.0,69341.0,76670.0,7329.0,4635.31,10000,block-12-mlkem-ref-1024.csv
12,mlkem_ref,ML-KEM-1024,Encaps,83814.0,76106.0,84377.0,8271.0,5230.89,10000,block-12-mlkem-ref-1024.csv
12,mlkem_ref,ML-KEM-1024,Decaps,94525.0,90390.0,95084.0,4694.0,6471.47,10000,block-12-mlkem-ref-1024.csv
12,mlkem_ref,ML-KEM-1024,NTT,520.0,518.0,522.0,4.0,22.63,10000,block-12-mlkem-ref-1024.csv
12,mlkem_ref,ML-KEM-1024,INVNTT,886.0,885.0,886.0,1.0,45.77,10000,block-12-mlkem-ref-1024.csv
12,mlkem_ref,ML-KEM-1024,BaseMulAcc,310.0,279.0,311.0,32.0,19.0,10000,block-12-mlkem-ref-1024.csv
12,mlkem_ref,ML-KEM-1024,MatrixVectorMul,7636.0,7368.0,7674.0,306.0,235.69,10000,block-12-mlkem-ref-1024.csv
12,mlkem_ref,ML-KEM-1024,InnerProdEnc,1195.0,1153.0,1195.0,42.0,64.19,10000,block-12-mlkem-ref-1024.csv
12,mlkem_ref,ML-KEM-1024,InnerProdDec,3619.0,3574.0,3623.0,49.0,133.59,10000,block-12-mlkem-ref-1024.csv
12,mlkem_ref,ML-KEM-512,KeyGen,29878.0,27439.0,30064.0,2625.0,2213.35,10000,block-12-mlkem-ref-512.csv
12,mlkem_ref,ML-KEM-512,Encaps,35142.0,32134.0,35332.0,3198.0,3860.37,10000,block-12-mlkem-ref-512.csv
12,mlkem_ref,ML-KEM-512,Decaps,41907.0,38151.0,42281.0,4130.0,6144.88,10000,block-12-mlkem-ref-512.csv
12,mlkem_ref,ML-KEM-512,NTT,520.0,518.0,520.0,2.0,68.26,10000,block-12-mlkem-ref-512.csv
12,mlkem_ref,ML-KEM-512,INVNTT,886.0,832.0,886.0,54.0,106.19,10000,block-12-mlkem-ref-512.csv
12,mlkem_ref,ML-KEM-512,BaseMulAcc,189.0,189.0,189.0,0.0,52.91,10000,block-12-mlkem-ref-512.csv
12,mlkem_ref,ML-KEM-512,MatrixVectorMul,3566.0,3472.0,3585.0,113.0,216.22,10000,block-12-mlkem-ref-512.csv
12,mlkem_ref,ML-KEM-512,InnerProdEnc,1074.0,1037.0,1076.0,39.0,109.02,10000,block-12-mlkem-ref-512.csv
12,mlkem_ref,ML-KEM-512,InnerProdDec,2273.0,2270.0,2277.0,7.0,118.94,10000,block-12-mlkem-ref-512.csv
12,mlkem_ref,ML-KEM-768,KeyGen,51865.0,49984.0,52239.0,2255.0,2521.45,10000,block-12-mlkem-ref-768.csv
12,mlkem_ref,ML-KEM-768,Encaps,57128.0,51680.0,57502.0,5822.0,5988.38,10000,block-12-mlkem-ref-768.csv
12,mlkem_ref,ML-KEM-768,Decaps,65395.0,59757.0,65774.0,6017.0,4137.3,10000,block-12-mlkem-ref-768.csv
12,mlkem_ref,ML-KEM-768,NTT,520.0,518.0,522.0,4.0,41.78,10000,block-12-mlkem-ref-768.csv
12,mlkem_ref,ML-KEM-768,INVNTT,886.0,860.0,886.0,26.0,52.79,10000,block-12-mlkem-ref-768.csv
12,mlkem_ref,ML-KEM-768,BaseMulAcc,246.0,246.0,248.0,2.0,10.95,10000,block-12-mlkem-ref-768.csv
12,mlkem_ref,ML-KEM-768,MatrixVectorMul,5551.0,5327.0,5560.0,233.0,392.29,10000,block-12-mlkem-ref-768.csv
12,mlkem_ref,ML-KEM-768,InnerProdEnc,1133.0,1129.0,1134.0,5.0,74.79,10000,block-12-mlkem-ref-768.csv
12,mlkem_ref,ML-KEM-768,InnerProdDec,2938.0,2935.0,2963.0,28.0,91.71,10000,block-12-mlkem-ref-768.csv
12,mlkem_sme,ML-KEM-1024,KeyGen,90579.0,80431.0,91701.0,11270.0,14239.61,10000,block-12-mlkem-sme-1024.csv
12,mlkem_sme,ML-KEM-1024,Encaps,102417.0,101849.0,102977.0,1128.0,6820.44,10000,block-12-mlkem-sme-1024.csv
12,mlkem_sme,ML-KEM-1024,Decaps,112750.0,112187.0,122334.0,10147.0,5951.62,10000,block-12-mlkem-sme-1024.csv
12,mlkem_sme,ML-KEM-1024,NTT,1153.0,1153.0,1155.0,2.0,54.45,10000,block-12-mlkem-sme-1024.csv
12,mlkem_sme,ML-KEM-1024,INVNTT,1071.0,1069.0,1071.0,2.0,57.08,10000,block-12-mlkem-sme-1024.csv
12,mlkem_sme,ML-KEM-1024,BaseMulAcc,1180.0,1180.0,1181.0,1.0,43.99,10000,block-12-mlkem-sme-1024.csv
12,mlkem_sme,ML-KEM-1024,MatrixVectorMul,12030.0,12022.0,12188.0,166.0,211.04,10000,block-12-mlkem-sme-1024.csv
12,mlkem_sme,ML-KEM-1024,InnerProdEnc,1792.0,1792.0,1794.0,2.0,99.3,10000,block-12-mlkem-sme-1024.csv
12,mlkem_sme,ML-KEM-1024,InnerProdDec,5351.0,5325.0,5451.0,126.0,228.23,10000,block-12-mlkem-sme-1024.csv
12,mlkem_sme,ML-KEM-512,KeyGen,36829.0,36643.0,37022.0,379.0,769.05,10000,block-12-mlkem-sme-512.csv
12,mlkem_sme,ML-KEM-512,Encaps,43409.0,41154.0,43783.0,2629.0,2555.89,10000,block-12-mlkem-sme-512.csv
12,mlkem_sme,ML-KEM-512,Decaps,57503.0,57124.0,57881.0,757.0,3232.61,10000,block-12-mlkem-sme-512.csv
12,mlkem_sme,ML-KEM-512,NTT,1172.0,1172.0,1174.0,2.0,59.53,10000,block-12-mlkem-sme-512.csv
12,mlkem_sme,ML-KEM-512,INVNTT,1076.0,1074.0,1076.0,2.0,41.73,10000,block-12-mlkem-sme-512.csv
12,mlkem_sme,ML-KEM-512,BaseMulAcc,631.0,631.0,633.0,2.0,10.79,10000,block-12-mlkem-sme-512.csv
12,mlkem_sme,ML-KEM-512,MatrixVectorMul,5047.0,5032.0,5054.0,22.0,106.71,10000,block-12-mlkem-sme-512.csv
12,mlkem_sme,ML-KEM-512,InnerProdEnc,1255.0,1253.0,1255.0,2.0,46.28,10000,block-12-mlkem-sme-512.csv
12,mlkem_sme,ML-KEM-512,InnerProdDec,3446.0,3436.0,3450.0,14.0,81.22,10000,block-12-mlkem-sme-512.csv
12,mlkem_sme,ML-KEM-768,KeyGen,60885.0,59758.0,61823.0,2065.0,2687.14,10000,block-12-mlkem-sme-768.csv
12,mlkem_sme,ML-KEM-768,Encaps,69715.0,66143.0,70654.0,4511.0,2488.77,10000,block-12-mlkem-sme-768.csv
12,mlkem_sme,ML-KEM-768,Decaps,83060.0,82118.0,86069.0,3951.0,2447.25,10000,block-12-mlkem-sme-768.csv
12,mlkem_sme,ML-KEM-768,NTT,1166.0,1165.0,1168.0,3.0,34.46,10000,block-12-mlkem-sme-768.csv
12,mlkem_sme,ML-KEM-768,INVNTT,1076.0,1076.0,1078.0,2.0,42.73,10000,block-12-mlkem-sme-768.csv
12,mlkem_sme,ML-KEM-768,BaseMulAcc,911.0,911.0,913.0,2.0,12.54,10000,block-12-mlkem-sme-768.csv
12,mlkem_sme,ML-KEM-768,MatrixVectorMul,8146.0,8133.0,8151.0,18.0,107.81,10000,block-12-mlkem-sme-768.csv
12,mlkem_sme,ML-KEM-768,InnerProdEnc,1525.0,1524.0,1527.0,3.0,25.51,10000,block-12-mlkem-sme-768.csv
12,mlkem_sme,ML-KEM-768,InnerProdDec,4930.0,4912.0,5000.0,88.0,131.82,10000,block-12-mlkem-sme-768.csv
12,mlkem_sve,ML-KEM-1024,KeyGen,91512.0,80991.0,92455.0,11464.0,12796.82,10000,block-12-mlkem-sve-1024.csv
12,mlkem_sve,ML-KEM-1024,Encaps,103540.0,102787.0,104104.0,1317.0,18898.47,10000,block-12-mlkem-sve-1024.csv
12,mlkem_sve,ML-KEM-1024,Decaps,119141.0,112186.0,123461.0,11275.0,16360.38,10000,block-12-mlkem-sve-1024.csv
12,mlkem_sve,ML-KEM-1024,NTT,1054.0,1042.0,1076.0,34.0,178.74,10000,block-12-mlkem-sve-1024.csv
12,mlkem_sve,ML-KEM-1024,INVNTT,1104.0,1084.0,1136.0,52.0,179.43,10000,block-12-mlkem-sve-1024.csv
12,mlkem_sve,ML-KEM-1024,BaseMulAcc,1183.0,1181.0,1202.0,21.0,183.14,10000,block-12-mlkem-sve-1024.csv
12,mlkem_sve,ML-KEM-1024,MatrixVectorMul,11880.0,11633.0,12297.0,664.0,730.78,10000,block-12-mlkem-sve-1024.csv
12,mlkem_sve,ML-KEM-1024,InnerProdEnc,1755.0,1753.0,1805.0,52.0,198.2,10000,block-12-mlkem-sve-1024.csv
12,mlkem_sve,ML-KEM-1024,InnerProdDec,4696.0,4654.0,4923.0,269.0,423.57,10000,block-12-mlkem-sve-1024.csv
12,mlkem_sve,ML-KEM-512,KeyGen,36265.0,35895.0,36459.0,564.0,5864.74,10000,block-12-mlkem-sve-512.csv
12,mlkem_sve,ML-KEM-512,Encaps,44537.0,42466.0,45100.0,2634.0,6942.2,10000,block-12-mlkem-sve-512.csv
12,mlkem_sve,ML-KEM-512,Decaps,56375.0,55627.0,56754.0,1127.0,12801.93,10000,block-12-mlkem-sve-512.csv
12,mlkem_sve,ML-KEM-512,NTT,1026.0,1016.0,1035.0,19.0,153.07,10000,block-12-mlkem-sve-512.csv
12,mlkem_sve,ML-KEM-512,INVNTT,1091.0,1086.0,1099.0,13.0,180.89,10000,block-12-mlkem-sve-512.csv
12,mlkem_sve,ML-KEM-512,BaseMulAcc,631.0,631.0,635.0,4.0,111.92,10000,block-12-mlkem-sve-512.csv
12,mlkem_sve,ML-KEM-512,MatrixVectorMul,4483.0,4461.0,4714.0,253.0,410.53,10000,block-12-mlkem-sve-512.csv
12,mlkem_sve,ML-KEM-512,InnerProdEnc,1198.0,1198.0,1204.0,6.0,171.68,10000,block-12-mlkem-sve-512.csv
12,mlkem_sve,ML-KEM-512,InnerProdDec,2803.0,2788.0,2955.0,167.0,276.76,10000,block-12-mlkem-sve-512.csv
12,mlkem_sve,ML-KEM-768,KeyGen,61448.0,59758.0,62202.0,2444.0,10039.23,10000,block-12-mlkem-sve-768.csv
12,mlkem_sve,ML-KEM-768,Encaps,76860.0,71217.0,78171.0,6954.0,20951.77,10000,block-12-mlkem-sve-768.csv
12,mlkem_sve,ML-KEM-768,Decaps,85316.0,83060.0,86628.0,3568.0,24473.62,10000,block-12-mlkem-sve-768.csv
12,mlkem_sve,ML-KEM-768,NTT,1061.0,1056.0,1091.0,35.0,167.45,10000,block-12-mlkem-sve-768.csv
12,mlkem_sve,ML-KEM-768,INVNTT,1119.0,1118.0,1142.0,24.0,172.3,10000,block-12-mlkem-sve-768.csv
12,mlkem_sve,ML-KEM-768,BaseMulAcc,911.0,911.0,915.0,4.0,118.48,10000,block-12-mlkem-sve-768.csv
12,mlkem_sve,ML-KEM-768,MatrixVectorMul,7881.0,7693.0,8196.0,503.0,578.48,10000,block-12-mlkem-sve-768.csv
12,mlkem_sve,ML-KEM-768,InnerProdEnc,1477.0,1475.0,1512.0,37.0,175.15,10000,block-12-mlkem-sve-768.csv
12,mlkem_sve,ML-KEM-768,InnerProdDec,4397.0,4374.0,4701.0,327.0,438.96,10000,block-12-mlkem-sve-768.csv
13,kyber_neon,Kyber-1024,KeyGen,31760.0,31570.0,34953.0,3383.0,2486.3,10000,block-13-kyber-neon-1024.csv
13,kyber_neon,Kyber-1024,Encaps,47544.0,43409.0,48482.0,5073.0,3517.11,10000,block-13-kyber-neon-1024.csv
13,kyber_neon,Kyber-1024,Decaps,42845.0,38709.0,43035.0,4326.0,3030.19,10000,block-13-kyber-neon-1024.csv
13,kyber_neon,Kyber-1024,NTT,285.0,257.0,287.0,30.0,21.12,10000,block-13-kyber-neon-1024.csv
13,kyber_neon,Kyber-1024,INVNTT,285.0,264.0,285.0,21.0,17.57,10000,block-13-kyber-neon-1024.csv
13,kyber_neon,Kyber-1024,BaseMulAcc,507.0,462.0,509.0,47.0,50.72,10000,block-13-kyber-neon-1024.csv
13,kyber_neon,Kyber-1024,MatrixVectorMul,3705.0,3465.0,3715.0,250.0,179.01,10000,block-13-kyber-neon-1024.csv
13,kyber_neon,Kyber-1024,InnerProdEnc,725.0,682.0,727.0,45.0,47.16,10000,block-13-kyber-neon-1024.csv
13,kyber_neon,Kyber-1024,InnerProdDec,1734.0,1698.0,1894.0,196.0,287.69,10000,block-13-kyber-neon-1024.csv
13,kyber_neon,Kyber-512,KeyGen,13904.0,13715.0,15031.0,1316.0,871.24,10000,block-13-kyber-neon-512.csv
13,kyber_neon,Kyber-512,Encaps,23113.0,20859.0,23303.0,2444.0,1318.77,10000,block-13-kyber-neon-512.csv
13,kyber_neon,Kyber-512,Decaps,19541.0,17666.0,19732.0,2066.0,1281.96,10000,block-13-kyber-neon-512.csv
13,kyber_neon,Kyber-512,NTT,285.0,270.0,285.0,15.0,43.81,10000,block-13-kyber-neon-512.csv
13,kyber_neon,Kyber-512,INVNTT,283.0,255.0,285.0,30.0,41.71,10000,block-13-kyber-neon-512.csv
13,kyber_neon,Kyber-512,BaseMulAcc,274.0,248.0,276.0,28.0,64.83,10000,block-13-kyber-neon-512.csv
13,kyber_neon,Kyber-512,MatrixVectorMul,1465.0,1409.0,1572.0,163.0,252.52,10000,block-13-kyber-neon-512.csv
13,kyber_neon,Kyber-512,InnerProdEnc,513.0,494.0,513.0,19.0,47.14,10000,block-13-kyber-neon-512.csv
13,kyber_neon,Kyber-512,InnerProdDec,1071.0,1037.0,1071.0,34.0,64.12,10000,block-13-kyber-neon-512.csv
13,kyber_neon,Kyber-768,KeyGen,24426.0,22171.0,24616.0,2445.0,1318.82,10000,block-13-kyber-neon-768.csv
13,kyber_neon,Kyber-768,Encaps,34578.0,31570.0,34768.0,3198.0,2303.45,10000,block-13-kyber-neon-768.csv
13,kyber_neon,Kyber-768,Decaps,27998.0,27060.0,30253.0,3193.0,2672.6,10000,block-13-kyber-neon-768.csv
13,kyber_neon,Kyber-768,NTT,285.0,270.0,287.0,17.0,26.27,10000,block-13-kyber-neon-768.csv
13,kyber_neon,Kyber-768,INVNTT,285.0,283.0,285.0,2.0,24.27,10000,block-13-kyber-neon-768.csv
13,kyber_neon,Kyber-768,BaseMulAcc,390.0,375.0,392.0,17.0,26.4,10000,block-13-kyber-neon-768.csv
13,kyber_neon,Kyber-768,MatrixVectorMul,2566.0,2506.0,2570.0,64.0,108.73,10000,block-13-kyber-neon-768.csv
13,kyber_neon,Kyber-768,InnerProdEnc,616.0,565.0,618.0,53.0,51.77,10000,block-13-kyber-neon-768.csv
13,kyber_neon,Kyber-768,InnerProdDec,1469.0,1465.0,1473.0,8.0,64.43,10000,block-13-kyber-neon-768.csv
13,kyber_ref,Kyber-1024,KeyGen,156159.0,141691.0,157476.0,15785.0,9902.68,10000,block-13-kyber-ref-1024.csv
13,kyber_ref,Kyber-1024,Encaps,172886.0,156348.0,173450.0,17102.0,11685.47,10000,block-13-kyber-ref-1024.csv
13,kyber_ref,Kyber-1024,Decaps,196185.0,176832.0,196748.0,19916.0,10953.23,10000,block-13-kyber-ref-1024.csv
13,kyber_ref,Kyber-1024,NTT,3570.0,3271.0,3609.0,338.0,184.17,10000,block-13-kyber-ref-1024.csv
13,kyber_ref,Kyber-1024,INVNTT,5669.0,5349.0,5718.0,369.0,252.26,10000,block-13-kyber-ref-1024.csv
13,kyber_ref,Kyber-1024,BaseMulAcc,9059.0,8753.0,9232.0,479.0,324.63,10000,block-13-kyber-ref-1024.csv
13,kyber_ref,Kyber-1024,MatrixVectorMul,76525.0,75952.0,76981.0,1029.0,1742.61,10000,block-13-kyber-ref-1024.csv
13,kyber_ref,Kyber-1024,InnerProdEnc,14965.0,14755.0,15194.0,439.0,410.4,10000,block-13-kyber-ref-1024.csv
13,kyber_ref,Kyber-1024,InnerProdDec,28571.0,28279.0,28754.0,475.0,539.21,10000,block-13-kyber-ref-1024.csv
13,kyber_ref,Kyber-512,KeyGen,57128.0,51865.0,57876.0,6011.0,4075.41,10000,block-13-kyber-ref-512.csv
13,kyber_ref,Kyber-512,Encaps,75353.0,68025.0,75727.0,7702.0,5797.93,10000,block-13-kyber-ref-512.csv
13,kyber_ref,Kyber-512,Decaps,89821.0,82871.0,90011.0,7140.0,4895.84,10000,block-13-kyber-ref-512.csv
13,kyber_ref,Kyber-512,NTT,3596.0,3358.0,3606.0,248.0,185.27,10000,block-13-kyber-ref-512.csv
13,kyber_ref,Kyber-512,INVNTT,5643.0,5359.0,5646.0,287.0,221.34,10000,block-13-kyber-ref-512.csv
13,kyber_ref,Kyber-512,BaseMulAcc,5103.0,4812.0,5111.0,299.0,223.13,10000,block-13-kyber-ref-512.csv
13,kyber_ref,Kyber-512,MatrixVectorMul,29585.0,29256.0,29833.0,577.0,1416.28,10000,block-13-kyber-ref-512.csv
13,kyber_ref,Kyber-512,InnerProdEnc,10482.0,10188.0,10733.0,545.0,1416.78,10000,block-13-kyber-ref-512.csv
13,kyber_ref,Kyber-512,InnerProdDec,17480.0,17310.0,17688.0,378.0,471.08,10000,block-13-kyber-ref-512.csv
13,kyber_ref,Kyber-768,KeyGen,99784.0,97150.0,100533.0,3383.0,4674.45,10000,block-13-kyber-ref-768.csv
13,kyber_ref,Kyber-768,Encaps,117260.0,116886.0,117639.0,753.0,6239.06,10000,block-13-kyber-ref-768.csv
13,kyber_ref,Kyber-768,Decaps,136238.0,127782.0,136617.0,8835.0,14613.49,10000,block-13-kyber-ref-768.csv
13,kyber_ref,Kyber-768,NTT,3632.0,3515.0,3636.0,121.0,138.27,10000,block-13-kyber-ref-768.csv
13,kyber_ref,Kyber-768,INVNTT,5646.0,5537.0,5652.0,115.0,155.79,10000,block-13-kyber-ref-768.csv
13,kyber_ref,Kyber-768,BaseMulAcc,6958.0,6812.0,6966.0,154.0,172.74,10000,block-13-kyber-ref-768.csv
13,kyber_ref,Kyber-768,MatrixVectorMul,50782.0,50493.0,50953.0,460.0,1124.23,10000,block-13-kyber-ref-768.csv
13,kyber_ref,Kyber-768,InnerProdEnc,12817.0,12618.0,13001.0,383.0,327.96,10000,block-13-kyber-ref-768.csv
13,kyber_ref,Kyber-768,InnerProdDec,23220.0,23032.0,23252.0,220.0,463.97,10000,block-13-kyber-ref-768.csv
13,kyber_sme,Kyber-1024,KeyGen,61069.0,59383.0,63704.0,4321.0,2706.61,10000,block-13-kyber-sme-1024.csv
13,kyber_sme,Kyber-1024,Encaps,74605.0,69152.0,75543.0,6391.0,3600.05,10000,block-13-kyber-sme-1024.csv
13,kyber_sme,Kyber-1024,Decaps,76481.0,74415.0,76859.0,2444.0,1954.05,10000,block-13-kyber-sme-1024.csv
13,kyber_sme,Kyber-1024,NTT,1172.0,1172.0,1172.0,0.0,41.27,10000,block-13-kyber-sme-1024.csv
13,kyber_sme,Kyber-1024,INVNTT,1088.0,1088.0,1089.0,1.0,51.6,10000,block-13-kyber-sme-1024.csv
13,kyber_sme,Kyber-1024,BaseMulAcc,1415.0,1413.0,1416.0,3.0,38.11,10000,block-13-kyber-sme-1024.csv
13,kyber_sme,Kyber-1024,MatrixVectorMul,10728.0,10707.0,10887.0,180.0,161.66,10000,block-13-kyber-sme-1024.csv
13,kyber_sme,Kyber-1024,InnerProdEnc,2038.0,2037.0,2040.0,3.0,55.63,10000,block-13-kyber-sme-1024.csv
13,kyber_sme,Kyber-1024,InnerProdDec,5115.0,5088.0,5122.0,34.0,104.79,10000,block-13-kyber-sme-1024.csv
13,kyber_sme,Kyber-512,KeyGen,28751.0,28561.0,28940.0,379.0,1386.74,10000,block-13-kyber-sme-512.csv
13,kyber_sme,Kyber-512,Encaps,37582.0,37393.0,37771.0,378.0,1570.11,10000,block-13-kyber-sme-512.csv
13,kyber_sme,Kyber-512,Decaps,37961.0,37771.0,38150.0,379.0,1536.89,10000,block-13-kyber-sme-512.csv
13,kyber_sme,Kyber-512,NTT,1174.0,1172.0,1174.0,2.0,45.13,10000,block-13-kyber-sme-512.csv
13,kyber_sme,Kyber-512,INVNTT,1074.0,1073.0,1074.0,1.0,40.67,10000,block-13-kyber-sme-512.csv
13,kyber_sme,Kyber-512,BaseMulAcc,747.0,746.0,747.0,1.0,12.06,10000,block-13-kyber-sme-512.csv
13,kyber_sme,Kyber-512,MatrixVectorMul,4711.0,4699.0,4729.0,30.0,99.69,10000,block-13-kyber-sme-512.csv
13,kyber_sme,Kyber-512,InnerProdEnc,1375.0,1375.0,1377.0,2.0,40.98,10000,block-13-kyber-sme-512.csv
13,kyber_sme,Kyber-512,InnerProdDec,3666.0,3651.0,3677.0,26.0,140.16,10000,block-13-kyber-sme-512.csv
13,kyber_sme,Kyber-768,KeyGen,41532.0,39841.0,42281.0,2440.0,1567.32,10000,block-13-kyber-sme-768.csv
13,kyber_sme,Kyber-768,Encaps,52239.0,49984.0,54873.0,4889.0,2861.21,10000,block-13-kyber-sme-768.csv
13,kyber_sme,Kyber-768,Decaps,54494.0,54309.0,54684.0,375.0,884.31,10000,block-13-kyber-sme-768.csv
13,kyber_sme,Kyber-768,NTT,1182.0,1181.0,1183.0,2.0,32.7,10000,block-13-kyber-sme-768.csv
13,kyber_sme,Kyber-768,INVNTT,1093.0,1093.0,1095.0,2.0,41.8,10000,block-13-kyber-sme-768.csv
13,kyber_sme,Kyber-768,BaseMulAcc,1091.0,1089.0,1093.0,4.0,17.04,10000,block-13-kyber-sme-768.csv
13,kyber_sme,Kyber-768,MatrixVectorMul,7276.0,7255.0,7279.0,24.0,90.35,10000,block-13-kyber-sme-768.csv
13,kyber_sme,Kyber-768,InnerProdEnc,1708.0,1706.0,1708.0,2.0,39.06,10000,block-13-kyber-sme-768.csv
13,kyber_sme,Kyber-768,InnerProdDec,4293.0,4288.0,4299.0,11.0,67.73,10000,block-13-kyber-sme-768.csv
13,kyber_sve,Kyber-1024,KeyGen,61823.0,59947.0,62386.0,2439.0,9725.5,10000,block-13-kyber-sve-1024.csv
13,kyber_sve,Kyber-1024,Encaps,75916.0,69716.0,76480.0,6764.0,10587.6,10000,block-13-kyber-sve-1024.csv
13,kyber_sve,Kyber-1024,Decaps,74415.0,73098.0,74794.0,1696.0,12062.63,10000,block-13-kyber-sve-1024.csv
13,kyber_sve,Kyber-1024,NTT,1063.0,1058.0,1076.0,18.0,161.35,10000,block-13-kyber-sve-1024.csv
13,kyber_sve,Kyber-1024,INVNTT,1116.0,1106.0,1123.0,17.0,147.6,10000,block-13-kyber-sve-1024.csv
13,kyber_sve,Kyber-1024,BaseMulAcc,1416.0,1415.0,1426.0,11.0,139.14,10000,block-13-kyber-sve-1024.csv
13,kyber_sve,Kyber-1024,MatrixVectorMul,10547.0,10303.0,10949.0,646.0,610.62,10000,block-13-kyber-sve-1024.csv
13,kyber_sve,Kyber-1024,InnerProdEnc,1982.0,1980.0,2074.0,94.0,228.3,10000,block-13-kyber-sve-1024.csv
13,kyber_sve,Kyber-1024,InnerProdDec,4500.0,4483.0,4750.0,267.0,392.73,10000,block-13-kyber-sve-1024.csv
13,kyber_sve,Kyber-512,KeyGen,27624.0,27435.0,27998.0,563.0,6422.38,10000,block-13-kyber-sve-512.csv
13,kyber_sve,Kyber-512,Encaps,37581.0,37208.0,37771.0,563.0,6105.38,10000,block-13-kyber-sve-512.csv
13,kyber_sve,Kyber-512,Decaps,35891.0,35705.0,36264.0,559.0,7855.19,10000,block-13-kyber-sve-512.csv
13,kyber_sve,Kyber-512,NTT,1059.0,1046.0,1089.0,43.0,170.39,10000,block-13-kyber-sve-512.csv
13,kyber_sve,Kyber-512,INVNTT,1121.0,1119.0,1146.0,27.0,164.36,10000,block-13-kyber-sve-512.csv
13,kyber_sve,Kyber-512,BaseMulAcc,751.0,749.0,753.0,4.0,101.31,10000,block-13-kyber-sve-512.csv
13,kyber_sve,Kyber-512,MatrixVectorMul,4483.0,4470.0,4729.0,259.0,384.34,10000,block-13-kyber-sve-512.csv
13,kyber_sve,Kyber-512,InnerProdEnc,1319.0,1319.0,1328.0,9.0,141.1,10000,block-13-kyber-sve-512.csv
13,kyber_sve,Kyber-512,InnerProdDec,3356.0,3341.0,3581.0,240.0,353.02,10000,block-13-kyber-sve-512.csv
13,kyber_sve,Kyber-768,KeyGen,43598.0,42466.0,44721.0,2255.0,6487.25,10000,block-13-kyber-sve-768.csv
13,kyber_sve,Kyber-768,Encaps,52055.0,48857.0,54309.0,5452.0,10795.85,10000,block-13-kyber-sve-768.csv
13,kyber_sve,Kyber-768,Decaps,54684.0,54494.0,55058.0,564.0,6946.46,10000,block-13-kyber-sve-768.csv
13,kyber_sve,Kyber-768,NTT,1067.0,1056.0,1091.0,35.0,178.83,10000,block-13-kyber-sve-768.csv
13,kyber_sve,Kyber-768,INVNTT,1133.0,1131.0,1182.0,51.0,530.6,10000,block-13-kyber-sve-768.csv
13,kyber_sve,Kyber-768,BaseMulAcc,1093.0,1091.0,1097.0,6.0,147.17,10000,block-13-kyber-sve-768.csv
13,kyber_sve,Kyber-768,MatrixVectorMul,7142.0,6984.0,7418.0,434.0,496.72,10000,block-13-kyber-sve-768.csv
13,kyber_sve,Kyber-768,InnerProdEnc,1657.0,1655.0,1704.0,49.0,203.84,10000,block-13-kyber-sve-768.csv
13,kyber_sve,Kyber-768,InnerProdDec,3809.0,3795.0,4019.0,224.0,359.12,10000,block-13-kyber-sve-768.csv
13,mlkem_neon,ML-KEM-1024,KeyGen,59758.0,54499.0,60321.0,5822.0,3694.66,10000,block-13-mlkem-neon-1024.csv
13,mlkem_neon,ML-KEM-1024,Encaps,64642.0,64082.0,65021.0,939.0,5397.48,10000,block-13-mlkem-neon-1024.csv
13,mlkem_neon,ML-KEM-1024,Decaps,76106.0,69157.0,76670.0,7513.0,5683.06,10000,block-13-mlkem-neon-1024.csv
13,mlkem_neon,ML-KEM-1024,NTT,221.0,216.0,223.0,7.0,12.91,10000,block-13-mlkem-neon-1024.csv
13,mlkem_neon,ML-KEM-1024,INVNTT,257.0,257.0,259.0,2.0,37.06,10000,block-13-mlkem-neon-1024.csv
13,mlkem_neon,ML-KEM-1024,BaseMulAcc,279.0,276.0,281.0,5.0,20.36,10000,block-13-mlkem-neon-1024.csv
13,mlkem_neon,ML-KEM-1024,MatrixVectorMul,3228.0,3136.0,3241.0,105.0,177.17,10000,block-13-mlkem-neon-1024.csv
13,mlkem_neon,ML-KEM-1024,InnerProdEnc,541.0,496.0,544.0,48.0,127.92,10000,block-13-mlkem-neon-1024.csv
13,mlkem_neon,ML-KEM-1024,InnerProdDec,1507.0,1364.0,1518.0,154.0,166.26,10000,block-13-mlkem-neon-1024.csv
13,mlkem_neon,ML-KEM-512,KeyGen,23299.0,21233.0,23677.0,2444.0,1421.66,10000,block-13-mlkem-neon-512.csv
13,mlkem_neon,ML-KEM-512,Encaps,26870.0,24431.0,27060.0,2629.0,1615.48,10000,block-13-mlkem-neon-512.csv
13,mlkem_neon,ML-KEM-512,Decaps,32887.0,29879.0,33261.0,3382.0,2908.57,10000,block-13-mlkem-neon-512.csv
13,mlkem_neon,ML-KEM-512,NTT,221.0,204.0,225.0,21.0,27.88,10000,block-13-mlkem-neon-512.csv
13,mlkem_neon,ML-KEM-512,INVNTT,257.0,233.0,257.0,24.0,13.93,10000,block-13-mlkem-neon-512.csv
13,mlkem_neon,ML-KEM-512,BaseMulAcc,163.0,163.0,163.0,0.0,10.43,10000,block-13-mlkem-neon-512.csv
13,mlkem_neon,ML-KEM-512,MatrixVectorMul,1369.0,1347.0,1373.0,26.0,77.35,10000,block-13-mlkem-neon-512.csv
13,mlkem_neon,ML-KEM-512,InnerProdEnc,419.0,377.0,420.0,43.0,29.54,10000,block-13-mlkem-neon-512.csv
13,mlkem_neon,ML-KEM-512,InnerProdDec,890.0,885.0,894.0,9.0,48.82,10000,block-13-mlkem-neon-512.csv
13,mlkem_neon,ML-KEM-768,KeyGen,36834.0,36454.0,40774.0,4320.0,7607.21,10000,block-13-mlkem-neon-768.csv
13,mlkem_neon,ML-KEM-768,Encaps,39652.0,39273.0,43783.0,4510.0,6751.58,10000,block-13-mlkem-neon-768.csv
13,mlkem_neon,ML-KEM-768,Decaps,51865.0,51301.0,52244.0,943.0,3130.75,10000,block-13-mlkem-neon-768.csv
13,mlkem_neon,ML-KEM-768,NTT,223.0,208.0,225.0,17.0,15.56,10000,block-13-mlkem-neon-768.csv
13,mlkem_neon,ML-KEM-768,INVNTT,257.0,257.0,259.0,2.0,20.75,10000,block-13-mlkem-neon-768.csv
13,mlkem_neon,ML-KEM-768,BaseMulAcc,219.0,216.0,219.0,3.0,20.59,10000,block-13-mlkem-neon-768.csv
13,mlkem_neon,ML-KEM-768,MatrixVectorMul,2234.0,2198.0,2239.0,41.0,120.56,10000,block-13-mlkem-neon-768.csv
13,mlkem_neon,ML-KEM-768,InnerProdEnc,477.0,475.0,477.0,2.0,25.69,10000,block-13-mlkem-neon-768.csv
13,mlkem_neon,ML-KEM-768,InnerProdDec,1197.0,1191.0,1200.0,9.0,58.89,10000,block-13-mlkem-neon-768.csv
13,mlkem_ref,ML-KEM-1024,KeyGen,77044.0,70468.0,77423.0,6955.0,5084.81,10000,block-13-mlkem-ref-1024.csv
13,mlkem_ref,ML-KEM-1024,Encaps,83250.0,77797.0,84184.0,6387.0,7412.2,10000,block-13-mlkem-ref-1024.csv
13,mlkem_ref,ML-KEM-1024,Decaps,94336.0,85875.0,94899.0,9024.0,6461.95,10000,block-13-mlkem-ref-1024.csv
13,mlkem_ref,ML-KEM-1024,NTT,520.0,518.0,520.0,2.0,27.07,10000,block-13-mlkem-ref-1024.csv
13,mlkem_ref,ML-KEM-1024,INVNTT,886.0,868.0,886.0,18.0,55.67,10000,block-13-mlkem-ref-1024.csv
13,mlkem_ref,ML-KEM-1024,BaseMulAcc,310.0,304.0,311.0,7.0,15.87,10000,block-13-mlkem-ref-1024.csv
13,mlkem_ref,ML-KEM-1024,MatrixVectorMul,7633.0,7355.0,7672.0,317.0,253.86,10000,block-13-mlkem-ref-1024.csv
13,mlkem_ref,ML-KEM-1024,InnerProdEnc,1195.0,1155.0,1195.0,40.0,77.19,10000,block-13-mlkem-ref-1024.csv
13,mlkem_ref,ML-KEM-1024,InnerProdDec,3619.0,3525.0,3623.0,98.0,159.06,10000,block-13-mlkem-ref-1024.csv
13,mlkem_ref,ML-KEM-512,KeyGen,29878.0,27434.0,30068.0,2634.0,1606.48,10000,block-13-mlkem-ref-512.csv
13,mlkem_ref,ML-KEM-512,Encaps,35142.0,31944.0,35332.0,3388.0,4210.64,10000,block-13-mlkem-ref-512.csv
13,mlkem_ref,ML-KEM-512,Decaps,41718.0,37772.0,42092.0,4320.0,4675.35,10000,block-13-mlkem-ref-512.csv
13,mlkem_ref,ML-KEM-512,NTT,520.0,518.0,520.0,2.0,25.91,10000,block-13-mlkem-ref-512.csv
13,mlkem_ref,ML-KEM-512,INVNTT,886.0,858.0,886.0,28.0,50.61,10000,block-13-mlkem-ref-512.csv
13,mlkem_ref,ML-KEM-512,BaseMulAcc,189.0,189.0,189.0,0.0,41.38,10000,block-13-mlkem-ref-512.csv
13,mlkem_ref,ML-KEM-512,MatrixVectorMul,3566.0,3478.0,3585.0,107.0,148.59,10000,block-13-mlkem-ref-512.csv
13,mlkem_ref,ML-KEM-512,InnerProdEnc,1074.0,1009.0,1076.0,67.0,54.31,10000,block-13-mlkem-ref-512.csv
13,mlkem_ref,ML-KEM-512,InnerProdDec,2273.0,2238.0,2275.0,37.0,99.24,10000,block-13-mlkem-ref-512.csv
13,mlkem_ref,ML-KEM-768,KeyGen,52050.0,51675.0,52240.0,565.0,2238.29,10000,block-13-mlkem-ref-768.csv
13,mlkem_ref,ML-KEM-768,Encaps,57502.0,57128.0,57692.0,564.0,2420.91,10000,block-13-mlkem-ref-768.csv
13,mlkem_ref,ML-KEM-768,Decaps,65585.0,65210.0,65959.0,749.0,2920.04,10000,block-13-mlkem-ref-768.csv
13,mlkem_ref,ML-KEM-768,NTT,520.0,518.0,522.0,4.0,22.48,10000,block-13-mlkem-ref-768.csv
13,mlkem_ref,ML-KEM-768,INVNTT,886.0,885.0,888.0,3.0,72.58,10000,block-13-mlkem-ref-768.csv
13,mlkem_ref,ML-KEM-768,BaseMulAcc,246.0,246.0,248.0,2.0,25.47,10000,block-13-mlkem-ref-768.csv
13,mlkem_ref,ML-KEM-768,MatrixVectorMul,5552.0,5402.0,5558.0,156.0,156.95,10000,block-13-mlkem-ref-768.csv
13,mlkem_ref,ML-KEM-768,InnerProdEnc,1133.0,1131.0,1134.0,3.0,47.49,10000,block-13-mlkem-ref-768.csv
13,mlkem_ref,ML-KEM-768,InnerProdDec,2937.0,2935.0,2946.0,11.0,94.84,10000,block-13-mlkem-ref-768.csv
13,mlkem_sme,ML-KEM-1024,KeyGen,90390.0,80242.0,91143.0,10901.0,6025.99,10000,block-13-mlkem-sme-1024.csv
13,mlkem_sme,ML-KEM-1024,Encaps,102413.0,101849.0,102792.0,943.0,6049.25,10000,block-13-mlkem-sme-1024.csv
13,mlkem_sme,ML-KEM-1024,Decaps,112750.0,112187.0,122334.0,10147.0,6506.38,10000,block-13-mlkem-sme-1024.csv
13,mlkem_sme,ML-KEM-1024,NTT,1153.0,1153.0,1155.0,2.0,142.85,10000,block-13-mlkem-sme-1024.csv
13,mlkem_sme,ML-KEM-1024,INVNTT,1071.0,1069.0,1071.0,2.0,50.19,10000,block-13-mlkem-sme-1024.csv
13,mlkem_sme,ML-KEM-1024,BaseMulAcc,1180.0,1180.0,1182.0,2.0,39.55,10000,block-13-mlkem-sme-1024.csv
13,mlkem_sme,ML-KEM-1024,MatrixVectorMul,12030.0,12021.0,12188.0,167.0,201.14,10000,block-13-mlkem-sme-1024.csv
13,mlkem_sme,ML-KEM-1024,InnerProdEnc,1792.0,1792.0,1794.0,2.0,45.45,10000,block-13-mlkem-sme-1024.csv
13,mlkem_sme,ML-KEM-1024,InnerProdDec,5349.0,5323.0,5425.0,102.0,116.74,10000,block-13-mlkem-sme-1024.csv
13,mlkem_sme,ML-KEM-512,KeyGen,36828.0,36459.0,37018.0,559.0,751.6,10000,block-13-mlkem-sme-512.csv
13,mlkem_sme,ML-KEM-512,Encaps,43409.0,41154.0,43783.0,2629.0,1887.57,10000,block-13-mlkem-sme-512.csv
13,mlkem_sme,ML-KEM-512,Decaps,57692.0,57129.0,58256.0,1127.0,4360.64,10000,block-13-mlkem-sme-512.csv
13,mlkem_sme,ML-KEM-512,NTT,1176.0,1174.0,1176.0,2.0,44.0,10000,block-13-mlkem-sme-512.csv
13,mlkem_sme,ML-KEM-512,INVNTT,1078.0,1076.0,1078.0,2.0,39.45,10000,block-13-mlkem-sme-512.csv
13,mlkem_sme,ML-KEM-512,BaseMulAcc,631.0,631.0,633.0,2.0,12.21,10000,block-13-mlkem-sme-512.csv
13,mlkem_sme,ML-KEM-512,MatrixVectorMul,5045.0,5028.0,5053.0,25.0,116.39,10000,block-13-mlkem-sme-512.csv
13,mlkem_sme,ML-KEM-512,InnerProdEnc,1255.0,1253.0,1255.0,2.0,37.73,10000,block-13-mlkem-sme-512.csv
13,mlkem_sme,ML-KEM-512,InnerProdDec,3444.0,3433.0,3448.0,15.0,97.02,10000,block-13-mlkem-sme-512.csv
13,mlkem_sme,ML-KEM-768,KeyGen,60885.0,59758.0,61823.0,2065.0,1884.38,10000,block-13-mlkem-sme-768.csv
13,mlkem_sme,ML-KEM-768,Encaps,69715.0,65959.0,70654.0,4695.0,3304.05,10000,block-13-mlkem-sme-768.csv
13,mlkem_sme,ML-KEM-768,Decaps,82872.0,81933.0,86064.0,4131.0,2317.45,10000,block-13-mlkem-sme-768.csv
13,mlkem_sme,ML-KEM-768,NTT,1163.0,1163.0,1165.0,2.0,48.0,10000,block-13-mlkem-sme-768.csv
13,mlkem_sme,ML-KEM-768,INVNTT,1078.0,1076.0,1078.0,2.0,27.43,10000,block-13-mlkem-sme-768.csv
13,mlkem_sme,ML-KEM-768,BaseMulAcc,911.0,911.0,913.0,2.0,27.7,10000,block-13-mlkem-sme-768.csv
13,mlkem_sme,ML-KEM-768,MatrixVectorMul,8131.0,8110.0,8138.0,28.0,93.94,10000,block-13-mlkem-sme-768.csv
13,mlkem_sme,ML-KEM-768,InnerProdEnc,1525.0,1524.0,1527.0,3.0,30.42,10000,block-13-mlkem-sme-768.csv
13,mlkem_sme,ML-KEM-768,InnerProdDec,4929.0,4910.0,4940.0,30.0,74.04,10000,block-13-mlkem-sme-768.csv
13,mlkem_sve,ML-KEM-1024,KeyGen,91328.0,80990.0,92455.0,11465.0,14217.49,10000,block-13-mlkem-sve-1024.csv
13,mlkem_sve,ML-KEM-1024,Encaps,103540.0,102792.0,104104.0,1312.0,12430.63,10000,block-13-mlkem-sve-1024.csv
13,mlkem_sve,ML-KEM-1024,Decaps,121017.0,112187.0,123646.0,11459.0,16236.52,10000,block-13-mlkem-sve-1024.csv
13,mlkem_sve,ML-KEM-1024,NTT,1044.0,1039.0,1063.0,24.0,156.05,10000,block-13-mlkem-sve-1024.csv
13,mlkem_sve,ML-KEM-1024,INVNTT,1105.0,1080.0,1123.0,43.0,179.68,10000,block-13-mlkem-sve-1024.csv
13,mlkem_sve,ML-KEM-1024,BaseMulAcc,1183.0,1181.0,1202.0,21.0,142.47,10000,block-13-mlkem-sve-1024.csv
13,mlkem_sve,ML-KEM-1024,MatrixVectorMul,11908.0,11632.0,12321.0,689.0,1080.0,10000,block-13-mlkem-sve-1024.csv
13,mlkem_sve,ML-KEM-1024,InnerProdEnc,1755.0,1753.0,1787.0,34.0,205.11,10000,block-13-mlkem-sve-1024.csv
13,mlkem_sve,ML-KEM-1024,InnerProdDec,4669.0,4654.0,4910.0,256.0,377.63,10000,block-13-mlkem-sve-1024.csv
13,mlkem_sve,ML-KEM-512,KeyGen,36269.0,35895.0,36459.0,564.0,6700.37,10000,block-13-mlkem-sve-512.csv
13,mlkem_sve,ML-KEM-512,Encaps,44537.0,42281.0,44915.0,2634.0,9254.7,10000,block-13-mlkem-sve-512.csv
13,mlkem_sve,ML-KEM-512,Decaps,56375.0,55627.0,56754.0,1127.0,8211.17,10000,block-13-mlkem-sve-512.csv
13,mlkem_sve,ML-KEM-512,NTT,1029.0,1020.0,1039.0,19.0,151.44,10000,block-13-mlkem-sve-512.csv
13,mlkem_sve,ML-KEM-512,INVNTT,1088.0,1084.0,1095.0,11.0,129.15,10000,block-13-mlkem-sve-512.csv
13,mlkem_sve,ML-KEM-512,BaseMulAcc,631.0,631.0,635.0,4.0,126.93,10000,block-13-mlkem-sve-512.csv
13,mlkem_sve,ML-KEM-512,MatrixVectorMul,4487.0,4474.0,4718.0,244.0,366.85,10000,block-13-mlkem-sve-512.csv
13,mlkem_sve,ML-KEM-512,InnerProdEnc,1198.0,1198.0,1204.0,6.0,137.79,10000,block-13-mlkem-sve-512.csv
13,mlkem_sve,ML-KEM-512,InnerProdDec,2803.0,2784.0,2938.0,154.0,270.0,10000,block-13-mlkem-sve-512.csv
13,mlkem_sve,ML-KEM-768,KeyGen,61075.0,59757.0,61823.0,2066.0,10605.94,10000,block-13-mlkem-sve-768.csv
13,mlkem_sve,ML-KEM-768,Encaps,76481.0,70090.0,77049.0,6959.0,10117.65,10000,block-13-mlkem-sve-768.csv
13,mlkem_sve,ML-KEM-768,Decaps,84373.0,82307.0,86065.0,3758.0,12891.19,10000,block-13-mlkem-sve-768.csv
13,mlkem_sve,ML-KEM-768,NTT,1059.0,1044.0,1074.0,30.0,156.06,10000,block-13-mlkem-sve-768.csv
13,mlkem_sve,ML-KEM-768,INVNTT,1120.0,1116.0,1136.0,20.0,178.97,10000,block-13-mlkem-sve-768.csv
13,mlkem_sve,ML-KEM-768,BaseMulAcc,913.0,911.0,917.0,6.0,93.25,10000,block-13-mlkem-sve-768.csv
13,mlkem_sve,ML-KEM-768,MatrixVectorMul,7877.0,7693.0,8163.0,470.0,533.21,10000,block-13-mlkem-sve-768.csv
13,mlkem_sve,ML-KEM-768,InnerProdEnc,1477.0,1475.0,1486.0,11.0,171.28,10000,block-13-mlkem-sve-768.csv
13,mlkem_sve,ML-KEM-768,InnerProdDec,4393.0,4374.0,4671.0,297.0,429.31,10000,block-13-mlkem-sve-768.csv
14,kyber_neon,Kyber-1024,KeyGen,32319.0,31570.0,35142.0,3572.0,2568.24,10000,block-14-kyber-neon-1024.csv
14,kyber_neon,Kyber-1024,Encaps,47918.0,43409.0,48482.0,5073.0,3642.46,10000,block-14-kyber-neon-1024.csv
14,kyber_neon,Kyber-1024,Decaps,39273.0,38525.0,43034.0,4509.0,4225.54,10000,block-14-kyber-neon-1024.csv
14,kyber_neon,Kyber-1024,NTT,285.0,283.0,287.0,4.0,32.29,10000,block-14-kyber-neon-1024.csv
14,kyber_neon,Kyber-1024,INVNTT,287.0,285.0,287.0,2.0,16.48,10000,block-14-kyber-neon-1024.csv
14,kyber_neon,Kyber-1024,BaseMulAcc,505.0,454.0,507.0,53.0,34.42,10000,block-14-kyber-neon-1024.csv
14,kyber_neon,Kyber-1024,MatrixVectorMul,3705.0,3453.0,3715.0,262.0,231.98,10000,block-14-kyber-neon-1024.csv
14,kyber_neon,Kyber-1024,InnerProdEnc,725.0,655.0,727.0,72.0,51.13,10000,block-14-kyber-neon-1024.csv
14,kyber_neon,Kyber-1024,InnerProdDec,1890.0,1713.0,1892.0,179.0,105.42,10000,block-14-kyber-neon-1024.csv
14,kyber_neon,Kyber-512,KeyGen,13720.0,13715.0,13909.0,194.0,866.79,10000,block-14-kyber-neon-512.csv
14,kyber_neon,Kyber-512,Encaps,21049.0,20859.0,23298.0,2439.0,1338.01,10000,block-14-kyber-neon-512.csv
14,kyber_neon,Kyber-512,Decaps,17851.0,17666.0,19731.0,2065.0,1512.63,10000,block-14-kyber-neon-512.csv
14,kyber_neon,Kyber-512,NTT,287.0,259.0,287.0,28.0,15.93,10000,block-14-kyber-neon-512.csv
14,kyber_neon,Kyber-512,INVNTT,283.0,255.0,285.0,30.0,33.47,10000,block-14-kyber-neon-512.csv
14,kyber_neon,Kyber-512,BaseMulAcc,276.0,255.0,276.0,21.0,14.25,10000,block-14-kyber-neon-512.csv
14,kyber_neon,Kyber-512,MatrixVectorMul,1570.0,1431.0,1572.0,141.0,87.74,10000,block-14-kyber-neon-512.csv
14,kyber_neon,Kyber-512,InnerProdEnc,511.0,509.0,513.0,4.0,39.62,10000,block-14-kyber-neon-512.csv
14,kyber_neon,Kyber-512,InnerProdDec,1069.0,973.0,1071.0,98.0,68.81,10000,block-14-kyber-neon-512.csv
14,kyber_neon,Kyber-768,KeyGen,24051.0,21986.0,24431.0,2445.0,1933.12,10000,block-14-kyber-neon-768.csv
14,kyber_neon,Kyber-768,Encaps,34578.0,31570.0,34768.0,3198.0,2570.36,10000,block-14-kyber-neon-768.csv
14,kyber_neon,Kyber-768,Decaps,27249.0,27060.0,28372.0,1312.0,13965.83,10000,block-14-kyber-neon-768.csv
14,kyber_neon,Kyber-768,NTT,287.0,285.0,287.0,2.0,12.64,10000,block-14-kyber-neon-768.csv
14,kyber_neon,Kyber-768,INVNTT,285.0,283.0,287.0,4.0,14.8,10000,block-14-kyber-neon-768.csv
14,kyber_neon,Kyber-768,BaseMulAcc,390.0,372.0,392.0,20.0,21.6,10000,block-14-kyber-neon-768.csv
14,kyber_neon,Kyber-768,MatrixVectorMul,2565.0,2469.0,2570.0,101.0,123.39,10000,block-14-kyber-neon-768.csv
14,kyber_neon,Kyber-768,InnerProdEnc,616.0,614.0,618.0,4.0,32.39,10000,block-14-kyber-neon-768.csv
14,kyber_neon,Kyber-768,InnerProdDec,1469.0,1452.0,1471.0,19.0,62.78,10000,block-14-kyber-neon-768.csv
14,kyber_ref,Kyber-1024,KeyGen,155595.0,141501.0,157476.0,15975.0,9128.97,10000,block-14-kyber-ref-1024.csv
14,kyber_ref,Kyber-1024,Encaps,172882.0,159167.0,173446.0,14279.0,11940.13,10000,block-14-kyber-ref-1024.csv
14,kyber_ref,Kyber-1024,Decaps,196369.0,177391.0,197123.0,19732.0,15944.17,10000,block-14-kyber-ref-1024.csv
14,kyber_ref,Kyber-1024,NTT,3598.0,3320.0,3609.0,289.0,229.66,10000,block-14-kyber-ref-1024.csv
14,kyber_ref,Kyber-1024,INVNTT,5650.0,5323.0,5718.0,395.0,372.39,10000,block-14-kyber-ref-1024.csv
14,kyber_ref,Kyber-1024,BaseMulAcc,9048.0,8747.0,9232.0,485.0,425.9,10000,block-14-kyber-ref-1024.csv
14,kyber_ref,Kyber-1024,MatrixVectorMul,76662.0,76102.0,77158.0,1056.0,2302.92,10000,block-14-kyber-ref-1024.csv
14,kyber_ref,Kyber-1024,InnerProdEnc,14851.0,14552.0,15097.0,545.0,468.71,10000,block-14-kyber-ref-1024.csv
14,kyber_ref,Kyber-1024,InnerProdDec,28599.0,28339.0,28794.0,455.0,1724.32,10000,block-14-kyber-ref-1024.csv
14,kyber_ref,Kyber-512,KeyGen,56749.0,51865.0,57692.0,5827.0,3745.42,10000,block-14-kyber-ref-512.csv
14,kyber_ref,Kyber-512,Encaps,75353.0,68024.0,75727.0,7703.0,4626.53,10000,block-14-kyber-ref-512.csv
14,kyber_ref,Kyber-512,Decaps,89821.0,80806.0,90016.0,9210.0,5420.96,10000,block-14-kyber-ref-512.csv
14,kyber_ref,Kyber-512,NTT,3591.0,3273.0,3602.0,329.0,196.11,10000,block-14-kyber-ref-512.csv
14,kyber_ref,Kyber-512,INVNTT,5641.0,5338.0,5648.0,310.0,403.04,10000,block-14-kyber-ref-512.csv
14,kyber_ref,Kyber-512,BaseMulAcc,5085.0,4773.0,5116.0,343.0,230.49,10000,block-14-kyber-ref-512.csv
14,kyber_ref,Kyber-512,MatrixVectorMul,29625.0,29211.0,29871.0,660.0,1964.21,10000,block-14-kyber-ref-512.csv
14,kyber_ref,Kyber-512,InnerProdEnc,10483.0,10252.0,10733.0,481.0,386.51,10000,block-14-kyber-ref-512.csv
14,kyber_ref,Kyber-512,InnerProdDec,17466.0,17263.0,17701.0,438.0,678.65,10000,block-14-kyber-ref-512.csv
14,kyber_ref,Kyber-768,KeyGen,99784.0,98277.0,100537.0,2260.0,4785.29,10000,block-14-kyber-ref-768.csv
14,kyber_ref,Kyber-768,Encaps,117260.0,116696.0,117639.0,943.0,6047.68,10000,block-14-kyber-ref-768.csv
14,kyber_ref,Kyber-768,Decaps,136242.0,135863.0,136617.0,754.0,8702.87,10000,block-14-kyber-ref-768.csv
14,kyber_ref,Kyber-768,NTT,3632.0,3438.0,3641.0,203.0,168.65,10000,block-14-kyber-ref-768.csv
14,kyber_ref,Kyber-768,INVNTT,5645.0,5445.0,5652.0,207.0,244.2,10000,block-14-kyber-ref-768.csv
14,kyber_ref,Kyber-768,BaseMulAcc,6958.0,6815.0,6966.0,151.0,170.8,10000,block-14-kyber-ref-768.csv
14,kyber_ref,Kyber-768,MatrixVectorMul,50765.0,50414.0,50959.0,545.0,1357.93,10000,block-14-kyber-ref-768.csv
14,kyber_ref,Kyber-768,InnerProdEnc,12879.0,12676.0,13041.0,365.0,349.23,10000,block-14-kyber-ref-768.csv
14,kyber_ref,Kyber-768,InnerProdDec,23217.0,23016.0,23232.0,216.0,377.09,10000,block-14-kyber-ref-768.csv
14,kyber_sme,Kyber-1024,KeyGen,61823.0,59758.0,64078.0,4320.0,2694.41,10000,block-14-kyber-sme-1024.csv
14,kyber_sme,Kyber-1024,Encaps,73477.0,69152.0,75727.0,6575.0,3662.97,10000,block-14-kyber-sme-1024.csv
14,kyber_sme,Kyber-1024,Decaps,76480.0,74230.0,76859.0,2629.0,2106.71,10000,block-14-kyber-sme-1024.csv
14,kyber_sme,Kyber-1024,NTT,1174.0,1172.0,1174.0,2.0,39.42,10000,block-14-kyber-sme-1024.csv
14,kyber_sme,Kyber-1024,INVNTT,1093.0,1091.0,1093.0,2.0,47.74,10000,block-14-kyber-sme-1024.csv
14,kyber_sme,Kyber-1024,BaseMulAcc,1409.0,1407.0,1411.0,4.0,41.8,10000,block-14-kyber-sme-1024.csv
14,kyber_sme,Kyber-1024,MatrixVectorMul,10724.0,10703.0,10842.0,139.0,134.03,10000,block-14-kyber-sme-1024.csv
14,kyber_sme,Kyber-1024,InnerProdEnc,2031.0,2031.0,2033.0,2.0,59.18,10000,block-14-kyber-sme-1024.csv
14,kyber_sme,Kyber-1024,InnerProdDec,5117.0,5092.0,5130.0,38.0,113.4,10000,block-14-kyber-sme-1024.csv
14,kyber_sme,Kyber-512,KeyGen,28751.0,28562.0,28941.0,379.0,1332.9,10000,block-14-kyber-sme-512.csv
14,kyber_sme,Kyber-512,Encaps,37582.0,37392.0,37771.0,379.0,1694.29,10000,block-14-kyber-sme-512.csv
14,kyber_sme,Kyber-512,Decaps,37960.0,37771.0,38146.0,375.0,859.24,10000,block-14-kyber-sme-512.csv
14,kyber_sme,Kyber-512,NTT,1189.0,1189.0,1191.0,2.0,39.98,10000,block-14-kyber-sme-512.csv
14,kyber_sme,Kyber-512,INVNTT,1080.0,1078.0,1082.0,4.0,42.43,10000,block-14-kyber-sme-512.csv
14,kyber_sme,Kyber-512,BaseMulAcc,747.0,746.0,747.0,1.0,29.18,10000,block-14-kyber-sme-512.csv
14,kyber_sme,Kyber-512,MatrixVectorMul,4705.0,4690.0,4729.0,39.0,145.91,10000,block-14-kyber-sme-512.csv
14,kyber_sme,Kyber-512,InnerProdEnc,1375.0,1375.0,1377.0,2.0,44.19,10000,block-14-kyber-sme-512.csv
14,kyber_sme,Kyber-512,InnerProdDec,3662.0,3653.0,3668.0,15.0,92.35,10000,block-14-kyber-sme-512.csv
14,kyber_sme,Kyber-768,KeyGen,41533.0,39842.0,42281.0,2439.0,2220.05,10000,block-14-kyber-sme-768.csv
14,kyber_sme,Kyber-768,Encaps,52618.0,49984.0,55621.0,5637.0,3505.12,10000,block-14-kyber-sme-768.csv
14,kyber_sme,Kyber-768,Decaps,54495.0,54309.0,54684.0,375.0,1781.67,10000,block-14-kyber-sme-768.csv
14,kyber_sme,Kyber-768,NTT,1185.0,1183.0,1185.0,2.0,19.67,10000,block-14-kyber-sme-768.csv
14,kyber_sme,Kyber-768,INVNTT,1104.0,1103.0,1106.0,3.0,47.58,10000,block-14-kyber-sme-768.csv
14,kyber_sme,Kyber-768,BaseMulAcc,1093.0,1091.0,1093.0,2.0,20.15,10000,block-14-kyber-sme-768.csv
14,kyber_sme,Kyber-768,MatrixVectorMul,7276.0,7255.0,7279.0,24.0,98.08,10000,block-14-kyber-sme-768.csv
14,kyber_sme,Kyber-768,InnerProdEnc,1708.0,1708.0,1710.0,2.0,28.23,10000,block-14-kyber-sme-768.csv
14,kyber_sme,Kyber-768,InnerProdDec,4291.0,4284.0,4297.0,13.0,60.19,10000,block-14-kyber-sme-768.csv
14,kyber_sve,Kyber-1024,KeyGen,61823.0,59947.0,62392.0,2445.0,8795.72,10000,block-14-kyber-sve-1024.csv
14,kyber_sve,Kyber-1024,Encaps,76295.0,70848.0,77797.0,6949.0,71430.53,10000,block-14-kyber-sve-1024.csv
14,kyber_sve,Kyber-1024,Decaps,74600.0,73473.0,75168.0,1695.0,37328.65,10000,block-14-kyber-sve-1024.csv
14,kyber_sve,Kyber-1024,NTT,1065.0,1059.0,1108.0,49.0,245.35,10000,block-14-kyber-sve-1024.csv
14,kyber_sve,Kyber-1024,INVNTT,1118.0,1106.0,1174.0,68.0,170.43,10000,block-14-kyber-sve-1024.csv
14,kyber_sve,Kyber-1024,BaseMulAcc,1411.0,1409.0,1477.0,68.0,204.41,10000,block-14-kyber-sve-1024.csv
14,kyber_sve,Kyber-1024,MatrixVectorMul,10575.0,10307.0,10963.0,656.0,750.62,10000,block-14-kyber-sve-1024.csv
14,kyber_sve,Kyber-1024,InnerProdEnc,1976.0,1975.0,2074.0,99.0,234.18,10000,block-14-kyber-sve-1024.csv
14,kyber_sve,Kyber-1024,InnerProdDec,4506.0,4481.0,4758.0,277.0,438.78,10000,block-14-kyber-sve-1024.csv
14,kyber_sve,Kyber-512,KeyGen,27624.0,27435.0,27814.0,379.0,5065.78,10000,block-14-kyber-sve-512.csv
14,kyber_sve,Kyber-512,Encaps,37397.0,37208.0,37771.0,563.0,11175.96,10000,block-14-kyber-sve-512.csv
14,kyber_sve,Kyber-512,Decaps,35895.0,35706.0,36265.0,559.0,5453.32,10000,block-14-kyber-sve-512.csv
14,kyber_sve,Kyber-512,NTT,1056.0,1044.0,1067.0,23.0,151.02,10000,block-14-kyber-sve-512.csv
14,kyber_sve,Kyber-512,INVNTT,1121.0,1119.0,1144.0,25.0,184.49,10000,block-14-kyber-sve-512.csv
14,kyber_sve,Kyber-512,BaseMulAcc,747.0,746.0,749.0,3.0,91.18,10000,block-14-kyber-sve-512.csv
14,kyber_sve,Kyber-512,MatrixVectorMul,4489.0,4478.0,4748.0,270.0,711.24,10000,block-14-kyber-sve-512.csv
14,kyber_sve,Kyber-512,InnerProdEnc,1317.0,1315.0,1326.0,11.0,177.63,10000,block-14-kyber-sve-512.csv
14,kyber_sve,Kyber-512,InnerProdDec,3356.0,3339.0,3587.0,248.0,364.32,10000,block-14-kyber-sve-512.csv
14,kyber_sve,Kyber-768,KeyGen,42660.0,41718.0,44157.0,2439.0,7874.79,10000,block-14-kyber-sve-768.csv
14,kyber_sve,Kyber-768,Encaps,51865.0,48856.0,54120.0,5264.0,11815.23,10000,block-14-kyber-sve-768.csv
14,kyber_sve,Kyber-768,Decaps,54684.0,54494.0,55058.0,564.0,8025.19,10000,block-14-kyber-sve-768.csv
14,kyber_sve,Kyber-768,NTT,1067.0,1054.0,1089.0,35.0,167.37,10000,block-14-kyber-sve-768.csv
14,kyber_sve,Kyber-768,INVNTT,1131.0,1125.0,1208.0,83.0,187.39,10000,block-14-kyber-sve-768.csv
14,kyber_sve,Kyber-768,BaseMulAcc,1093.0,1091.0,1097.0,6.0,138.04,10000,block-14-kyber-sve-768.csv
14,kyber_sve,Kyber-768,MatrixVectorMul,7137.0,6984.0,7437.0,453.0,551.47,10000,block-14-kyber-sve-768.csv
14,kyber_sve,Kyber-768,InnerProdEnc,1657.0,1655.0,1726.0,71.0,199.32,10000,block-14-kyber-sve-768.csv
14,kyber_sve,Kyber-768,InnerProdDec,3809.0,3795.0,4015.0,220.0,331.11,10000,block-14-kyber-sve-768.csv
14,mlkem_neon,ML-KEM-1024,KeyGen,59942.0,55063.0,60321.0,5258.0,3499.98,10000,block-14-mlkem-neon-1024.csv
14,mlkem_neon,ML-KEM-1024,Encaps,64642.0,59758.0,65021.0,5263.0,4266.67,10000,block-14-mlkem-neon-1024.csv
14,mlkem_neon,ML-KEM-1024,Decaps,76107.0,73662.0,76670.0,3008.0,4895.73,10000,block-14-mlkem-neon-1024.csv
14,mlkem_neon,ML-KEM-1024,NTT,223.0,219.0,225.0,6.0,16.47,10000,block-14-mlkem-neon-1024.csv
14,mlkem_neon,ML-KEM-1024,INVNTT,257.0,233.0,257.0,24.0,18.11,10000,block-14-mlkem-neon-1024.csv
14,mlkem_neon,ML-KEM-1024,BaseMulAcc,280.0,278.0,283.0,5.0,15.37,10000,block-14-mlkem-neon-1024.csv
14,mlkem_neon,ML-KEM-1024,MatrixVectorMul,3224.0,3094.0,3234.0,140.0,143.3,10000,block-14-mlkem-neon-1024.csv
14,mlkem_neon,ML-KEM-1024,InnerProdEnc,533.0,496.0,535.0,39.0,39.36,10000,block-14-mlkem-neon-1024.csv
14,mlkem_neon,ML-KEM-1024,InnerProdDec,1510.0,1480.0,1518.0,38.0,67.03,10000,block-14-mlkem-neon-1024.csv
14,mlkem_neon,ML-KEM-512,KeyGen,23488.0,23299.0,23678.0,379.0,1714.56,10000,block-14-mlkem-neon-512.csv
14,mlkem_neon,ML-KEM-512,Encaps,26686.0,24242.0,27060.0,2818.0,1814.54,10000,block-14-mlkem-neon-512.csv
14,mlkem_neon,ML-KEM-512,Decaps,33072.0,30442.0,33446.0,3004.0,1762.21,10000,block-14-mlkem-neon-512.csv
14,mlkem_neon,ML-KEM-512,NTT,221.0,208.0,223.0,15.0,52.98,10000,block-14-mlkem-neon-512.csv
14,mlkem_neon,ML-KEM-512,INVNTT,257.0,257.0,259.0,2.0,12.7,10000,block-14-mlkem-neon-512.csv
14,mlkem_neon,ML-KEM-512,BaseMulAcc,163.0,163.0,163.0,0.0,8.66,10000,block-14-mlkem-neon-512.csv
14,mlkem_neon,ML-KEM-512,MatrixVectorMul,1369.0,1364.0,1373.0,9.0,70.62,10000,block-14-mlkem-neon-512.csv
14,mlkem_neon,ML-KEM-512,InnerProdEnc,419.0,385.0,420.0,35.0,22.66,10000,block-14-mlkem-neon-512.csv
14,mlkem_neon,ML-KEM-512,InnerProdDec,890.0,886.0,894.0,8.0,44.63,10000,block-14-mlkem-neon-512.csv
14,mlkem_neon,ML-KEM-768,KeyGen,40590.0,40400.0,40964.0,564.0,1927.16,10000,block-14-mlkem-neon-768.csv
14,mlkem_neon,ML-KEM-768,Encaps,43598.0,43219.0,43973.0,754.0,3127.0,10000,block-14-mlkem-neon-768.csv
14,mlkem_neon,ML-KEM-768,Decaps,51865.0,51490.0,52244.0,754.0,3743.24,10000,block-14-mlkem-neon-768.csv
14,mlkem_neon,ML-KEM-768,NTT,223.0,221.0,225.0,4.0,22.33,10000,block-14-mlkem-neon-768.csv
14,mlkem_neon,ML-KEM-768,INVNTT,257.0,257.0,259.0,2.0,10.26,10000,block-14-mlkem-neon-768.csv
14,mlkem_neon,ML-KEM-768,BaseMulAcc,219.0,219.0,221.0,2.0,8.74,10000,block-14-mlkem-neon-768.csv
14,mlkem_neon,ML-KEM-768,MatrixVectorMul,2234.0,2089.0,2245.0,156.0,311.08,10000,block-14-mlkem-neon-768.csv
14,mlkem_neon,ML-KEM-768,InnerProdEnc,437.0,428.0,477.0,49.0,98.45,10000,block-14-mlkem-neon-768.csv
14,mlkem_neon,ML-KEM-768,InnerProdDec,1193.0,1080.0,1198.0,118.0,114.97,10000,block-14-mlkem-neon-768.csv
14,mlkem_ref,ML-KEM-1024,KeyGen,76295.0,69156.0,77044.0,7888.0,4554.75,10000,block-14-mlkem-ref-1024.csv
14,mlkem_ref,ML-KEM-1024,Encaps,83999.0,76106.0,84562.0,8456.0,5238.77,10000,block-14-mlkem-ref-1024.csv
14,mlkem_ref,ML-KEM-1024,Decaps,94710.0,85690.0,95274.0,9584.0,6000.4,10000,block-14-mlkem-ref-1024.csv
14,mlkem_ref,ML-KEM-1024,NTT,520.0,518.0,520.0,2.0,41.0,10000,block-14-mlkem-ref-1024.csv
14,mlkem_ref,ML-KEM-1024,INVNTT,886.0,813.0,894.0,81.0,69.21,10000,block-14-mlkem-ref-1024.csv
14,mlkem_ref,ML-KEM-1024,BaseMulAcc,310.0,281.0,313.0,32.0,43.6,10000,block-14-mlkem-ref-1024.csv
14,mlkem_ref,ML-KEM-1024,MatrixVectorMul,7584.0,7328.0,7674.0,346.0,300.9,10000,block-14-mlkem-ref-1024.csv
14,mlkem_ref,ML-KEM-1024,InnerProdEnc,1195.0,1133.0,1197.0,64.0,63.66,10000,block-14-mlkem-ref-1024.csv
14,mlkem_ref,ML-KEM-1024,InnerProdDec,3619.0,3549.0,3623.0,74.0,141.86,10000,block-14-mlkem-ref-1024.csv
14,mlkem_ref,ML-KEM-512,KeyGen,29505.0,26871.0,30063.0,3192.0,2666.16,10000,block-14-mlkem-ref-512.csv
14,mlkem_ref,ML-KEM-512,Encaps,34953.0,31759.0,35327.0,3568.0,2613.29,10000,block-14-mlkem-ref-512.csv
14,mlkem_ref,ML-KEM-512,Decaps,41903.0,38151.0,42097.0,3946.0,2629.15,10000,block-14-mlkem-ref-512.csv
14,mlkem_ref,ML-KEM-512,NTT,520.0,518.0,520.0,2.0,30.25,10000,block-14-mlkem-ref-512.csv
14,mlkem_ref,ML-KEM-512,INVNTT,886.0,855.0,886.0,31.0,71.99,10000,block-14-mlkem-ref-512.csv
14,mlkem_ref,ML-KEM-512,BaseMulAcc,189.0,189.0,189.0,0.0,33.43,10000,block-14-mlkem-ref-512.csv
14,mlkem_ref,ML-KEM-512,MatrixVectorMul,3568.0,3296.0,3630.0,334.0,2181.78,10000,block-14-mlkem-ref-512.csv
14,mlkem_ref,ML-KEM-512,InnerProdEnc,1074.0,984.0,1082.0,98.0,1014.29,10000,block-14-mlkem-ref-512.csv
14,mlkem_ref,ML-KEM-512,InnerProdDec,2273.0,2219.0,2275.0,56.0,183.17,10000,block-14-mlkem-ref-512.csv
14,mlkem_ref,ML-KEM-768,KeyGen,52050.0,47355.0,52244.0,4889.0,2575.41,10000,block-14-mlkem-ref-768.csv
14,mlkem_ref,ML-KEM-768,Encaps,57124.0,51865.0,57318.0,5453.0,3049.74,10000,block-14-mlkem-ref-768.csv
14,mlkem_ref,ML-KEM-768,Decaps,65395.0,65016.0,65585.0,569.0,2963.4,10000,block-14-mlkem-ref-768.csv
14,mlkem_ref,ML-KEM-768,NTT,520.0,520.0,522.0,2.0,27.92,10000,block-14-mlkem-ref-768.csv
14,mlkem_ref,ML-KEM-768,INVNTT,886.0,802.0,886.0,84.0,72.43,10000,block-14-mlkem-ref-768.csv
14,mlkem_ref,ML-KEM-768,BaseMulAcc,246.0,246.0,248.0,2.0,10.2,10000,block-14-mlkem-ref-768.csv
14,mlkem_ref,ML-KEM-768,MatrixVectorMul,5551.0,5400.0,5556.0,156.0,148.84,10000,block-14-mlkem-ref-768.csv
14,mlkem_ref,ML-KEM-768,InnerProdEnc,1133.0,1131.0,1135.0,4.0,46.14,10000,block-14-mlkem-ref-768.csv
14,mlkem_ref,ML-KEM-768,InnerProdDec,2937.0,2933.0,2965.0,32.0,102.52,10000,block-14-mlkem-ref-768.csv
14,mlkem_sme,ML-KEM-1024,KeyGen,90574.0,80242.0,91327.0,11085.0,5855.25,10000,block-14-mlkem-sme-1024.csv
14,mlkem_sme,ML-KEM-1024,Encaps,102229.0,101665.0,102788.0,1123.0,6080.85,10000,block-14-mlkem-sme-1024.csv
14,mlkem_sme,ML-KEM-1024,Decaps,112750.0,112371.0,122333.0,9962.0,5389.08,10000,block-14-mlkem-sme-1024.csv
14,mlkem_sme,ML-KEM-1024,NTT,1157.0,1155.0,1161.0,6.0,53.34,10000,block-14-mlkem-sme-1024.csv
14,mlkem_sme,ML-KEM-1024,INVNTT,1074.0,1073.0,1074.0,1.0,41.98,10000,block-14-mlkem-sme-1024.csv
14,mlkem_sme,ML-KEM-1024,BaseMulAcc,1181.0,1180.0,1183.0,3.0,42.44,10000,block-14-mlkem-sme-1024.csv
14,mlkem_sme,ML-KEM-1024,MatrixVectorMul,12030.0,12021.0,12186.0,165.0,160.21,10000,block-14-mlkem-sme-1024.csv
14,mlkem_sme,ML-KEM-1024,InnerProdEnc,1794.0,1792.0,1796.0,4.0,54.69,10000,block-14-mlkem-sme-1024.csv
14,mlkem_sme,ML-KEM-1024,InnerProdDec,5349.0,5318.0,5365.0,47.0,116.53,10000,block-14-mlkem-sme-1024.csv
14,mlkem_sme,ML-KEM-512,KeyGen,36644.0,36455.0,37018.0,563.0,1534.63,10000,block-14-mlkem-sme-512.csv
14,mlkem_sme,ML-KEM-512,Encaps,43409.0,41153.0,43783.0,2630.0,4360.81,10000,block-14-mlkem-sme-512.csv
14,mlkem_sme,ML-KEM-512,Decaps,57502.0,56939.0,57882.0,943.0,16201.18,10000,block-14-mlkem-sme-512.csv
14,mlkem_sme,ML-KEM-512,NTT,1174.0,1163.0,1176.0,13.0,59.09,10000,block-14-mlkem-sme-512.csv
14,mlkem_sme,ML-KEM-512,INVNTT,1078.0,1076.0,1078.0,2.0,43.29,10000,block-14-mlkem-sme-512.csv
14,mlkem_sme,ML-KEM-512,BaseMulAcc,631.0,631.0,633.0,2.0,14.18,10000,block-14-mlkem-sme-512.csv
14,mlkem_sme,ML-KEM-512,MatrixVectorMul,5023.0,5021.0,5047.0,26.0,116.27,10000,block-14-mlkem-sme-512.csv
14,mlkem_sme,ML-KEM-512,InnerProdEnc,1255.0,1253.0,1255.0,2.0,42.35,10000,block-14-mlkem-sme-512.csv
14,mlkem_sme,ML-KEM-512,InnerProdDec,3442.0,3433.0,3446.0,13.0,83.1,10000,block-14-mlkem-sme-512.csv
14,mlkem_sme,ML-KEM-768,KeyGen,61074.0,59942.0,61823.0,1881.0,2598.42,10000,block-14-mlkem-sme-768.csv
14,mlkem_sme,ML-KEM-768,Encaps,69715.0,66144.0,70658.0,4514.0,2987.05,10000,block-14-mlkem-sme-768.csv
14,mlkem_sme,ML-KEM-768,Decaps,83250.0,82118.0,86069.0,3951.0,2385.63,10000,block-14-mlkem-sme-768.csv
14,mlkem_sme,ML-KEM-768,NTT,1166.0,1163.0,1183.0,20.0,85.73,10000,block-14-mlkem-sme-768.csv
14,mlkem_sme,ML-KEM-768,INVNTT,1099.0,1097.0,1101.0,4.0,59.51,10000,block-14-mlkem-sme-768.csv
14,mlkem_sme,ML-KEM-768,BaseMulAcc,913.0,911.0,928.0,17.0,58.56,10000,block-14-mlkem-sme-768.csv
14,mlkem_sme,ML-KEM-768,MatrixVectorMul,8129.0,8114.0,8148.0,34.0,661.88,10000,block-14-mlkem-sme-768.csv
14,mlkem_sme,ML-KEM-768,InnerProdEnc,1525.0,1524.0,1527.0,3.0,33.59,10000,block-14-mlkem-sme-768.csv
14,mlkem_sme,ML-KEM-768,InnerProdDec,4914.0,4904.0,4921.0,17.0,84.76,10000,block-14-mlkem-sme-768.csv
14,mlkem_sve,ML-KEM-1024,KeyGen,91512.0,80991.0,92455.0,11464.0,13214.34,10000,block-14-mlkem-sve-1024.csv
14,mlkem_sve,ML-KEM-1024,Encaps,103540.0,102792.0,104104.0,1312.0,13920.81,10000,block-14-mlkem-sve-1024.csv
14,mlkem_sve,ML-KEM-1024,Decaps,121206.0,112186.0,123461.0,11275.0,12674.75,10000,block-14-mlkem-sve-1024.csv
14,mlkem_sve,ML-KEM-1024,NTT,1056.0,1042.0,1065.0,23.0,161.68,10000,block-14-mlkem-sve-1024.csv
14,mlkem_sve,ML-KEM-1024,INVNTT,1104.0,1080.0,1110.0,30.0,145.98,10000,block-14-mlkem-sve-1024.csv
14,mlkem_sve,ML-KEM-1024,BaseMulAcc,1183.0,1181.0,1189.0,8.0,173.3,10000,block-14-mlkem-sve-1024.csv
14,mlkem_sve,ML-KEM-1024,MatrixVectorMul,11880.0,11630.0,12284.0,654.0,1129.48,10000,block-14-mlkem-sve-1024.csv
14,mlkem_sve,ML-KEM-1024,InnerProdEnc,1755.0,1753.0,1832.0,79.0,222.61,10000,block-14-mlkem-sve-1024.csv
14,mlkem_sve,ML-KEM-1024,InnerProdDec,4714.0,4654.0,4936.0,282.0,401.14,10000,block-14-mlkem-sve-1024.csv
14,mlkem_sve,ML-KEM-512,KeyGen,36265.0,35895.0,36459.0,564.0,5728.87,10000,block-14-mlkem-sve-512.csv
14,mlkem_sve,ML-KEM-512,Encaps,44537.0,42281.0,44915.0,2634.0,11850.48,10000,block-14-mlkem-sve-512.csv
14,mlkem_sve,ML-KEM-512,Decaps,56375.0,55622.0,56754.0,1132.0,10061.39,10000,block-14-mlkem-sve-512.csv
14,mlkem_sve,ML-KEM-512,NTT,1031.0,1026.0,1041.0,15.0,148.31,10000,block-14-mlkem-sve-512.csv
14,mlkem_sve,ML-KEM-512,INVNTT,1088.0,1086.0,1095.0,9.0,166.52,10000,block-14-mlkem-sve-512.csv
14,mlkem_sve,ML-KEM-512,BaseMulAcc,633.0,631.0,637.0,6.0,98.45,10000,block-14-mlkem-sve-512.csv
14,mlkem_sve,ML-KEM-512,MatrixVectorMul,4483.0,4466.0,4720.0,254.0,388.67,10000,block-14-mlkem-sve-512.csv
14,mlkem_sve,ML-KEM-512,InnerProdEnc,1200.0,1198.0,1230.0,32.0,190.28,10000,block-14-mlkem-sve-512.csv
14,mlkem_sve,ML-KEM-512,InnerProdDec,2809.0,2790.0,2984.0,194.0,397.72,10000,block-14-mlkem-sve-512.csv
14,mlkem_sve,ML-KEM-768,KeyGen,61074.0,59757.0,61823.0,2066.0,13369.98,10000,block-14-mlkem-sve-768.csv
14,mlkem_sve,ML-KEM-768,Encaps,76670.0,70095.0,77233.0,7138.0,11200.62,10000,block-14-mlkem-sve-768.csv
14,mlkem_sve,ML-KEM-768,Decaps,84373.0,82308.0,86065.0,3757.0,10406.53,10000,block-14-mlkem-sve-768.csv
14,mlkem_sve,ML-KEM-768,NTT,1052.0,1042.0,1071.0,29.0,189.46,10000,block-14-mlkem-sve-768.csv
14,mlkem_sve,ML-KEM-768,INVNTT,1121.0,1118.0,1148.0,30.0,163.37,10000,block-14-mlkem-sve-768.csv
14,mlkem_sve,ML-KEM-768,BaseMulAcc,913.0,911.0,917.0,6.0,158.41,10000,block-14-mlkem-sve-768.csv
14,mlkem_sve,ML-KEM-768,MatrixVectorMul,7898.0,7708.0,8187.0,479.0,558.03,10000,block-14-mlkem-sve-768.csv
14,mlkem_sve,ML-KEM-768,InnerProdEnc,1477.0,1475.0,1505.0,30.0,188.34,10000,block-14-mlkem-sve-768.csv
14,mlkem_sve,ML-KEM-768,InnerProdDec,4430.0,4382.0,4726.0,344.0,419.86,10000,block-14-mlkem-sve-768.csv
15,kyber_neon,Kyber-1024,KeyGen,31759.0,31570.0,34952.0,3382.0,2055.03,10000,block-15-kyber-neon-1024.csv
15,kyber_neon,Kyber-1024,Encaps,43783.0,43408.0,48293.0,4885.0,3277.45,10000,block-15-kyber-neon-1024.csv
15,kyber_neon,Kyber-1024,Decaps,38899.0,38525.0,43034.0,4509.0,4651.05,10000,block-15-kyber-neon-1024.csv
15,kyber_neon,Kyber-1024,NTT,285.0,257.0,287.0,30.0,29.81,10000,block-15-kyber-neon-1024.csv
15,kyber_neon,Kyber-1024,INVNTT,285.0,257.0,285.0,28.0,24.53,10000,block-15-kyber-neon-1024.csv
15,kyber_neon,Kyber-1024,BaseMulAcc,505.0,454.0,507.0,53.0,38.89,10000,block-15-kyber-neon-1024.csv
15,kyber_neon,Kyber-1024,MatrixVectorMul,3701.0,3403.0,3715.0,312.0,236.51,10000,block-15-kyber-neon-1024.csv
15,kyber_neon,Kyber-1024,InnerProdEnc,725.0,652.0,727.0,75.0,49.63,10000,block-15-kyber-neon-1024.csv
15,kyber_neon,Kyber-1024,InnerProdDec,1888.0,1698.0,1892.0,194.0,112.53,10000,block-15-kyber-neon-1024.csv
15,kyber_neon,Kyber-512,KeyGen,13720.0,13715.0,13909.0,194.0,1074.92,10000,block-15-kyber-neon-512.csv
15,kyber_neon,Kyber-512,Encaps,21423.0,20859.0,23299.0,2440.0,1479.68,10000,block-15-kyber-neon-512.csv
15,kyber_neon,Kyber-512,Decaps,18040.0,17666.0,19731.0,2065.0,1574.31,10000,block-15-kyber-neon-512.csv
15,kyber_neon,Kyber-512,NTT,285.0,261.0,287.0,26.0,15.93,10000,block-15-kyber-neon-512.csv
15,kyber_neon,Kyber-512,INVNTT,287.0,285.0,287.0,2.0,40.22,10000,block-15-kyber-neon-512.csv
15,kyber_neon,Kyber-512,BaseMulAcc,276.0,274.0,276.0,2.0,13.6,10000,block-15-kyber-neon-512.csv
15,kyber_neon,Kyber-512,MatrixVectorMul,1569.0,1456.0,1572.0,116.0,87.99,10000,block-15-kyber-neon-512.csv
15,kyber_neon,Kyber-512,InnerProdEnc,513.0,511.0,513.0,2.0,29.9,10000,block-15-kyber-neon-512.csv
15,kyber_neon,Kyber-512,InnerProdDec,1071.0,999.0,1072.0,73.0,61.57,10000,block-15-kyber-neon-512.csv
15,kyber_neon,Kyber-768,KeyGen,22550.0,21986.0,24431.0,2445.0,1571.09,10000,block-15-kyber-neon-768.csv
15,kyber_neon,Kyber-768,Encaps,34574.0,31385.0,34768.0,3383.0,1837.4,10000,block-15-kyber-neon-768.csv
15,kyber_neon,Kyber-768,Decaps,30068.0,27249.0,30253.0,3004.0,1854.84,10000,block-15-kyber-neon-768.csv
15,kyber_neon,Kyber-768,NTT,287.0,285.0,287.0,2.0,23.27,10000,block-15-kyber-neon-768.csv
15,kyber_neon,Kyber-768,INVNTT,285.0,264.0,285.0,21.0,24.36,10000,block-15-kyber-neon-768.csv
15,kyber_neon,Kyber-768,BaseMulAcc,388.0,387.0,390.0,3.0,24.12,10000,block-15-kyber-neon-768.csv
15,kyber_neon,Kyber-768,MatrixVectorMul,2565.0,2457.0,2570.0,113.0,114.93,10000,block-15-kyber-neon-768.csv
15,kyber_neon,Kyber-768,InnerProdEnc,616.0,614.0,618.0,4.0,33.08,10000,block-15-kyber-neon-768.csv
15,kyber_neon,Kyber-768,InnerProdDec,1469.0,1461.0,1471.0,10.0,63.72,10000,block-15-kyber-neon-768.csv
15,kyber_ref,Kyber-1024,KeyGen,156348.0,141881.0,157476.0,15595.0,8663.39,10000,block-15-kyber-ref-1024.csv
15,kyber_ref,Kyber-1024,Encaps,166306.0,155969.0,173445.0,17476.0,25170.11,10000,block-15-kyber-ref-1024.csv
15,kyber_ref,Kyber-1024,Decaps,196559.0,177581.0,197123.0,19542.0,11622.68,10000,block-15-kyber-ref-1024.csv
15,kyber_ref,Kyber-1024,NTT,3608.0,3350.0,3621.0,271.0,174.23,10000,block-15-kyber-ref-1024.csv
15,kyber_ref,Kyber-1024,INVNTT,5714.0,5421.0,5718.0,297.0,231.1,10000,block-15-kyber-ref-1024.csv
15,kyber_ref,Kyber-1024,BaseMulAcc,9095.0,8858.0,9232.0,374.0,314.08,10000,block-15-kyber-ref-1024.csv
15,kyber_ref,Kyber-1024,MatrixVectorMul,76483.0,75905.0,77055.0,1150.0,1643.49,10000,block-15-kyber-ref-1024.csv
15,kyber_ref,Kyber-1024,InnerProdEnc,14952.0,14695.0,15238.0,543.0,755.18,10000,block-15-kyber-ref-1024.csv
15,kyber_ref,Kyber-1024,InnerProdDec,28687.0,28381.0,28843.0,462.0,856.07,10000,block-15-kyber-ref-1024.csv
15,kyber_ref,Kyber-512,KeyGen,57317.0,52239.0,57881.0,5642.0,3126.9,10000,block-15-kyber-ref-512.csv
15,kyber_ref,Kyber-512,Encaps,75358.0,68592.0,75732.0,7140.0,5479.72,10000,block-15-kyber-ref-512.csv
15,kyber_ref,Kyber-512,Decaps,89826.0,80991.0,90200.0,9209.0,6219.18,10000,block-15-kyber-ref-512.csv
15,kyber_ref,Kyber-512,NTT,3594.0,3348.0,3604.0,256.0,175.68,10000,block-15-kyber-ref-512.csv
15,kyber_ref,Kyber-512,INVNTT,5643.0,5342.0,5648.0,306.0,237.27,10000,block-15-kyber-ref-512.csv
15,kyber_ref,Kyber-512,BaseMulAcc,5045.0,4737.0,5105.0,368.0,237.27,10000,block-15-kyber-ref-512.csv
15,kyber_ref,Kyber-512,MatrixVectorMul,29549.0,29254.0,29794.0,540.0,1317.42,10000,block-15-kyber-ref-512.csv
15,kyber_ref,Kyber-512,InnerProdEnc,10521.0,10279.0,10748.0,469.0,329.3,10000,block-15-kyber-ref-512.csv
15,kyber_ref,Kyber-512,InnerProdDec,17462.0,17250.0,17662.0,412.0,416.81,10000,block-15-kyber-ref-512.csv
15,kyber_ref,Kyber-768,KeyGen,99784.0,93957.0,100532.0,6575.0,4982.12,10000,block-15-kyber-ref-768.csv
15,kyber_ref,Kyber-768,Encaps,117445.0,116885.0,117823.0,938.0,4776.64,10000,block-15-kyber-ref-768.csv
15,kyber_ref,Kyber-768,Decaps,136053.0,132861.0,136428.0,3567.0,7542.28,10000,block-15-kyber-ref-768.csv
15,kyber_ref,Kyber-768,NTT,3632.0,3508.0,3639.0,131.0,138.19,10000,block-15-kyber-ref-768.csv
15,kyber_ref,Kyber-768,INVNTT,5645.0,5504.0,5652.0,148.0,181.07,10000,block-15-kyber-ref-768.csv
15,kyber_ref,Kyber-768,BaseMulAcc,6958.0,6813.0,6966.0,153.0,196.65,10000,block-15-kyber-ref-768.csv
15,kyber_ref,Kyber-768,MatrixVectorMul,50782.0,50463.0,50994.0,531.0,2649.65,10000,block-15-kyber-ref-768.csv
15,kyber_ref,Kyber-768,InnerProdEnc,12815.0,12599.0,13016.0,417.0,1612.77,10000,block-15-kyber-ref-768.csv
15,kyber_ref,Kyber-768,InnerProdDec,23213.0,22999.0,23250.0,251.0,880.18,10000,block-15-kyber-ref-768.csv
15,kyber_sme,Kyber-1024,KeyGen,61638.0,59758.0,63894.0,4136.0,2638.82,10000,block-15-kyber-sme-1024.csv
15,kyber_sme,Kyber-1024,Encaps,74600.0,69151.0,75543.0,6392.0,3527.14,10000,block-15-kyber-sme-1024.csv
15,kyber_sme,Kyber-1024,Decaps,76296.0,74230.0,76854.0,2624.0,1655.18,10000,block-15-kyber-sme-1024.csv
15,kyber_sme,Kyber-1024,NTT,1178.0,1172.0,1180.0,8.0,51.03,10000,block-15-kyber-sme-1024.csv
15,kyber_sme,Kyber-1024,INVNTT,1095.0,1095.0,1095.0,0.0,43.45,10000,block-15-kyber-sme-1024.csv
15,kyber_sme,Kyber-1024,BaseMulAcc,1415.0,1413.0,1416.0,3.0,39.62,10000,block-15-kyber-sme-1024.csv
15,kyber_sme,Kyber-1024,MatrixVectorMul,10728.0,10705.0,10884.0,179.0,163.97,10000,block-15-kyber-sme-1024.csv
15,kyber_sme,Kyber-1024,InnerProdEnc,2038.0,2037.0,2040.0,3.0,47.75,10000,block-15-kyber-sme-1024.csv
15,kyber_sme,Kyber-1024,InnerProdDec,5113.0,5088.0,5118.0,30.0,107.99,10000,block-15-kyber-sme-1024.csv
15,kyber_sme,Kyber-512,KeyGen,28751.0,28561.0,28940.0,379.0,1124.83,10000,block-15-kyber-sme-512.csv
15,kyber_sme,Kyber-512,Encaps,37582.0,37392.0,37771.0,379.0,814.25,10000,block-15-kyber-sme-512.csv
15,kyber_sme,Kyber-512,Decaps,37960.0,37771.0,38146.0,375.0,2450.92,10000,block-15-kyber-sme-512.csv
15,kyber_sme,Kyber-512,NTT,1170.0,1170.0,1172.0,2.0,41.57,10000,block-15-kyber-sme-512.csv
15,kyber_sme,Kyber-512,INVNTT,1072.0,1071.0,1073.0,2.0,43.31,10000,block-15-kyber-sme-512.csv
15,kyber_sme,Kyber-512,BaseMulAcc,747.0,746.0,747.0,1.0,15.13,10000,block-15-kyber-sme-512.csv
15,kyber_sme,Kyber-512,MatrixVectorMul,4709.0,4696.0,4727.0,31.0,189.47,10000,block-15-kyber-sme-512.csv
15,kyber_sme,Kyber-512,InnerProdEnc,1375.0,1375.0,1377.0,2.0,47.95,10000,block-15-kyber-sme-512.csv
15,kyber_sme,Kyber-512,InnerProdDec,3671.0,3638.0,3677.0,39.0,84.3,10000,block-15-kyber-sme-512.csv
15,kyber_sme,Kyber-768,KeyGen,41532.0,39841.0,42281.0,2440.0,1335.22,10000,block-15-kyber-sme-768.csv
15,kyber_sme,Kyber-768,Encaps,52992.0,49989.0,55627.0,5638.0,2845.29,10000,block-15-kyber-sme-768.csv
15,kyber_sme,Kyber-768,Decaps,54494.0,54305.0,54684.0,379.0,1495.47,10000,block-15-kyber-sme-768.csv
15,kyber_sme,Kyber-768,NTT,1202.0,1197.0,1204.0,7.0,56.45,10000,block-15-kyber-sme-768.csv
15,kyber_sme,Kyber-768,INVNTT,1104.0,1103.0,1106.0,3.0,26.39,10000,block-15-kyber-sme-768.csv
15,kyber_sme,Kyber-768,BaseMulAcc,1093.0,1091.0,1093.0,2.0,22.34,10000,block-15-kyber-sme-768.csv
15,kyber_sme,Kyber-768,MatrixVectorMul,7279.0,7257.0,7413.0,156.0,536.3,10000,block-15-kyber-sme-768.csv
15,kyber_sme,Kyber-768,InnerProdEnc,1708.0,1708.0,1710.0,2.0,64.66,10000,block-15-kyber-sme-768.csv
15,kyber_sme,Kyber-768,InnerProdDec,4288.0,4284.0,4297.0,13.0,84.76,10000,block-15-kyber-sme-768.csv
15,kyber_sve,Kyber-1024,KeyGen,61823.0,59947.0,62392.0,2445.0,8261.89,10000,block-15-kyber-sve-1024.csv
15,kyber_sve,Kyber-1024,Encaps,75916.0,69905.0,76481.0,6576.0,12402.6,10000,block-15-kyber-sve-1024.csv
15,kyber_sve,Kyber-1024,Decaps,74415.0,73288.0,74978.0,1690.0,10014.17,10000,block-15-kyber-sve-1024.csv
15,kyber_sve,Kyber-1024,NTT,1063.0,1059.0,1114.0,55.0,416.64,10000,block-15-kyber-sve-1024.csv
15,kyber_sve,Kyber-1024,INVNTT,1114.0,1104.0,1123.0,19.0,160.57,10000,block-15-kyber-sve-1024.csv
15,kyber_sve,Kyber-1024,BaseMulAcc,1411.0,1409.0,1422.0,13.0,163.13,10000,block-15-kyber-sve-1024.csv
15,kyber_sve,Kyber-1024,MatrixVectorMul,10547.0,10305.0,10938.0,633.0,989.21,10000,block-15-kyber-sve-1024.csv
15,kyber_sve,Kyber-1024,InnerProdEnc,1976.0,1975.0,2014.0,39.0,216.77,10000,block-15-kyber-sve-1024.csv
15,kyber_sve,Kyber-1024,InnerProdDec,4491.0,4478.0,4692.0,214.0,384.17,10000,block-15-kyber-sve-1024.csv
15,kyber_sve,Kyber-512,KeyGen,27624.0,27439.0,27998.0,559.0,7355.25,10000,block-15-kyber-sve-512.csv
15,kyber_sve,Kyber-512,Encaps,37581.0,37208.0,37771.0,563.0,6911.41,10000,block-15-kyber-sve-512.csv
15,kyber_sve,Kyber-512,Decaps,35891.0,35705.0,36265.0,560.0,6061.41,10000,block-15-kyber-sve-512.csv
15,kyber_sve,Kyber-512,NTT,1059.0,1050.0,1080.0,30.0,181.39,10000,block-15-kyber-sve-512.csv
15,kyber_sve,Kyber-512,INVNTT,1121.0,1119.0,1144.0,25.0,176.34,10000,block-15-kyber-sve-512.csv
15,kyber_sve,Kyber-512,BaseMulAcc,751.0,749.0,753.0,4.0,114.15,10000,block-15-kyber-sve-512.csv
15,kyber_sve,Kyber-512,MatrixVectorMul,4487.0,4472.0,4750.0,278.0,440.57,10000,block-15-kyber-sve-512.csv
15,kyber_sve,Kyber-512,InnerProdEnc,1319.0,1319.0,1322.0,3.0,164.49,10000,block-15-kyber-sve-512.csv
15,kyber_sve,Kyber-512,InnerProdDec,3358.0,3341.0,3602.0,261.0,548.06,10000,block-15-kyber-sve-512.csv
15,kyber_sve,Kyber-768,KeyGen,42471.0,41344.0,43783.0,2439.0,7656.06,10000,block-15-kyber-sve-768.csv
15,kyber_sve,Kyber-768,Encaps,51865.0,48672.0,54120.0,5448.0,8325.83,10000,block-15-kyber-sve-768.csv
15,kyber_sve,Kyber-768,Decaps,54684.0,54494.0,55058.0,564.0,7843.98,10000,block-15-kyber-sve-768.csv
15,kyber_sve,Kyber-768,NTT,1072.0,1065.0,1074.0,9.0,170.01,10000,block-15-kyber-sve-768.csv
15,kyber_sve,Kyber-768,INVNTT,1131.0,1129.0,1135.0,6.0,154.92,10000,block-15-kyber-sve-768.csv
15,kyber_sve,Kyber-768,BaseMulAcc,1093.0,1091.0,1097.0,6.0,158.23,10000,block-15-kyber-sve-768.csv
15,kyber_sve,Kyber-768,MatrixVectorMul,7099.0,6981.0,7309.0,328.0,479.4,10000,block-15-kyber-sve-768.csv
15,kyber_sve,Kyber-768,InnerProdEnc,1657.0,1655.0,1679.0,24.0,203.92,10000,block-15-kyber-sve-768.csv
15,kyber_sve,Kyber-768,InnerProdDec,3801.0,3792.0,3995.0,203.0,334.93,10000,block-15-kyber-sve-768.csv
15,mlkem_neon,ML-KEM-1024,KeyGen,59758.0,54305.0,60321.0,6016.0,4003.15,10000,block-15-mlkem-neon-1024.csv
15,mlkem_neon,ML-KEM-1024,Encaps,64452.0,58255.0,64831.0,6576.0,5352.11,10000,block-15-mlkem-neon-1024.csv
15,mlkem_neon,ML-KEM-1024,Decaps,76106.0,68778.0,76485.0,7707.0,5859.62,10000,block-15-mlkem-neon-1024.csv
15,mlkem_neon,ML-KEM-1024,NTT,221.0,204.0,225.0,21.0,18.71,10000,block-15-mlkem-neon-1024.csv
15,mlkem_neon,ML-KEM-1024,INVNTT,257.0,255.0,259.0,4.0,18.17,10000,block-15-mlkem-neon-1024.csv
15,mlkem_neon,ML-KEM-1024,BaseMulAcc,279.0,253.0,281.0,28.0,16.81,10000,block-15-mlkem-neon-1024.csv
15,mlkem_neon,ML-KEM-1024,MatrixVectorMul,3224.0,3091.0,3234.0,143.0,155.03,10000,block-15-mlkem-neon-1024.csv
15,mlkem_neon,ML-KEM-1024,InnerProdEnc,533.0,482.0,535.0,53.0,31.26,10000,block-15-mlkem-neon-1024.csv
15,mlkem_neon,ML-KEM-1024,InnerProdDec,1508.0,1435.0,1516.0,81.0,88.84,10000,block-15-mlkem-neon-1024.csv
15,mlkem_neon,ML-KEM-512,KeyGen,22924.0,21233.0,23677.0,2444.0,1567.22,10000,block-15-mlkem-neon-512.csv
15,mlkem_neon,ML-KEM-512,Encaps,26686.0,24242.0,27060.0,2818.0,2296.73,10000,block-15-mlkem-neon-512.csv
15,mlkem_neon,ML-KEM-512,Decaps,33072.0,30068.0,33446.0,3378.0,1743.82,10000,block-15-mlkem-neon-512.csv
15,mlkem_neon,ML-KEM-512,NTT,221.0,202.0,225.0,23.0,30.26,10000,block-15-mlkem-neon-512.csv
15,mlkem_neon,ML-KEM-512,INVNTT,257.0,233.0,259.0,26.0,45.65,10000,block-15-mlkem-neon-512.csv
15,mlkem_neon,ML-KEM-512,BaseMulAcc,163.0,155.0,163.0,8.0,8.94,10000,block-15-mlkem-neon-512.csv
15,mlkem_neon,ML-KEM-512,MatrixVectorMul,1368.0,1232.0,1373.0,141.0,117.88,10000,block-15-mlkem-neon-512.csv
15,mlkem_neon,ML-KEM-512,InnerProdEnc,419.0,379.0,420.0,41.0,25.16,10000,block-15-mlkem-neon-512.csv
15,mlkem_neon,ML-KEM-512,InnerProdDec,890.0,886.0,894.0,8.0,55.22,10000,block-15-mlkem-neon-512.csv
15,mlkem_neon,ML-KEM-768,KeyGen,40590.0,40216.0,40964.0,748.0,2489.68,10000,block-15-mlkem-neon-768.csv
15,mlkem_neon,ML-KEM-768,Encaps,43598.0,43219.0,43972.0,753.0,2183.72,10000,block-15-mlkem-neon-768.csv
15,mlkem_neon,ML-KEM-768,Decaps,52049.0,51676.0,52240.0,564.0,1895.49,10000,block-15-mlkem-neon-768.csv
15,mlkem_neon,ML-KEM-768,NTT,221.0,204.0,225.0,21.0,13.18,10000,block-15-mlkem-neon-768.csv
15,mlkem_neon,ML-KEM-768,INVNTT,257.0,257.0,259.0,2.0,10.15,10000,block-15-mlkem-neon-768.csv
15,mlkem_neon,ML-KEM-768,BaseMulAcc,219.0,206.0,219.0,13.0,12.26,10000,block-15-mlkem-neon-768.csv
15,mlkem_neon,ML-KEM-768,MatrixVectorMul,2234.0,2189.0,2239.0,50.0,129.73,10000,block-15-mlkem-neon-768.csv
15,mlkem_neon,ML-KEM-768,InnerProdEnc,477.0,475.0,477.0,2.0,21.39,10000,block-15-mlkem-neon-768.csv
15,mlkem_neon,ML-KEM-768,InnerProdDec,1195.0,1189.0,1200.0,11.0,58.91,10000,block-15-mlkem-neon-768.csv
15,mlkem_ref,ML-KEM-1024,KeyGen,76486.0,69341.0,77049.0,7708.0,4659.65,10000,block-15-mlkem-ref-1024.csv
15,mlkem_ref,ML-KEM-1024,Encaps,83625.0,75732.0,84189.0,8457.0,5930.09,10000,block-15-mlkem-ref-1024.csv
15,mlkem_ref,ML-KEM-1024,Decaps,94710.0,85690.0,95274.0,9584.0,6760.89,10000,block-15-mlkem-ref-1024.csv
15,mlkem_ref,ML-KEM-1024,NTT,520.0,518.0,520.0,2.0,43.72,10000,block-15-mlkem-ref-1024.csv
15,mlkem_ref,ML-KEM-1024,INVNTT,886.0,832.0,886.0,54.0,51.13,10000,block-15-mlkem-ref-1024.csv
15,mlkem_ref,ML-KEM-1024,BaseMulAcc,310.0,280.0,311.0,31.0,29.92,10000,block-15-mlkem-ref-1024.csv
15,mlkem_ref,ML-KEM-1024,MatrixVectorMul,7623.0,7302.0,7674.0,372.0,281.61,10000,block-15-mlkem-ref-1024.csv
15,mlkem_ref,ML-KEM-1024,InnerProdEnc,1193.0,1118.0,1195.0,77.0,65.49,10000,block-15-mlkem-ref-1024.csv
15,mlkem_ref,ML-KEM-1024,InnerProdDec,3619.0,3527.0,3623.0,96.0,157.08,10000,block-15-mlkem-ref-1024.csv
15,mlkem_ref,ML-KEM-512,KeyGen,29694.0,27060.0,30064.0,3004.0,1802.55,10000,block-15-mlkem-ref-512.csv
15,mlkem_ref,ML-KEM-512,Encaps,35142.0,32508.0,35516.0,3008.0,2738.92,10000,block-15-mlkem-ref-512.csv
15,mlkem_ref,ML-KEM-512,Decaps,41718.0,37772.0,42092.0,4320.0,2995.81,10000,block-15-mlkem-ref-512.csv
15,mlkem_ref,ML-KEM-512,NTT,520.0,518.0,520.0,2.0,30.28,10000,block-15-mlkem-ref-512.csv
15,mlkem_ref,ML-KEM-512,INVNTT,886.0,836.0,886.0,50.0,61.0,10000,block-15-mlkem-ref-512.csv
15,mlkem_ref,ML-KEM-512,BaseMulAcc,189.0,189.0,189.0,0.0,9.53,10000,block-15-mlkem-ref-512.csv
15,mlkem_ref,ML-KEM-512,MatrixVectorMul,3566.0,3436.0,3585.0,149.0,153.04,10000,block-15-mlkem-ref-512.csv
15,mlkem_ref,ML-KEM-512,InnerProdEnc,1074.0,1071.0,1076.0,5.0,67.9,10000,block-15-mlkem-ref-512.csv
15,mlkem_ref,ML-KEM-512,InnerProdDec,2273.0,2249.0,2275.0,26.0,104.49,10000,block-15-mlkem-ref-512.csv
15,mlkem_ref,ML-KEM-768,KeyGen,51865.0,51301.0,52239.0,938.0,2921.32,10000,block-15-mlkem-ref-768.csv
15,mlkem_ref,ML-KEM-768,Encaps,57313.0,55622.0,57503.0,1881.0,3673.73,10000,block-15-mlkem-ref-768.csv
15,mlkem_ref,ML-KEM-768,Decaps,65580.0,65205.0,65774.0,569.0,2722.77,10000,block-15-mlkem-ref-768.csv
15,mlkem_ref,ML-KEM-768,NTT,520.0,518.0,520.0,2.0,19.24,10000,block-15-mlkem-ref-768.csv
15,mlkem_ref,ML-KEM-768,INVNTT,886.0,885.0,886.0,1.0,75.78,10000,block-15-mlkem-ref-768.csv
15,mlkem_ref,ML-KEM-768,BaseMulAcc,246.0,246.0,248.0,2.0,13.65,10000,block-15-mlkem-ref-768.csv
15,mlkem_ref,ML-KEM-768,MatrixVectorMul,5552.0,5417.0,5556.0,139.0,144.63,10000,block-15-mlkem-ref-768.csv
15,mlkem_ref,ML-KEM-768,InnerProdEnc,1131.0,1129.0,1133.0,4.0,42.98,10000,block-15-mlkem-ref-768.csv
15,mlkem_ref,ML-KEM-768,InnerProdDec,2938.0,2935.0,2948.0,13.0,103.77,10000,block-15-mlkem-ref-768.csv
15,mlkem_sme,ML-KEM-1024,KeyGen,90389.0,80237.0,91142.0,10905.0,5918.54,10000,block-15-mlkem-sme-1024.csv
15,mlkem_sme,ML-KEM-1024,Encaps,102413.0,101849.0,102792.0,943.0,6186.06,10000,block-15-mlkem-sme-1024.csv
15,mlkem_sme,ML-KEM-1024,Decaps,112750.0,112186.0,122144.0,9958.0,5447.69,10000,block-15-mlkem-sme-1024.csv
15,mlkem_sme,ML-KEM-1024,NTT,1148.0,1148.0,1150.0,2.0,39.18,10000,block-15-mlkem-sme-1024.csv
15,mlkem_sme,ML-KEM-1024,INVNTT,1089.0,1080.0,1099.0,19.0,256.6,10000,block-15-mlkem-sme-1024.csv
15,mlkem_sme,ML-KEM-1024,BaseMulAcc,1182.0,1181.0,1183.0,2.0,65.98,10000,block-15-mlkem-sme-1024.csv
15,mlkem_sme,ML-KEM-1024,MatrixVectorMul,12028.0,11990.0,12184.0,194.0,204.03,10000,block-15-mlkem-sme-1024.csv
15,mlkem_sme,ML-KEM-1024,InnerProdEnc,1796.0,1794.0,1796.0,2.0,45.91,10000,block-15-mlkem-sme-1024.csv
15,mlkem_sme,ML-KEM-1024,InnerProdDec,5349.0,5325.0,5363.0,38.0,111.98,10000,block-15-mlkem-sme-1024.csv
15,mlkem_sme,ML-KEM-512,KeyGen,36644.0,36455.0,37018.0,563.0,1472.8,10000,block-15-mlkem-sme-512.csv
15,mlkem_sme,ML-KEM-512,Encaps,43409.0,41154.0,43783.0,2629.0,1829.49,10000,block-15-mlkem-sme-512.csv
15,mlkem_sme,ML-KEM-512,Decaps,57503.0,57124.0,57877.0,753.0,1734.51,10000,block-15-mlkem-sme-512.csv
15,mlkem_sme,ML-KEM-512,NTT,1176.0,1174.0,1176.0,2.0,51.58,10000,block-15-mlkem-sme-512.csv
15,mlkem_sme,ML-KEM-512,INVNTT,1065.0,1063.0,1065.0,2.0,44.55,10000,block-15-mlkem-sme-512.csv
15,mlkem_sme,ML-KEM-512,BaseMulAcc,633.0,631.0,633.0,2.0,36.61,10000,block-15-mlkem-sme-512.csv
15,mlkem_sme,ML-KEM-512,MatrixVectorMul,5047.0,5030.0,5054.0,24.0,108.59,10000,block-15-mlkem-sme-512.csv
15,mlkem_sme,ML-KEM-512,InnerProdEnc,1255.0,1253.0,1255.0,2.0,41.75,10000,block-15-mlkem-sme-512.csv
15,mlkem_sme,ML-KEM-512,InnerProdDec,3442.0,3431.0,3444.0,13.0,81.99,10000,block-15-mlkem-sme-512.csv
15,mlkem_sme,ML-KEM-768,KeyGen,61070.0,59758.0,61823.0,2065.0,1775.28,10000,block-15-mlkem-sme-768.csv
15,mlkem_sme,ML-KEM-768,Encaps,69716.0,65959.0,70653.0,4694.0,2463.26,10000,block-15-mlkem-sme-768.csv
15,mlkem_sme,ML-KEM-768,Decaps,82872.0,81933.0,86064.0,4131.0,2291.17,10000,block-15-mlkem-sme-768.csv
15,mlkem_sme,ML-KEM-768,NTT,1163.0,1163.0,1165.0,2.0,54.5,10000,block-15-mlkem-sme-768.csv
15,mlkem_sme,ML-KEM-768,INVNTT,1076.0,1076.0,1078.0,2.0,14.64,10000,block-15-mlkem-sme-768.csv
15,mlkem_sme,ML-KEM-768,BaseMulAcc,911.0,911.0,913.0,2.0,14.85,10000,block-15-mlkem-sme-768.csv
15,mlkem_sme,ML-KEM-768,MatrixVectorMul,8131.0,8108.0,8138.0,30.0,104.2,10000,block-15-mlkem-sme-768.csv
15,mlkem_sme,ML-KEM-768,InnerProdEnc,1525.0,1524.0,1527.0,3.0,20.97,10000,block-15-mlkem-sme-768.csv
15,mlkem_sme,ML-KEM-768,InnerProdDec,4925.0,4906.0,4938.0,32.0,115.01,10000,block-15-mlkem-sme-768.csv
15,mlkem_sve,ML-KEM-1024,KeyGen,91517.0,81180.0,92644.0,11464.0,13354.44,10000,block-15-mlkem-sve-1024.csv
15,mlkem_sve,ML-KEM-1024,Encaps,103540.0,102413.0,104293.0,1880.0,20569.61,10000,block-15-mlkem-sve-1024.csv
15,mlkem_sve,ML-KEM-1024,Decaps,121580.0,112566.0,124025.0,11459.0,20029.13,10000,block-15-mlkem-sve-1024.csv
15,mlkem_sve,ML-KEM-1024,NTT,1063.0,1048.0,1084.0,36.0,183.21,10000,block-15-mlkem-sve-1024.csv
15,mlkem_sve,ML-KEM-1024,INVNTT,1103.0,1080.0,1150.0,70.0,216.06,10000,block-15-mlkem-sve-1024.csv
15,mlkem_sve,ML-KEM-1024,BaseMulAcc,1183.0,1182.0,1232.0,50.0,196.47,10000,block-15-mlkem-sve-1024.csv
15,mlkem_sve,ML-KEM-1024,MatrixVectorMul,11917.0,11618.0,12349.0,731.0,839.79,10000,block-15-mlkem-sve-1024.csv
15,mlkem_sve,ML-KEM-1024,InnerProdEnc,1755.0,1753.0,1830.0,77.0,196.44,10000,block-15-mlkem-sve-1024.csv
15,mlkem_sve,ML-KEM-1024,InnerProdDec,4727.0,4649.0,4945.0,296.0,407.17,10000,block-15-mlkem-sve-1024.csv
15,mlkem_sve,ML-KEM-512,KeyGen,36265.0,35891.0,36459.0,568.0,7355.6,10000,block-15-mlkem-sve-512.csv
15,mlkem_sve,ML-KEM-512,Encaps,44536.0,42281.0,44915.0,2634.0,7671.35,10000,block-15-mlkem-sve-512.csv
15,mlkem_sve,ML-KEM-512,Decaps,56375.0,55811.0,56749.0,938.0,8652.68,10000,block-15-mlkem-sve-512.csv
15,mlkem_sve,ML-KEM-512,NTT,1029.0,1020.0,1035.0,15.0,155.13,10000,block-15-mlkem-sve-512.csv
15,mlkem_sve,ML-KEM-512,INVNTT,1088.0,1084.0,1093.0,9.0,129.46,10000,block-15-mlkem-sve-512.csv
15,mlkem_sve,ML-KEM-512,BaseMulAcc,631.0,631.0,635.0,4.0,115.24,10000,block-15-mlkem-sve-512.csv
15,mlkem_sve,ML-KEM-512,MatrixVectorMul,4481.0,4466.0,4684.0,218.0,361.49,10000,block-15-mlkem-sve-512.csv
15,mlkem_sve,ML-KEM-512,InnerProdEnc,1198.0,1197.0,1202.0,5.0,136.96,10000,block-15-mlkem-sve-512.csv
15,mlkem_sve,ML-KEM-512,InnerProdDec,2803.0,2786.0,2952.0,166.0,275.61,10000,block-15-mlkem-sve-512.csv
15,mlkem_sve,ML-KEM-768,KeyGen,61075.0,59757.0,61823.0,2066.0,9662.48,10000,block-15-mlkem-sve-768.csv
15,mlkem_sve,ML-KEM-768,Encaps,76481.0,70094.0,77049.0,6955.0,12570.68,10000,block-15-mlkem-sve-768.csv
15,mlkem_sve,ML-KEM-768,Decaps,84189.0,82307.0,86065.0,3758.0,13767.96,10000,block-15-mlkem-sve-768.csv
15,mlkem_sve,ML-KEM-768,NTT,1057.0,1044.0,1088.0,44.0,158.5,10000,block-15-mlkem-sve-768.csv
15,mlkem_sve,ML-KEM-768,INVNTT,1119.0,1116.0,1166.0,50.0,201.3,10000,block-15-mlkem-sve-768.csv
15,mlkem_sve,ML-KEM-768,BaseMulAcc,913.0,911.0,928.0,17.0,138.15,10000,block-15-mlkem-sve-768.csv
15,mlkem_sve,ML-KEM-768,MatrixVectorMul,7881.0,7708.0,8189.0,481.0,628.18,10000,block-15-mlkem-sve-768.csv
15,mlkem_sve,ML-KEM-768,InnerProdEnc,1477.0,1475.0,1507.0,32.0,174.89,10000,block-15-mlkem-sve-768.csv
15,mlkem_sve,ML-KEM-768,InnerProdDec,4401.0,4380.0,4703.0,323.0,439.3,10000,block-15-mlkem-sve-768.csv
16,kyber_neon,Kyber-1024,KeyGen,31755.0,31385.0,34952.0,3567.0,1946.97,10000,block-16-kyber-neon-1024.csv
16,kyber_neon,Kyber-1024,Encaps,43972.0,43409.0,48482.0,5073.0,3074.79,10000,block-16-kyber-neon-1024.csv
16,kyber_neon,Kyber-1024,Decaps,38899.0,38525.0,43034.0,4509.0,2597.78,10000,block-16-kyber-neon-1024.csv
16,kyber_neon,Kyber-1024,NTT,285.0,257.0,287.0,30.0,31.67,10000,block-16-kyber-neon-1024.csv
16,kyber_neon,Kyber-1024,INVNTT,285.0,283.0,285.0,2.0,14.53,10000,block-16-kyber-neon-1024.csv
16,kyber_neon,Kyber-1024,BaseMulAcc,505.0,460.0,507.0,47.0,26.03,10000,block-16-kyber-neon-1024.csv
16,kyber_neon,Kyber-1024,MatrixVectorMul,3705.0,3463.0,3717.0,254.0,214.71,10000,block-16-kyber-neon-1024.csv
16,kyber_neon,Kyber-1024,InnerProdEnc,725.0,659.0,727.0,68.0,37.23,10000,block-16-kyber-neon-1024.csv
16,kyber_neon,Kyber-1024,InnerProdDec,1888.0,1702.0,1892.0,190.0,149.34,10000,block-16-kyber-neon-1024.csv
16,kyber_neon,Kyber-512,KeyGen,13720.0,13715.0,13909.0,194.0,1286.43,10000,block-16-kyber-neon-512.csv
16,kyber_neon,Kyber-512,Encaps,21049.0,20859.0,23114.0,2255.0,1885.92,10000,block-16-kyber-neon-512.csv
16,kyber_neon,Kyber-512,Decaps,17855.0,17666.0,19731.0,2065.0,1097.12,10000,block-16-kyber-neon-512.csv
16,kyber_neon,Kyber-512,NTT,285.0,257.0,287.0,30.0,46.07,10000,block-16-kyber-neon-512.csv
16,kyber_neon,Kyber-512,INVNTT,285.0,257.0,285.0,28.0,51.72,10000,block-16-kyber-neon-512.csv
16,kyber_neon,Kyber-512,BaseMulAcc,274.0,257.0,274.0,17.0,13.24,10000,block-16-kyber-neon-512.csv
16,kyber_neon,Kyber-512,MatrixVectorMul,1570.0,1441.0,1574.0,133.0,117.48,10000,block-16-kyber-neon-512.csv
16,kyber_neon,Kyber-512,InnerProdEnc,469.0,460.0,513.0,53.0,113.33,10000,block-16-kyber-neon-512.csv
16,kyber_neon,Kyber-512,InnerProdDec,1071.0,965.0,1074.0,109.0,102.71,10000,block-16-kyber-neon-512.csv
16,kyber_neon,Kyber-768,KeyGen,22360.0,21986.0,24431.0,2445.0,1478.01,10000,block-16-kyber-neon-768.csv
16,kyber_neon,Kyber-768,Encaps,34389.0,31196.0,34763.0,3567.0,2139.76,10000,block-16-kyber-neon-768.csv
16,kyber_neon,Kyber-768,Decaps,30064.0,27245.0,30253.0,3008.0,2790.84,10000,block-16-kyber-neon-768.csv
16,kyber_neon,Kyber-768,NTT,285.0,264.0,287.0,23.0,23.97,10000,block-16-kyber-neon-768.csv
16,kyber_neon,Kyber-768,INVNTT,285.0,283.0,285.0,2.0,21.15,10000,block-16-kyber-neon-768.csv
16,kyber_neon,Kyber-768,BaseMulAcc,390.0,388.0,392.0,4.0,28.56,10000,block-16-kyber-neon-768.csv
16,kyber_neon,Kyber-768,MatrixVectorMul,2565.0,2469.0,2570.0,101.0,118.59,10000,block-16-kyber-neon-768.csv
16,kyber_neon,Kyber-768,InnerProdEnc,616.0,614.0,618.0,4.0,39.98,10000,block-16-kyber-neon-768.csv
16,kyber_neon,Kyber-768,InnerProdDec,1469.0,1465.0,1471.0,6.0,65.11,10000,block-16-kyber-neon-768.csv
16,kyber_ref,Kyber-1024,KeyGen,155595.0,141501.0,157661.0,16160.0,15284.81,10000,block-16-kyber-ref-1024.csv
16,kyber_ref,Kyber-1024,Encaps,173071.0,156158.0,173635.0,17477.0,13448.34,10000,block-16-kyber-ref-1024.csv
16,kyber_ref,Kyber-1024,Decaps,196185.0,177207.0,196934.0,19727.0,32794.11,10000,block-16-kyber-ref-1024.csv
16,kyber_ref,Kyber-1024,NTT,3596.0,3313.0,3606.0,293.0,230.68,10000,block-16-kyber-ref-1024.csv
16,kyber_ref,Kyber-1024,INVNTT,5695.0,5340.0,5738.0,398.0,456.26,10000,block-16-kyber-ref-1024.csv
16,kyber_ref,Kyber-1024,BaseMulAcc,9194.0,8882.0,9264.0,382.0,416.2,10000,block-16-kyber-ref-1024.csv
16,kyber_ref,Kyber-1024,MatrixVectorMul,76816.0,76183.0,77449.0,1266.0,13044.12,10000,block-16-kyber-ref-1024.csv
16,kyber_ref,Kyber-1024,InnerProdEnc,14764.0,14544.0,15007.0,463.0,609.66,10000,block-16-kyber-ref-1024.csv
16,kyber_ref,Kyber-1024,InnerProdDec,28794.0,28505.0,28969.0,464.0,838.77,10000,block-16-kyber-ref-1024.csv
16,kyber_ref,Kyber-512,KeyGen,57129.0,51865.0,57876.0,6011.0,4768.09,10000,block-16-kyber-ref-512.csv
16,kyber_ref,Kyber-512,Encaps,75353.0,68025.0,75728.0,7703.0,4915.25,10000,block-16-kyber-ref-512.csv
16,kyber_ref,Kyber-512,Decaps,89826.0,81370.0,90200.0,8830.0,6772.41,10000,block-16-kyber-ref-512.csv
16,kyber_ref,Kyber-512,NTT,3594.0,3320.0,3602.0,282.0,176.02,10000,block-16-kyber-ref-512.csv
16,kyber_ref,Kyber-512,INVNTT,5641.0,5355.0,5648.0,293.0,234.87,10000,block-16-kyber-ref-512.csv
16,kyber_ref,Kyber-512,BaseMulAcc,5103.0,4797.0,5105.0,308.0,222.5,10000,block-16-kyber-ref-512.csv
16,kyber_ref,Kyber-512,MatrixVectorMul,29619.0,29264.0,29861.0,597.0,1025.89,10000,block-16-kyber-ref-512.csv
16,kyber_ref,Kyber-512,InnerProdEnc,10468.0,10128.0,10739.0,611.0,732.22,10000,block-16-kyber-ref-512.csv
16,kyber_ref,Kyber-512,InnerProdDec,17495.0,17339.0,17731.0,392.0,565.82,10000,block-16-kyber-ref-512.csv
16,kyber_ref,Kyber-768,KeyGen,99784.0,98656.0,100532.0,1876.0,4857.85,10000,block-16-kyber-ref-768.csv
16,kyber_ref,Kyber-768,Encaps,117444.0,116881.0,117823.0,942.0,5355.2,10000,block-16-kyber-ref-768.csv
16,kyber_ref,Kyber-768,Decaps,136053.0,132671.0,136428.0,3757.0,7919.65,10000,block-16-kyber-ref-768.csv
16,kyber_ref,Kyber-768,NTT,3634.0,3517.0,3638.0,121.0,133.16,10000,block-16-kyber-ref-768.csv
16,kyber_ref,Kyber-768,INVNTT,5644.0,5513.0,5650.0,137.0,165.61,10000,block-16-kyber-ref-768.csv
16,kyber_ref,Kyber-768,BaseMulAcc,6958.0,6796.0,6966.0,170.0,239.71,10000,block-16-kyber-ref-768.csv
16,kyber_ref,Kyber-768,MatrixVectorMul,50765.0,50429.0,50946.0,517.0,896.81,10000,block-16-kyber-ref-768.csv
16,kyber_ref,Kyber-768,InnerProdEnc,12699.0,12526.0,12956.0,430.0,350.23,10000,block-16-kyber-ref-768.csv
16,kyber_ref,Kyber-768,InnerProdDec,23213.0,23002.0,23232.0,230.0,377.01,10000,block-16-kyber-ref-768.csv
16,kyber_sme,Kyber-1024,KeyGen,61828.0,59942.0,64078.0,4136.0,3007.8,10000,block-16-kyber-sme-1024.csv
16,kyber_sme,Kyber-1024,Encaps,74789.0,69152.0,75543.0,6391.0,4540.88,10000,block-16-kyber-sme-1024.csv
16,kyber_sme,Kyber-1024,Decaps,76296.0,74231.0,76855.0,2624.0,3777.56,10000,block-16-kyber-sme-1024.csv
16,kyber_sme,Kyber-1024,NTT,1174.0,1172.0,1174.0,2.0,58.47,10000,block-16-kyber-sme-1024.csv
16,kyber_sme,Kyber-1024,INVNTT,1099.0,1097.0,1099.0,2.0,68.39,10000,block-16-kyber-sme-1024.csv
16,kyber_sme,Kyber-1024,BaseMulAcc,1409.0,1407.0,1415.0,8.0,91.15,10000,block-16-kyber-sme-1024.csv
16,kyber_sme,Kyber-1024,MatrixVectorMul,10726.0,10707.0,10904.0,197.0,257.57,10000,block-16-kyber-sme-1024.csv
16,kyber_sme,Kyber-1024,InnerProdEnc,2031.0,2031.0,2033.0,2.0,83.74,10000,block-16-kyber-sme-1024.csv
16,kyber_sme,Kyber-1024,InnerProdDec,5120.0,5094.0,5212.0,118.0,162.32,10000,block-16-kyber-sme-1024.csv
16,kyber_sme,Kyber-512,KeyGen,28751.0,28377.0,28940.0,563.0,1137.83,10000,block-16-kyber-sme-512.csv
16,kyber_sme,Kyber-512,Encaps,37582.0,37393.0,37771.0,378.0,1779.78,10000,block-16-kyber-sme-512.csv
16,kyber_sme,Kyber-512,Decaps,37961.0,37771.0,38150.0,379.0,980.03,10000,block-16-kyber-sme-512.csv
16,kyber_sme,Kyber-512,NTT,1178.0,1176.0,1180.0,4.0,40.77,10000,block-16-kyber-sme-512.csv
16,kyber_sme,Kyber-512,INVNTT,1074.0,1074.0,1074.0,0.0,50.56,10000,block-16-kyber-sme-512.csv
16,kyber_sme,Kyber-512,BaseMulAcc,751.0,749.0,751.0,2.0,19.04,10000,block-16-kyber-sme-512.csv
16,kyber_sme,Kyber-512,MatrixVectorMul,4714.0,4697.0,4823.0,126.0,315.96,10000,block-16-kyber-sme-512.csv
16,kyber_sme,Kyber-512,InnerProdEnc,1379.0,1377.0,1379.0,2.0,50.75,10000,block-16-kyber-sme-512.csv
16,kyber_sme,Kyber-512,InnerProdDec,3670.0,3658.0,3675.0,17.0,103.58,10000,block-16-kyber-sme-512.csv
16,kyber_sme,Kyber-768,KeyGen,41533.0,39842.0,42281.0,2439.0,1474.37,10000,block-16-kyber-sme-768.csv
16,kyber_sme,Kyber-768,Encaps,50548.0,49800.0,52993.0,3193.0,2617.34,10000,block-16-kyber-sme-768.csv
16,kyber_sme,Kyber-768,Decaps,54494.0,54304.0,54684.0,380.0,880.72,10000,block-16-kyber-sme-768.csv
16,kyber_sme,Kyber-768,NTT,1204.0,1202.0,1204.0,2.0,76.25,10000,block-16-kyber-sme-768.csv
16,kyber_sme,Kyber-768,INVNTT,1104.0,1103.0,1106.0,3.0,36.1,10000,block-16-kyber-sme-768.csv
16,kyber_sme,Kyber-768,BaseMulAcc,1091.0,1089.0,1093.0,4.0,17.07,10000,block-16-kyber-sme-768.csv
16,kyber_sme,Kyber-768,MatrixVectorMul,7272.0,7255.0,7276.0,21.0,94.92,10000,block-16-kyber-sme-768.csv
16,kyber_sme,Kyber-768,InnerProdEnc,1708.0,1706.0,1708.0,2.0,31.5,10000,block-16-kyber-sme-768.csv
16,kyber_sme,Kyber-768,InnerProdDec,4292.0,4286.0,4299.0,13.0,69.46,10000,block-16-kyber-sme-768.csv
16,kyber_sve,Kyber-1024,KeyGen,61823.0,60131.0,62387.0,2256.0,8872.91,10000,block-16-kyber-sve-1024.csv
16,kyber_sve,Kyber-1024,Encaps,75916.0,69716.0,76481.0,6765.0,12276.03,10000,block-16-kyber-sve-1024.csv
16,kyber_sve,Kyber-1024,Decaps,74415.0,72913.0,74790.0,1877.0,13365.92,10000,block-16-kyber-sve-1024.csv
16,kyber_sve,Kyber-1024,NTT,1061.0,1058.0,1067.0,9.0,171.56,10000,block-16-kyber-sve-1024.csv
16,kyber_sve,Kyber-1024,INVNTT,1118.0,1114.0,1123.0,9.0,161.49,10000,block-16-kyber-sve-1024.csv
16,kyber_sve,Kyber-1024,BaseMulAcc,1409.0,1407.0,1415.0,8.0,142.3,10000,block-16-kyber-sve-1024.csv
16,kyber_sve,Kyber-1024,MatrixVectorMul,10500.0,10303.0,10865.0,562.0,1013.52,10000,block-16-kyber-sve-1024.csv
16,kyber_sve,Kyber-1024,InnerProdEnc,1976.0,1975.0,2021.0,46.0,216.11,10000,block-16-kyber-sve-1024.csv
16,kyber_sve,Kyber-1024,InnerProdDec,4489.0,4479.0,4699.0,220.0,346.98,10000,block-16-kyber-sve-1024.csv
16,kyber_sve,Kyber-512,KeyGen,27624.0,27434.0,27813.0,379.0,5995.11,10000,block-16-kyber-sve-512.csv
16,kyber_sve,Kyber-512,Encaps,37397.0,37208.0,37771.0,563.0,8948.94,10000,block-16-kyber-sve-512.csv
16,kyber_sve,Kyber-512,Decaps,35891.0,35701.0,36080.0,379.0,5508.02,10000,block-16-kyber-sve-512.csv
16,kyber_sve,Kyber-512,NTT,1052.0,1042.0,1061.0,19.0,145.66,10000,block-16-kyber-sve-512.csv
16,kyber_sve,Kyber-512,INVNTT,1119.0,1114.0,1125.0,11.0,155.58,10000,block-16-kyber-sve-512.csv
16,kyber_sve,Kyber-512,BaseMulAcc,747.0,746.0,755.0,9.0,112.49,10000,block-16-kyber-sve-512.csv
16,kyber_sve,Kyber-512,MatrixVectorMul,4479.0,4466.0,4688.0,222.0,394.33,10000,block-16-kyber-sve-512.csv
16,kyber_sve,Kyber-512,InnerProdEnc,1317.0,1315.0,1321.0,6.0,150.47,10000,block-16-kyber-sve-512.csv
16,kyber_sve,Kyber-512,InnerProdDec,3363.0,3343.0,3566.0,223.0,313.99,10000,block-16-kyber-sve-512.csv
16,kyber_sve,Kyber-768,KeyGen,42656.0,41717.0,43973.0,2256.0,9610.64,10000,block-16-kyber-sve-768.csv
16,kyber_sve,Kyber-768,Encaps,51675.0,48672.0,53935.0,5263.0,7965.5,10000,block-16-kyber-sve-768.csv
16,kyber_sve,Kyber-768,Decaps,54684.0,54494.0,55058.0,564.0,9406.93,10000,block-16-kyber-sve-768.csv
16,kyber_sve,Kyber-768,NTT,1061.0,1054.0,1073.0,19.0,183.19,10000,block-16-kyber-sve-768.csv
16,kyber_sve,Kyber-768,INVNTT,1131.0,1127.0,1135.0,8.0,165.58,10000,block-16-kyber-sve-768.csv
16,kyber_sve,Kyber-768,BaseMulAcc,1093.0,1091.0,1095.0,4.0,148.39,10000,block-16-kyber-sve-768.csv
16,kyber_sve,Kyber-768,MatrixVectorMul,7099.0,6983.0,7315.0,332.0,684.93,10000,block-16-kyber-sve-768.csv
16,kyber_sve,Kyber-768,InnerProdEnc,1657.0,1655.0,1663.0,8.0,196.07,10000,block-16-kyber-sve-768.csv
16,kyber_sve,Kyber-768,InnerProdDec,3807.0,3795.0,3991.0,196.0,350.27,10000,block-16-kyber-sve-768.csv
16,mlkem_neon,ML-KEM-1024,KeyGen,59758.0,54874.0,60511.0,5637.0,22178.81,10000,block-16-mlkem-neon-1024.csv
16,mlkem_neon,ML-KEM-1024,Encaps,64642.0,59572.0,65021.0,5449.0,3380.06,10000,block-16-mlkem-neon-1024.csv
16,mlkem_neon,ML-KEM-1024,Decaps,69157.0,68403.0,76480.0,8077.0,18045.71,10000,block-16-mlkem-neon-1024.csv
16,mlkem_neon,ML-KEM-1024,NTT,219.0,201.0,225.0,24.0,63.2,10000,block-16-mlkem-neon-1024.csv
16,mlkem_neon,ML-KEM-1024,INVNTT,257.0,232.0,259.0,27.0,47.4,10000,block-16-mlkem-neon-1024.csv
16,mlkem_neon,ML-KEM-1024,BaseMulAcc,280.0,276.0,283.0,7.0,37.6,10000,block-16-mlkem-neon-1024.csv
16,mlkem_neon,ML-KEM-1024,MatrixVectorMul,3219.0,2944.0,3234.0,290.0,287.66,10000,block-16-mlkem-neon-1024.csv
16,mlkem_neon,ML-KEM-1024,InnerProdEnc,499.0,486.0,537.0,51.0,209.68,10000,block-16-mlkem-neon-1024.csv
16,mlkem_neon,ML-KEM-1024,InnerProdDec,1510.0,1495.0,1516.0,21.0,89.26,10000,block-16-mlkem-neon-1024.csv
16,mlkem_neon,ML-KEM-512,KeyGen,23303.0,21233.0,23677.0,2444.0,2325.52,10000,block-16-mlkem-neon-512.csv
16,mlkem_neon,ML-KEM-512,Encaps,26870.0,24426.0,27060.0,2634.0,2564.55,10000,block-16-mlkem-neon-512.csv
16,mlkem_neon,ML-KEM-512,Decaps,33072.0,30063.0,33262.0,3199.0,2578.84,10000,block-16-mlkem-neon-512.csv
16,mlkem_neon,ML-KEM-512,NTT,225.0,204.0,227.0,23.0,22.46,10000,block-16-mlkem-neon-512.csv
16,mlkem_neon,ML-KEM-512,INVNTT,259.0,257.0,259.0,2.0,14.04,10000,block-16-mlkem-neon-512.csv
16,mlkem_neon,ML-KEM-512,BaseMulAcc,163.0,163.0,163.0,0.0,9.53,10000,block-16-mlkem-neon-512.csv
16,mlkem_neon,ML-KEM-512,MatrixVectorMul,1369.0,1354.0,1373.0,19.0,83.21,10000,block-16-mlkem-neon-512.csv
16,mlkem_neon,ML-KEM-512,InnerProdEnc,419.0,377.0,420.0,43.0,24.68,10000,block-16-mlkem-neon-512.csv
16,mlkem_neon,ML-KEM-512,InnerProdDec,890.0,886.0,894.0,8.0,51.59,10000,block-16-mlkem-neon-512.csv
16,mlkem_neon,ML-KEM-768,KeyGen,40590.0,40216.0,40964.0,748.0,1700.05,10000,block-16-mlkem-neon-768.csv
16,mlkem_neon,ML-KEM-768,Encaps,43598.0,43224.0,43972.0,748.0,2113.02,10000,block-16-mlkem-neon-768.csv
16,mlkem_neon,ML-KEM-768,Decaps,51865.0,51486.0,52239.0,753.0,2360.6,10000,block-16-mlkem-neon-768.csv
16,mlkem_neon,ML-KEM-768,NTT,221.0,208.0,225.0,17.0,11.26,10000,block-16-mlkem-neon-768.csv
16,mlkem_neon,ML-KEM-768,INVNTT,257.0,257.0,259.0,2.0,12.3,10000,block-16-mlkem-neon-768.csv
16,mlkem_neon,ML-KEM-768,BaseMulAcc,219.0,219.0,221.0,2.0,11.78,10000,block-16-mlkem-neon-768.csv
16,mlkem_neon,ML-KEM-768,MatrixVectorMul,2234.0,2209.0,2239.0,30.0,185.44,10000,block-16-mlkem-neon-768.csv
16,mlkem_neon,ML-KEM-768,InnerProdEnc,477.0,475.0,477.0,2.0,17.99,10000,block-16-mlkem-neon-768.csv
16,mlkem_neon,ML-KEM-768,InnerProdDec,1196.0,1191.0,1200.0,9.0,47.54,10000,block-16-mlkem-neon-768.csv
16,mlkem_ref,ML-KEM-1024,KeyGen,76107.0,71412.0,76670.0,5258.0,4078.49,10000,block-16-mlkem-ref-1024.csv
16,mlkem_ref,ML-KEM-1024,Encaps,83435.0,75353.0,83999.0,8646.0,5031.32,10000,block-16-mlkem-ref-1024.csv
16,mlkem_ref,ML-KEM-1024,Decaps,94710.0,85690.0,95273.0,9583.0,7372.36,10000,block-16-mlkem-ref-1024.csv
16,mlkem_ref,ML-KEM-1024,NTT,520.0,518.0,520.0,2.0,35.21,10000,block-16-mlkem-ref-1024.csv
16,mlkem_ref,ML-KEM-1024,INVNTT,886.0,821.0,886.0,65.0,55.64,10000,block-16-mlkem-ref-1024.csv
16,mlkem_ref,ML-KEM-1024,BaseMulAcc,310.0,279.0,311.0,32.0,34.09,10000,block-16-mlkem-ref-1024.csv
16,mlkem_ref,ML-KEM-1024,MatrixVectorMul,7604.0,7304.0,7672.0,368.0,266.39,10000,block-16-mlkem-ref-1024.csv
16,mlkem_ref,ML-KEM-1024,InnerProdEnc,1195.0,1116.0,1195.0,79.0,71.7,10000,block-16-mlkem-ref-1024.csv
16,mlkem_ref,ML-KEM-1024,InnerProdDec,3619.0,3517.0,3621.0,104.0,158.37,10000,block-16-mlkem-ref-1024.csv
16,mlkem_ref,ML-KEM-512,KeyGen,28938.0,26870.0,29879.0,3009.0,3403.87,10000,block-16-mlkem-ref-512.csv
16,mlkem_ref,ML-KEM-512,Encaps,35142.0,32134.0,35332.0,3198.0,3790.59,10000,block-16-mlkem-ref-512.csv
16,mlkem_ref,ML-KEM-512,Decaps,41903.0,37960.0,42281.0,4321.0,5719.82,10000,block-16-mlkem-ref-512.csv
16,mlkem_ref,ML-KEM-512,NTT,520.0,518.0,520.0,2.0,51.74,10000,block-16-mlkem-ref-512.csv
16,mlkem_ref,ML-KEM-512,INVNTT,886.0,819.0,886.0,67.0,122.51,10000,block-16-mlkem-ref-512.csv
16,mlkem_ref,ML-KEM-512,BaseMulAcc,189.0,189.0,189.0,0.0,9.21,10000,block-16-mlkem-ref-512.csv
16,mlkem_ref,ML-KEM-512,MatrixVectorMul,3566.0,3418.0,3585.0,167.0,248.19,10000,block-16-mlkem-ref-512.csv
16,mlkem_ref,ML-KEM-512,InnerProdEnc,1074.0,1035.0,1076.0,41.0,50.41,10000,block-16-mlkem-ref-512.csv
16,mlkem_ref,ML-KEM-512,InnerProdDec,2273.0,2270.0,2275.0,5.0,104.42,10000,block-16-mlkem-ref-512.csv
16,mlkem_ref,ML-KEM-768,KeyGen,52052.0,51675.0,52244.0,569.0,2209.11,10000,block-16-mlkem-ref-768.csv
16,mlkem_ref,ML-KEM-768,Encaps,56939.0,52618.0,57313.0,4695.0,3225.18,10000,block-16-mlkem-ref-768.csv
16,mlkem_ref,ML-KEM-768,Decaps,65395.0,65016.0,65770.0,754.0,3696.03,10000,block-16-mlkem-ref-768.csv
16,mlkem_ref,ML-KEM-768,NTT,520.0,520.0,522.0,2.0,26.28,10000,block-16-mlkem-ref-768.csv
16,mlkem_ref,ML-KEM-768,INVNTT,886.0,858.0,886.0,28.0,62.12,10000,block-16-mlkem-ref-768.csv
16,mlkem_ref,ML-KEM-768,BaseMulAcc,246.0,246.0,248.0,2.0,9.46,10000,block-16-mlkem-ref-768.csv
16,mlkem_ref,ML-KEM-768,MatrixVectorMul,5551.0,5346.0,5558.0,212.0,322.46,10000,block-16-mlkem-ref-768.csv
16,mlkem_ref,ML-KEM-768,InnerProdEnc,1131.0,1129.0,1133.0,4.0,64.43,10000,block-16-mlkem-ref-768.csv
16,mlkem_ref,ML-KEM-768,InnerProdDec,2938.0,2935.0,2946.0,11.0,85.38,10000,block-16-mlkem-ref-768.csv
16,mlkem_sme,ML-KEM-1024,KeyGen,90389.0,80237.0,91138.0,10901.0,5787.45,10000,block-16-mlkem-sme-1024.csv
16,mlkem_sme,ML-KEM-1024,Encaps,102417.0,101854.0,102976.0,1122.0,6384.08,10000,block-16-mlkem-sme-1024.csv
16,mlkem_sme,ML-KEM-1024,Decaps,112939.0,112371.0,122519.0,10148.0,6023.48,10000,block-16-mlkem-sme-1024.csv
16,mlkem_sme,ML-KEM-1024,NTT,1157.0,1155.0,1157.0,2.0,43.2,10000,block-16-mlkem-sme-1024.csv
16,mlkem_sme,ML-KEM-1024,INVNTT,1076.0,1074.0,1078.0,4.0,51.69,10000,block-16-mlkem-sme-1024.csv
16,mlkem_sme,ML-KEM-1024,BaseMulAcc,1180.0,1180.0,1181.0,1.0,36.32,10000,block-16-mlkem-sme-1024.csv
16,mlkem_sme,ML-KEM-1024,MatrixVectorMul,12026.0,11996.0,12186.0,190.0,173.93,10000,block-16-mlkem-sme-1024.csv
16,mlkem_sme,ML-KEM-1024,InnerProdEnc,1792.0,1792.0,1794.0,2.0,53.85,10000,block-16-mlkem-sme-1024.csv
16,mlkem_sme,ML-KEM-1024,InnerProdDec,5351.0,5319.0,5361.0,42.0,116.65,10000,block-16-mlkem-sme-1024.csv
16,mlkem_sme,ML-KEM-512,KeyGen,36644.0,36455.0,37018.0,563.0,1997.03,10000,block-16-mlkem-sme-512.csv
16,mlkem_sme,ML-KEM-512,Encaps,43409.0,41154.0,43783.0,2629.0,2258.34,10000,block-16-mlkem-sme-512.csv
16,mlkem_sme,ML-KEM-512,Decaps,57503.0,57124.0,57877.0,753.0,1575.57,10000,block-16-mlkem-sme-512.csv
16,mlkem_sme,ML-KEM-512,NTT,1176.0,1174.0,1176.0,2.0,42.21,10000,block-16-mlkem-sme-512.csv
16,mlkem_sme,ML-KEM-512,INVNTT,1076.0,1074.0,1076.0,2.0,50.75,10000,block-16-mlkem-sme-512.csv
16,mlkem_sme,ML-KEM-512,BaseMulAcc,631.0,629.0,631.0,2.0,11.66,10000,block-16-mlkem-sme-512.csv
16,mlkem_sme,ML-KEM-512,MatrixVectorMul,5053.0,5039.0,5060.0,21.0,108.18,10000,block-16-mlkem-sme-512.csv
16,mlkem_sme,ML-KEM-512,InnerProdEnc,1251.0,1249.0,1253.0,4.0,37.69,10000,block-16-mlkem-sme-512.csv
16,mlkem_sme,ML-KEM-512,InnerProdDec,3442.0,3431.0,3444.0,13.0,101.43,10000,block-16-mlkem-sme-512.csv
16,mlkem_sme,ML-KEM-768,KeyGen,61074.0,59942.0,61823.0,1881.0,2326.25,10000,block-16-mlkem-sme-768.csv
16,mlkem_sme,ML-KEM-768,Encaps,69715.0,66143.0,70654.0,4511.0,2886.52,10000,block-16-mlkem-sme-768.csv
16,mlkem_sme,ML-KEM-768,Decaps,83060.0,81933.0,86069.0,4136.0,2219.28,10000,block-16-mlkem-sme-768.csv
16,mlkem_sme,ML-KEM-768,NTT,1185.0,1183.0,1185.0,2.0,119.91,10000,block-16-mlkem-sme-768.csv
16,mlkem_sme,ML-KEM-768,INVNTT,1091.0,1089.0,1091.0,2.0,44.08,10000,block-16-mlkem-sme-768.csv
16,mlkem_sme,ML-KEM-768,BaseMulAcc,911.0,911.0,913.0,2.0,12.76,10000,block-16-mlkem-sme-768.csv
16,mlkem_sme,ML-KEM-768,MatrixVectorMul,8129.0,8110.0,8146.0,36.0,92.44,10000,block-16-mlkem-sme-768.csv
16,mlkem_sme,ML-KEM-768,InnerProdEnc,1525.0,1524.0,1527.0,3.0,32.31,10000,block-16-mlkem-sme-768.csv
16,mlkem_sme,ML-KEM-768,InnerProdDec,4932.0,4912.0,4994.0,82.0,132.21,10000,block-16-mlkem-sme-768.csv
16,mlkem_sve,ML-KEM-1024,KeyGen,91328.0,80990.0,92455.0,11465.0,12618.94,10000,block-16-mlkem-sve-1024.csv
16,mlkem_sve,ML-KEM-1024,Encaps,103540.0,102792.0,104104.0,1312.0,12474.69,10000,block-16-mlkem-sve-1024.csv
16,mlkem_sve,ML-KEM-1024,Decaps,118013.0,111997.0,122712.0,10715.0,18627.38,10000,block-16-mlkem-sve-1024.csv
16,mlkem_sve,ML-KEM-1024,NTT,1056.0,1048.0,1061.0,13.0,166.97,10000,block-16-mlkem-sve-1024.csv
16,mlkem_sve,ML-KEM-1024,INVNTT,1106.0,1084.0,1112.0,28.0,177.74,10000,block-16-mlkem-sve-1024.csv
16,mlkem_sve,ML-KEM-1024,BaseMulAcc,1183.0,1181.0,1187.0,6.0,165.91,10000,block-16-mlkem-sve-1024.csv
16,mlkem_sve,ML-KEM-1024,MatrixVectorMul,11838.0,11628.0,12255.0,627.0,1042.03,10000,block-16-mlkem-sve-1024.csv
16,mlkem_sve,ML-KEM-1024,InnerProdEnc,1755.0,1753.0,1785.0,32.0,188.49,10000,block-16-mlkem-sve-1024.csv
16,mlkem_sve,ML-KEM-1024,InnerProdDec,4662.0,4650.0,4876.0,226.0,406.28,10000,block-16-mlkem-sve-1024.csv
16,mlkem_sve,ML-KEM-512,KeyGen,36080.0,35891.0,36459.0,568.0,7333.07,10000,block-16-mlkem-sve-512.csv
16,mlkem_sve,ML-KEM-512,Encaps,44536.0,42091.0,44915.0,2824.0,8269.34,10000,block-16-mlkem-sve-512.csv
16,mlkem_sve,ML-KEM-512,Decaps,56375.0,55812.0,56750.0,938.0,10802.51,10000,block-16-mlkem-sve-512.csv
16,mlkem_sve,ML-KEM-512,NTT,1024.0,1016.0,1033.0,17.0,133.48,10000,block-16-mlkem-sve-512.csv
16,mlkem_sve,ML-KEM-512,INVNTT,1088.0,1084.0,1093.0,9.0,127.53,10000,block-16-mlkem-sve-512.csv
16,mlkem_sve,ML-KEM-512,BaseMulAcc,629.0,629.0,631.0,2.0,62.15,10000,block-16-mlkem-sve-512.csv
16,mlkem_sve,ML-KEM-512,MatrixVectorMul,4485.0,4468.0,4637.0,169.0,379.77,10000,block-16-mlkem-sve-512.csv
16,mlkem_sve,ML-KEM-512,InnerProdEnc,1195.0,1195.0,1200.0,5.0,181.45,10000,block-16-mlkem-sve-512.csv
16,mlkem_sve,ML-KEM-512,InnerProdDec,2801.0,2784.0,2937.0,153.0,262.84,10000,block-16-mlkem-sve-512.csv
16,mlkem_sve,ML-KEM-768,KeyGen,61070.0,59757.0,61638.0,1881.0,10284.4,10000,block-16-mlkem-sve-768.csv
16,mlkem_sve,ML-KEM-768,Encaps,76481.0,70090.0,77049.0,6959.0,11598.57,10000,block-16-mlkem-sve-768.csv
16,mlkem_sve,ML-KEM-768,Decaps,83435.0,82118.0,85880.0,3762.0,9651.02,10000,block-16-mlkem-sve-768.csv
16,mlkem_sve,ML-KEM-768,NTT,1057.0,1042.0,1067.0,25.0,175.99,10000,block-16-mlkem-sve-768.csv
16,mlkem_sve,ML-KEM-768,INVNTT,1118.0,1116.0,1125.0,9.0,178.03,10000,block-16-mlkem-sve-768.csv
16,mlkem_sve,ML-KEM-768,BaseMulAcc,911.0,911.0,915.0,4.0,145.59,10000,block-16-mlkem-sve-768.csv
16,mlkem_sve,ML-KEM-768,MatrixVectorMul,7819.0,7689.0,8112.0,423.0,562.19,10000,block-16-mlkem-sve-768.csv
16,mlkem_sve,ML-KEM-768,InnerProdEnc,1477.0,1475.0,1480.0,5.0,180.09,10000,block-16-mlkem-sve-768.csv
16,mlkem_sve,ML-KEM-768,InnerProdDec,4389.0,4374.0,4620.0,246.0,420.17,10000,block-16-mlkem-sve-768.csv
17,kyber_neon,Kyber-1024,KeyGen,32134.0,31570.0,35516.0,3946.0,3364.74,10000,block-17-kyber-neon-1024.csv
17,kyber_neon,Kyber-1024,Encaps,44910.0,43593.0,48483.0,4890.0,5363.59,10000,block-17-kyber-neon-1024.csv
17,kyber_neon,Kyber-1024,Decaps,42845.0,38710.0,43219.0,4509.0,5129.0,10000,block-17-kyber-neon-1024.csv
17,kyber_neon,Kyber-1024,NTT,285.0,257.0,287.0,30.0,18.29,10000,block-17-kyber-neon-1024.csv
17,kyber_neon,Kyber-1024,INVNTT,285.0,283.0,287.0,4.0,38.37,10000,block-17-kyber-neon-1024.csv
17,kyber_neon,Kyber-1024,BaseMulAcc,507.0,458.0,509.0,51.0,33.76,10000,block-17-kyber-neon-1024.csv
17,kyber_neon,Kyber-1024,MatrixVectorMul,3707.0,3472.0,3717.0,245.0,225.03,10000,block-17-kyber-neon-1024.csv
17,kyber_neon,Kyber-1024,InnerProdEnc,725.0,655.0,727.0,72.0,64.93,10000,block-17-kyber-neon-1024.csv
17,kyber_neon,Kyber-1024,InnerProdDec,1888.0,1706.0,1894.0,188.0,135.84,10000,block-17-kyber-neon-1024.csv
17,kyber_neon,Kyber-512,KeyGen,13904.0,13715.0,15037.0,1322.0,1633.31,10000,block-17-kyber-neon-512.csv
17,kyber_neon,Kyber-512,Encaps,21048.0,20859.0,23114.0,2255.0,2609.09,10000,block-17-kyber-neon-512.csv
17,kyber_neon,Kyber-512,Decaps,18040.0,17666.0,19731.0,2065.0,2007.98,10000,block-17-kyber-neon-512.csv
17,kyber_neon,Kyber-512,NTT,285.0,257.0,287.0,30.0,40.37,10000,block-17-kyber-neon-512.csv
17,kyber_neon,Kyber-512,INVNTT,285.0,283.0,285.0,2.0,46.49,10000,block-17-kyber-neon-512.csv
17,kyber_neon,Kyber-512,BaseMulAcc,274.0,246.0,276.0,30.0,49.17,10000,block-17-kyber-neon-512.csv
17,kyber_neon,Kyber-512,MatrixVectorMul,1570.0,1484.0,1574.0,90.0,90.07,10000,block-17-kyber-neon-512.csv
17,kyber_neon,Kyber-512,InnerProdEnc,511.0,484.0,513.0,29.0,63.44,10000,block-17-kyber-neon-512.csv
17,kyber_neon,Kyber-512,InnerProdDec,1071.0,1063.0,1073.0,10.0,71.65,10000,block-17-kyber-neon-512.csv
17,kyber_neon,Kyber-768,KeyGen,22550.0,21986.0,24431.0,2445.0,1702.03,10000,block-17-kyber-neon-768.csv
17,kyber_neon,Kyber-768,Encaps,34578.0,31759.0,34768.0,3009.0,1788.99,10000,block-17-kyber-neon-768.csv
17,kyber_neon,Kyber-768,Decaps,30064.0,27245.0,30253.0,3008.0,1821.26,10000,block-17-kyber-neon-768.csv
17,kyber_neon,Kyber-768,NTT,287.0,285.0,287.0,2.0,13.3,10000,block-17-kyber-neon-768.csv
17,kyber_neon,Kyber-768,INVNTT,285.0,264.0,287.0,23.0,18.67,10000,block-17-kyber-neon-768.csv
17,kyber_neon,Kyber-768,BaseMulAcc,390.0,390.0,392.0,2.0,16.66,10000,block-17-kyber-neon-768.csv
17,kyber_neon,Kyber-768,MatrixVectorMul,2566.0,2442.0,2585.0,143.0,185.19,10000,block-17-kyber-neon-768.csv
17,kyber_neon,Kyber-768,InnerProdEnc,616.0,614.0,618.0,4.0,35.14,10000,block-17-kyber-neon-768.csv
17,kyber_neon,Kyber-768,InnerProdDec,1469.0,1465.0,1471.0,6.0,61.81,10000,block-17-kyber-neon-768.csv
17,kyber_ref,Kyber-1024,KeyGen,156533.0,142629.0,157850.0,15221.0,9654.18,10000,block-17-kyber-ref-1024.csv
17,kyber_ref,Kyber-1024,Encaps,173071.0,162734.0,173635.0,10901.0,12711.43,10000,block-17-kyber-ref-1024.csv
17,kyber_ref,Kyber-1024,Decaps,196000.0,177018.0,196749.0,19731.0,15771.35,10000,block-17-kyber-ref-1024.csv
17,kyber_ref,Kyber-1024,NTT,3598.0,3335.0,3611.0,276.0,240.34,10000,block-17-kyber-ref-1024.csv
17,kyber_ref,Kyber-1024,INVNTT,5712.0,5372.0,5722.0,350.0,403.24,10000,block-17-kyber-ref-1024.csv
17,kyber_ref,Kyber-1024,BaseMulAcc,9123.0,8854.0,9236.0,382.0,366.88,10000,block-17-kyber-ref-1024.csv
17,kyber_ref,Kyber-1024,MatrixVectorMul,77006.0,76405.0,77626.0,1221.0,2684.18,10000,block-17-kyber-ref-1024.csv
17,kyber_ref,Kyber-1024,InnerProdEnc,15008.0,14779.0,15266.0,487.0,869.75,10000,block-17-kyber-ref-1024.csv
17,kyber_ref,Kyber-1024,InnerProdDec,28813.0,28552.0,28982.0,430.0,867.94,10000,block-17-kyber-ref-1024.csv
17,kyber_ref,Kyber-512,KeyGen,57502.0,52803.0,58066.0,5263.0,4700.67,10000,block-17-kyber-ref-512.csv
17,kyber_ref,Kyber-512,Encaps,75353.0,69156.0,75732.0,6576.0,6814.75,10000,block-17-kyber-ref-512.csv
17,kyber_ref,Kyber-512,Decaps,90011.0,82307.0,90390.0,8083.0,7319.35,10000,block-17-kyber-ref-512.csv
17,kyber_ref,Kyber-512,NTT,3596.0,3423.0,3602.0,179.0,168.45,10000,block-17-kyber-ref-512.csv
17,kyber_ref,Kyber-512,INVNTT,5645.0,5417.0,5660.0,243.0,334.39,10000,block-17-kyber-ref-512.csv
17,kyber_ref,Kyber-512,BaseMulAcc,5103.0,4835.0,5113.0,278.0,279.53,10000,block-17-kyber-ref-512.csv
17,kyber_ref,Kyber-512,MatrixVectorMul,29833.0,29527.0,30064.0,537.0,956.0,10000,block-17-kyber-ref-512.csv
17,kyber_ref,Kyber-512,InnerProdEnc,10587.0,10312.0,10750.0,438.0,432.14,10000,block-17-kyber-ref-512.csv
17,kyber_ref,Kyber-512,InnerProdDec,17549.0,17425.0,17767.0,342.0,516.71,10000,block-17-kyber-ref-512.csv
17,kyber_ref,Kyber-768,KeyGen,99968.0,97154.0,100537.0,3383.0,5352.65,10000,block-17-kyber-ref-768.csv
17,kyber_ref,Kyber-768,Encaps,117444.0,116881.0,117823.0,942.0,6005.42,10000,block-17-kyber-ref-768.csv
17,kyber_ref,Kyber-768,Decaps,136238.0,128160.0,136612.0,8452.0,7073.04,10000,block-17-kyber-ref-768.csv
17,kyber_ref,Kyber-768,NTT,3634.0,3500.0,3639.0,139.0,138.59,10000,block-17-kyber-ref-768.csv
17,kyber_ref,Kyber-768,INVNTT,5644.0,5492.0,5654.0,162.0,161.4,10000,block-17-kyber-ref-768.csv
17,kyber_ref,Kyber-768,BaseMulAcc,6958.0,6802.0,6966.0,164.0,161.29,10000,block-17-kyber-ref-768.csv
17,kyber_ref,Kyber-768,MatrixVectorMul,50658.0,50365.0,50882.0,517.0,907.97,10000,block-17-kyber-ref-768.csv
17,kyber_ref,Kyber-768,InnerProdEnc,12639.0,12419.0,12881.0,462.0,369.85,10000,block-17-kyber-ref-768.csv
17,kyber_ref,Kyber-768,InnerProdDec,23211.0,23002.0,23247.0,245.0,1318.48,10000,block-17-kyber-ref-768.csv
17,kyber_sme,Kyber-1024,KeyGen,62576.0,60885.0,64267.0,3382.0,3147.81,10000,block-17-kyber-sme-1024.csv
17,kyber_sme,Kyber-1024,Encaps,74789.0,69152.0,75732.0,6580.0,5172.72,10000,block-17-kyber-sme-1024.csv
17,kyber_sme,Kyber-1024,Decaps,76480.0,74415.0,76859.0,2444.0,3151.8,10000,block-17-kyber-sme-1024.csv
17,kyber_sme,Kyber-1024,NTT,1185.0,1180.0,1187.0,7.0,70.13,10000,block-17-kyber-sme-1024.csv
17,kyber_sme,Kyber-1024,INVNTT,1089.0,1088.0,1097.0,9.0,72.61,10000,block-17-kyber-sme-1024.csv
17,kyber_sme,Kyber-1024,BaseMulAcc,1409.0,1407.0,1411.0,4.0,52.92,10000,block-17-kyber-sme-1024.csv
17,kyber_sme,Kyber-1024,MatrixVectorMul,10728.0,10707.0,10914.0,207.0,523.46,10000,block-17-kyber-sme-1024.csv
17,kyber_sme,Kyber-1024,InnerProdEnc,2033.0,2031.0,2067.0,36.0,83.6,10000,block-17-kyber-sme-1024.csv
17,kyber_sme,Kyber-1024,InnerProdDec,5122.0,5092.0,5141.0,49.0,218.99,10000,block-17-kyber-sme-1024.csv
17,kyber_sme,Kyber-512,KeyGen,28751.0,28562.0,28941.0,379.0,1459.98,10000,block-17-kyber-sme-512.csv
17,kyber_sme,Kyber-512,Encaps,37582.0,37392.0,37771.0,379.0,1404.5,10000,block-17-kyber-sme-512.csv
17,kyber_sme,Kyber-512,Decaps,37961.0,37771.0,38335.0,564.0,3811.39,10000,block-17-kyber-sme-512.csv
17,kyber_sme,Kyber-512,NTT,1176.0,1172.0,1191.0,19.0,98.19,10000,block-17-kyber-sme-512.csv
17,kyber_sme,Kyber-512,INVNTT,1074.0,1073.0,1074.0,1.0,107.34,10000,block-17-kyber-sme-512.csv
17,kyber_sme,Kyber-512,BaseMulAcc,751.0,749.0,753.0,4.0,111.38,10000,block-17-kyber-sme-512.csv
17,kyber_sme,Kyber-512,MatrixVectorMul,4707.0,4694.0,4726.0,32.0,180.5,10000,block-17-kyber-sme-512.csv
17,kyber_sme,Kyber-512,InnerProdEnc,1379.0,1377.0,1379.0,2.0,37.14,10000,block-17-kyber-sme-512.csv
17,kyber_sme,Kyber-512,InnerProdDec,3675.0,3658.0,3683.0,25.0,145.35,10000,block-17-kyber-sme-512.csv
17,kyber_sme,Kyber-768,KeyGen,41717.0,40026.0,42282.0,2256.0,2471.85,10000,block-17-kyber-sme-768.csv
17,kyber_sme,Kyber-768,Encaps,52992.0,49989.0,55627.0,5638.0,2764.44,10000,block-17-kyber-sme-768.csv
17,kyber_sme,Kyber-768,Decaps,54494.0,54305.0,54684.0,379.0,1064.18,10000,block-17-kyber-sme-768.csv
17,kyber_sme,Kyber-768,NTT,1202.0,1200.0,1204.0,4.0,81.08,10000,block-17-kyber-sme-768.csv
17,kyber_sme,Kyber-768,INVNTT,1097.0,1095.0,1097.0,2.0,48.66,10000,block-17-kyber-sme-768.csv
17,kyber_sme,Kyber-768,BaseMulAcc,1093.0,1091.0,1093.0,2.0,27.33,10000,block-17-kyber-sme-768.csv
17,kyber_sme,Kyber-768,MatrixVectorMul,7261.0,7253.0,7278.0,25.0,92.73,10000,block-17-kyber-sme-768.csv
17,kyber_sme,Kyber-768,InnerProdEnc,1708.0,1708.0,1710.0,2.0,21.26,10000,block-17-kyber-sme-768.csv
17,kyber_sme,Kyber-768,InnerProdDec,4290.0,4282.0,4299.0,17.0,64.97,10000,block-17-kyber-sme-768.csv
17,kyber_sve,Kyber-1024,KeyGen,61638.0,59942.0,62387.0,2445.0,12986.76,10000,block-17-kyber-sve-1024.csv
17,kyber_sve,Kyber-1024,Encaps,75917.0,69716.0,76481.0,6765.0,9392.16,10000,block-17-kyber-sve-1024.csv
17,kyber_sve,Kyber-1024,Decaps,74415.0,73287.0,74979.0,1692.0,9563.07,10000,block-17-kyber-sve-1024.csv
17,kyber_sve,Kyber-1024,NTT,1063.0,1054.0,1114.0,60.0,171.39,10000,block-17-kyber-sve-1024.csv
17,kyber_sve,Kyber-1024,INVNTT,1118.0,1106.0,1165.0,59.0,159.6,10000,block-17-kyber-sve-1024.csv
17,kyber_sve,Kyber-1024,BaseMulAcc,1416.0,1413.0,1473.0,60.0,194.45,10000,block-17-kyber-sve-1024.csv
17,kyber_sve,Kyber-1024,MatrixVectorMul,10510.0,10301.0,10874.0,573.0,633.57,10000,block-17-kyber-sve-1024.csv
17,kyber_sve,Kyber-1024,InnerProdEnc,1984.0,1980.0,2068.0,88.0,213.95,10000,block-17-kyber-sve-1024.csv
17,kyber_sve,Kyber-1024,InnerProdDec,4519.0,4485.0,4759.0,274.0,405.48,10000,block-17-kyber-sve-1024.csv
17,kyber_sve,Kyber-512,KeyGen,27624.0,27435.0,27814.0,379.0,6433.01,10000,block-17-kyber-sve-512.csv
17,kyber_sve,Kyber-512,Encaps,37397.0,37207.0,37771.0,564.0,9624.24,10000,block-17-kyber-sve-512.csv
17,kyber_sve,Kyber-512,Decaps,35891.0,35701.0,36080.0,379.0,6298.89,10000,block-17-kyber-sve-512.csv
17,kyber_sve,Kyber-512,NTT,1057.0,1048.0,1061.0,13.0,142.49,10000,block-17-kyber-sve-512.csv
17,kyber_sve,Kyber-512,INVNTT,1120.0,1114.0,1123.0,9.0,196.03,10000,block-17-kyber-sve-512.csv
17,kyber_sve,Kyber-512,BaseMulAcc,751.0,749.0,753.0,4.0,105.31,10000,block-17-kyber-sve-512.csv
17,kyber_sve,Kyber-512,MatrixVectorMul,4532.0,4470.0,4714.0,244.0,1165.51,10000,block-17-kyber-sve-512.csv
17,kyber_sve,Kyber-512,InnerProdEnc,1319.0,1319.0,1322.0,3.0,165.03,10000,block-17-kyber-sve-512.csv
17,kyber_sve,Kyber-512,InnerProdDec,3365.0,3344.0,3549.0,205.0,345.01,10000,block-17-kyber-sve-512.csv
17,kyber_sve,Kyber-768,KeyGen,42845.0,41907.0,44162.0,2255.0,8971.23,10000,block-17-kyber-sve-768.csv
17,kyber_sve,Kyber-768,Encaps,51865.0,48857.0,54120.0,5263.0,8475.94,10000,block-17-kyber-sve-768.csv
17,kyber_sve,Kyber-768,Decaps,54684.0,54310.0,55058.0,748.0,11395.65,10000,block-17-kyber-sve-768.csv
17,kyber_sve,Kyber-768,NTT,1071.0,1059.0,1074.0,15.0,135.91,10000,block-17-kyber-sve-768.csv
17,kyber_sve,Kyber-768,INVNTT,1131.0,1129.0,1151.0,22.0,192.69,10000,block-17-kyber-sve-768.csv
17,kyber_sve,Kyber-768,BaseMulAcc,1093.0,1091.0,1097.0,6.0,133.81,10000,block-17-kyber-sve-768.csv
17,kyber_sve,Kyber-768,MatrixVectorMul,7120.0,6984.0,7424.0,440.0,810.54,10000,block-17-kyber-sve-768.csv
17,kyber_sve,Kyber-768,InnerProdEnc,1657.0,1655.0,1687.0,32.0,213.42,10000,block-17-kyber-sve-768.csv
17,kyber_sve,Kyber-768,InnerProdDec,3807.0,3795.0,4006.0,211.0,340.43,10000,block-17-kyber-sve-768.csv
17,mlkem_neon,ML-KEM-1024,KeyGen,59758.0,54309.0,60321.0,6012.0,4758.13,10000,block-17-mlkem-neon-1024.csv
17,mlkem_neon,ML-KEM-1024,Encaps,64457.0,58445.0,65021.0,6576.0,7766.99,10000,block-17-mlkem-neon-1024.csv
17,mlkem_neon,ML-KEM-1024,Decaps,76106.0,69157.0,76670.0,7513.0,8990.95,10000,block-17-mlkem-neon-1024.csv
17,mlkem_neon,ML-KEM-1024,NTT,223.0,219.0,227.0,8.0,33.59,10000,block-17-mlkem-neon-1024.csv
17,mlkem_neon,ML-KEM-1024,INVNTT,257.0,236.0,259.0,23.0,30.1,10000,block-17-mlkem-neon-1024.csv
17,mlkem_neon,ML-KEM-1024,BaseMulAcc,281.0,278.0,283.0,5.0,36.75,10000,block-17-mlkem-neon-1024.csv
17,mlkem_neon,ML-KEM-1024,MatrixVectorMul,3226.0,3102.0,3237.0,135.0,221.95,10000,block-17-mlkem-neon-1024.csv
17,mlkem_neon,ML-KEM-1024,InnerProdEnc,533.0,529.0,537.0,8.0,42.13,10000,block-17-mlkem-neon-1024.csv
17,mlkem_neon,ML-KEM-1024,InnerProdDec,1514.0,1456.0,1529.0,73.0,140.98,10000,block-17-mlkem-neon-1024.csv
17,mlkem_neon,ML-KEM-512,KeyGen,23488.0,21423.0,23678.0,2255.0,2424.29,10000,block-17-mlkem-neon-512.csv
17,mlkem_neon,ML-KEM-512,Encaps,26875.0,26497.0,27244.0,747.0,2185.34,10000,block-17-mlkem-neon-512.csv
17,mlkem_neon,ML-KEM-512,Decaps,32887.0,30064.0,33451.0,3387.0,19452.86,10000,block-17-mlkem-neon-512.csv
17,mlkem_neon,ML-KEM-512,NTT,223.0,208.0,225.0,17.0,22.88,10000,block-17-mlkem-neon-512.csv
17,mlkem_neon,ML-KEM-512,INVNTT,257.0,257.0,259.0,2.0,29.37,10000,block-17-mlkem-neon-512.csv
17,mlkem_neon,ML-KEM-512,BaseMulAcc,163.0,148.0,163.0,15.0,20.82,10000,block-17-mlkem-neon-512.csv
17,mlkem_neon,ML-KEM-512,MatrixVectorMul,1369.0,1366.0,1373.0,7.0,86.5,10000,block-17-mlkem-neon-512.csv
17,mlkem_neon,ML-KEM-512,InnerProdEnc,420.0,419.0,420.0,1.0,37.52,10000,block-17-mlkem-neon-512.csv
17,mlkem_neon,ML-KEM-512,InnerProdDec,892.0,886.0,894.0,8.0,97.27,10000,block-17-mlkem-neon-512.csv
17,mlkem_neon,ML-KEM-768,KeyGen,40590.0,40400.0,40965.0,565.0,2497.85,10000,block-17-mlkem-neon-768.csv
17,mlkem_neon,ML-KEM-768,Encaps,43598.0,43409.0,43972.0,563.0,2913.57,10000,block-17-mlkem-neon-768.csv
17,mlkem_neon,ML-KEM-768,Decaps,51865.0,51301.0,52240.0,939.0,3131.2,10000,block-17-mlkem-neon-768.csv
17,mlkem_neon,ML-KEM-768,NTT,223.0,221.0,225.0,4.0,12.35,10000,block-17-mlkem-neon-768.csv
17,mlkem_neon,ML-KEM-768,INVNTT,257.0,257.0,259.0,2.0,9.47,10000,block-17-mlkem-neon-768.csv
17,mlkem_neon,ML-KEM-768,BaseMulAcc,219.0,219.0,221.0,2.0,10.77,10000,block-17-mlkem-neon-768.csv
17,mlkem_neon,ML-KEM-768,MatrixVectorMul,2234.0,2194.0,2238.0,44.0,100.82,10000,block-17-mlkem-neon-768.csv
17,mlkem_neon,ML-KEM-768,InnerProdEnc,477.0,475.0,477.0,2.0,33.28,10000,block-17-mlkem-neon-768.csv
17,mlkem_neon,ML-KEM-768,InnerProdDec,1197.0,1191.0,1200.0,9.0,38.22,10000,block-17-mlkem-neon-768.csv
17,mlkem_ref,ML-KEM-1024,KeyGen,76296.0,69341.0,77044.0,7703.0,6867.35,10000,block-17-mlkem-ref-1024.csv
17,mlkem_ref,ML-KEM-1024,Encaps,83435.0,75542.0,84184.0,8642.0,12692.44,10000,block-17-mlkem-ref-1024.csv
17,mlkem_ref,ML-KEM-1024,Decaps,94525.0,89262.0,95084.0,5822.0,8748.2,10000,block-17-mlkem-ref-1024.csv
17,mlkem_ref,ML-KEM-1024,NTT,520.0,518.0,522.0,4.0,67.7,10000,block-17-mlkem-ref-1024.csv
17,mlkem_ref,ML-KEM-1024,INVNTT,886.0,873.0,886.0,13.0,86.82,10000,block-17-mlkem-ref-1024.csv
17,mlkem_ref,ML-KEM-1024,BaseMulAcc,311.0,310.0,311.0,1.0,43.16,10000,block-17-mlkem-ref-1024.csv
17,mlkem_ref,ML-KEM-1024,MatrixVectorMul,7646.0,7358.0,7678.0,320.0,355.01,10000,block-17-mlkem-ref-1024.csv
17,mlkem_ref,ML-KEM-1024,InnerProdEnc,1195.0,1097.0,1197.0,100.0,123.73,10000,block-17-mlkem-ref-1024.csv
17,mlkem_ref,ML-KEM-1024,InnerProdDec,3623.0,3530.0,3630.0,100.0,247.91,10000,block-17-mlkem-ref-1024.csv
17,mlkem_ref,ML-KEM-512,KeyGen,29878.0,27434.0,30068.0,2634.0,2580.19,10000,block-17-mlkem-ref-512.csv
17,mlkem_ref,ML-KEM-512,Encaps,35142.0,32508.0,35517.0,3009.0,4344.05,10000,block-17-mlkem-ref-512.csv
17,mlkem_ref,ML-KEM-512,Decaps,41717.0,38335.0,42282.0,3947.0,4920.69,10000,block-17-mlkem-ref-512.csv
17,mlkem_ref,ML-KEM-512,NTT,520.0,518.0,528.0,10.0,43.7,10000,block-17-mlkem-ref-512.csv
17,mlkem_ref,ML-KEM-512,INVNTT,886.0,839.0,886.0,47.0,66.15,10000,block-17-mlkem-ref-512.csv
17,mlkem_ref,ML-KEM-512,BaseMulAcc,189.0,189.0,189.0,0.0,34.4,10000,block-17-mlkem-ref-512.csv
17,mlkem_ref,ML-KEM-512,MatrixVectorMul,3566.0,3442.0,3585.0,143.0,180.69,10000,block-17-mlkem-ref-512.csv
17,mlkem_ref,ML-KEM-512,InnerProdEnc,1076.0,1065.0,1078.0,13.0,51.81,10000,block-17-mlkem-ref-512.csv
17,mlkem_ref,ML-KEM-512,InnerProdDec,2273.0,2262.0,2279.0,17.0,156.91,10000,block-17-mlkem-ref-512.csv
17,mlkem_ref,ML-KEM-768,KeyGen,52050.0,51676.0,52244.0,568.0,2389.76,10000,block-17-mlkem-ref-768.csv
17,mlkem_ref,ML-KEM-768,Encaps,57318.0,56939.0,57692.0,753.0,2935.33,10000,block-17-mlkem-ref-768.csv
17,mlkem_ref,ML-KEM-768,Decaps,65580.0,63893.0,65774.0,1881.0,4260.45,10000,block-17-mlkem-ref-768.csv
17,mlkem_ref,ML-KEM-768,NTT,520.0,518.0,520.0,2.0,31.51,10000,block-17-mlkem-ref-768.csv
17,mlkem_ref,ML-KEM-768,INVNTT,886.0,881.0,886.0,5.0,46.81,10000,block-17-mlkem-ref-768.csv
17,mlkem_ref,ML-KEM-768,BaseMulAcc,246.0,246.0,248.0,2.0,8.96,10000,block-17-mlkem-ref-768.csv
17,mlkem_ref,ML-KEM-768,MatrixVectorMul,5552.0,5353.0,5560.0,207.0,991.09,10000,block-17-mlkem-ref-768.csv
17,mlkem_ref,ML-KEM-768,InnerProdEnc,1133.0,1131.0,1134.0,3.0,51.79,10000,block-17-mlkem-ref-768.csv
17,mlkem_ref,ML-KEM-768,InnerProdDec,2938.0,2935.0,2946.0,11.0,81.86,10000,block-17-mlkem-ref-768.csv
17,mlkem_sme,ML-KEM-1024,KeyGen,90763.0,80616.0,91517.0,10901.0,9982.99,10000,block-17-mlkem-sme-1024.csv
17,mlkem_sme,ML-KEM-1024,Encaps,102417.0,101849.0,102977.0,1128.0,9637.15,10000,block-17-mlkem-sme-1024.csv
17,mlkem_sme,ML-KEM-1024,Decaps,113124.0,112375.0,122524.0,10149.0,6801.55,10000,block-17-mlkem-sme-1024.csv
17,mlkem_sme,ML-KEM-1024,NTT,1150.0,1148.0,1163.0,15.0,77.26,10000,block-17-mlkem-sme-1024.csv
17,mlkem_sme,ML-KEM-1024,INVNTT,1072.0,1071.0,1073.0,2.0,72.53,10000,block-17-mlkem-sme-1024.csv
17,mlkem_sme,ML-KEM-1024,BaseMulAcc,1180.0,1180.0,1183.0,3.0,66.42,10000,block-17-mlkem-sme-1024.csv
17,mlkem_sme,ML-KEM-1024,MatrixVectorMul,12103.0,12005.0,12229.0,224.0,422.0,10000,block-17-mlkem-sme-1024.csv
17,mlkem_sme,ML-KEM-1024,InnerProdEnc,1794.0,1792.0,1796.0,4.0,74.28,10000,block-17-mlkem-sme-1024.csv
17,mlkem_sme,ML-KEM-1024,InnerProdDec,5351.0,5327.0,5481.0,154.0,198.65,10000,block-17-mlkem-sme-1024.csv
17,mlkem_sme,ML-KEM-512,KeyGen,36828.0,36459.0,37018.0,559.0,2410.88,10000,block-17-mlkem-sme-512.csv
17,mlkem_sme,ML-KEM-512,Encaps,43409.0,41154.0,43783.0,2629.0,2830.83,10000,block-17-mlkem-sme-512.csv
17,mlkem_sme,ML-KEM-512,Decaps,57503.0,57128.0,57877.0,749.0,3258.3,10000,block-17-mlkem-sme-512.csv
17,mlkem_sme,ML-KEM-512,NTT,1172.0,1155.0,1176.0,21.0,65.51,10000,block-17-mlkem-sme-512.csv
17,mlkem_sme,ML-KEM-512,INVNTT,1076.0,1076.0,1078.0,2.0,117.08,10000,block-17-mlkem-sme-512.csv
17,mlkem_sme,ML-KEM-512,BaseMulAcc,633.0,631.0,635.0,4.0,56.49,10000,block-17-mlkem-sme-512.csv
17,mlkem_sme,ML-KEM-512,MatrixVectorMul,5047.0,5034.0,5122.0,88.0,213.58,10000,block-17-mlkem-sme-512.csv
17,mlkem_sme,ML-KEM-512,InnerProdEnc,1255.0,1253.0,1257.0,4.0,55.34,10000,block-17-mlkem-sme-512.csv
17,mlkem_sme,ML-KEM-512,InnerProdDec,3442.0,3433.0,3448.0,15.0,136.14,10000,block-17-mlkem-sme-512.csv
17,mlkem_sme,ML-KEM-768,KeyGen,61074.0,59758.0,61823.0,2065.0,1998.68,10000,block-17-mlkem-sme-768.csv
17,mlkem_sme,ML-KEM-768,Encaps,69905.0,66143.0,70654.0,4511.0,3752.26,10000,block-17-mlkem-sme-768.csv
17,mlkem_sme,ML-KEM-768,Decaps,83056.0,81934.0,86069.0,4135.0,2172.22,10000,block-17-mlkem-sme-768.csv
17,mlkem_sme,ML-KEM-768,NTT,1183.0,1163.0,1185.0,22.0,52.54,10000,block-17-mlkem-sme-768.csv
17,mlkem_sme,ML-KEM-768,INVNTT,1091.0,1089.0,1093.0,4.0,37.6,10000,block-17-mlkem-sme-768.csv
17,mlkem_sme,ML-KEM-768,BaseMulAcc,930.0,928.0,932.0,4.0,45.14,10000,block-17-mlkem-sme-768.csv
17,mlkem_sme,ML-KEM-768,MatrixVectorMul,8131.0,8108.0,8140.0,32.0,142.84,10000,block-17-mlkem-sme-768.csv
17,mlkem_sme,ML-KEM-768,InnerProdEnc,1525.0,1524.0,1527.0,3.0,27.55,10000,block-17-mlkem-sme-768.csv
17,mlkem_sme,ML-KEM-768,InnerProdDec,4923.0,4900.0,4938.0,38.0,88.29,10000,block-17-mlkem-sme-768.csv
17,mlkem_sve,ML-KEM-1024,KeyGen,91512.0,80995.0,92455.0,11460.0,10789.78,10000,block-17-mlkem-sve-1024.csv
17,mlkem_sve,ML-KEM-1024,Encaps,103356.0,102787.0,103920.0,1133.0,14363.63,10000,block-17-mlkem-sve-1024.csv
17,mlkem_sve,ML-KEM-1024,Decaps,121396.0,112187.0,123461.0,11274.0,12178.33,10000,block-17-mlkem-sve-1024.csv
17,mlkem_sve,ML-KEM-1024,NTT,1042.0,1037.0,1061.0,24.0,171.64,10000,block-17-mlkem-sve-1024.csv
17,mlkem_sve,ML-KEM-1024,INVNTT,1097.0,1078.0,1112.0,34.0,145.52,10000,block-17-mlkem-sve-1024.csv
17,mlkem_sve,ML-KEM-1024,BaseMulAcc,1181.0,1180.0,1185.0,5.0,127.37,10000,block-17-mlkem-sve-1024.csv
17,mlkem_sve,ML-KEM-1024,MatrixVectorMul,11928.0,11635.0,12302.0,667.0,1075.62,10000,block-17-mlkem-sve-1024.csv
17,mlkem_sve,ML-KEM-1024,InnerProdEnc,1753.0,1751.0,1787.0,36.0,136.59,10000,block-17-mlkem-sve-1024.csv
17,mlkem_sve,ML-KEM-1024,InnerProdDec,4684.0,4656.0,4919.0,263.0,346.06,10000,block-17-mlkem-sve-1024.csv
17,mlkem_sve,ML-KEM-512,KeyGen,36265.0,35895.0,36459.0,564.0,8412.7,10000,block-17-mlkem-sve-512.csv
17,mlkem_sve,ML-KEM-512,Encaps,44536.0,42281.0,44915.0,2634.0,6904.03,10000,block-17-mlkem-sve-512.csv
17,mlkem_sve,ML-KEM-512,Decaps,56375.0,55627.0,56754.0,1127.0,6356.29,10000,block-17-mlkem-sve-512.csv
17,mlkem_sve,ML-KEM-512,NTT,1027.0,1022.0,1037.0,15.0,119.25,10000,block-17-mlkem-sve-512.csv
17,mlkem_sve,ML-KEM-512,INVNTT,1089.0,1086.0,1093.0,7.0,118.65,10000,block-17-mlkem-sve-512.csv
17,mlkem_sve,ML-KEM-512,BaseMulAcc,633.0,631.0,635.0,4.0,82.21,10000,block-17-mlkem-sve-512.csv
17,mlkem_sve,ML-KEM-512,MatrixVectorMul,4496.0,4470.0,4718.0,248.0,329.89,10000,block-17-mlkem-sve-512.csv
17,mlkem_sve,ML-KEM-512,InnerProdEnc,1198.0,1198.0,1208.0,10.0,151.93,10000,block-17-mlkem-sve-512.csv
17,mlkem_sve,ML-KEM-512,InnerProdDec,2803.0,2784.0,2963.0,179.0,241.52,10000,block-17-mlkem-sve-512.csv
17,mlkem_sve,ML-KEM-768,KeyGen,61259.0,59757.0,61823.0,2066.0,10197.81,10000,block-17-mlkem-sve-768.csv
17,mlkem_sve,ML-KEM-768,Encaps,76486.0,70095.0,77233.0,7138.0,12616.06,10000,block-17-mlkem-sve-768.csv
17,mlkem_sve,ML-KEM-768,Decaps,83999.0,82307.0,86065.0,3758.0,10264.13,10000,block-17-mlkem-sve-768.csv
17,mlkem_sve,ML-KEM-768,NTT,1059.0,1052.0,1080.0,28.0,148.13,10000,block-17-mlkem-sve-768.csv
17,mlkem_sve,ML-KEM-768,INVNTT,1121.0,1118.0,1148.0,30.0,145.75,10000,block-17-mlkem-sve-768.csv
17,mlkem_sve,ML-KEM-768,BaseMulAcc,913.0,911.0,918.0,7.0,129.7,10000,block-17-mlkem-sve-768.csv
17,mlkem_sve,ML-KEM-768,MatrixVectorMul,7888.0,7708.0,8159.0,451.0,452.64,10000,block-17-mlkem-sve-768.csv
17,mlkem_sve,ML-KEM-768,InnerProdEnc,1477.0,1475.0,1501.0,26.0,144.19,10000,block-17-mlkem-sve-768.csv
17,mlkem_sve,ML-KEM-768,InnerProdDec,4402.0,4376.0,4688.0,312.0,352.85,10000,block-17-mlkem-sve-768.csv
18,kyber_neon,Kyber-1024,KeyGen,31760.0,31570.0,32508.0,938.0,5620.86,10000,block-18-kyber-neon-1024.csv
18,kyber_neon,Kyber-1024,Encaps,43783.0,43408.0,45100.0,1692.0,11386.73,10000,block-18-kyber-neon-1024.csv
18,kyber_neon,Kyber-1024,Decaps,39462.0,38709.0,43034.0,4325.0,5190.47,10000,block-18-kyber-neon-1024.csv
18,kyber_neon,Kyber-1024,NTT,287.0,274.0,289.0,15.0,30.16,10000,block-18-kyber-neon-1024.csv
18,kyber_neon,Kyber-1024,INVNTT,285.0,257.0,287.0,30.0,37.95,10000,block-18-kyber-neon-1024.csv
18,kyber_neon,Kyber-1024,BaseMulAcc,505.0,456.0,509.0,53.0,54.0,10000,block-18-kyber-neon-1024.csv
18,kyber_neon,Kyber-1024,MatrixVectorMul,3707.0,3414.0,3720.0,306.0,652.09,10000,block-18-kyber-neon-1024.csv
18,kyber_neon,Kyber-1024,InnerProdEnc,725.0,653.0,729.0,76.0,74.17,10000,block-18-kyber-neon-1024.csv
18,kyber_neon,Kyber-1024,InnerProdDec,1888.0,1698.0,1894.0,196.0,186.01,10000,block-18-kyber-neon-1024.csv
18,kyber_neon,Kyber-512,KeyGen,14094.0,13720.0,15406.0,1686.0,1570.71,10000,block-18-kyber-neon-512.csv
18,kyber_neon,Kyber-512,Encaps,23114.0,21048.0,23303.0,2255.0,1898.51,10000,block-18-kyber-neon-512.csv
18,kyber_neon,Kyber-512,Decaps,18230.0,18040.0,19731.0,1691.0,2397.03,10000,block-18-kyber-neon-512.csv
18,kyber_neon,Kyber-512,NTT,287.0,261.0,289.0,28.0,64.19,10000,block-18-kyber-neon-512.csv
18,kyber_neon,Kyber-512,INVNTT,285.0,259.0,291.0,32.0,110.18,10000,block-18-kyber-neon-512.csv
18,kyber_neon,Kyber-512,BaseMulAcc,274.0,251.0,276.0,25.0,44.24,10000,block-18-kyber-neon-512.csv
18,kyber_neon,Kyber-512,MatrixVectorMul,1570.0,1493.0,1574.0,81.0,121.77,10000,block-18-kyber-neon-512.csv
18,kyber_neon,Kyber-512,InnerProdEnc,513.0,511.0,514.0,3.0,50.49,10000,block-18-kyber-neon-512.csv
18,kyber_neon,Kyber-512,InnerProdDec,1071.0,1020.0,1074.0,54.0,83.67,10000,block-18-kyber-neon-512.csv
18,kyber_neon,Kyber-768,KeyGen,22361.0,21986.0,24431.0,2445.0,2024.98,10000,block-18-kyber-neon-768.csv
18,kyber_neon,Kyber-768,Encaps,34574.0,31381.0,34768.0,3387.0,2631.19,10000,block-18-kyber-neon-768.csv
18,kyber_neon,Kyber-768,Decaps,29879.0,27060.0,30253.0,3193.0,2353.93,10000,block-18-kyber-neon-768.csv
18,kyber_neon,Kyber-768,NTT,285.0,263.0,287.0,24.0,19.01,10000,block-18-kyber-neon-768.csv
18,kyber_neon,Kyber-768,INVNTT,285.0,283.0,285.0,2.0,11.84,10000,block-18-kyber-neon-768.csv
18,kyber_neon,Kyber-768,BaseMulAcc,388.0,387.0,390.0,3.0,19.38,10000,block-18-kyber-neon-768.csv
18,kyber_neon,Kyber-768,MatrixVectorMul,2565.0,2476.0,2570.0,94.0,112.1,10000,block-18-kyber-neon-768.csv
18,kyber_neon,Kyber-768,InnerProdEnc,616.0,614.0,618.0,4.0,39.57,10000,block-18-kyber-neon-768.csv
18,kyber_neon,Kyber-768,InnerProdDec,1469.0,1465.0,1471.0,6.0,58.66,10000,block-18-kyber-neon-768.csv
18,kyber_ref,Kyber-1024,KeyGen,156723.0,143941.0,158413.0,14472.0,46509.22,10000,block-18-kyber-ref-1024.csv
18,kyber_ref,Kyber-1024,Encaps,173071.0,167623.0,173819.0,6196.0,14782.5,10000,block-18-kyber-ref-1024.csv
18,kyber_ref,Kyber-1024,Decaps,196185.0,185664.0,196934.0,11270.0,13566.3,10000,block-18-kyber-ref-1024.csv
18,kyber_ref,Kyber-1024,NTT,3604.0,3367.0,3609.0,242.0,229.79,10000,block-18-kyber-ref-1024.csv
18,kyber_ref,Kyber-1024,INVNTT,5714.0,5477.0,5723.0,246.0,305.49,10000,block-18-kyber-ref-1024.csv
18,kyber_ref,Kyber-1024,BaseMulAcc,9176.0,8880.0,9239.0,359.0,438.91,10000,block-18-kyber-ref-1024.csv
18,kyber_ref,Kyber-1024,MatrixVectorMul,76948.0,76341.0,77630.0,1289.0,2077.18,10000,block-18-kyber-ref-1024.csv
18,kyber_ref,Kyber-1024,InnerProdEnc,15033.0,14805.0,15294.0,489.0,620.4,10000,block-18-kyber-ref-1024.csv
18,kyber_ref,Kyber-1024,InnerProdDec,28822.0,28527.0,28995.0,468.0,1021.85,10000,block-18-kyber-ref-1024.csv
18,kyber_ref,Kyber-512,KeyGen,57128.0,51865.0,57692.0,5827.0,3487.08,10000,block-18-kyber-ref-512.csv
18,kyber_ref,Kyber-512,Encaps,75358.0,68962.0,75732.0,6770.0,4076.9,10000,block-18-kyber-ref-512.csv
18,kyber_ref,Kyber-512,Decaps,90010.0,83814.0,90200.0,6386.0,4965.43,10000,block-18-kyber-ref-512.csv
18,kyber_ref,Kyber-512,NTT,3596.0,3376.0,3600.0,224.0,171.12,10000,block-18-kyber-ref-512.csv
18,kyber_ref,Kyber-512,INVNTT,5643.0,5380.0,5648.0,268.0,233.19,10000,block-18-kyber-ref-512.csv
18,kyber_ref,Kyber-512,BaseMulAcc,5101.0,4780.0,5105.0,325.0,276.95,10000,block-18-kyber-ref-512.csv
18,kyber_ref,Kyber-512,MatrixVectorMul,29705.0,29384.0,29927.0,543.0,807.41,10000,block-18-kyber-ref-512.csv
18,kyber_ref,Kyber-512,InnerProdEnc,10542.0,10275.0,10735.0,460.0,416.96,10000,block-18-kyber-ref-512.csv
18,kyber_ref,Kyber-512,InnerProdDec,17483.0,17297.0,17752.0,455.0,655.28,10000,block-18-kyber-ref-512.csv
18,kyber_ref,Kyber-768,KeyGen,99784.0,95463.0,100533.0,5070.0,4656.72,10000,block-18-kyber-ref-768.csv
18,kyber_ref,Kyber-768,Encaps,117260.0,116881.0,117639.0,758.0,4769.1,10000,block-18-kyber-ref-768.csv
18,kyber_ref,Kyber-768,Decaps,136054.0,133988.0,136612.0,2624.0,27494.66,10000,block-18-kyber-ref-768.csv
18,kyber_ref,Kyber-768,NTT,3632.0,3461.0,3638.0,177.0,154.43,10000,block-18-kyber-ref-768.csv
18,kyber_ref,Kyber-768,INVNTT,5645.0,5479.0,5652.0,173.0,188.39,10000,block-18-kyber-ref-768.csv
18,kyber_ref,Kyber-768,BaseMulAcc,6958.0,6813.0,6966.0,153.0,179.72,10000,block-18-kyber-ref-768.csv
18,kyber_ref,Kyber-768,MatrixVectorMul,50765.0,50478.0,50940.0,462.0,2040.29,10000,block-18-kyber-ref-768.csv
18,kyber_ref,Kyber-768,InnerProdEnc,12838.0,12631.0,13022.0,391.0,336.29,10000,block-18-kyber-ref-768.csv
18,kyber_ref,Kyber-768,InnerProdDec,23219.0,23023.0,23247.0,224.0,417.4,10000,block-18-kyber-ref-768.csv
18,kyber_sme,Kyber-1024,KeyGen,63519.0,61448.0,64453.0,3005.0,9625.95,10000,block-18-kyber-sme-1024.csv
18,kyber_sme,Kyber-1024,Encaps,74979.0,69341.0,75732.0,6391.0,8129.47,10000,block-18-kyber-sme-1024.csv
18,kyber_sme,Kyber-1024,Decaps,76481.0,74415.0,76860.0,2445.0,4719.44,10000,block-18-kyber-sme-1024.csv
18,kyber_sme,Kyber-1024,NTT,1172.0,1172.0,1178.0,6.0,84.33,10000,block-18-kyber-sme-1024.csv
18,kyber_sme,Kyber-1024,INVNTT,1093.0,1091.0,1095.0,4.0,78.11,10000,block-18-kyber-sme-1024.csv
18,kyber_sme,Kyber-1024,BaseMulAcc,1409.0,1407.0,1411.0,4.0,57.47,10000,block-18-kyber-sme-1024.csv
18,kyber_sme,Kyber-1024,MatrixVectorMul,10726.0,10705.0,10904.0,199.0,271.96,10000,block-18-kyber-sme-1024.csv
18,kyber_sme,Kyber-1024,InnerProdEnc,2031.0,2031.0,2035.0,4.0,108.75,10000,block-18-kyber-sme-1024.csv
18,kyber_sme,Kyber-1024,InnerProdDec,5122.0,5092.0,5130.0,38.0,146.03,10000,block-18-kyber-sme-1024.csv
18,kyber_sme,Kyber-512,KeyGen,28751.0,28561.0,28941.0,380.0,1890.07,10000,block-18-kyber-sme-512.csv
18,kyber_sme,Kyber-512,Encaps,37582.0,37393.0,37772.0,379.0,3000.55,10000,block-18-kyber-sme-512.csv
18,kyber_sme,Kyber-512,Decaps,37961.0,37771.0,38150.0,379.0,3161.2,10000,block-18-kyber-sme-512.csv
18,kyber_sme,Kyber-512,NTT,1176.0,1174.0,1178.0,4.0,65.51,10000,block-18-kyber-sme-512.csv
18,kyber_sme,Kyber-512,INVNTT,1080.0,1078.0,1080.0,2.0,59.76,10000,block-18-kyber-sme-512.csv
18,kyber_sme,Kyber-512,BaseMulAcc,747.0,746.0,747.0,1.0,27.47,10000,block-18-kyber-sme-512.csv
18,kyber_sme,Kyber-512,MatrixVectorMul,4711.0,4697.0,4739.0,42.0,163.39,10000,block-18-kyber-sme-512.csv
18,kyber_sme,Kyber-512,InnerProdEnc,1375.0,1375.0,1377.0,2.0,61.04,10000,block-18-kyber-sme-512.csv
18,kyber_sme,Kyber-512,InnerProdDec,3671.0,3660.0,3677.0,17.0,92.04,10000,block-18-kyber-sme-512.csv
18,kyber_sme,Kyber-768,KeyGen,41717.0,40026.0,42466.0,2440.0,1396.32,10000,block-18-kyber-sme-768.csv
18,kyber_sme,Kyber-768,Encaps,52618.0,49984.0,55621.0,5637.0,2752.23,10000,block-18-kyber-sme-768.csv
18,kyber_sme,Kyber-768,Decaps,54494.0,54120.0,54684.0,564.0,1294.74,10000,block-18-kyber-sme-768.csv
18,kyber_sme,Kyber-768,NTT,1185.0,1183.0,1185.0,2.0,42.7,10000,block-18-kyber-sme-768.csv
18,kyber_sme,Kyber-768,INVNTT,1104.0,1099.0,1106.0,7.0,37.26,10000,block-18-kyber-sme-768.csv
18,kyber_sme,Kyber-768,BaseMulAcc,1093.0,1091.0,1093.0,2.0,24.59,10000,block-18-kyber-sme-768.csv
18,kyber_sme,Kyber-768,MatrixVectorMul,7272.0,7253.0,7278.0,25.0,106.81,10000,block-18-kyber-sme-768.csv
18,kyber_sme,Kyber-768,InnerProdEnc,1708.0,1708.0,1710.0,2.0,28.32,10000,block-18-kyber-sme-768.csv
18,kyber_sme,Kyber-768,InnerProdDec,4293.0,4282.0,4299.0,17.0,69.55,10000,block-18-kyber-sme-768.csv
18,kyber_sve,Kyber-1024,KeyGen,61823.0,59758.0,62392.0,2634.0,16433.87,10000,block-18-kyber-sve-1024.csv
18,kyber_sve,Kyber-1024,Encaps,75917.0,69905.0,76485.0,6580.0,12263.09,10000,block-18-kyber-sve-1024.csv
18,kyber_sve,Kyber-1024,Decaps,74415.0,73287.0,74979.0,1692.0,10383.9,10000,block-18-kyber-sve-1024.csv
18,kyber_sve,Kyber-1024,NTT,1063.0,1059.0,1084.0,25.0,143.02,10000,block-18-kyber-sve-1024.csv
18,kyber_sve,Kyber-1024,INVNTT,1116.0,1104.0,1153.0,49.0,161.97,10000,block-18-kyber-sve-1024.csv
18,kyber_sve,Kyber-1024,BaseMulAcc,1409.0,1409.0,1426.0,17.0,149.6,10000,block-18-kyber-sve-1024.csv
18,kyber_sve,Kyber-1024,MatrixVectorMul,10594.0,10361.0,10942.0,581.0,1197.43,10000,block-18-kyber-sve-1024.csv
18,kyber_sve,Kyber-1024,InnerProdEnc,1976.0,1975.0,2067.0,92.0,289.21,10000,block-18-kyber-sve-1024.csv
18,kyber_sve,Kyber-1024,InnerProdDec,4568.0,4483.0,4716.0,233.0,324.59,10000,block-18-kyber-sve-1024.csv
18,kyber_sve,Kyber-512,KeyGen,27624.0,27435.0,27814.0,379.0,4362.19,10000,block-18-kyber-sve-512.csv
18,kyber_sve,Kyber-512,Encaps,37397.0,37208.0,37771.0,563.0,11017.36,10000,block-18-kyber-sve-512.csv
18,kyber_sve,Kyber-512,Decaps,35891.0,35701.0,36080.0,379.0,3734.11,10000,block-18-kyber-sve-512.csv
18,kyber_sve,Kyber-512,NTT,1056.0,1044.0,1061.0,17.0,120.15,10000,block-18-kyber-sve-512.csv
18,kyber_sve,Kyber-512,INVNTT,1121.0,1119.0,1142.0,23.0,148.85,10000,block-18-kyber-sve-512.csv
18,kyber_sve,Kyber-512,BaseMulAcc,751.0,749.0,755.0,6.0,82.47,10000,block-18-kyber-sve-512.csv
18,kyber_sve,Kyber-512,MatrixVectorMul,4506.0,4472.0,4703.0,231.0,365.32,10000,block-18-kyber-sve-512.csv
18,kyber_sve,Kyber-512,InnerProdEnc,1321.0,1319.0,1343.0,24.0,184.23,10000,block-18-kyber-sve-512.csv
18,kyber_sve,Kyber-512,InnerProdDec,3403.0,3354.0,3592.0,238.0,820.72,10000,block-18-kyber-sve-512.csv
18,kyber_sve,Kyber-768,KeyGen,42660.0,41717.0,43973.0,2256.0,6182.68,10000,block-18-kyber-sve-768.csv
18,kyber_sve,Kyber-768,Encaps,51865.0,48672.0,54120.0,5448.0,10330.22,10000,block-18-kyber-sve-768.csv
18,kyber_sve,Kyber-768,Decaps,54684.0,54494.0,55058.0,564.0,12747.12,10000,block-18-kyber-sve-768.csv
18,kyber_sve,Kyber-768,NTT,1067.0,1054.0,1074.0,20.0,112.59,10000,block-18-kyber-sve-768.csv
18,kyber_sve,Kyber-768,INVNTT,1133.0,1131.0,1153.0,22.0,149.6,10000,block-18-kyber-sve-768.csv
18,kyber_sve,Kyber-768,BaseMulAcc,1093.0,1093.0,1112.0,19.0,100.59,10000,block-18-kyber-sve-768.csv
18,kyber_sve,Kyber-768,MatrixVectorMul,7170.0,6981.0,7426.0,445.0,1015.55,10000,block-18-kyber-sve-768.csv
18,kyber_sve,Kyber-768,InnerProdEnc,1659.0,1657.0,1736.0,79.0,258.34,10000,block-18-kyber-sve-768.csv
18,kyber_sve,Kyber-768,InnerProdDec,3807.0,3795.0,3996.0,201.0,312.2,10000,block-18-kyber-sve-768.csv
18,mlkem_neon,ML-KEM-1024,KeyGen,59942.0,54494.0,60321.0,5827.0,5520.02,10000,block-18-mlkem-neon-1024.csv
18,mlkem_neon,ML-KEM-1024,Encaps,64646.0,62387.0,65205.0,2818.0,5827.57,10000,block-18-mlkem-neon-1024.csv
18,mlkem_neon,ML-KEM-1024,Decaps,76106.0,69152.0,76670.0,7518.0,7524.76,10000,block-18-mlkem-neon-1024.csv
18,mlkem_neon,ML-KEM-1024,NTT,223.0,217.0,225.0,8.0,63.72,10000,block-18-mlkem-neon-1024.csv
18,mlkem_neon,ML-KEM-1024,INVNTT,257.0,231.0,257.0,26.0,39.86,10000,block-18-mlkem-neon-1024.csv
18,mlkem_neon,ML-KEM-1024,BaseMulAcc,280.0,278.0,283.0,5.0,43.58,10000,block-18-mlkem-neon-1024.csv
18,mlkem_neon,ML-KEM-1024,MatrixVectorMul,3224.0,3064.0,3235.0,171.0,198.16,10000,block-18-mlkem-neon-1024.csv
18,mlkem_neon,ML-KEM-1024,InnerProdEnc,535.0,503.0,537.0,34.0,53.03,10000,block-18-mlkem-neon-1024.csv
18,mlkem_neon,ML-KEM-1024,InnerProdDec,1512.0,1486.0,1518.0,32.0,106.96,10000,block-18-mlkem-neon-1024.csv
18,mlkem_neon,ML-KEM-512,KeyGen,23303.0,21233.0,23678.0,2445.0,2467.39,10000,block-18-mlkem-neon-512.csv
18,mlkem_neon,ML-KEM-512,Encaps,26686.0,24242.0,27060.0,2818.0,2980.44,10000,block-18-mlkem-neon-512.csv
18,mlkem_neon,ML-KEM-512,Decaps,33072.0,30069.0,33446.0,3377.0,3013.81,10000,block-18-mlkem-neon-512.csv
18,mlkem_neon,ML-KEM-512,NTT,219.0,201.0,223.0,22.0,28.65,10000,block-18-mlkem-neon-512.csv
18,mlkem_neon,ML-KEM-512,INVNTT,257.0,255.0,259.0,4.0,40.6,10000,block-18-mlkem-neon-512.csv
18,mlkem_neon,ML-KEM-512,BaseMulAcc,163.0,155.0,163.0,8.0,30.82,10000,block-18-mlkem-neon-512.csv
18,mlkem_neon,ML-KEM-512,MatrixVectorMul,1369.0,1364.0,1375.0,11.0,101.41,10000,block-18-mlkem-neon-512.csv
18,mlkem_neon,ML-KEM-512,InnerProdEnc,419.0,415.0,420.0,5.0,52.7,10000,block-18-mlkem-neon-512.csv
18,mlkem_neon,ML-KEM-512,InnerProdDec,890.0,883.0,894.0,11.0,81.38,10000,block-18-mlkem-neon-512.csv
18,mlkem_neon,ML-KEM-768,KeyGen,40590.0,40216.0,40964.0,748.0,1679.12,10000,block-18-mlkem-neon-768.csv
18,mlkem_neon,ML-KEM-768,Encaps,43598.0,40780.0,43972.0,3192.0,2475.49,10000,block-18-mlkem-neon-768.csv
18,mlkem_neon,ML-KEM-768,Decaps,51865.0,51486.0,52240.0,754.0,3605.48,10000,block-18-mlkem-neon-768.csv
18,mlkem_neon,ML-KEM-768,NTT,223.0,221.0,225.0,4.0,20.96,10000,block-18-mlkem-neon-768.csv
18,mlkem_neon,ML-KEM-768,INVNTT,257.0,255.0,259.0,4.0,25.71,10000,block-18-mlkem-neon-768.csv
18,mlkem_neon,ML-KEM-768,BaseMulAcc,219.0,219.0,221.0,2.0,13.66,10000,block-18-mlkem-neon-768.csv
18,mlkem_neon,ML-KEM-768,MatrixVectorMul,2234.0,2223.0,2238.0,15.0,90.59,10000,block-18-mlkem-neon-768.csv
18,mlkem_neon,ML-KEM-768,InnerProdEnc,477.0,475.0,479.0,4.0,20.1,10000,block-18-mlkem-neon-768.csv
18,mlkem_neon,ML-KEM-768,InnerProdDec,1196.0,1191.0,1200.0,9.0,56.1,10000,block-18-mlkem-neon-768.csv
18,mlkem_ref,ML-KEM-1024,KeyGen,76670.0,70094.0,77233.0,7139.0,6072.31,10000,block-18-mlkem-ref-1024.csv
18,mlkem_ref,ML-KEM-1024,Encaps,83998.0,76296.0,84378.0,8082.0,8069.08,10000,block-18-mlkem-ref-1024.csv
18,mlkem_ref,ML-KEM-1024,Decaps,94900.0,86254.0,95463.0,9209.0,7772.89,10000,block-18-mlkem-ref-1024.csv
18,mlkem_ref,ML-KEM-1024,NTT,520.0,518.0,520.0,2.0,54.39,10000,block-18-mlkem-ref-1024.csv
18,mlkem_ref,ML-KEM-1024,INVNTT,886.0,849.0,886.0,37.0,75.96,10000,block-18-mlkem-ref-1024.csv
18,mlkem_ref,ML-KEM-1024,BaseMulAcc,311.0,310.0,311.0,1.0,40.05,10000,block-18-mlkem-ref-1024.csv
18,mlkem_ref,ML-KEM-1024,MatrixVectorMul,7642.0,7328.0,7678.0,350.0,386.5,10000,block-18-mlkem-ref-1024.csv
18,mlkem_ref,ML-KEM-1024,InnerProdEnc,1195.0,1151.0,1197.0,46.0,108.83,10000,block-18-mlkem-ref-1024.csv
18,mlkem_ref,ML-KEM-1024,InnerProdDec,3621.0,3519.0,3628.0,109.0,399.72,10000,block-18-mlkem-ref-1024.csv
18,mlkem_ref,ML-KEM-512,KeyGen,29689.0,26876.0,30064.0,3188.0,1745.99,10000,block-18-mlkem-ref-512.csv
18,mlkem_ref,ML-KEM-512,Encaps,35137.0,31760.0,35331.0,3571.0,2924.37,10000,block-18-mlkem-ref-512.csv
18,mlkem_ref,ML-KEM-512,Decaps,41902.0,38145.0,42281.0,4136.0,4797.58,10000,block-18-mlkem-ref-512.csv
18,mlkem_ref,ML-KEM-512,NTT,520.0,475.0,522.0,47.0,68.29,10000,block-18-mlkem-ref-512.csv
18,mlkem_ref,ML-KEM-512,INVNTT,886.0,851.0,886.0,35.0,47.84,10000,block-18-mlkem-ref-512.csv
18,mlkem_ref,ML-KEM-512,BaseMulAcc,189.0,171.0,189.0,18.0,14.37,10000,block-18-mlkem-ref-512.csv
18,mlkem_ref,ML-KEM-512,MatrixVectorMul,3568.0,3467.0,3587.0,120.0,186.55,10000,block-18-mlkem-ref-512.csv
18,mlkem_ref,ML-KEM-512,InnerProdEnc,1074.0,1044.0,1076.0,32.0,67.29,10000,block-18-mlkem-ref-512.csv
18,mlkem_ref,ML-KEM-512,InnerProdDec,2273.0,2253.0,2279.0,26.0,122.68,10000,block-18-mlkem-ref-512.csv
18,mlkem_ref,ML-KEM-768,KeyGen,51865.0,47544.0,52244.0,4700.0,4427.0,10000,block-18-mlkem-ref-768.csv
18,mlkem_ref,ML-KEM-768,Encaps,52992.0,51676.0,57877.0,6201.0,28985.66,10000,block-18-mlkem-ref-768.csv
18,mlkem_ref,ML-KEM-768,Decaps,59194.0,58819.0,65395.0,6576.0,10237.16,10000,block-18-mlkem-ref-768.csv
18,mlkem_ref,ML-KEM-768,NTT,520.0,518.0,522.0,4.0,20.58,10000,block-18-mlkem-ref-768.csv
18,mlkem_ref,ML-KEM-768,INVNTT,886.0,855.0,886.0,31.0,51.94,10000,block-18-mlkem-ref-768.csv
18,mlkem_ref,ML-KEM-768,BaseMulAcc,246.0,246.0,248.0,2.0,11.75,10000,block-18-mlkem-ref-768.csv
18,mlkem_ref,ML-KEM-768,MatrixVectorMul,5551.0,5314.0,5560.0,246.0,341.72,10000,block-18-mlkem-ref-768.csv
18,mlkem_ref,ML-KEM-768,InnerProdEnc,1133.0,1131.0,1133.0,2.0,41.48,10000,block-18-mlkem-ref-768.csv
18,mlkem_ref,ML-KEM-768,InnerProdDec,2937.0,2935.0,2946.0,11.0,83.45,10000,block-18-mlkem-ref-768.csv
18,mlkem_sme,ML-KEM-1024,KeyGen,90390.0,80238.0,91143.0,10905.0,6067.71,10000,block-18-mlkem-sme-1024.csv
18,mlkem_sme,ML-KEM-1024,Encaps,102413.0,101849.0,102792.0,943.0,5984.59,10000,block-18-mlkem-sme-1024.csv
18,mlkem_sme,ML-KEM-1024,Decaps,112750.0,112186.0,122144.0,9958.0,5579.73,10000,block-18-mlkem-sme-1024.csv
18,mlkem_sme,ML-KEM-1024,NTT,1155.0,1153.0,1155.0,2.0,58.21,10000,block-18-mlkem-sme-1024.csv
18,mlkem_sme,ML-KEM-1024,INVNTT,1073.0,1072.0,1076.0,4.0,61.63,10000,block-18-mlkem-sme-1024.csv
18,mlkem_sme,ML-KEM-1024,BaseMulAcc,1181.0,1180.0,1183.0,3.0,82.27,10000,block-18-mlkem-sme-1024.csv
18,mlkem_sme,ML-KEM-1024,MatrixVectorMul,12098.0,12007.0,12207.0,200.0,230.06,10000,block-18-mlkem-sme-1024.csv
18,mlkem_sme,ML-KEM-1024,InnerProdEnc,1794.0,1794.0,1796.0,2.0,40.92,10000,block-18-mlkem-sme-1024.csv
18,mlkem_sme,ML-KEM-1024,InnerProdDec,5348.0,5321.0,5361.0,40.0,136.21,10000,block-18-mlkem-sme-1024.csv
18,mlkem_sme,ML-KEM-512,KeyGen,36828.0,36459.0,37018.0,559.0,1172.36,10000,block-18-mlkem-sme-512.csv
18,mlkem_sme,ML-KEM-512,Encaps,43409.0,41338.0,43783.0,2445.0,2374.59,10000,block-18-mlkem-sme-512.csv
18,mlkem_sme,ML-KEM-512,Decaps,57502.0,56938.0,57692.0,754.0,2949.14,10000,block-18-mlkem-sme-512.csv
18,mlkem_sme,ML-KEM-512,NTT,1174.0,1172.0,1176.0,4.0,124.97,10000,block-18-mlkem-sme-512.csv
18,mlkem_sme,ML-KEM-512,INVNTT,1078.0,1076.0,1078.0,2.0,72.45,10000,block-18-mlkem-sme-512.csv
18,mlkem_sme,ML-KEM-512,BaseMulAcc,631.0,631.0,631.0,0.0,25.53,10000,block-18-mlkem-sme-512.csv
18,mlkem_sme,ML-KEM-512,MatrixVectorMul,5053.0,5038.0,5060.0,22.0,190.1,10000,block-18-mlkem-sme-512.csv
18,mlkem_sme,ML-KEM-512,InnerProdEnc,1251.0,1249.0,1253.0,4.0,38.34,10000,block-18-mlkem-sme-512.csv
18,mlkem_sme,ML-KEM-512,InnerProdDec,3442.0,3433.0,3448.0,15.0,102.83,10000,block-18-mlkem-sme-512.csv
18,mlkem_sme,ML-KEM-768,KeyGen,60885.0,59758.0,61823.0,2065.0,2590.75,10000,block-18-mlkem-sme-768.csv
18,mlkem_sme,ML-KEM-768,Encaps,69716.0,66143.0,70654.0,4511.0,2545.18,10000,block-18-mlkem-sme-768.csv
18,mlkem_sme,ML-KEM-768,Decaps,83060.0,81934.0,86065.0,4131.0,2246.38,10000,block-18-mlkem-sme-768.csv
18,mlkem_sme,ML-KEM-768,NTT,1181.0,1165.0,1185.0,20.0,68.29,10000,block-18-mlkem-sme-768.csv
18,mlkem_sme,ML-KEM-768,INVNTT,1078.0,1076.0,1078.0,2.0,30.5,10000,block-18-mlkem-sme-768.csv
18,mlkem_sme,ML-KEM-768,BaseMulAcc,911.0,911.0,913.0,2.0,15.3,10000,block-18-mlkem-sme-768.csv
18,mlkem_sme,ML-KEM-768,MatrixVectorMul,8131.0,8114.0,8148.0,34.0,100.36,10000,block-18-mlkem-sme-768.csv
18,mlkem_sme,ML-KEM-768,InnerProdEnc,1554.0,1527.0,1555.0,28.0,170.68,10000,block-18-mlkem-sme-768.csv
18,mlkem_sme,ML-KEM-768,InnerProdDec,4930.0,4912.0,4936.0,24.0,172.94,10000,block-18-mlkem-sme-768.csv
18,mlkem_sve,ML-KEM-1024,KeyGen,91512.0,80991.0,92455.0,11464.0,10224.3,10000,block-18-mlkem-sve-1024.csv
18,mlkem_sve,ML-KEM-1024,Encaps,103356.0,102787.0,104104.0,1317.0,14837.95,10000,block-18-mlkem-sve-1024.csv
18,mlkem_sve,ML-KEM-1024,Decaps,121395.0,112186.0,123462.0,11276.0,11619.56,10000,block-18-mlkem-sve-1024.csv
18,mlkem_sve,ML-KEM-1024,NTT,1057.0,1042.0,1099.0,57.0,161.13,10000,block-18-mlkem-sve-1024.csv
18,mlkem_sve,ML-KEM-1024,INVNTT,1104.0,1084.0,1121.0,37.0,135.5,10000,block-18-mlkem-sve-1024.csv
18,mlkem_sve,ML-KEM-1024,BaseMulAcc,1181.0,1180.0,1189.0,9.0,131.02,10000,block-18-mlkem-sve-1024.csv
18,mlkem_sve,ML-KEM-1024,MatrixVectorMul,11915.0,11633.0,12312.0,679.0,1287.36,10000,block-18-mlkem-sve-1024.csv
18,mlkem_sve,ML-KEM-1024,InnerProdEnc,1753.0,1751.0,1785.0,34.0,181.91,10000,block-18-mlkem-sve-1024.csv
18,mlkem_sve,ML-KEM-1024,InnerProdDec,4743.0,4654.0,4912.0,258.0,392.95,10000,block-18-mlkem-sve-1024.csv
18,mlkem_sve,ML-KEM-512,KeyGen,36454.0,36080.0,37771.0,1691.0,45797.22,10000,block-18-mlkem-sve-512.csv
18,mlkem_sve,ML-KEM-512,Encaps,44721.0,42656.0,45100.0,2444.0,6939.41,10000,block-18-mlkem-sve-512.csv
18,mlkem_sve,ML-KEM-512,Decaps,56375.0,55812.0,56754.0,942.0,10046.87,10000,block-18-mlkem-sve-512.csv
18,mlkem_sve,ML-KEM-512,NTT,1027.0,1020.0,1033.0,13.0,95.66,10000,block-18-mlkem-sve-512.csv
18,mlkem_sve,ML-KEM-512,INVNTT,1088.0,1086.0,1097.0,11.0,134.1,10000,block-18-mlkem-sve-512.csv
18,mlkem_sve,ML-KEM-512,BaseMulAcc,631.0,629.0,635.0,6.0,74.93,10000,block-18-mlkem-sve-512.csv
18,mlkem_sve,ML-KEM-512,MatrixVectorMul,4489.0,4470.0,4694.0,224.0,315.96,10000,block-18-mlkem-sve-512.csv
18,mlkem_sve,ML-KEM-512,InnerProdEnc,1197.0,1195.0,1202.0,7.0,120.68,10000,block-18-mlkem-sve-512.csv
18,mlkem_sve,ML-KEM-512,InnerProdDec,2803.0,2786.0,2939.0,153.0,223.27,10000,block-18-mlkem-sve-512.csv
18,mlkem_sve,ML-KEM-768,KeyGen,61074.0,59757.0,61639.0,1882.0,12360.87,10000,block-18-mlkem-sve-768.csv
18,mlkem_sve,ML-KEM-768,Encaps,76485.0,69905.0,77234.0,7329.0,11005.31,10000,block-18-mlkem-sve-768.csv
18,mlkem_sve,ML-KEM-768,Decaps,83625.0,82118.0,86064.0,3946.0,8238.74,10000,block-18-mlkem-sve-768.csv
18,mlkem_sve,ML-KEM-768,NTT,1056.0,1044.0,1071.0,27.0,152.33,10000,block-18-mlkem-sve-768.csv
18,mlkem_sve,ML-KEM-768,INVNTT,1135.0,1118.0,1172.0,54.0,475.18,10000,block-18-mlkem-sve-768.csv
18,mlkem_sve,ML-KEM-768,BaseMulAcc,913.0,911.0,930.0,19.0,135.76,10000,block-18-mlkem-sve-768.csv
18,mlkem_sve,ML-KEM-768,MatrixVectorMul,7898.0,7712.0,8146.0,434.0,1172.17,10000,block-18-mlkem-sve-768.csv
18,mlkem_sve,ML-KEM-768,InnerProdEnc,1477.0,1475.0,1520.0,45.0,216.22,10000,block-18-mlkem-sve-768.csv
18,mlkem_sve,ML-KEM-768,InnerProdDec,4476.0,4384.0,4669.0,285.0,437.29,10000,block-18-mlkem-sve-768.csv
19,kyber_neon,Kyber-1024,KeyGen,32134.0,31570.0,35142.0,3572.0,2369.73,10000,block-19-kyber-neon-1024.csv
19,kyber_neon,Kyber-1024,Encaps,48103.0,43409.0,48482.0,5073.0,4505.53,10000,block-19-kyber-neon-1024.csv
19,kyber_neon,Kyber-1024,Decaps,42845.0,38709.0,43035.0,4326.0,3477.79,10000,block-19-kyber-neon-1024.csv
19,kyber_neon,Kyber-1024,NTT,285.0,257.0,287.0,30.0,20.17,10000,block-19-kyber-neon-1024.csv
19,kyber_neon,Kyber-1024,INVNTT,285.0,261.0,287.0,26.0,19.69,10000,block-19-kyber-neon-1024.csv
19,kyber_neon,Kyber-1024,BaseMulAcc,505.0,456.0,507.0,51.0,29.31,10000,block-19-kyber-neon-1024.csv
19,kyber_neon,Kyber-1024,MatrixVectorMul,3705.0,3438.0,3715.0,277.0,218.65,10000,block-19-kyber-neon-1024.csv
19,kyber_neon,Kyber-1024,InnerProdEnc,725.0,702.0,727.0,25.0,36.24,10000,block-19-kyber-neon-1024.csv
19,kyber_neon,Kyber-1024,InnerProdDec,1890.0,1800.0,1892.0,92.0,100.99,10000,block-19-kyber-neon-1024.csv
19,kyber_neon,Kyber-512,KeyGen,15031.0,13719.0,15406.0,1687.0,1053.67,10000,block-19-kyber-neon-512.csv
19,kyber_neon,Kyber-512,Encaps,22925.0,21048.0,23303.0,2255.0,1760.76,10000,block-19-kyber-neon-512.csv
19,kyber_neon,Kyber-512,Decaps,19542.0,17851.0,19732.0,1881.0,1140.63,10000,block-19-kyber-neon-512.csv
19,kyber_neon,Kyber-512,NTT,285.0,257.0,285.0,28.0,20.23,10000,block-19-kyber-neon-512.csv
19,kyber_neon,Kyber-512,INVNTT,283.0,255.0,285.0,30.0,36.56,10000,block-19-kyber-neon-512.csv
19,kyber_neon,Kyber-512,BaseMulAcc,274.0,272.0,276.0,4.0,21.24,10000,block-19-kyber-neon-512.csv
19,kyber_neon,Kyber-512,MatrixVectorMul,1570.0,1460.0,1572.0,112.0,116.02,10000,block-19-kyber-neon-512.csv
19,kyber_neon,Kyber-512,InnerProdEnc,511.0,466.0,513.0,47.0,34.82,10000,block-19-kyber-neon-512.csv
19,kyber_neon,Kyber-512,InnerProdDec,1071.0,1039.0,1073.0,34.0,77.75,10000,block-19-kyber-neon-512.csv
19,kyber_neon,Kyber-768,KeyGen,24241.0,21987.0,24615.0,2628.0,1305.65,10000,block-19-kyber-neon-768.csv
19,kyber_neon,Kyber-768,Encaps,34573.0,31196.0,34763.0,3567.0,2016.33,10000,block-19-kyber-neon-768.csv
19,kyber_neon,Kyber-768,Decaps,30068.0,27249.0,30257.0,3008.0,1599.69,10000,block-19-kyber-neon-768.csv
19,kyber_neon,Kyber-768,NTT,285.0,266.0,287.0,21.0,16.71,10000,block-19-kyber-neon-768.csv
19,kyber_neon,Kyber-768,INVNTT,285.0,283.0,285.0,2.0,11.14,10000,block-19-kyber-neon-768.csv
19,kyber_neon,Kyber-768,BaseMulAcc,388.0,357.0,394.0,37.0,100.15,10000,block-19-kyber-neon-768.csv
19,kyber_neon,Kyber-768,MatrixVectorMul,2565.0,2358.0,2570.0,212.0,264.04,10000,block-19-kyber-neon-768.csv
19,kyber_neon,Kyber-768,InnerProdEnc,616.0,614.0,618.0,4.0,25.78,10000,block-19-kyber-neon-768.csv
19,kyber_neon,Kyber-768,InnerProdDec,1469.0,1465.0,1471.0,6.0,71.11,10000,block-19-kyber-neon-768.csv
19,kyber_ref,Kyber-1024,KeyGen,156722.0,142814.0,157850.0,15036.0,10566.63,10000,block-19-kyber-ref-1024.csv
19,kyber_ref,Kyber-1024,Encaps,172887.0,161233.0,173450.0,12217.0,12405.97,10000,block-19-kyber-ref-1024.csv
19,kyber_ref,Kyber-1024,Decaps,196748.0,187918.0,197128.0,9210.0,12008.32,10000,block-19-kyber-ref-1024.csv
19,kyber_ref,Kyber-1024,NTT,3609.0,3403.0,3617.0,214.0,205.57,10000,block-19-kyber-ref-1024.csv
19,kyber_ref,Kyber-1024,INVNTT,5716.0,5459.0,5722.0,263.0,253.91,10000,block-19-kyber-ref-1024.csv
19,kyber_ref,Kyber-1024,BaseMulAcc,9168.0,8880.0,9237.0,357.0,435.86,10000,block-19-kyber-ref-1024.csv
19,kyber_ref,Kyber-1024,MatrixVectorMul,76726.0,76183.0,77391.0,1208.0,1717.06,10000,block-19-kyber-ref-1024.csv
19,kyber_ref,Kyber-1024,InnerProdEnc,15049.0,14813.0,15317.0,504.0,667.5,10000,block-19-kyber-ref-1024.csv
19,kyber_ref,Kyber-1024,InnerProdDec,28818.0,28537.0,28999.0,462.0,1276.35,10000,block-19-kyber-ref-1024.csv
19,kyber_ref,Kyber-512,KeyGen,57128.0,51865.0,57876.0,6011.0,6064.92,10000,block-19-kyber-ref-512.csv
19,kyber_ref,Kyber-512,Encaps,75358.0,68967.0,75732.0,6765.0,7358.94,10000,block-19-kyber-ref-512.csv
19,kyber_ref,Kyber-512,Decaps,90200.0,89826.0,90574.0,748.0,6540.62,10000,block-19-kyber-ref-512.csv
19,kyber_ref,Kyber-512,NTT,3596.0,3376.0,3600.0,224.0,196.26,10000,block-19-kyber-ref-512.csv
19,kyber_ref,Kyber-512,INVNTT,5646.0,5406.0,5669.0,263.0,292.22,10000,block-19-kyber-ref-512.csv
19,kyber_ref,Kyber-512,BaseMulAcc,5103.0,4885.0,5107.0,222.0,213.29,10000,block-19-kyber-ref-512.csv
19,kyber_ref,Kyber-512,MatrixVectorMul,29869.0,29544.0,30083.0,539.0,980.74,10000,block-19-kyber-ref-512.csv
19,kyber_ref,Kyber-512,InnerProdEnc,10560.0,10284.0,10756.0,472.0,505.8,10000,block-19-kyber-ref-512.csv
19,kyber_ref,Kyber-512,InnerProdDec,17583.0,17446.0,17795.0,349.0,854.86,10000,block-19-kyber-ref-512.csv
19,kyber_ref,Kyber-768,KeyGen,99784.0,96212.0,100537.0,4325.0,5308.86,10000,block-19-kyber-ref-768.csv
19,kyber_ref,Kyber-768,Encaps,117260.0,116507.0,117639.0,1132.0,9115.56,10000,block-19-kyber-ref-768.csv
19,kyber_ref,Kyber-768,Decaps,136238.0,130605.0,136612.0,6007.0,6614.93,10000,block-19-kyber-ref-768.csv
19,kyber_ref,Kyber-768,NTT,3634.0,3506.0,3639.0,133.0,142.62,10000,block-19-kyber-ref-768.csv
19,kyber_ref,Kyber-768,INVNTT,5645.0,5487.0,5650.0,163.0,183.48,10000,block-19-kyber-ref-768.csv
19,kyber_ref,Kyber-768,BaseMulAcc,6958.0,6753.0,6966.0,213.0,195.25,10000,block-19-kyber-ref-768.csv
19,kyber_ref,Kyber-768,MatrixVectorMul,50683.0,50416.0,50891.0,475.0,1167.04,10000,block-19-kyber-ref-768.csv
19,kyber_ref,Kyber-768,InnerProdEnc,12721.0,12543.0,12964.0,421.0,343.26,10000,block-19-kyber-ref-768.csv
19,kyber_ref,Kyber-768,InnerProdDec,23207.0,23001.0,23241.0,240.0,519.05,10000,block-19-kyber-ref-768.csv
19,kyber_sme,Kyber-1024,KeyGen,62197.0,59947.0,64078.0,4131.0,2605.23,10000,block-19-kyber-sme-1024.csv
19,kyber_sme,Kyber-1024,Encaps,74604.0,69152.0,75543.0,6391.0,5322.91,10000,block-19-kyber-sme-1024.csv
19,kyber_sme,Kyber-1024,Decaps,76296.0,74230.0,76670.0,2440.0,1700.66,10000,block-19-kyber-sme-1024.csv
19,kyber_sme,Kyber-1024,NTT,1172.0,1172.0,1178.0,6.0,47.8,10000,block-19-kyber-sme-1024.csv
19,kyber_sme,Kyber-1024,INVNTT,1095.0,1095.0,1097.0,2.0,55.75,10000,block-19-kyber-sme-1024.csv
19,kyber_sme,Kyber-1024,BaseMulAcc,1415.0,1413.0,1416.0,3.0,42.32,10000,block-19-kyber-sme-1024.csv
19,kyber_sme,Kyber-1024,MatrixVectorMul,10731.0,10718.0,10912.0,194.0,458.1,10000,block-19-kyber-sme-1024.csv
19,kyber_sme,Kyber-1024,InnerProdEnc,2038.0,2037.0,2040.0,3.0,71.23,10000,block-19-kyber-sme-1024.csv
19,kyber_sme,Kyber-1024,InnerProdDec,5115.0,5090.0,5210.0,120.0,191.19,10000,block-19-kyber-sme-1024.csv
19,kyber_sme,Kyber-512,KeyGen,28751.0,28377.0,28940.0,563.0,1141.41,10000,block-19-kyber-sme-512.csv
19,kyber_sme,Kyber-512,Encaps,37582.0,37397.0,37771.0,374.0,1881.86,10000,block-19-kyber-sme-512.csv
19,kyber_sme,Kyber-512,Decaps,37960.0,37771.0,38146.0,375.0,1518.97,10000,block-19-kyber-sme-512.csv
19,kyber_sme,Kyber-512,NTT,1191.0,1183.0,1193.0,10.0,58.68,10000,block-19-kyber-sme-512.csv
19,kyber_sme,Kyber-512,INVNTT,1097.0,1097.0,1099.0,2.0,48.41,10000,block-19-kyber-sme-512.csv
19,kyber_sme,Kyber-512,BaseMulAcc,747.0,746.0,747.0,1.0,15.27,10000,block-19-kyber-sme-512.csv
19,kyber_sme,Kyber-512,MatrixVectorMul,4709.0,4699.0,4718.0,19.0,111.15,10000,block-19-kyber-sme-512.csv
19,kyber_sme,Kyber-512,InnerProdEnc,1375.0,1375.0,1377.0,2.0,62.16,10000,block-19-kyber-sme-512.csv
19,kyber_sme,Kyber-512,InnerProdDec,3673.0,3660.0,3677.0,17.0,82.14,10000,block-19-kyber-sme-512.csv
19,kyber_sme,Kyber-768,KeyGen,41532.0,39842.0,42281.0,2439.0,1303.64,10000,block-19-kyber-sme-768.csv
19,kyber_sme,Kyber-768,Encaps,52613.0,49984.0,55437.0,5453.0,2770.96,10000,block-19-kyber-sme-768.csv
19,kyber_sme,Kyber-768,Decaps,54494.0,54304.0,54684.0,380.0,1012.63,10000,block-19-kyber-sme-768.csv
19,kyber_sme,Kyber-768,NTT,1204.0,1202.0,1204.0,2.0,36.67,10000,block-19-kyber-sme-768.csv
19,kyber_sme,Kyber-768,INVNTT,1103.0,1097.0,1104.0,7.0,50.39,10000,block-19-kyber-sme-768.csv
19,kyber_sme,Kyber-768,BaseMulAcc,1091.0,1091.0,1093.0,2.0,1018.55,10000,block-19-kyber-sme-768.csv
19,kyber_sme,Kyber-768,MatrixVectorMul,7274.0,7255.0,7279.0,24.0,319.4,10000,block-19-kyber-sme-768.csv
19,kyber_sme,Kyber-768,InnerProdEnc,1708.0,1706.0,1708.0,2.0,39.66,10000,block-19-kyber-sme-768.csv
19,kyber_sme,Kyber-768,InnerProdDec,4295.0,4286.0,4301.0,15.0,68.56,10000,block-19-kyber-sme-768.csv
19,kyber_sve,Kyber-1024,KeyGen,60700.0,59757.0,62202.0,2445.0,6770.22,10000,block-19-kyber-sve-1024.csv
19,kyber_sve,Kyber-1024,Encaps,75732.0,69531.0,76296.0,6765.0,5736.92,10000,block-19-kyber-sve-1024.csv
19,kyber_sve,Kyber-1024,Decaps,74226.0,72724.0,74789.0,2065.0,5445.13,10000,block-19-kyber-sve-1024.csv
19,kyber_sve,Kyber-1024,NTT,1061.0,1054.0,1082.0,28.0,154.32,10000,block-19-kyber-sve-1024.csv
19,kyber_sve,Kyber-1024,INVNTT,1119.0,1116.0,1129.0,13.0,117.85,10000,block-19-kyber-sve-1024.csv
19,kyber_sve,Kyber-1024,BaseMulAcc,1409.0,1407.0,1411.0,4.0,84.03,10000,block-19-kyber-sve-1024.csv
19,kyber_sve,Kyber-1024,MatrixVectorMul,10513.0,10307.0,10827.0,520.0,849.67,10000,block-19-kyber-sve-1024.csv
19,kyber_sve,Kyber-1024,InnerProdEnc,1976.0,1975.0,2067.0,92.0,717.2,10000,block-19-kyber-sve-1024.csv
19,kyber_sve,Kyber-1024,InnerProdDec,4557.0,4483.0,4729.0,246.0,488.38,10000,block-19-kyber-sve-1024.csv
19,kyber_sve,Kyber-512,KeyGen,27624.0,27439.0,27813.0,374.0,3718.86,10000,block-19-kyber-sve-512.csv
19,kyber_sve,Kyber-512,Encaps,37397.0,37208.0,37771.0,563.0,5118.55,10000,block-19-kyber-sve-512.csv
19,kyber_sve,Kyber-512,Decaps,35891.0,35701.0,36080.0,379.0,6005.61,10000,block-19-kyber-sve-512.csv
19,kyber_sve,Kyber-512,NTT,1059.0,1044.0,1078.0,34.0,162.01,10000,block-19-kyber-sve-512.csv
19,kyber_sve,Kyber-512,INVNTT,1121.0,1119.0,1142.0,23.0,122.07,10000,block-19-kyber-sve-512.csv
19,kyber_sve,Kyber-512,BaseMulAcc,747.0,746.0,753.0,7.0,135.55,10000,block-19-kyber-sve-512.csv
19,kyber_sve,Kyber-512,MatrixVectorMul,4519.0,4476.0,4692.0,216.0,750.28,10000,block-19-kyber-sve-512.csv
19,kyber_sve,Kyber-512,InnerProdEnc,1317.0,1315.0,1321.0,6.0,89.76,10000,block-19-kyber-sve-512.csv
19,kyber_sve,Kyber-512,InnerProdDec,3365.0,3343.0,3555.0,212.0,295.83,10000,block-19-kyber-sve-512.csv
19,kyber_sve,Kyber-768,KeyGen,42656.0,41528.0,43972.0,2444.0,5087.24,10000,block-19-kyber-sve-768.csv
19,kyber_sve,Kyber-768,Encaps,52055.0,49610.0,54310.0,4700.0,13652.93,10000,block-19-kyber-sve-768.csv
19,kyber_sve,Kyber-768,Decaps,54684.0,54494.0,55058.0,564.0,17373.64,10000,block-19-kyber-sve-768.csv
19,kyber_sve,Kyber-768,NTT,1071.0,1065.0,1088.0,23.0,117.04,10000,block-19-kyber-sve-768.csv
19,kyber_sve,Kyber-768,INVNTT,1133.0,1127.0,1148.0,21.0,143.49,10000,block-19-kyber-sve-768.csv
19,kyber_sve,Kyber-768,BaseMulAcc,1093.0,1093.0,1097.0,4.0,85.57,10000,block-19-kyber-sve-768.csv
19,kyber_sve,Kyber-768,MatrixVectorMul,7129.0,6982.0,7317.0,335.0,755.37,10000,block-19-kyber-sve-768.csv
19,kyber_sve,Kyber-768,InnerProdEnc,1657.0,1657.0,1689.0,32.0,155.2,10000,block-19-kyber-sve-768.csv
19,kyber_sve,Kyber-768,InnerProdDec,3810.0,3799.0,4000.0,201.0,266.38,10000,block-19-kyber-sve-768.csv
19,mlkem_neon,ML-KEM-1024,KeyGen,59942.0,54499.0,60321.0,5822.0,3920.09,10000,block-19-mlkem-neon-1024.csv
19,mlkem_neon,ML-KEM-1024,Encaps,64642.0,61449.0,65021.0,3572.0,5254.39,10000,block-19-mlkem-neon-1024.csv
19,mlkem_neon,ML-KEM-1024,Decaps,76295.0,75732.0,76670.0,938.0,6051.92,10000,block-19-mlkem-neon-1024.csv
19,mlkem_neon,ML-KEM-1024,NTT,221.0,201.0,223.0,22.0,42.97,10000,block-19-mlkem-neon-1024.csv
19,mlkem_neon,ML-KEM-1024,INVNTT,257.0,257.0,259.0,2.0,23.81,10000,block-19-mlkem-neon-1024.csv
19,mlkem_neon,ML-KEM-1024,BaseMulAcc,279.0,278.0,281.0,3.0,15.79,10000,block-19-mlkem-neon-1024.csv
19,mlkem_neon,ML-KEM-1024,MatrixVectorMul,3224.0,3145.0,3234.0,89.0,155.05,10000,block-19-mlkem-neon-1024.csv
19,mlkem_neon,ML-KEM-1024,InnerProdEnc,533.0,507.0,535.0,28.0,60.61,10000,block-19-mlkem-neon-1024.csv
19,mlkem_neon,ML-KEM-1024,InnerProdDec,1510.0,1503.0,1518.0,15.0,99.78,10000,block-19-mlkem-neon-1024.csv
19,mlkem_neon,ML-KEM-512,KeyGen,23488.0,23114.0,23678.0,564.0,1855.56,10000,block-19-mlkem-neon-512.csv
19,mlkem_neon,ML-KEM-512,Encaps,26875.0,26681.0,27060.0,379.0,3274.93,10000,block-19-mlkem-neon-512.csv
19,mlkem_neon,ML-KEM-512,Decaps,33076.0,30253.0,33450.0,3197.0,5170.69,10000,block-19-mlkem-neon-512.csv
19,mlkem_neon,ML-KEM-512,NTT,221.0,202.0,225.0,23.0,23.24,10000,block-19-mlkem-neon-512.csv
19,mlkem_neon,ML-KEM-512,INVNTT,257.0,257.0,259.0,2.0,25.46,10000,block-19-mlkem-neon-512.csv
19,mlkem_neon,ML-KEM-512,BaseMulAcc,163.0,146.0,163.0,17.0,26.04,10000,block-19-mlkem-neon-512.csv
19,mlkem_neon,ML-KEM-512,MatrixVectorMul,1369.0,1279.0,1373.0,94.0,119.58,10000,block-19-mlkem-neon-512.csv
19,mlkem_neon,ML-KEM-512,InnerProdEnc,420.0,419.0,420.0,1.0,59.1,10000,block-19-mlkem-neon-512.csv
19,mlkem_neon,ML-KEM-512,InnerProdDec,890.0,836.0,896.0,60.0,84.47,10000,block-19-mlkem-neon-512.csv
19,mlkem_neon,ML-KEM-768,KeyGen,40590.0,40400.0,40964.0,564.0,1434.28,10000,block-19-mlkem-neon-768.csv
19,mlkem_neon,ML-KEM-768,Encaps,43599.0,43409.0,43973.0,564.0,1603.23,10000,block-19-mlkem-neon-768.csv
19,mlkem_neon,ML-KEM-768,Decaps,52049.0,51675.0,52244.0,569.0,2072.08,10000,block-19-mlkem-neon-768.csv
19,mlkem_neon,ML-KEM-768,NTT,223.0,204.0,225.0,21.0,12.42,10000,block-19-mlkem-neon-768.csv
19,mlkem_neon,ML-KEM-768,INVNTT,257.0,257.0,259.0,2.0,9.81,10000,block-19-mlkem-neon-768.csv
19,mlkem_neon,ML-KEM-768,BaseMulAcc,219.0,219.0,221.0,2.0,13.15,10000,block-19-mlkem-neon-768.csv
19,mlkem_neon,ML-KEM-768,MatrixVectorMul,2234.0,2224.0,2239.0,15.0,94.01,10000,block-19-mlkem-neon-768.csv
19,mlkem_neon,ML-KEM-768,InnerProdEnc,477.0,475.0,479.0,4.0,45.84,10000,block-19-mlkem-neon-768.csv
19,mlkem_neon,ML-KEM-768,InnerProdDec,1196.0,1191.0,1200.0,9.0,41.86,10000,block-19-mlkem-neon-768.csv
19,mlkem_ref,ML-KEM-1024,KeyGen,76106.0,68962.0,76670.0,7708.0,6438.36,10000,block-19-mlkem-ref-1024.csv
19,mlkem_ref,ML-KEM-1024,Encaps,83250.0,75728.0,83998.0,8270.0,9554.24,10000,block-19-mlkem-ref-1024.csv
19,mlkem_ref,ML-KEM-1024,Decaps,94331.0,85690.0,94895.0,9205.0,11718.31,10000,block-19-mlkem-ref-1024.csv
19,mlkem_ref,ML-KEM-1024,NTT,520.0,518.0,520.0,2.0,79.25,10000,block-19-mlkem-ref-1024.csv
19,mlkem_ref,ML-KEM-1024,INVNTT,886.0,875.0,886.0,11.0,86.02,10000,block-19-mlkem-ref-1024.csv
19,mlkem_ref,ML-KEM-1024,BaseMulAcc,310.0,287.0,311.0,24.0,46.1,10000,block-19-mlkem-ref-1024.csv
19,mlkem_ref,ML-KEM-1024,MatrixVectorMul,7638.0,7334.0,7678.0,344.0,389.52,10000,block-19-mlkem-ref-1024.csv
19,mlkem_ref,ML-KEM-1024,InnerProdEnc,1195.0,1174.0,1197.0,23.0,93.93,10000,block-19-mlkem-ref-1024.csv
19,mlkem_ref,ML-KEM-1024,InnerProdDec,3621.0,3542.0,3626.0,84.0,553.25,10000,block-19-mlkem-ref-1024.csv
19,mlkem_ref,ML-KEM-512,KeyGen,29504.0,26870.0,29879.0,3009.0,1895.03,10000,block-19-mlkem-ref-512.csv
19,mlkem_ref,ML-KEM-512,Encaps,34767.0,31570.0,35327.0,3757.0,12818.42,10000,block-19-mlkem-ref-512.csv
19,mlkem_ref,ML-KEM-512,Decaps,41718.0,37956.0,42092.0,4136.0,3495.63,10000,block-19-mlkem-ref-512.csv
19,mlkem_ref,ML-KEM-512,NTT,520.0,518.0,520.0,2.0,28.84,10000,block-19-mlkem-ref-512.csv
19,mlkem_ref,ML-KEM-512,INVNTT,886.0,866.0,886.0,20.0,61.73,10000,block-19-mlkem-ref-512.csv
19,mlkem_ref,ML-KEM-512,BaseMulAcc,189.0,189.0,189.0,0.0,13.38,10000,block-19-mlkem-ref-512.csv
19,mlkem_ref,ML-KEM-512,MatrixVectorMul,3568.0,3468.0,3585.0,117.0,4151.64,10000,block-19-mlkem-ref-512.csv
19,mlkem_ref,ML-KEM-512,InnerProdEnc,1074.0,1073.0,1076.0,3.0,61.26,10000,block-19-mlkem-ref-512.csv
19,mlkem_ref,ML-KEM-512,InnerProdDec,2273.0,2270.0,2275.0,5.0,107.98,10000,block-19-mlkem-ref-512.csv
19,mlkem_ref,ML-KEM-768,KeyGen,51865.0,51302.0,52055.0,753.0,2689.35,10000,block-19-mlkem-ref-768.csv
19,mlkem_ref,ML-KEM-768,Encaps,57128.0,56375.0,57503.0,1128.0,4182.41,10000,block-19-mlkem-ref-768.csv
19,mlkem_ref,ML-KEM-768,Decaps,65395.0,65016.0,65769.0,753.0,3607.92,10000,block-19-mlkem-ref-768.csv
19,mlkem_ref,ML-KEM-768,NTT,520.0,518.0,520.0,2.0,19.97,10000,block-19-mlkem-ref-768.csv
19,mlkem_ref,ML-KEM-768,INVNTT,886.0,885.0,888.0,3.0,54.75,10000,block-19-mlkem-ref-768.csv
19,mlkem_ref,ML-KEM-768,BaseMulAcc,246.0,246.0,248.0,2.0,11.8,10000,block-19-mlkem-ref-768.csv
19,mlkem_ref,ML-KEM-768,MatrixVectorMul,5552.0,5398.0,5558.0,160.0,158.96,10000,block-19-mlkem-ref-768.csv
19,mlkem_ref,ML-KEM-768,InnerProdEnc,1131.0,1129.0,1133.0,4.0,62.37,10000,block-19-mlkem-ref-768.csv
19,mlkem_ref,ML-KEM-768,InnerProdDec,2938.0,2935.0,2946.0,11.0,100.53,10000,block-19-mlkem-ref-768.csv
19,mlkem_sme,ML-KEM-1024,KeyGen,90574.0,80426.0,91328.0,10902.0,6614.53,10000,block-19-mlkem-sme-1024.csv
19,mlkem_sme,ML-KEM-1024,Encaps,102413.0,101849.0,102976.0,1127.0,7109.81,10000,block-19-mlkem-sme-1024.csv
19,mlkem_sme,ML-KEM-1024,Decaps,112940.0,112376.0,122524.0,10148.0,7109.98,10000,block-19-mlkem-sme-1024.csv
19,mlkem_sme,ML-KEM-1024,NTT,1155.0,1153.0,1157.0,4.0,103.47,10000,block-19-mlkem-sme-1024.csv
19,mlkem_sme,ML-KEM-1024,INVNTT,1071.0,1069.0,1071.0,2.0,49.32,10000,block-19-mlkem-sme-1024.csv
19,mlkem_sme,ML-KEM-1024,BaseMulAcc,1180.0,1178.0,1182.0,4.0,75.05,10000,block-19-mlkem-sme-1024.csv
19,mlkem_sme,ML-KEM-1024,MatrixVectorMul,12034.0,12028.0,12205.0,177.0,301.67,10000,block-19-mlkem-sme-1024.csv
19,mlkem_sme,ML-KEM-1024,InnerProdEnc,1794.0,1792.0,1796.0,4.0,65.48,10000,block-19-mlkem-sme-1024.csv
19,mlkem_sme,ML-KEM-1024,InnerProdDec,5349.0,5325.0,5370.0,45.0,182.97,10000,block-19-mlkem-sme-1024.csv
19,mlkem_sme,ML-KEM-512,KeyGen,36828.0,36459.0,37018.0,559.0,1005.23,10000,block-19-mlkem-sme-512.csv
19,mlkem_sme,ML-KEM-512,Encaps,43408.0,41154.0,43599.0,2445.0,1520.93,10000,block-19-mlkem-sme-512.csv
19,mlkem_sme,ML-KEM-512,Decaps,57318.0,56749.0,57692.0,943.0,1061.05,10000,block-19-mlkem-sme-512.csv
19,mlkem_sme,ML-KEM-512,NTT,1176.0,1174.0,1176.0,2.0,43.32,10000,block-19-mlkem-sme-512.csv
19,mlkem_sme,ML-KEM-512,INVNTT,1078.0,1076.0,1078.0,2.0,49.79,10000,block-19-mlkem-sme-512.csv
19,mlkem_sme,ML-KEM-512,BaseMulAcc,631.0,631.0,633.0,2.0,19.18,10000,block-19-mlkem-sme-512.csv
19,mlkem_sme,ML-KEM-512,MatrixVectorMul,5045.0,5030.0,5053.0,23.0,157.63,10000,block-19-mlkem-sme-512.csv
19,mlkem_sme,ML-KEM-512,InnerProdEnc,1255.0,1253.0,1257.0,4.0,54.33,10000,block-19-mlkem-sme-512.csv
19,mlkem_sme,ML-KEM-512,InnerProdDec,3440.0,3429.0,3444.0,15.0,97.91,10000,block-19-mlkem-sme-512.csv
19,mlkem_sme,ML-KEM-768,KeyGen,60885.0,59758.0,61823.0,2065.0,7723.58,10000,block-19-mlkem-sme-768.csv
19,mlkem_sme,ML-KEM-768,Encaps,69720.0,66143.0,70654.0,4511.0,3532.28,10000,block-19-mlkem-sme-768.csv
19,mlkem_sme,ML-KEM-768,Decaps,83056.0,81933.0,86065.0,4132.0,3004.68,10000,block-19-mlkem-sme-768.csv
19,mlkem_sme,ML-KEM-768,NTT,1166.0,1165.0,1170.0,5.0,45.46,10000,block-19-mlkem-sme-768.csv
19,mlkem_sme,ML-KEM-768,INVNTT,1078.0,1076.0,1078.0,2.0,78.68,10000,block-19-mlkem-sme-768.csv
19,mlkem_sme,ML-KEM-768,BaseMulAcc,911.0,911.0,913.0,2.0,51.02,10000,block-19-mlkem-sme-768.csv
19,mlkem_sme,ML-KEM-768,MatrixVectorMul,8108.0,8101.0,8133.0,32.0,101.12,10000,block-19-mlkem-sme-768.csv
19,mlkem_sme,ML-KEM-768,InnerProdEnc,1525.0,1524.0,1527.0,3.0,35.79,10000,block-19-mlkem-sme-768.csv
19,mlkem_sme,ML-KEM-768,InnerProdDec,4925.0,4906.0,4936.0,30.0,65.85,10000,block-19-mlkem-sme-768.csv
19,mlkem_sve,ML-KEM-1024,KeyGen,91327.0,80616.0,92076.0,11460.0,8652.36,10000,block-19-mlkem-sve-1024.csv
19,mlkem_sve,ML-KEM-1024,Encaps,103356.0,102977.0,103919.0,942.0,11690.07,10000,block-19-mlkem-sve-1024.csv
19,mlkem_sve,ML-KEM-1024,Decaps,114252.0,111997.0,122523.0,10526.0,12308.31,10000,block-19-mlkem-sve-1024.csv
19,mlkem_sve,ML-KEM-1024,NTT,1054.0,1044.0,1125.0,81.0,268.32,10000,block-19-mlkem-sve-1024.csv
19,mlkem_sve,ML-KEM-1024,INVNTT,1104.0,1086.0,1108.0,22.0,116.54,10000,block-19-mlkem-sve-1024.csv
19,mlkem_sve,ML-KEM-1024,BaseMulAcc,1183.0,1181.0,1185.0,4.0,109.98,10000,block-19-mlkem-sve-1024.csv
19,mlkem_sve,ML-KEM-1024,MatrixVectorMul,11917.0,11682.0,12306.0,624.0,861.84,10000,block-19-mlkem-sve-1024.csv
19,mlkem_sve,ML-KEM-1024,InnerProdEnc,1755.0,1753.0,1762.0,9.0,156.31,10000,block-19-mlkem-sve-1024.csv
19,mlkem_sve,ML-KEM-1024,InnerProdDec,4658.0,4647.0,4868.0,221.0,308.9,10000,block-19-mlkem-sve-1024.csv
19,mlkem_sve,ML-KEM-512,KeyGen,36270.0,35896.0,36833.0,937.0,4640.96,10000,block-19-mlkem-sve-512.csv
19,mlkem_sve,ML-KEM-512,Encaps,44536.0,42092.0,44911.0,2819.0,4920.04,10000,block-19-mlkem-sve-512.csv
19,mlkem_sve,ML-KEM-512,Decaps,56375.0,55996.0,56749.0,753.0,4943.7,10000,block-19-mlkem-sve-512.csv
19,mlkem_sve,ML-KEM-512,NTT,1022.0,1018.0,1031.0,13.0,107.16,10000,block-19-mlkem-sve-512.csv
19,mlkem_sve,ML-KEM-512,INVNTT,1088.0,1080.0,1091.0,11.0,89.94,10000,block-19-mlkem-sve-512.csv
19,mlkem_sve,ML-KEM-512,BaseMulAcc,631.0,631.0,633.0,2.0,108.61,10000,block-19-mlkem-sve-512.csv
19,mlkem_sve,ML-KEM-512,MatrixVectorMul,4479.0,4459.0,4664.0,205.0,264.66,10000,block-19-mlkem-sve-512.csv
19,mlkem_sve,ML-KEM-512,InnerProdEnc,1198.0,1197.0,1200.0,3.0,84.1,10000,block-19-mlkem-sve-512.csv
19,mlkem_sve,ML-KEM-512,InnerProdDec,2803.0,2786.0,2952.0,166.0,3103.27,10000,block-19-mlkem-sve-512.csv
19,mlkem_sve,ML-KEM-768,KeyGen,61069.0,59757.0,61638.0,1881.0,4042.01,10000,block-19-mlkem-sve-768.csv
19,mlkem_sve,ML-KEM-768,Encaps,76480.0,69905.0,77044.0,7139.0,9446.93,10000,block-19-mlkem-sve-768.csv
19,mlkem_sve,ML-KEM-768,Decaps,82687.0,81744.0,85875.0,4131.0,5316.97,10000,block-19-mlkem-sve-768.csv
19,mlkem_sve,ML-KEM-768,NTT,1057.0,1042.0,1065.0,23.0,113.03,10000,block-19-mlkem-sve-768.csv
19,mlkem_sve,ML-KEM-768,INVNTT,1118.0,1116.0,1121.0,5.0,93.47,10000,block-19-mlkem-sve-768.csv
19,mlkem_sve,ML-KEM-768,BaseMulAcc,911.0,911.0,913.0,2.0,72.55,10000,block-19-mlkem-sve-768.csv
19,mlkem_sve,ML-KEM-768,MatrixVectorMul,7809.0,7689.0,7978.0,289.0,366.7,10000,block-19-mlkem-sve-768.csv
19,mlkem_sve,ML-KEM-768,InnerProdEnc,1477.0,1475.0,1480.0,5.0,132.45,10000,block-19-mlkem-sve-768.csv
19,mlkem_sve,ML-KEM-768,InnerProdDec,4391.0,4376.0,4598.0,222.0,283.97,10000,block-19-mlkem-sve-768.csv
20,kyber_neon,Kyber-1024,KeyGen,31760.0,31570.0,34952.0,3382.0,2613.4,10000,block-20-kyber-neon-1024.csv
20,kyber_neon,Kyber-1024,Encaps,44536.0,43409.0,48482.0,5073.0,5153.07,10000,block-20-kyber-neon-1024.csv
20,kyber_neon,Kyber-1024,Decaps,42660.0,38709.0,43035.0,4326.0,5375.28,10000,block-20-kyber-neon-1024.csv
20,kyber_neon,Kyber-1024,NTT,285.0,257.0,285.0,28.0,33.0,10000,block-20-kyber-neon-1024.csv
20,kyber_neon,Kyber-1024,INVNTT,285.0,283.0,285.0,2.0,12.34,10000,block-20-kyber-neon-1024.csv
20,kyber_neon,Kyber-1024,BaseMulAcc,505.0,454.0,507.0,53.0,37.58,10000,block-20-kyber-neon-1024.csv
20,kyber_neon,Kyber-1024,MatrixVectorMul,3705.0,3453.0,3715.0,262.0,198.9,10000,block-20-kyber-neon-1024.csv
20,kyber_neon,Kyber-1024,InnerProdEnc,727.0,723.0,729.0,6.0,42.24,10000,block-20-kyber-neon-1024.csv
20,kyber_neon,Kyber-1024,InnerProdDec,1890.0,1730.0,1894.0,164.0,155.14,10000,block-20-kyber-neon-1024.csv
20,kyber_neon,Kyber-512,KeyGen,13904.0,13715.0,14842.0,1127.0,1086.34,10000,block-20-kyber-neon-512.csv
20,kyber_neon,Kyber-512,Encaps,23113.0,20859.0,23303.0,2444.0,1815.8,10000,block-20-kyber-neon-512.csv
20,kyber_neon,Kyber-512,Decaps,18040.0,17666.0,19731.0,2065.0,1739.03,10000,block-20-kyber-neon-512.csv
20,kyber_neon,Kyber-512,NTT,285.0,257.0,287.0,30.0,18.64,10000,block-20-kyber-neon-512.csv
20,kyber_neon,Kyber-512,INVNTT,285.0,257.0,287.0,30.0,30.09,10000,block-20-kyber-neon-512.csv
20,kyber_neon,Kyber-512,BaseMulAcc,274.0,274.0,276.0,2.0,29.95,10000,block-20-kyber-neon-512.csv
20,kyber_neon,Kyber-512,MatrixVectorMul,1569.0,1439.0,1572.0,133.0,140.81,10000,block-20-kyber-neon-512.csv
20,kyber_neon,Kyber-512,InnerProdEnc,509.0,460.0,516.0,56.0,80.72,10000,block-20-kyber-neon-512.csv
20,kyber_neon,Kyber-512,InnerProdDec,1069.0,969.0,1073.0,104.0,91.06,10000,block-20-kyber-neon-512.csv
20,kyber_neon,Kyber-768,KeyGen,22175.0,21986.0,22929.0,943.0,2794.03,10000,block-20-kyber-neon-768.csv
20,kyber_neon,Kyber-768,Encaps,34578.0,31381.0,34768.0,3387.0,2116.74,10000,block-20-kyber-neon-768.csv
20,kyber_neon,Kyber-768,Decaps,30064.0,27244.0,30253.0,3009.0,1876.81,10000,block-20-kyber-neon-768.csv
20,kyber_neon,Kyber-768,NTT,287.0,285.0,287.0,2.0,12.35,10000,block-20-kyber-neon-768.csv
20,kyber_neon,Kyber-768,INVNTT,285.0,283.0,287.0,4.0,16.05,10000,block-20-kyber-neon-768.csv
20,kyber_neon,Kyber-768,BaseMulAcc,390.0,387.0,392.0,5.0,19.91,10000,block-20-kyber-neon-768.csv
20,kyber_neon,Kyber-768,MatrixVectorMul,2565.0,2403.0,2570.0,167.0,146.62,10000,block-20-kyber-neon-768.csv
20,kyber_neon,Kyber-768,InnerProdEnc,616.0,552.0,618.0,66.0,71.64,10000,block-20-kyber-neon-768.csv
20,kyber_neon,Kyber-768,InnerProdDec,1469.0,1463.0,1471.0,8.0,61.77,10000,block-20-kyber-neon-768.csv
20,kyber_ref,Kyber-1024,KeyGen,156348.0,142065.0,157666.0,15601.0,12383.53,10000,block-20-kyber-ref-1024.csv
20,kyber_ref,Kyber-1024,Encaps,173071.0,158414.0,173825.0,15411.0,52423.15,10000,block-20-kyber-ref-1024.csv
20,kyber_ref,Kyber-1024,Decaps,196564.0,185289.0,197128.0,11839.0,19279.1,10000,block-20-kyber-ref-1024.csv
20,kyber_ref,Kyber-1024,NTT,3602.0,3333.0,3647.0,314.0,485.46,10000,block-20-kyber-ref-1024.csv
20,kyber_ref,Kyber-1024,INVNTT,5716.0,5415.0,5738.0,323.0,379.06,10000,block-20-kyber-ref-1024.csv
20,kyber_ref,Kyber-1024,BaseMulAcc,9192.0,8961.0,9237.0,276.0,374.61,10000,block-20-kyber-ref-1024.csv
20,kyber_ref,Kyber-1024,MatrixVectorMul,77152.0,76673.0,77603.0,930.0,1995.03,10000,block-20-kyber-ref-1024.csv
20,kyber_ref,Kyber-1024,InnerProdEnc,14976.0,14713.0,15255.0,542.0,631.7,10000,block-20-kyber-ref-1024.csv
20,kyber_ref,Kyber-1024,InnerProdDec,28818.0,28441.0,29110.0,669.0,1666.36,10000,block-20-kyber-ref-1024.csv
20,kyber_ref,Kyber-512,KeyGen,57313.0,52055.0,57877.0,5822.0,3575.44,10000,block-20-kyber-ref-512.csv
20,kyber_ref,Kyber-512,Encaps,75358.0,69341.0,75732.0,6391.0,4747.18,10000,block-20-kyber-ref-512.csv
20,kyber_ref,Kyber-512,Decaps,90011.0,81180.0,90200.0,9020.0,5150.16,10000,block-20-kyber-ref-512.csv
20,kyber_ref,Kyber-512,NTT,3596.0,3354.0,3604.0,250.0,178.16,10000,block-20-kyber-ref-512.csv
20,kyber_ref,Kyber-512,INVNTT,5643.0,5361.0,5648.0,287.0,237.71,10000,block-20-kyber-ref-512.csv
20,kyber_ref,Kyber-512,BaseMulAcc,5094.0,4773.0,5107.0,334.0,260.0,10000,block-20-kyber-ref-512.csv
20,kyber_ref,Kyber-512,MatrixVectorMul,29709.0,29320.0,29961.0,641.0,975.17,10000,block-20-kyber-ref-512.csv
20,kyber_ref,Kyber-512,InnerProdEnc,10577.0,10279.0,10743.0,464.0,583.01,10000,block-20-kyber-ref-512.csv
20,kyber_ref,Kyber-512,InnerProdDec,17480.0,17282.0,17769.0,487.0,685.19,10000,block-20-kyber-ref-512.csv
20,kyber_ref,Kyber-768,KeyGen,99784.0,93018.0,100537.0,7519.0,4862.58,10000,block-20-kyber-ref-768.csv
20,kyber_ref,Kyber-768,Encaps,117260.0,116512.0,117634.0,1122.0,4833.01,10000,block-20-kyber-ref-768.csv
20,kyber_ref,Kyber-768,Decaps,136238.0,132291.0,136617.0,4326.0,14392.96,10000,block-20-kyber-ref-768.csv
20,kyber_ref,Kyber-768,NTT,3632.0,3502.0,3638.0,136.0,141.82,10000,block-20-kyber-ref-768.csv
20,kyber_ref,Kyber-768,INVNTT,5645.0,5487.0,5652.0,165.0,189.62,10000,block-20-kyber-ref-768.csv
20,kyber_ref,Kyber-768,BaseMulAcc,6958.0,6808.0,6967.0,159.0,239.02,10000,block-20-kyber-ref-768.csv
20,kyber_ref,Kyber-768,MatrixVectorMul,50741.0,50419.0,50929.0,510.0,879.49,10000,block-20-kyber-ref-768.csv
20,kyber_ref,Kyber-768,InnerProdEnc,12899.0,12725.0,13045.0,320.0,290.83,10000,block-20-kyber-ref-768.csv
20,kyber_ref,Kyber-768,InnerProdDec,23220.0,23006.0,23260.0,254.0,565.53,10000,block-20-kyber-ref-768.csv
20,kyber_sme,Kyber-1024,KeyGen,62387.0,60885.0,64267.0,3382.0,4178.89,10000,block-20-kyber-sme-1024.csv
20,kyber_sme,Kyber-1024,Encaps,74789.0,69152.0,75543.0,6391.0,4659.2,10000,block-20-kyber-sme-1024.csv
20,kyber_sme,Kyber-1024,Decaps,76296.0,74230.0,76855.0,2625.0,2110.18,10000,block-20-kyber-sme-1024.csv
20,kyber_sme,Kyber-1024,NTT,1178.0,1178.0,1180.0,2.0,47.52,10000,block-20-kyber-sme-1024.csv
20,kyber_sme,Kyber-1024,INVNTT,1097.0,1093.0,1099.0,6.0,44.44,10000,block-20-kyber-sme-1024.csv
20,kyber_sme,Kyber-1024,BaseMulAcc,1409.0,1407.0,1411.0,4.0,37.07,10000,block-20-kyber-sme-1024.csv
20,kyber_sme,Kyber-1024,MatrixVectorMul,10728.0,10716.0,10914.0,198.0,407.55,10000,block-20-kyber-sme-1024.csv
20,kyber_sme,Kyber-1024,InnerProdEnc,2031.0,2031.0,2033.0,2.0,64.15,10000,block-20-kyber-sme-1024.csv
20,kyber_sme,Kyber-1024,InnerProdDec,5124.0,5092.0,5210.0,118.0,164.73,10000,block-20-kyber-sme-1024.csv
20,kyber_sme,Kyber-512,KeyGen,28751.0,28561.0,28941.0,380.0,1911.44,10000,block-20-kyber-sme-512.csv
20,kyber_sme,Kyber-512,Encaps,37582.0,37392.0,37771.0,379.0,2447.26,10000,block-20-kyber-sme-512.csv
20,kyber_sme,Kyber-512,Decaps,37960.0,37771.0,38146.0,375.0,2700.92,10000,block-20-kyber-sme-512.csv
20,kyber_sme,Kyber-512,NTT,1191.0,1174.0,1200.0,26.0,140.9,10000,block-20-kyber-sme-512.csv
20,kyber_sme,Kyber-512,INVNTT,1093.0,1074.0,1106.0,32.0,127.33,10000,block-20-kyber-sme-512.csv
20,kyber_sme,Kyber-512,BaseMulAcc,747.0,746.0,749.0,3.0,53.69,10000,block-20-kyber-sme-512.csv
20,kyber_sme,Kyber-512,MatrixVectorMul,4712.0,4707.0,4720.0,13.0,150.78,10000,block-20-kyber-sme-512.csv
20,kyber_sme,Kyber-512,InnerProdEnc,1384.0,1375.0,1405.0,30.0,142.64,10000,block-20-kyber-sme-512.csv
20,kyber_sme,Kyber-512,InnerProdDec,3670.0,3660.0,3677.0,17.0,93.51,10000,block-20-kyber-sme-512.csv
20,kyber_sme,Kyber-768,KeyGen,41528.0,39841.0,42281.0,2440.0,1519.38,10000,block-20-kyber-sme-768.csv
20,kyber_sme,Kyber-768,Encaps,52619.0,49984.0,55622.0,5638.0,3355.13,10000,block-20-kyber-sme-768.csv
20,kyber_sme,Kyber-768,Decaps,54494.0,54305.0,54684.0,379.0,1536.52,10000,block-20-kyber-sme-768.csv
20,kyber_sme,Kyber-768,NTT,1202.0,1197.0,1204.0,7.0,43.27,10000,block-20-kyber-sme-768.csv
20,kyber_sme,Kyber-768,INVNTT,1095.0,1093.0,1097.0,4.0,46.9,10000,block-20-kyber-sme-768.csv
20,kyber_sme,Kyber-768,BaseMulAcc,1091.0,1089.0,1093.0,4.0,27.28,10000,block-20-kyber-sme-768.csv
20,kyber_sme,Kyber-768,MatrixVectorMul,7278.0,7257.0,7287.0,30.0,334.1,10000,block-20-kyber-sme-768.csv
20,kyber_sme,Kyber-768,InnerProdEnc,1708.0,1706.0,1708.0,2.0,31.35,10000,block-20-kyber-sme-768.csv
20,kyber_sme,Kyber-768,InnerProdDec,4295.0,4288.0,4299.0,11.0,66.47,10000,block-20-kyber-sme-768.csv
20,kyber_sve,Kyber-1024,KeyGen,61639.0,59947.0,62386.0,2439.0,6428.62,10000,block-20-kyber-sve-1024.csv
20,kyber_sve,Kyber-1024,Encaps,75916.0,69531.0,76481.0,6950.0,6009.57,10000,block-20-kyber-sve-1024.csv
20,kyber_sve,Kyber-1024,Decaps,74226.0,72724.0,74605.0,1881.0,9822.01,10000,block-20-kyber-sve-1024.csv
20,kyber_sve,Kyber-1024,NTT,1065.0,1056.0,1067.0,11.0,105.01,10000,block-20-kyber-sve-1024.csv
20,kyber_sve,Kyber-1024,INVNTT,1116.0,1114.0,1118.0,4.0,117.48,10000,block-20-kyber-sve-1024.csv
20,kyber_sve,Kyber-1024,BaseMulAcc,1415.0,1413.0,1441.0,28.0,158.92,10000,block-20-kyber-sve-1024.csv
20,kyber_sve,Kyber-1024,MatrixVectorMul,10510.0,10305.0,10786.0,481.0,554.85,10000,block-20-kyber-sve-1024.csv
20,kyber_sve,Kyber-1024,InnerProdEnc,1982.0,1980.0,1991.0,11.0,174.27,10000,block-20-kyber-sve-1024.csv
20,kyber_sve,Kyber-1024,InnerProdDec,4491.0,4481.0,4697.0,216.0,302.51,10000,block-20-kyber-sve-1024.csv
20,kyber_sve,Kyber-512,KeyGen,27624.0,27434.0,27998.0,564.0,7738.54,10000,block-20-kyber-sve-512.csv
20,kyber_sve,Kyber-512,Encaps,37582.0,37392.0,38146.0,754.0,10455.62,10000,block-20-kyber-sve-512.csv
20,kyber_sve,Kyber-512,Decaps,35891.0,35705.0,36269.0,564.0,8184.95,10000,block-20-kyber-sve-512.csv
20,kyber_sve,Kyber-512,NTT,1059.0,1048.0,1114.0,66.0,208.79,10000,block-20-kyber-sve-512.csv
20,kyber_sve,Kyber-512,INVNTT,1121.0,1118.0,1176.0,58.0,230.42,10000,block-20-kyber-sve-512.csv
20,kyber_sve,Kyber-512,BaseMulAcc,747.0,746.0,749.0,3.0,58.39,10000,block-20-kyber-sve-512.csv
20,kyber_sve,Kyber-512,MatrixVectorMul,4594.0,4478.0,4806.0,328.0,1043.26,10000,block-20-kyber-sve-512.csv
20,kyber_sve,Kyber-512,InnerProdEnc,1317.0,1315.0,1343.0,28.0,182.28,10000,block-20-kyber-sve-512.csv
20,kyber_sve,Kyber-512,InnerProdDec,3363.0,3341.0,3547.0,206.0,308.89,10000,block-20-kyber-sve-512.csv
20,kyber_sve,Kyber-768,KeyGen,42660.0,41718.0,43973.0,2255.0,7027.97,10000,block-20-kyber-sve-768.csv
20,kyber_sve,Kyber-768,Encaps,51675.0,48672.0,53935.0,5263.0,5538.24,10000,block-20-kyber-sve-768.csv
20,kyber_sve,Kyber-768,Decaps,54684.0,54494.0,55058.0,564.0,9459.31,10000,block-20-kyber-sve-768.csv
20,kyber_sve,Kyber-768,NTT,1067.0,1054.0,1074.0,20.0,134.34,10000,block-20-kyber-sve-768.csv
20,kyber_sve,Kyber-768,INVNTT,1131.0,1127.0,1135.0,8.0,150.83,10000,block-20-kyber-sve-768.csv
20,kyber_sve,Kyber-768,BaseMulAcc,1093.0,1091.0,1095.0,4.0,81.06,10000,block-20-kyber-sve-768.csv
20,kyber_sve,Kyber-768,MatrixVectorMul,7101.0,6981.0,7279.0,298.0,432.09,10000,block-20-kyber-sve-768.csv
20,kyber_sve,Kyber-768,InnerProdEnc,1657.0,1655.0,1663.0,8.0,141.69,10000,block-20-kyber-sve-768.csv
20,kyber_sve,Kyber-768,InnerProdDec,3801.0,3792.0,3989.0,197.0,238.13,10000,block-20-kyber-sve-768.csv
20,mlkem_neon,ML-KEM-1024,KeyGen,55437.0,53935.0,60511.0,6576.0,10521.49,10000,block-20-mlkem-neon-1024.csv
20,mlkem_neon,ML-KEM-1024,Encaps,64642.0,58819.0,65395.0,6576.0,8038.52,10000,block-20-mlkem-neon-1024.csv
20,mlkem_neon,ML-KEM-1024,Decaps,76106.0,68967.0,76859.0,7892.0,10925.15,10000,block-20-mlkem-neon-1024.csv
20,mlkem_neon,ML-KEM-1024,NTT,221.0,202.0,223.0,21.0,24.22,10000,block-20-mlkem-neon-1024.csv
20,mlkem_neon,ML-KEM-1024,INVNTT,257.0,231.0,259.0,28.0,30.26,10000,block-20-mlkem-neon-1024.csv
20,mlkem_neon,ML-KEM-1024,BaseMulAcc,266.0,251.0,281.0,30.0,49.38,10000,block-20-mlkem-neon-1024.csv
20,mlkem_neon,ML-KEM-1024,MatrixVectorMul,3224.0,3089.0,3235.0,146.0,204.97,10000,block-20-mlkem-neon-1024.csv
20,mlkem_neon,ML-KEM-1024,InnerProdEnc,531.0,481.0,535.0,54.0,75.95,10000,block-20-mlkem-neon-1024.csv
20,mlkem_neon,ML-KEM-1024,InnerProdDec,1510.0,1480.0,1518.0,38.0,123.74,10000,block-20-mlkem-neon-1024.csv
20,mlkem_neon,ML-KEM-512,KeyGen,23304.0,21238.0,23677.0,2439.0,1361.72,10000,block-20-mlkem-neon-512.csv
20,mlkem_neon,ML-KEM-512,Encaps,26871.0,26118.0,27060.0,942.0,1773.29,10000,block-20-mlkem-neon-512.csv
20,mlkem_neon,ML-KEM-512,Decaps,32887.0,29879.0,33261.0,3382.0,2174.79,10000,block-20-mlkem-neon-512.csv
20,mlkem_neon,ML-KEM-512,NTT,223.0,219.0,227.0,8.0,12.14,10000,block-20-mlkem-neon-512.csv
20,mlkem_neon,ML-KEM-512,INVNTT,257.0,255.0,259.0,4.0,19.69,10000,block-20-mlkem-neon-512.csv
20,mlkem_neon,ML-KEM-512,BaseMulAcc,163.0,163.0,163.0,0.0,29.76,10000,block-20-mlkem-neon-512.csv
20,mlkem_neon,ML-KEM-512,MatrixVectorMul,1369.0,1366.0,1373.0,7.0,65.45,10000,block-20-mlkem-neon-512.csv
20,mlkem_neon,ML-KEM-512,InnerProdEnc,419.0,417.0,420.0,3.0,25.17,10000,block-20-mlkem-neon-512.csv
20,mlkem_neon,ML-KEM-512,InnerProdDec,890.0,886.0,894.0,8.0,45.23,10000,block-20-mlkem-neon-512.csv
20,mlkem_neon,ML-KEM-768,KeyGen,40590.0,40400.0,40964.0,564.0,2499.58,10000,block-20-mlkem-neon-768.csv
20,mlkem_neon,ML-KEM-768,Encaps,43598.0,43408.0,43972.0,564.0,3191.38,10000,block-20-mlkem-neon-768.csv
20,mlkem_neon,ML-KEM-768,Decaps,51865.0,51675.0,52244.0,569.0,2565.23,10000,block-20-mlkem-neon-768.csv
20,mlkem_neon,ML-KEM-768,NTT,223.0,219.0,225.0,6.0,11.73,10000,block-20-mlkem-neon-768.csv
20,mlkem_neon,ML-KEM-768,INVNTT,259.0,257.0,259.0,2.0,9.43,10000,block-20-mlkem-neon-768.csv
20,mlkem_neon,ML-KEM-768,BaseMulAcc,219.0,219.0,221.0,2.0,13.49,10000,block-20-mlkem-neon-768.csv
20,mlkem_neon,ML-KEM-768,MatrixVectorMul,2234.0,2226.0,2239.0,13.0,84.7,10000,block-20-mlkem-neon-768.csv
20,mlkem_neon,ML-KEM-768,InnerProdEnc,477.0,475.0,479.0,4.0,20.45,10000,block-20-mlkem-neon-768.csv
20,mlkem_neon,ML-KEM-768,InnerProdDec,1196.0,1191.0,1200.0,9.0,44.22,10000,block-20-mlkem-neon-768.csv
20,mlkem_ref,ML-KEM-1024,KeyGen,76859.0,69531.0,77234.0,7703.0,4713.36,10000,block-20-mlkem-ref-1024.csv
20,mlkem_ref,ML-KEM-1024,Encaps,83999.0,76106.0,84562.0,8456.0,6624.24,10000,block-20-mlkem-ref-1024.csv
20,mlkem_ref,ML-KEM-1024,Decaps,94900.0,86443.0,95464.0,9021.0,10266.78,10000,block-20-mlkem-ref-1024.csv
20,mlkem_ref,ML-KEM-1024,NTT,520.0,520.0,522.0,2.0,58.04,10000,block-20-mlkem-ref-1024.csv
20,mlkem_ref,ML-KEM-1024,INVNTT,886.0,838.0,886.0,48.0,73.5,10000,block-20-mlkem-ref-1024.csv
20,mlkem_ref,ML-KEM-1024,BaseMulAcc,310.0,310.0,311.0,1.0,15.07,10000,block-20-mlkem-ref-1024.csv
20,mlkem_ref,ML-KEM-1024,MatrixVectorMul,7640.0,7330.0,7678.0,348.0,338.82,10000,block-20-mlkem-ref-1024.csv
20,mlkem_ref,ML-KEM-1024,InnerProdEnc,1195.0,1127.0,1197.0,70.0,77.93,10000,block-20-mlkem-ref-1024.csv
20,mlkem_ref,ML-KEM-1024,InnerProdDec,3621.0,3564.0,3624.0,60.0,132.9,10000,block-20-mlkem-ref-1024.csv
20,mlkem_ref,ML-KEM-512,KeyGen,29694.0,27060.0,30068.0,3008.0,2505.09,10000,block-20-mlkem-ref-512.csv
20,mlkem_ref,ML-KEM-512,Encaps,35137.0,32134.0,35516.0,3382.0,6535.05,10000,block-20-mlkem-ref-512.csv
20,mlkem_ref,ML-KEM-512,Decaps,38710.0,37771.0,42281.0,4510.0,7452.72,10000,block-20-mlkem-ref-512.csv
20,mlkem_ref,ML-KEM-512,NTT,520.0,518.0,526.0,8.0,64.31,10000,block-20-mlkem-ref-512.csv
20,mlkem_ref,ML-KEM-512,INVNTT,886.0,804.0,888.0,84.0,103.01,10000,block-20-mlkem-ref-512.csv
20,mlkem_ref,ML-KEM-512,BaseMulAcc,189.0,178.0,193.0,15.0,29.04,10000,block-20-mlkem-ref-512.csv
20,mlkem_ref,ML-KEM-512,MatrixVectorMul,3572.0,3472.0,3587.0,115.0,211.69,10000,block-20-mlkem-ref-512.csv
20,mlkem_ref,ML-KEM-512,InnerProdEnc,1074.0,1035.0,1076.0,41.0,80.73,10000,block-20-mlkem-ref-512.csv
20,mlkem_ref,ML-KEM-512,InnerProdDec,2273.0,2243.0,2279.0,36.0,142.76,10000,block-20-mlkem-ref-512.csv
20,mlkem_ref,ML-KEM-768,KeyGen,52050.0,51675.0,52244.0,569.0,2229.96,10000,block-20-mlkem-ref-768.csv
20,mlkem_ref,ML-KEM-768,Encaps,57313.0,56750.0,57503.0,753.0,2786.07,10000,block-20-mlkem-ref-768.csv
20,mlkem_ref,ML-KEM-768,Decaps,65395.0,62950.0,65774.0,2824.0,3810.3,10000,block-20-mlkem-ref-768.csv
20,mlkem_ref,ML-KEM-768,NTT,520.0,518.0,522.0,4.0,34.51,10000,block-20-mlkem-ref-768.csv
20,mlkem_ref,ML-KEM-768,INVNTT,886.0,858.0,888.0,30.0,58.23,10000,block-20-mlkem-ref-768.csv
20,mlkem_ref,ML-KEM-768,BaseMulAcc,246.0,246.0,248.0,2.0,12.51,10000,block-20-mlkem-ref-768.csv
20,mlkem_ref,ML-KEM-768,MatrixVectorMul,5552.0,5398.0,5558.0,160.0,163.12,10000,block-20-mlkem-ref-768.csv
20,mlkem_ref,ML-KEM-768,InnerProdEnc,1133.0,1131.0,1134.0,3.0,56.15,10000,block-20-mlkem-ref-768.csv
20,mlkem_ref,ML-KEM-768,InnerProdDec,2937.0,2935.0,2946.0,11.0,89.07,10000,block-20-mlkem-ref-768.csv
20,mlkem_sme,ML-KEM-1024,KeyGen,90574.0,80242.0,91327.0,11085.0,7714.24,10000,block-20-mlkem-sme-1024.csv
20,mlkem_sme,ML-KEM-1024,Encaps,102413.0,101849.0,102792.0,943.0,6969.2,10000,block-20-mlkem-sme-1024.csv
20,mlkem_sme,ML-KEM-1024,Decaps,112750.0,112187.0,122334.0,10147.0,5542.27,10000,block-20-mlkem-sme-1024.csv
20,mlkem_sme,ML-KEM-1024,NTT,1157.0,1155.0,1157.0,2.0,54.37,10000,block-20-mlkem-sme-1024.csv
20,mlkem_sme,ML-KEM-1024,INVNTT,1074.0,1072.0,1074.0,2.0,66.43,10000,block-20-mlkem-sme-1024.csv
20,mlkem_sme,ML-KEM-1024,BaseMulAcc,1182.0,1181.0,1183.0,2.0,39.14,10000,block-20-mlkem-sme-1024.csv
20,mlkem_sme,ML-KEM-1024,MatrixVectorMul,12028.0,11996.0,12184.0,188.0,271.63,10000,block-20-mlkem-sme-1024.csv
20,mlkem_sme,ML-KEM-1024,InnerProdEnc,1796.0,1794.0,1796.0,2.0,66.68,10000,block-20-mlkem-sme-1024.csv
20,mlkem_sme,ML-KEM-1024,InnerProdDec,5349.0,5319.0,5436.0,117.0,129.05,10000,block-20-mlkem-sme-1024.csv
20,mlkem_sme,ML-KEM-512,KeyGen,36829.0,36459.0,37018.0,559.0,1311.34,10000,block-20-mlkem-sme-512.csv
20,mlkem_sme,ML-KEM-512,Encaps,43409.0,41154.0,43783.0,2629.0,2299.65,10000,block-20-mlkem-sme-512.csv
20,mlkem_sme,ML-KEM-512,Decaps,57502.0,56939.0,57692.0,753.0,1600.13,10000,block-20-mlkem-sme-512.csv
20,mlkem_sme,ML-KEM-512,NTT,1159.0,1159.0,1161.0,2.0,47.81,10000,block-20-mlkem-sme-512.csv
20,mlkem_sme,ML-KEM-512,INVNTT,1065.0,1065.0,1067.0,2.0,66.77,10000,block-20-mlkem-sme-512.csv
20,mlkem_sme,ML-KEM-512,BaseMulAcc,631.0,631.0,633.0,2.0,21.44,10000,block-20-mlkem-sme-512.csv
20,mlkem_sme,ML-KEM-512,MatrixVectorMul,5047.0,5032.0,5054.0,22.0,129.28,10000,block-20-mlkem-sme-512.csv
20,mlkem_sme,ML-KEM-512,InnerProdEnc,1255.0,1253.0,1255.0,2.0,38.93,10000,block-20-mlkem-sme-512.csv
20,mlkem_sme,ML-KEM-512,InnerProdDec,3440.0,3431.0,3446.0,15.0,107.58,10000,block-20-mlkem-sme-512.csv
20,mlkem_sme,ML-KEM-768,KeyGen,60885.0,59758.0,61639.0,1881.0,1815.35,10000,block-20-mlkem-sme-768.csv
20,mlkem_sme,ML-KEM-768,Encaps,69715.0,66143.0,70654.0,4511.0,2543.36,10000,block-20-mlkem-sme-768.csv
20,mlkem_sme,ML-KEM-768,Decaps,83056.0,81933.0,86069.0,4136.0,3505.55,10000,block-20-mlkem-sme-768.csv
20,mlkem_sme,ML-KEM-768,NTT,1165.0,1163.0,1168.0,5.0,57.49,10000,block-20-mlkem-sme-768.csv
20,mlkem_sme,ML-KEM-768,INVNTT,1078.0,1076.0,1078.0,2.0,17.41,10000,block-20-mlkem-sme-768.csv
20,mlkem_sme,ML-KEM-768,BaseMulAcc,911.0,911.0,913.0,2.0,26.48,10000,block-20-mlkem-sme-768.csv
20,mlkem_sme,ML-KEM-768,MatrixVectorMul,8131.0,8114.0,8148.0,34.0,109.32,10000,block-20-mlkem-sme-768.csv
20,mlkem_sme,ML-KEM-768,InnerProdEnc,1525.0,1524.0,1527.0,3.0,18.52,10000,block-20-mlkem-sme-768.csv
20,mlkem_sme,ML-KEM-768,InnerProdDec,4917.0,4900.0,4930.0,30.0,90.99,10000,block-20-mlkem-sme-768.csv
20,mlkem_sve,ML-KEM-1024,KeyGen,91327.0,80616.0,92076.0,11460.0,12775.36,10000,block-20-mlkem-sve-1024.csv
20,mlkem_sve,ML-KEM-1024,Encaps,103540.0,102977.0,103920.0,943.0,8335.74,10000,block-20-mlkem-sve-1024.csv
20,mlkem_sve,ML-KEM-1024,Decaps,112376.0,111812.0,121959.0,10147.0,13025.9,10000,block-20-mlkem-sve-1024.csv
20,mlkem_sve,ML-KEM-1024,NTT,1050.0,1039.0,1054.0,15.0,97.73,10000,block-20-mlkem-sve-1024.csv
20,mlkem_sve,ML-KEM-1024,INVNTT,1101.0,1078.0,1106.0,28.0,132.76,10000,block-20-mlkem-sve-1024.csv
20,mlkem_sve,ML-KEM-1024,BaseMulAcc,1180.0,1180.0,1182.0,2.0,66.31,10000,block-20-mlkem-sve-1024.csv
20,mlkem_sve,ML-KEM-1024,MatrixVectorMul,11810.0,11615.0,12054.0,439.0,457.36,10000,block-20-mlkem-sve-1024.csv
20,mlkem_sve,ML-KEM-1024,InnerProdEnc,1751.0,1749.0,1755.0,6.0,102.06,10000,block-20-mlkem-sve-1024.csv
20,mlkem_sve,ML-KEM-1024,InnerProdDec,4748.0,4652.0,4893.0,241.0,481.68,10000,block-20-mlkem-sve-1024.csv
20,mlkem_sve,ML-KEM-512,KeyGen,36269.0,35895.0,36644.0,749.0,3990.62,10000,block-20-mlkem-sve-512.csv
20,mlkem_sve,ML-KEM-512,Encaps,44536.0,42092.0,44915.0,2823.0,6297.04,10000,block-20-mlkem-sve-512.csv
20,mlkem_sve,ML-KEM-512,Decaps,56375.0,55996.0,56938.0,942.0,11277.6,10000,block-20-mlkem-sve-512.csv
20,mlkem_sve,ML-KEM-512,NTT,1027.0,1016.0,1067.0,51.0,231.85,10000,block-20-mlkem-sve-512.csv
20,mlkem_sve,ML-KEM-512,INVNTT,1089.0,1084.0,1121.0,37.0,161.37,10000,block-20-mlkem-sve-512.csv
20,mlkem_sve,ML-KEM-512,BaseMulAcc,633.0,631.0,640.0,9.0,159.01,10000,block-20-mlkem-sve-512.csv
20,mlkem_sve,ML-KEM-512,MatrixVectorMul,4489.0,4476.0,4697.0,221.0,363.52,10000,block-20-mlkem-sve-512.csv
20,mlkem_sve,ML-KEM-512,InnerProdEnc,1200.0,1198.0,1251.0,53.0,218.12,10000,block-20-mlkem-sve-512.csv
20,mlkem_sve,ML-KEM-512,InnerProdDec,2805.0,2786.0,2976.0,190.0,405.97,10000,block-20-mlkem-sve-512.csv
20,mlkem_sve,ML-KEM-768,KeyGen,61070.0,59573.0,61638.0,2065.0,7108.15,10000,block-20-mlkem-sve-768.csv
20,mlkem_sve,ML-KEM-768,Encaps,76296.0,69905.0,77044.0,7139.0,8762.97,10000,block-20-mlkem-sve-768.csv
20,mlkem_sve,ML-KEM-768,Decaps,83245.0,81933.0,85879.0,3946.0,8400.54,10000,block-20-mlkem-sve-768.csv
20,mlkem_sve,ML-KEM-768,NTT,1061.0,1050.0,1074.0,24.0,150.16,10000,block-20-mlkem-sve-768.csv
20,mlkem_sve,ML-KEM-768,INVNTT,1118.0,1116.0,1123.0,7.0,115.54,10000,block-20-mlkem-sve-768.csv
20,mlkem_sve,ML-KEM-768,BaseMulAcc,911.0,911.0,913.0,2.0,106.06,10000,block-20-mlkem-sve-768.csv
20,mlkem_sve,ML-KEM-768,MatrixVectorMul,7830.0,7689.0,8040.0,351.0,431.45,10000,block-20-mlkem-sve-768.csv
20,mlkem_sve,ML-KEM-768,InnerProdEnc,1477.0,1475.0,1478.0,3.0,142.56,10000,block-20-mlkem-sve-768.csv
20,mlkem_sve,ML-KEM-768,InnerProdDec,4393.0,4376.0,4615.0,239.0,356.66,10000,block-20-mlkem-sve-768.csv
21,kyber_neon,Kyber-1024,KeyGen,32508.0,32134.0,36080.0,3946.0,3055.1,10000,block-21-kyber-neon-1024.csv
21,kyber_neon,Kyber-1024,Encaps,48293.0,44347.0,48862.0,4515.0,3548.74,10000,block-21-kyber-neon-1024.csv
21,kyber_neon,Kyber-1024,Decaps,42660.0,38709.0,43219.0,4510.0,3545.01,10000,block-21-kyber-neon-1024.csv
21,kyber_neon,Kyber-1024,NTT,287.0,285.0,287.0,2.0,35.51,10000,block-21-kyber-neon-1024.csv
21,kyber_neon,Kyber-1024,INVNTT,285.0,261.0,285.0,24.0,22.83,10000,block-21-kyber-neon-1024.csv
21,kyber_neon,Kyber-1024,BaseMulAcc,507.0,458.0,509.0,51.0,45.87,10000,block-21-kyber-neon-1024.csv
21,kyber_neon,Kyber-1024,MatrixVectorMul,3709.0,3502.0,3717.0,215.0,183.27,10000,block-21-kyber-neon-1024.csv
21,kyber_neon,Kyber-1024,InnerProdEnc,725.0,702.0,727.0,25.0,51.39,10000,block-21-kyber-neon-1024.csv
21,kyber_neon,Kyber-1024,InnerProdDec,1890.0,1828.0,1894.0,66.0,103.19,10000,block-21-kyber-neon-1024.csv
21,kyber_neon,Kyber-512,KeyGen,13904.0,13715.0,14094.0,379.0,882.98,10000,block-21-kyber-neon-512.csv
21,kyber_neon,Kyber-512,Encaps,22925.0,20859.0,23303.0,2444.0,1920.94,10000,block-21-kyber-neon-512.csv
21,kyber_neon,Kyber-512,Decaps,17851.0,17666.0,18978.0,1312.0,2257.71,10000,block-21-kyber-neon-512.csv
21,kyber_neon,Kyber-512,NTT,263.0,257.0,287.0,30.0,46.8,10000,block-21-kyber-neon-512.csv
21,kyber_neon,Kyber-512,INVNTT,261.0,255.0,287.0,32.0,62.3,10000,block-21-kyber-neon-512.csv
21,kyber_neon,Kyber-512,BaseMulAcc,266.0,246.0,278.0,32.0,51.97,10000,block-21-kyber-neon-512.csv
21,kyber_neon,Kyber-512,MatrixVectorMul,1569.0,1411.0,1587.0,176.0,181.24,10000,block-21-kyber-neon-512.csv
21,kyber_neon,Kyber-512,InnerProdEnc,513.0,466.0,516.0,50.0,63.94,10000,block-21-kyber-neon-512.csv
21,kyber_neon,Kyber-512,InnerProdDec,1071.0,979.0,1074.0,95.0,104.55,10000,block-21-kyber-neon-512.csv
21,kyber_neon,Kyber-768,KeyGen,22176.0,21986.0,24430.0,2444.0,1687.19,10000,block-21-kyber-neon-768.csv
21,kyber_neon,Kyber-768,Encaps,34574.0,31381.0,34767.0,3386.0,1830.87,10000,block-21-kyber-neon-768.csv
21,kyber_neon,Kyber-768,Decaps,30068.0,27245.0,30257.0,3012.0,2570.42,10000,block-21-kyber-neon-768.csv
21,kyber_neon,Kyber-768,NTT,285.0,257.0,285.0,28.0,23.52,10000,block-21-kyber-neon-768.csv
21,kyber_neon,Kyber-768,INVNTT,285.0,283.0,285.0,2.0,26.73,10000,block-21-kyber-neon-768.csv
21,kyber_neon,Kyber-768,BaseMulAcc,390.0,358.0,392.0,34.0,30.74,10000,block-21-kyber-neon-768.csv
21,kyber_neon,Kyber-768,MatrixVectorMul,2565.0,2454.0,2570.0,116.0,120.29,10000,block-21-kyber-neon-768.csv
21,kyber_neon,Kyber-768,InnerProdEnc,616.0,616.0,618.0,2.0,36.05,10000,block-21-kyber-neon-768.csv
21,kyber_neon,Kyber-768,InnerProdDec,1469.0,1424.0,1471.0,47.0,74.03,10000,block-21-kyber-neon-768.csv
21,kyber_ref,Kyber-1024,KeyGen,156343.0,141876.0,157665.0,15789.0,14763.43,10000,block-21-kyber-ref-1024.csv
21,kyber_ref,Kyber-1024,Encaps,172697.0,159731.0,173445.0,13714.0,13681.71,10000,block-21-kyber-ref-1024.csv
21,kyber_ref,Kyber-1024,Decaps,196559.0,181154.0,197128.0,15974.0,17105.66,10000,block-21-kyber-ref-1024.csv
21,kyber_ref,Kyber-1024,NTT,3598.0,3363.0,3609.0,246.0,218.66,10000,block-21-kyber-ref-1024.csv
21,kyber_ref,Kyber-1024,INVNTT,5716.0,5464.0,5727.0,263.0,237.36,10000,block-21-kyber-ref-1024.csv
21,kyber_ref,Kyber-1024,BaseMulAcc,9161.0,8897.0,9236.0,339.0,431.05,10000,block-21-kyber-ref-1024.csv
21,kyber_ref,Kyber-1024,MatrixVectorMul,77030.0,76427.0,77560.0,1133.0,2220.38,10000,block-21-kyber-ref-1024.csv
21,kyber_ref,Kyber-1024,InnerProdEnc,15082.0,14721.0,15437.0,716.0,6492.14,10000,block-21-kyber-ref-1024.csv
21,kyber_ref,Kyber-1024,InnerProdDec,28871.0,28589.0,29130.0,541.0,857.45,10000,block-21-kyber-ref-1024.csv
21,kyber_ref,Kyber-512,KeyGen,57502.0,53177.0,57877.0,4700.0,3428.97,10000,block-21-kyber-ref-512.csv
21,kyber_ref,Kyber-512,Encaps,75168.0,67839.0,75728.0,7889.0,7751.29,10000,block-21-kyber-ref-512.csv
21,kyber_ref,Kyber-512,Decaps,90015.0,88883.0,90385.0,1502.0,5049.93,10000,block-21-kyber-ref-512.csv
21,kyber_ref,Kyber-512,NTT,3596.0,3436.0,3611.0,175.0,167.21,10000,block-21-kyber-ref-512.csv
21,kyber_ref,Kyber-512,INVNTT,5644.0,5436.0,5654.0,218.0,361.68,10000,block-21-kyber-ref-512.csv
21,kyber_ref,Kyber-512,BaseMulAcc,5103.0,4801.0,5165.0,364.0,529.91,10000,block-21-kyber-ref-512.csv
21,kyber_ref,Kyber-512,MatrixVectorMul,29923.0,29657.0,30089.0,432.0,1024.12,10000,block-21-kyber-ref-512.csv
21,kyber_ref,Kyber-512,InnerProdEnc,10641.0,10474.0,10739.0,265.0,313.96,10000,block-21-kyber-ref-512.csv
21,kyber_ref,Kyber-512,InnerProdDec,17647.0,17446.0,17835.0,389.0,1262.88,10000,block-21-kyber-ref-512.csv
21,kyber_ref,Kyber-768,KeyGen,99784.0,95089.0,100533.0,5444.0,4773.79,10000,block-21-kyber-ref-768.csv
21,kyber_ref,Kyber-768,Encaps,117445.0,116886.0,117639.0,753.0,4536.87,10000,block-21-kyber-ref-768.csv
21,kyber_ref,Kyber-768,Decaps,136049.0,129852.0,136427.0,6575.0,8326.83,10000,block-21-kyber-ref-768.csv
21,kyber_ref,Kyber-768,NTT,3635.0,3500.0,3639.0,139.0,140.12,10000,block-21-kyber-ref-768.csv
21,kyber_ref,Kyber-768,INVNTT,5644.0,5494.0,5650.0,156.0,167.05,10000,block-21-kyber-ref-768.csv
21,kyber_ref,Kyber-768,BaseMulAcc,6958.0,6772.0,6966.0,194.0,613.22,10000,block-21-kyber-ref-768.csv
21,kyber_ref,Kyber-768,MatrixVectorMul,50720.0,50376.0,50912.0,536.0,2086.35,10000,block-21-kyber-ref-768.csv
21,kyber_ref,Kyber-768,InnerProdEnc,12785.0,12575.0,13003.0,428.0,406.09,10000,block-21-kyber-ref-768.csv
21,kyber_ref,Kyber-768,InnerProdDec,23217.0,23002.0,23247.0,245.0,1534.65,10000,block-21-kyber-ref-768.csv
21,kyber_sme,Kyber-1024,KeyGen,61639.0,59758.0,64078.0,4320.0,2694.12,10000,block-21-kyber-sme-1024.csv
21,kyber_sme,Kyber-1024,Encaps,74133.0,69152.0,75543.0,6391.0,3413.64,10000,block-21-kyber-sme-1024.csv
21,kyber_sme,Kyber-1024,Decaps,76480.0,74231.0,76859.0,2628.0,2889.51,10000,block-21-kyber-sme-1024.csv
21,kyber_sme,Kyber-1024,NTT,1174.0,1172.0,1174.0,2.0,42.55,10000,block-21-kyber-sme-1024.csv
21,kyber_sme,Kyber-1024,INVNTT,1093.0,1091.0,1093.0,2.0,38.65,10000,block-21-kyber-sme-1024.csv
21,kyber_sme,Kyber-1024,BaseMulAcc,1409.0,1407.0,1411.0,4.0,40.38,10000,block-21-kyber-sme-1024.csv
21,kyber_sme,Kyber-1024,MatrixVectorMul,10724.0,10701.0,10891.0,190.0,164.93,10000,block-21-kyber-sme-1024.csv
21,kyber_sme,Kyber-1024,InnerProdEnc,2031.0,2031.0,2033.0,2.0,50.73,10000,block-21-kyber-sme-1024.csv
21,kyber_sme,Kyber-1024,InnerProdDec,5122.0,5090.0,5130.0,40.0,119.93,10000,block-21-kyber-sme-1024.csv
21,kyber_sme,Kyber-512,KeyGen,28751.0,28561.0,28940.0,379.0,1251.8,10000,block-21-kyber-sme-512.csv
21,kyber_sme,Kyber-512,Encaps,37582.0,37393.0,37771.0,378.0,960.21,10000,block-21-kyber-sme-512.csv
21,kyber_sme,Kyber-512,Decaps,37961.0,37771.0,38150.0,379.0,1358.0,10000,block-21-kyber-sme-512.csv
21,kyber_sme,Kyber-512,NTT,1178.0,1176.0,1178.0,2.0,54.12,10000,block-21-kyber-sme-512.csv
21,kyber_sme,Kyber-512,INVNTT,1097.0,1095.0,1099.0,4.0,45.82,10000,block-21-kyber-sme-512.csv
21,kyber_sme,Kyber-512,BaseMulAcc,751.0,749.0,751.0,2.0,18.97,10000,block-21-kyber-sme-512.csv
21,kyber_sme,Kyber-512,MatrixVectorMul,4709.0,4696.0,4729.0,33.0,101.96,10000,block-21-kyber-sme-512.csv
21,kyber_sme,Kyber-512,InnerProdEnc,1379.0,1377.0,1379.0,2.0,86.56,10000,block-21-kyber-sme-512.csv
21,kyber_sme,Kyber-512,InnerProdDec,3660.0,3645.0,3666.0,21.0,92.52,10000,block-21-kyber-sme-512.csv
21,kyber_sme,Kyber-768,KeyGen,41717.0,40026.0,42282.0,2256.0,1433.21,10000,block-21-kyber-sme-768.csv
21,kyber_sme,Kyber-768,Encaps,52618.0,49984.0,55437.0,5453.0,2766.88,10000,block-21-kyber-sme-768.csv
21,kyber_sme,Kyber-768,Decaps,54494.0,54304.0,54684.0,380.0,682.89,10000,block-21-kyber-sme-768.csv
21,kyber_sme,Kyber-768,NTT,1185.0,1183.0,1187.0,4.0,50.81,10000,block-21-kyber-sme-768.csv
21,kyber_sme,Kyber-768,INVNTT,1093.0,1093.0,1095.0,2.0,44.5,10000,block-21-kyber-sme-768.csv
21,kyber_sme,Kyber-768,BaseMulAcc,1093.0,1091.0,1095.0,4.0,15.27,10000,block-21-kyber-sme-768.csv
21,kyber_sme,Kyber-768,MatrixVectorMul,7276.0,7255.0,7279.0,24.0,88.85,10000,block-21-kyber-sme-768.csv
21,kyber_sme,Kyber-768,InnerProdEnc,1708.0,1708.0,1710.0,2.0,54.58,10000,block-21-kyber-sme-768.csv
21,kyber_sme,Kyber-768,InnerProdDec,4293.0,4286.0,4297.0,11.0,65.31,10000,block-21-kyber-sme-768.csv
21,kyber_sve,Kyber-1024,KeyGen,61638.0,60132.0,62202.0,2070.0,4744.73,10000,block-21-kyber-sve-1024.csv
21,kyber_sve,Kyber-1024,Encaps,75916.0,69531.0,76480.0,6949.0,5575.67,10000,block-21-kyber-sve-1024.csv
21,kyber_sve,Kyber-1024,Decaps,74226.0,72724.0,74605.0,1881.0,9400.01,10000,block-21-kyber-sve-1024.csv
21,kyber_sve,Kyber-1024,NTT,1059.0,1056.0,1067.0,11.0,97.85,10000,block-21-kyber-sve-1024.csv
21,kyber_sve,Kyber-1024,INVNTT,1116.0,1106.0,1121.0,15.0,155.48,10000,block-21-kyber-sve-1024.csv
21,kyber_sve,Kyber-1024,BaseMulAcc,1409.0,1409.0,1415.0,6.0,90.33,10000,block-21-kyber-sve-1024.csv
21,kyber_sve,Kyber-1024,MatrixVectorMul,10510.0,10307.0,10748.0,441.0,451.41,10000,block-21-kyber-sve-1024.csv
21,kyber_sve,Kyber-1024,InnerProdEnc,1976.0,1975.0,1980.0,5.0,156.76,10000,block-21-kyber-sve-1024.csv
21,kyber_sve,Kyber-1024,InnerProdDec,4491.0,4478.0,4697.0,219.0,270.37,10000,block-21-kyber-sve-1024.csv
21,kyber_sve,Kyber-512,KeyGen,27624.0,27439.0,27814.0,375.0,2654.68,10000,block-21-kyber-sve-512.csv
21,kyber_sve,Kyber-512,Encaps,37397.0,37208.0,37771.0,563.0,4110.1,10000,block-21-kyber-sve-512.csv
21,kyber_sve,Kyber-512,Decaps,35891.0,35705.0,36080.0,375.0,2888.0,10000,block-21-kyber-sve-512.csv
21,kyber_sve,Kyber-512,NTT,1057.0,1050.0,1059.0,9.0,148.09,10000,block-21-kyber-sve-512.csv
21,kyber_sve,Kyber-512,INVNTT,1121.0,1119.0,1123.0,4.0,99.74,10000,block-21-kyber-sve-512.csv
21,kyber_sve,Kyber-512,BaseMulAcc,751.0,749.0,753.0,4.0,94.54,10000,block-21-kyber-sve-512.csv
21,kyber_sve,Kyber-512,MatrixVectorMul,4478.0,4464.0,4684.0,220.0,266.01,10000,block-21-kyber-sve-512.csv
21,kyber_sve,Kyber-512,InnerProdEnc,1319.0,1319.0,1321.0,2.0,90.06,10000,block-21-kyber-sve-512.csv
21,kyber_sve,Kyber-512,InnerProdDec,3350.0,3339.0,3521.0,182.0,231.96,10000,block-21-kyber-sve-512.csv
21,kyber_sve,Kyber-768,KeyGen,42466.0,40780.0,43030.0,2250.0,3936.55,10000,block-21-kyber-sve-768.csv
21,kyber_sve,Kyber-768,Encaps,51675.0,48672.0,53935.0,5263.0,5094.17,10000,block-21-kyber-sve-768.csv
21,kyber_sve,Kyber-768,Decaps,54684.0,54495.0,55058.0,563.0,9775.38,10000,block-21-kyber-sve-768.csv
21,kyber_sve,Kyber-768,NTT,1071.0,1059.0,1074.0,15.0,103.07,10000,block-21-kyber-sve-768.csv
21,kyber_sve,Kyber-768,INVNTT,1129.0,1125.0,1133.0,8.0,138.19,10000,block-21-kyber-sve-768.csv
21,kyber_sve,Kyber-768,BaseMulAcc,1093.0,1091.0,1093.0,2.0,68.73,10000,block-21-kyber-sve-768.csv
21,kyber_sve,Kyber-768,MatrixVectorMul,6983.0,6977.0,7187.0,210.0,917.89,10000,block-21-kyber-sve-768.csv
21,kyber_sve,Kyber-768,InnerProdEnc,1655.0,1655.0,1657.0,2.0,142.76,10000,block-21-kyber-sve-768.csv
21,kyber_sve,Kyber-768,InnerProdDec,3799.0,3790.0,3827.0,37.0,221.19,10000,block-21-kyber-sve-768.csv
21,mlkem_neon,ML-KEM-1024,KeyGen,59947.0,59194.0,60321.0,1127.0,3948.65,10000,block-21-mlkem-neon-1024.csv
21,mlkem_neon,ML-KEM-1024,Encaps,64647.0,63893.0,65205.0,1312.0,4956.85,10000,block-21-mlkem-neon-1024.csv
21,mlkem_neon,ML-KEM-1024,Decaps,76295.0,75732.0,76670.0,938.0,5103.96,10000,block-21-mlkem-neon-1024.csv
21,mlkem_neon,ML-KEM-1024,NTT,223.0,219.0,225.0,6.0,11.25,10000,block-21-mlkem-neon-1024.csv
21,mlkem_neon,ML-KEM-1024,INVNTT,259.0,257.0,259.0,2.0,20.92,10000,block-21-mlkem-neon-1024.csv
21,mlkem_neon,ML-KEM-1024,BaseMulAcc,279.0,259.0,281.0,22.0,26.16,10000,block-21-mlkem-neon-1024.csv
21,mlkem_neon,ML-KEM-1024,MatrixVectorMul,3226.0,3138.0,3235.0,97.0,156.67,10000,block-21-mlkem-neon-1024.csv
21,mlkem_neon,ML-KEM-1024,InnerProdEnc,535.0,533.0,537.0,4.0,36.56,10000,block-21-mlkem-neon-1024.csv
21,mlkem_neon,ML-KEM-1024,InnerProdDec,1512.0,1503.0,1518.0,15.0,83.08,10000,block-21-mlkem-neon-1024.csv
21,mlkem_neon,ML-KEM-512,KeyGen,23492.0,23114.0,23862.0,748.0,1738.69,10000,block-21-mlkem-neon-512.csv
21,mlkem_neon,ML-KEM-512,Encaps,26875.0,26685.0,27245.0,560.0,1989.16,10000,block-21-mlkem-neon-512.csv
21,mlkem_neon,ML-KEM-512,Decaps,33261.0,32887.0,33451.0,564.0,2713.55,10000,block-21-mlkem-neon-512.csv
21,mlkem_neon,ML-KEM-512,NTT,221.0,204.0,225.0,21.0,28.94,10000,block-21-mlkem-neon-512.csv
21,mlkem_neon,ML-KEM-512,INVNTT,257.0,257.0,259.0,2.0,32.05,10000,block-21-mlkem-neon-512.csv
21,mlkem_neon,ML-KEM-512,BaseMulAcc,163.0,163.0,163.0,0.0,24.21,10000,block-21-mlkem-neon-512.csv
21,mlkem_neon,ML-KEM-512,MatrixVectorMul,1369.0,1366.0,1375.0,9.0,77.34,10000,block-21-mlkem-neon-512.csv
21,mlkem_neon,ML-KEM-512,InnerProdEnc,419.0,419.0,420.0,1.0,33.03,10000,block-21-mlkem-neon-512.csv
21,mlkem_neon,ML-KEM-512,InnerProdDec,892.0,888.0,896.0,8.0,52.44,10000,block-21-mlkem-neon-512.csv
21,mlkem_neon,ML-KEM-768,KeyGen,40590.0,39836.0,40780.0,944.0,1882.05,10000,block-21-mlkem-neon-768.csv
21,mlkem_neon,ML-KEM-768,Encaps,43598.0,41339.0,43788.0,2449.0,2482.71,10000,block-21-mlkem-neon-768.csv
21,mlkem_neon,ML-KEM-768,Decaps,51865.0,51490.0,52244.0,754.0,3167.6,10000,block-21-mlkem-neon-768.csv
21,mlkem_neon,ML-KEM-768,NTT,223.0,204.0,225.0,21.0,21.85,10000,block-21-mlkem-neon-768.csv
21,mlkem_neon,ML-KEM-768,INVNTT,257.0,257.0,259.0,2.0,24.65,10000,block-21-mlkem-neon-768.csv
21,mlkem_neon,ML-KEM-768,BaseMulAcc,219.0,214.0,221.0,7.0,23.77,10000,block-21-mlkem-neon-768.csv
21,mlkem_neon,ML-KEM-768,MatrixVectorMul,2234.0,2204.0,2239.0,35.0,95.02,10000,block-21-mlkem-neon-768.csv
21,mlkem_neon,ML-KEM-768,InnerProdEnc,477.0,475.0,479.0,4.0,20.41,10000,block-21-mlkem-neon-768.csv
21,mlkem_neon,ML-KEM-768,InnerProdDec,1195.0,1189.0,1200.0,11.0,63.66,10000,block-21-mlkem-neon-768.csv
21,mlkem_ref,ML-KEM-1024,KeyGen,76295.0,68967.0,76859.0,7892.0,4299.31,10000,block-21-mlkem-ref-1024.csv
21,mlkem_ref,ML-KEM-1024,Encaps,83999.0,76295.0,84562.0,8267.0,6247.32,10000,block-21-mlkem-ref-1024.csv
21,mlkem_ref,ML-KEM-1024,Decaps,94521.0,85690.0,95085.0,9395.0,5300.81,10000,block-21-mlkem-ref-1024.csv
21,mlkem_ref,ML-KEM-1024,NTT,520.0,520.0,520.0,0.0,38.04,10000,block-21-mlkem-ref-1024.csv
21,mlkem_ref,ML-KEM-1024,INVNTT,886.0,808.0,886.0,78.0,54.9,10000,block-21-mlkem-ref-1024.csv
21,mlkem_ref,ML-KEM-1024,BaseMulAcc,310.0,308.0,311.0,3.0,26.93,10000,block-21-mlkem-ref-1024.csv
21,mlkem_ref,ML-KEM-1024,MatrixVectorMul,7635.0,7338.0,7674.0,336.0,274.03,10000,block-21-mlkem-ref-1024.csv
21,mlkem_ref,ML-KEM-1024,InnerProdEnc,1195.0,1142.0,1195.0,53.0,67.0,10000,block-21-mlkem-ref-1024.csv
21,mlkem_ref,ML-KEM-1024,InnerProdDec,3619.0,3561.0,3623.0,62.0,139.55,10000,block-21-mlkem-ref-1024.csv
21,mlkem_ref,ML-KEM-512,KeyGen,29504.0,26875.0,30064.0,3189.0,3971.3,10000,block-21-mlkem-ref-512.csv
21,mlkem_ref,ML-KEM-512,Encaps,35137.0,31759.0,35332.0,3573.0,4494.61,10000,block-21-mlkem-ref-512.csv
21,mlkem_ref,ML-KEM-512,Decaps,41718.0,37956.0,42096.0,4140.0,5228.31,10000,block-21-mlkem-ref-512.csv
21,mlkem_ref,ML-KEM-512,NTT,520.0,516.0,520.0,4.0,27.53,10000,block-21-mlkem-ref-512.csv
21,mlkem_ref,ML-KEM-512,INVNTT,886.0,864.0,886.0,22.0,60.26,10000,block-21-mlkem-ref-512.csv
21,mlkem_ref,ML-KEM-512,BaseMulAcc,189.0,189.0,189.0,0.0,45.49,10000,block-21-mlkem-ref-512.csv
21,mlkem_ref,ML-KEM-512,MatrixVectorMul,3566.0,3397.0,3585.0,188.0,232.23,10000,block-21-mlkem-ref-512.csv
21,mlkem_ref,ML-KEM-512,InnerProdEnc,1074.0,969.0,1078.0,109.0,114.7,10000,block-21-mlkem-ref-512.csv
21,mlkem_ref,ML-KEM-512,InnerProdDec,2273.0,2270.0,2277.0,7.0,96.2,10000,block-21-mlkem-ref-512.csv
21,mlkem_ref,ML-KEM-768,KeyGen,52050.0,51491.0,52244.0,753.0,2569.34,10000,block-21-mlkem-ref-768.csv
21,mlkem_ref,ML-KEM-768,Encaps,57128.0,56749.0,57503.0,754.0,2696.6,10000,block-21-mlkem-ref-768.csv
21,mlkem_ref,ML-KEM-768,Decaps,65580.0,64831.0,65774.0,943.0,3152.1,10000,block-21-mlkem-ref-768.csv
21,mlkem_ref,ML-KEM-768,NTT,520.0,520.0,524.0,4.0,29.97,10000,block-21-mlkem-ref-768.csv
21,mlkem_ref,ML-KEM-768,INVNTT,886.0,860.0,888.0,28.0,63.5,10000,block-21-mlkem-ref-768.csv
21,mlkem_ref,ML-KEM-768,BaseMulAcc,246.0,246.0,248.0,2.0,9.23,10000,block-21-mlkem-ref-768.csv
21,mlkem_ref,ML-KEM-768,MatrixVectorMul,5552.0,5428.0,5562.0,134.0,150.64,10000,block-21-mlkem-ref-768.csv
21,mlkem_ref,ML-KEM-768,InnerProdEnc,1134.0,1131.0,1146.0,15.0,59.71,10000,block-21-mlkem-ref-768.csv
21,mlkem_ref,ML-KEM-768,InnerProdDec,2938.0,2935.0,2963.0,28.0,94.46,10000,block-21-mlkem-ref-768.csv
21,mlkem_sme,ML-KEM-1024,KeyGen,90574.0,80242.0,91328.0,11086.0,6344.9,10000,block-21-mlkem-sme-1024.csv
21,mlkem_sme,ML-KEM-1024,Encaps,102413.0,101850.0,102976.0,1126.0,6755.87,10000,block-21-mlkem-sme-1024.csv
21,mlkem_sme,ML-KEM-1024,Decaps,112940.0,112375.0,122523.0,10148.0,6560.18,10000,block-21-mlkem-sme-1024.csv
21,mlkem_sme,ML-KEM-1024,NTT,1157.0,1155.0,1159.0,4.0,56.06,10000,block-21-mlkem-sme-1024.csv
21,mlkem_sme,ML-KEM-1024,INVNTT,1072.0,1071.0,1078.0,7.0,62.74,10000,block-21-mlkem-sme-1024.csv
21,mlkem_sme,ML-KEM-1024,BaseMulAcc,1180.0,1180.0,1182.0,2.0,51.43,10000,block-21-mlkem-sme-1024.csv
21,mlkem_sme,ML-KEM-1024,MatrixVectorMul,12024.0,11994.0,12184.0,190.0,247.49,10000,block-21-mlkem-sme-1024.csv
21,mlkem_sme,ML-KEM-1024,InnerProdEnc,1792.0,1792.0,1794.0,2.0,59.9,10000,block-21-mlkem-sme-1024.csv
21,mlkem_sme,ML-KEM-1024,InnerProdDec,5351.0,5321.0,5357.0,36.0,132.42,10000,block-21-mlkem-sme-1024.csv
21,mlkem_sme,ML-KEM-512,KeyGen,36829.0,36643.0,37018.0,375.0,2207.27,10000,block-21-mlkem-sme-512.csv
21,mlkem_sme,ML-KEM-512,Encaps,43409.0,41338.0,43783.0,2445.0,2634.92,10000,block-21-mlkem-sme-512.csv
21,mlkem_sme,ML-KEM-512,Decaps,57502.0,56754.0,57876.0,1122.0,2786.74,10000,block-21-mlkem-sme-512.csv
21,mlkem_sme,ML-KEM-512,NTT,1157.0,1157.0,1159.0,2.0,60.79,10000,block-21-mlkem-sme-512.csv
21,mlkem_sme,ML-KEM-512,INVNTT,1065.0,1065.0,1067.0,2.0,61.43,10000,block-21-mlkem-sme-512.csv
21,mlkem_sme,ML-KEM-512,BaseMulAcc,631.0,629.0,633.0,4.0,23.38,10000,block-21-mlkem-sme-512.csv
21,mlkem_sme,ML-KEM-512,MatrixVectorMul,5053.0,5041.0,5071.0,30.0,194.36,10000,block-21-mlkem-sme-512.csv
21,mlkem_sme,ML-KEM-512,InnerProdEnc,1251.0,1249.0,1253.0,4.0,48.84,10000,block-21-mlkem-sme-512.csv
21,mlkem_sme,ML-KEM-512,InnerProdDec,3444.0,3431.0,3583.0,152.0,1465.51,10000,block-21-mlkem-sme-512.csv
21,mlkem_sme,ML-KEM-768,KeyGen,61070.0,59758.0,61823.0,2065.0,2583.01,10000,block-21-mlkem-sme-768.csv
21,mlkem_sme,ML-KEM-768,Encaps,69715.0,66143.0,70654.0,4511.0,2826.96,10000,block-21-mlkem-sme-768.csv
21,mlkem_sme,ML-KEM-768,Decaps,83060.0,81934.0,86069.0,4135.0,2314.57,10000,block-21-mlkem-sme-768.csv
21,mlkem_sme,ML-KEM-768,NTT,1165.0,1163.0,1168.0,5.0,107.12,10000,block-21-mlkem-sme-768.csv
21,mlkem_sme,ML-KEM-768,INVNTT,1073.0,1072.0,1074.0,2.0,34.29,10000,block-21-mlkem-sme-768.csv
21,mlkem_sme,ML-KEM-768,BaseMulAcc,911.0,911.0,913.0,2.0,12.53,10000,block-21-mlkem-sme-768.csv
21,mlkem_sme,ML-KEM-768,MatrixVectorMul,8131.0,8116.0,8149.0,33.0,248.5,10000,block-21-mlkem-sme-768.csv
21,mlkem_sme,ML-KEM-768,InnerProdEnc,1525.0,1524.0,1527.0,3.0,50.7,10000,block-21-mlkem-sme-768.csv
21,mlkem_sme,ML-KEM-768,InnerProdDec,4919.0,4906.0,4932.0,26.0,65.34,10000,block-21-mlkem-sme-768.csv
21,mlkem_sve,ML-KEM-1024,KeyGen,91143.0,80616.0,92076.0,11460.0,7455.09,10000,block-21-mlkem-sve-1024.csv
21,mlkem_sve,ML-KEM-1024,Encaps,103356.0,102792.0,103919.0,1127.0,13202.47,10000,block-21-mlkem-sve-1024.csv
21,mlkem_sve,ML-KEM-1024,Decaps,112376.0,111812.0,121959.0,10147.0,9120.25,10000,block-21-mlkem-sve-1024.csv
21,mlkem_sve,ML-KEM-1024,NTT,1048.0,1042.0,1057.0,15.0,119.88,10000,block-21-mlkem-sve-1024.csv
21,mlkem_sve,ML-KEM-1024,INVNTT,1103.0,1086.0,1106.0,20.0,94.12,10000,block-21-mlkem-sve-1024.csv
21,mlkem_sve,ML-KEM-1024,BaseMulAcc,1180.0,1180.0,1182.0,2.0,118.11,10000,block-21-mlkem-sve-1024.csv
21,mlkem_sve,ML-KEM-1024,MatrixVectorMul,11821.0,11620.0,12094.0,474.0,994.96,10000,block-21-mlkem-sve-1024.csv
21,mlkem_sve,ML-KEM-1024,InnerProdEnc,1751.0,1749.0,1755.0,6.0,134.24,10000,block-21-mlkem-sve-1024.csv
21,mlkem_sve,ML-KEM-1024,InnerProdDec,4658.0,4641.0,4863.0,222.0,298.91,10000,block-21-mlkem-sve-1024.csv
21,mlkem_sve,ML-KEM-512,KeyGen,36265.0,35895.0,36459.0,564.0,2759.74,10000,block-21-mlkem-sve-512.csv
21,mlkem_sve,ML-KEM-512,Encaps,44536.0,41907.0,44911.0,3004.0,4650.5,10000,block-21-mlkem-sve-512.csv
21,mlkem_sve,ML-KEM-512,Decaps,56375.0,56000.0,56750.0,750.0,9450.13,10000,block-21-mlkem-sve-512.csv
21,mlkem_sve,ML-KEM-512,NTT,1027.0,1024.0,1033.0,9.0,80.67,10000,block-21-mlkem-sve-512.csv
21,mlkem_sve,ML-KEM-512,INVNTT,1091.0,1088.0,1093.0,5.0,122.37,10000,block-21-mlkem-sve-512.csv
21,mlkem_sve,ML-KEM-512,BaseMulAcc,633.0,631.0,635.0,4.0,70.46,10000,block-21-mlkem-sve-512.csv
21,mlkem_sve,ML-KEM-512,MatrixVectorMul,4481.0,4470.0,4684.0,214.0,291.82,10000,block-21-mlkem-sve-512.csv
21,mlkem_sve,ML-KEM-512,InnerProdEnc,1202.0,1198.0,1223.0,25.0,148.61,10000,block-21-mlkem-sve-512.csv
21,mlkem_sve,ML-KEM-512,InnerProdDec,2852.0,2801.0,2933.0,132.0,336.49,10000,block-21-mlkem-sve-512.csv
21,mlkem_sve,ML-KEM-768,KeyGen,60885.0,59757.0,61634.0,1877.0,6343.7,10000,block-21-mlkem-sve-768.csv
21,mlkem_sve,ML-KEM-768,Encaps,76480.0,69905.0,77044.0,7139.0,9605.52,10000,block-21-mlkem-sve-768.csv
21,mlkem_sve,ML-KEM-768,Decaps,82871.0,81933.0,85879.0,3946.0,5480.33,10000,block-21-mlkem-sve-768.csv
21,mlkem_sve,ML-KEM-768,NTT,1052.0,1042.0,1059.0,17.0,122.64,10000,block-21-mlkem-sve-768.csv
21,mlkem_sve,ML-KEM-768,INVNTT,1118.0,1116.0,1121.0,5.0,107.34,10000,block-21-mlkem-sve-768.csv
21,mlkem_sve,ML-KEM-768,BaseMulAcc,911.0,911.0,913.0,2.0,61.44,10000,block-21-mlkem-sve-768.csv
21,mlkem_sve,ML-KEM-768,MatrixVectorMul,7836.0,7706.0,8027.0,321.0,360.75,10000,block-21-mlkem-sve-768.csv
21,mlkem_sve,ML-KEM-768,InnerProdEnc,1477.0,1475.0,1507.0,32.0,655.39,10000,block-21-mlkem-sve-768.csv
21,mlkem_sve,ML-KEM-768,InnerProdDec,4393.0,4372.0,4577.0,205.0,261.19,10000,block-21-mlkem-sve-768.csv
22,kyber_neon,Kyber-1024,KeyGen,32134.0,31570.0,35142.0,3572.0,2050.64,10000,block-22-kyber-neon-1024.csv
22,kyber_neon,Kyber-1024,Encaps,48103.0,43409.0,48482.0,5073.0,2953.45,10000,block-22-kyber-neon-1024.csv
22,kyber_neon,Kyber-1024,Decaps,42656.0,38709.0,43035.0,4326.0,3212.12,10000,block-22-kyber-neon-1024.csv
22,kyber_neon,Kyber-1024,NTT,285.0,263.0,287.0,24.0,15.81,10000,block-22-kyber-neon-1024.csv
22,kyber_neon,Kyber-1024,INVNTT,285.0,283.0,285.0,2.0,15.77,10000,block-22-kyber-neon-1024.csv
22,kyber_neon,Kyber-1024,BaseMulAcc,505.0,458.0,509.0,51.0,29.35,10000,block-22-kyber-neon-1024.csv
22,kyber_neon,Kyber-1024,MatrixVectorMul,3707.0,3521.0,3715.0,194.0,158.24,10000,block-22-kyber-neon-1024.csv
22,kyber_neon,Kyber-1024,InnerProdEnc,725.0,723.0,727.0,4.0,42.59,10000,block-22-kyber-neon-1024.csv
22,kyber_neon,Kyber-1024,InnerProdDec,1892.0,1828.0,1896.0,68.0,82.94,10000,block-22-kyber-neon-1024.csv
22,kyber_neon,Kyber-512,KeyGen,13720.0,13715.0,13909.0,194.0,685.81,10000,block-22-kyber-neon-512.csv
22,kyber_neon,Kyber-512,Encaps,21048.0,20858.0,23114.0,2256.0,1546.09,10000,block-22-kyber-neon-512.csv
22,kyber_neon,Kyber-512,Decaps,17850.0,17665.0,18040.0,375.0,1228.6,10000,block-22-kyber-neon-512.csv
22,kyber_neon,Kyber-512,NTT,287.0,259.0,289.0,30.0,15.75,10000,block-22-kyber-neon-512.csv
22,kyber_neon,Kyber-512,INVNTT,285.0,255.0,285.0,30.0,20.55,10000,block-22-kyber-neon-512.csv
22,kyber_neon,Kyber-512,BaseMulAcc,274.0,249.0,276.0,27.0,24.25,10000,block-22-kyber-neon-512.csv
22,kyber_neon,Kyber-512,MatrixVectorMul,1569.0,1422.0,1572.0,150.0,80.3,10000,block-22-kyber-neon-512.csv
22,kyber_neon,Kyber-512,InnerProdEnc,511.0,460.0,513.0,53.0,28.27,10000,block-22-kyber-neon-512.csv
22,kyber_neon,Kyber-512,InnerProdDec,1071.0,969.0,1072.0,103.0,57.9,10000,block-22-kyber-neon-512.csv
22,kyber_neon,Kyber-768,KeyGen,24241.0,21987.0,24615.0,2628.0,2167.95,10000,block-22-kyber-neon-768.csv
22,kyber_neon,Kyber-768,Encaps,34578.0,34200.0,34768.0,568.0,2402.47,10000,block-22-kyber-neon-768.csv
22,kyber_neon,Kyber-768,Decaps,30068.0,27245.0,30257.0,3012.0,2522.79,10000,block-22-kyber-neon-768.csv
22,kyber_neon,Kyber-768,NTT,287.0,285.0,287.0,2.0,20.52,10000,block-22-kyber-neon-768.csv
22,kyber_neon,Kyber-768,INVNTT,285.0,283.0,287.0,4.0,17.55,10000,block-22-kyber-neon-768.csv
22,kyber_neon,Kyber-768,BaseMulAcc,390.0,388.0,392.0,4.0,16.51,10000,block-22-kyber-neon-768.csv
22,kyber_neon,Kyber-768,MatrixVectorMul,2566.0,2473.0,2570.0,97.0,130.61,10000,block-22-kyber-neon-768.csv
22,kyber_neon,Kyber-768,InnerProdEnc,616.0,616.0,618.0,2.0,33.5,10000,block-22-kyber-neon-768.csv
22,kyber_neon,Kyber-768,InnerProdDec,1469.0,1465.0,1471.0,6.0,91.68,10000,block-22-kyber-neon-768.csv
22,kyber_ref,Kyber-1024,KeyGen,156722.0,145073.0,157661.0,12588.0,7909.56,10000,block-22-kyber-ref-1024.csv
22,kyber_ref,Kyber-1024,Encaps,173071.0,166495.0,173635.0,7140.0,8083.34,10000,block-22-kyber-ref-1024.csv
22,kyber_ref,Kyber-1024,Decaps,196375.0,192050.0,196933.0,4883.0,10237.6,10000,block-22-kyber-ref-1024.csv
22,kyber_ref,Kyber-1024,NTT,3609.0,3391.0,3613.0,222.0,168.85,10000,block-22-kyber-ref-1024.csv
22,kyber_ref,Kyber-1024,INVNTT,5714.0,5466.0,5718.0,252.0,204.49,10000,block-22-kyber-ref-1024.csv
22,kyber_ref,Kyber-1024,BaseMulAcc,9151.0,8897.0,9232.0,335.0,267.06,10000,block-22-kyber-ref-1024.csv
22,kyber_ref,Kyber-1024,MatrixVectorMul,77132.0,76701.0,77528.0,827.0,1192.01,10000,block-22-kyber-ref-1024.csv
22,kyber_ref,Kyber-1024,InnerProdEnc,14982.0,14781.0,15211.0,430.0,387.94,10000,block-22-kyber-ref-1024.csv
22,kyber_ref,Kyber-1024,InnerProdDec,28709.0,28431.0,28845.0,414.0,934.54,10000,block-22-kyber-ref-1024.csv
22,kyber_ref,Kyber-512,KeyGen,57318.0,52429.0,57877.0,5448.0,3360.26,10000,block-22-kyber-ref-512.csv
22,kyber_ref,Kyber-512,Encaps,75358.0,74041.0,75732.0,1691.0,4975.64,10000,block-22-kyber-ref-512.csv
22,kyber_ref,Kyber-512,Decaps,90010.0,81743.0,90200.0,8457.0,9260.82,10000,block-22-kyber-ref-512.csv
22,kyber_ref,Kyber-512,NTT,3596.0,3395.0,3598.0,203.0,162.58,10000,block-22-kyber-ref-512.csv
22,kyber_ref,Kyber-512,INVNTT,5643.0,5412.0,5648.0,236.0,197.44,10000,block-22-kyber-ref-512.csv
22,kyber_ref,Kyber-512,BaseMulAcc,5103.0,4793.0,5105.0,312.0,938.69,10000,block-22-kyber-ref-512.csv
22,kyber_ref,Kyber-512,MatrixVectorMul,29700.0,29408.0,29903.0,495.0,576.57,10000,block-22-kyber-ref-512.csv
22,kyber_ref,Kyber-512,InnerProdEnc,10547.0,10277.0,10733.0,456.0,372.73,10000,block-22-kyber-ref-512.csv
22,kyber_ref,Kyber-512,InnerProdDec,17461.0,17417.0,17679.0,262.0,385.68,10000,block-22-kyber-ref-512.csv
22,kyber_ref,Kyber-768,KeyGen,99784.0,95458.0,100532.0,5074.0,5158.58,10000,block-22-kyber-ref-768.csv
22,kyber_ref,Kyber-768,Encaps,117444.0,116881.0,117639.0,758.0,6123.4,10000,block-22-kyber-ref-768.csv
22,kyber_ref,Kyber-768,Decaps,136238.0,128535.0,136612.0,8077.0,7803.06,10000,block-22-kyber-ref-768.csv
22,kyber_ref,Kyber-768,NTT,3634.0,3485.0,3638.0,153.0,144.4,10000,block-22-kyber-ref-768.csv
22,kyber_ref,Kyber-768,INVNTT,5645.0,5515.0,5656.0,141.0,171.44,10000,block-22-kyber-ref-768.csv
22,kyber_ref,Kyber-768,BaseMulAcc,6958.0,6765.0,6966.0,201.0,185.27,10000,block-22-kyber-ref-768.csv
22,kyber_ref,Kyber-768,MatrixVectorMul,50643.0,50376.0,50869.0,493.0,2287.0,10000,block-22-kyber-ref-768.csv
22,kyber_ref,Kyber-768,InnerProdEnc,12834.0,12594.0,13047.0,453.0,745.21,10000,block-22-kyber-ref-768.csv
22,kyber_ref,Kyber-768,InnerProdDec,23179.0,22997.0,23237.0,240.0,640.9,10000,block-22-kyber-ref-768.csv
22,kyber_sme,Kyber-1024,KeyGen,62198.0,60131.0,64078.0,3947.0,2345.59,10000,block-22-kyber-sme-1024.csv
22,kyber_sme,Kyber-1024,Encaps,74226.0,69152.0,75727.0,6575.0,4097.65,10000,block-22-kyber-sme-1024.csv
22,kyber_sme,Kyber-1024,Decaps,76296.0,74230.0,76670.0,2440.0,2045.52,10000,block-22-kyber-sme-1024.csv
22,kyber_sme,Kyber-1024,NTT,1174.0,1172.0,1174.0,2.0,35.85,10000,block-22-kyber-sme-1024.csv
22,kyber_sme,Kyber-1024,INVNTT,1093.0,1091.0,1093.0,2.0,46.68,10000,block-22-kyber-sme-1024.csv
22,kyber_sme,Kyber-1024,BaseMulAcc,1415.0,1413.0,1416.0,3.0,36.91,10000,block-22-kyber-sme-1024.csv
22,kyber_sme,Kyber-1024,MatrixVectorMul,10718.0,10699.0,10840.0,141.0,245.85,10000,block-22-kyber-sme-1024.csv
22,kyber_sme,Kyber-1024,InnerProdEnc,2038.0,2038.0,2040.0,2.0,56.37,10000,block-22-kyber-sme-1024.csv
22,kyber_sme,Kyber-1024,InnerProdDec,5116.0,5085.0,5122.0,37.0,190.57,10000,block-22-kyber-sme-1024.csv
22,kyber_sme,Kyber-512,KeyGen,28751.0,28562.0,28941.0,379.0,799.28,10000,block-22-kyber-sme-512.csv
22,kyber_sme,Kyber-512,Encaps,37582.0,37397.0,37771.0,374.0,1128.48,10000,block-22-kyber-sme-512.csv
22,kyber_sme,Kyber-512,Decaps,37960.0,37771.0,38146.0,375.0,1353.11,10000,block-22-kyber-sme-512.csv
22,kyber_sme,Kyber-512,NTT,1191.0,1191.0,1193.0,2.0,39.95,10000,block-22-kyber-sme-512.csv
22,kyber_sme,Kyber-512,INVNTT,1097.0,1095.0,1099.0,4.0,48.95,10000,block-22-kyber-sme-512.csv
22,kyber_sme,Kyber-512,BaseMulAcc,751.0,749.0,751.0,2.0,16.41,10000,block-22-kyber-sme-512.csv
22,kyber_sme,Kyber-512,MatrixVectorMul,4688.0,4684.0,4694.0,10.0,111.25,10000,block-22-kyber-sme-512.csv
22,kyber_sme,Kyber-512,InnerProdEnc,1379.0,1377.0,1379.0,2.0,34.84,10000,block-22-kyber-sme-512.csv
22,kyber_sme,Kyber-512,InnerProdDec,3671.0,3645.0,3679.0,34.0,92.42,10000,block-22-kyber-sme-512.csv
22,kyber_sme,Kyber-768,KeyGen,41533.0,39841.0,42281.0,2440.0,1305.46,10000,block-22-kyber-sme-768.csv
22,kyber_sme,Kyber-768,Encaps,52619.0,49984.0,55622.0,5638.0,2940.99,10000,block-22-kyber-sme-768.csv
22,kyber_sme,Kyber-768,Decaps,54495.0,54305.0,54684.0,379.0,2112.12,10000,block-22-kyber-sme-768.csv
22,kyber_sme,Kyber-768,NTT,1204.0,1202.0,1204.0,2.0,34.07,10000,block-22-kyber-sme-768.csv
22,kyber_sme,Kyber-768,INVNTT,1097.0,1095.0,1097.0,2.0,31.41,10000,block-22-kyber-sme-768.csv
22,kyber_sme,Kyber-768,BaseMulAcc,1091.0,1091.0,1095.0,4.0,98.94,10000,block-22-kyber-sme-768.csv
22,kyber_sme,Kyber-768,MatrixVectorMul,7278.0,7257.0,7313.0,56.0,226.53,10000,block-22-kyber-sme-768.csv
22,kyber_sme,Kyber-768,InnerProdEnc,1708.0,1706.0,1708.0,2.0,29.0,10000,block-22-kyber-sme-768.csv
22,kyber_sme,Kyber-768,InnerProdDec,4299.0,4295.0,4301.0,6.0,78.46,10000,block-22-kyber-sme-768.csv
22,kyber_sve,Kyber-1024,KeyGen,61264.0,60131.0,62386.0,2255.0,4805.34,10000,block-22-kyber-sve-1024.csv
22,kyber_sve,Kyber-1024,Encaps,75732.0,69531.0,76480.0,6949.0,11186.96,10000,block-22-kyber-sve-1024.csv
22,kyber_sve,Kyber-1024,Decaps,74230.0,72909.0,74789.0,1880.0,3843.39,10000,block-22-kyber-sve-1024.csv
22,kyber_sve,Kyber-1024,NTT,1061.0,1057.0,1067.0,10.0,110.04,10000,block-22-kyber-sve-1024.csv
22,kyber_sve,Kyber-1024,INVNTT,1119.0,1116.0,1121.0,5.0,139.23,10000,block-22-kyber-sve-1024.csv
22,kyber_sve,Kyber-1024,BaseMulAcc,1415.0,1413.0,1418.0,5.0,114.35,10000,block-22-kyber-sve-1024.csv
22,kyber_sve,Kyber-1024,MatrixVectorMul,10510.0,10305.0,10745.0,440.0,411.16,10000,block-22-kyber-sve-1024.csv
22,kyber_sve,Kyber-1024,InnerProdEnc,1982.0,1980.0,1993.0,13.0,137.98,10000,block-22-kyber-sve-1024.csv
22,kyber_sve,Kyber-1024,InnerProdDec,4496.0,4481.0,4699.0,218.0,257.97,10000,block-22-kyber-sve-1024.csv
22,kyber_sve,Kyber-512,KeyGen,27624.0,27435.0,27813.0,378.0,3344.5,10000,block-22-kyber-sve-512.csv
22,kyber_sve,Kyber-512,Encaps,37397.0,37208.0,37771.0,563.0,3909.5,10000,block-22-kyber-sve-512.csv
22,kyber_sve,Kyber-512,Decaps,35891.0,35701.0,36080.0,379.0,2854.23,10000,block-22-kyber-sve-512.csv
22,kyber_sve,Kyber-512,NTT,1058.0,1050.0,1061.0,11.0,147.17,10000,block-22-kyber-sve-512.csv
22,kyber_sve,Kyber-512,INVNTT,1121.0,1116.0,1123.0,7.0,91.63,10000,block-22-kyber-sve-512.csv
22,kyber_sve,Kyber-512,BaseMulAcc,747.0,746.0,749.0,3.0,56.6,10000,block-22-kyber-sve-512.csv
22,kyber_sve,Kyber-512,MatrixVectorMul,4483.0,4470.0,4690.0,220.0,600.26,10000,block-22-kyber-sve-512.csv
22,kyber_sve,Kyber-512,InnerProdEnc,1317.0,1315.0,1322.0,7.0,122.15,10000,block-22-kyber-sve-512.csv
22,kyber_sve,Kyber-512,InnerProdDec,3363.0,3339.0,3525.0,186.0,286.25,10000,block-22-kyber-sve-512.csv
22,kyber_sve,Kyber-768,KeyGen,42466.0,40964.0,43030.0,2066.0,3899.69,10000,block-22-kyber-sve-768.csv
22,kyber_sve,Kyber-768,Encaps,51865.0,48672.0,54120.0,5448.0,9584.63,10000,block-22-kyber-sve-768.csv
22,kyber_sve,Kyber-768,Decaps,54869.0,54499.0,55247.0,748.0,7022.15,10000,block-22-kyber-sve-768.csv
22,kyber_sve,Kyber-768,NTT,1065.0,1056.0,1071.0,15.0,77.44,10000,block-22-kyber-sve-768.csv
22,kyber_sve,Kyber-768,INVNTT,1131.0,1129.0,1133.0,4.0,123.75,10000,block-22-kyber-sve-768.csv
22,kyber_sve,Kyber-768,BaseMulAcc,1093.0,1093.0,1095.0,2.0,64.45,10000,block-22-kyber-sve-768.csv
22,kyber_sve,Kyber-768,MatrixVectorMul,7107.0,6982.0,7272.0,290.0,329.57,10000,block-22-kyber-sve-768.csv
22,kyber_sve,Kyber-768,InnerProdEnc,1657.0,1657.0,1661.0,4.0,128.16,10000,block-22-kyber-sve-768.csv
22,kyber_sve,Kyber-768,InnerProdDec,3810.0,3799.0,4002.0,203.0,234.23,10000,block-22-kyber-sve-768.csv
22,mlkem_neon,ML-KEM-1024,KeyGen,59758.0,54309.0,60321.0,6012.0,5126.06,10000,block-22-mlkem-neon-1024.csv
22,mlkem_neon,ML-KEM-1024,Encaps,64642.0,60511.0,65020.0,4509.0,5938.84,10000,block-22-mlkem-neon-1024.csv
22,mlkem_neon,ML-KEM-1024,Decaps,76106.0,69341.0,76485.0,7144.0,4373.58,10000,block-22-mlkem-neon-1024.csv
22,mlkem_neon,ML-KEM-1024,NTT,223.0,210.0,225.0,15.0,14.61,10000,block-22-mlkem-neon-1024.csv
22,mlkem_neon,ML-KEM-1024,INVNTT,257.0,231.0,257.0,26.0,14.4,10000,block-22-mlkem-neon-1024.csv
22,mlkem_neon,ML-KEM-1024,BaseMulAcc,280.0,278.0,281.0,3.0,19.49,10000,block-22-mlkem-neon-1024.csv
22,mlkem_neon,ML-KEM-1024,MatrixVectorMul,3224.0,3100.0,3234.0,134.0,142.87,10000,block-22-mlkem-neon-1024.csv
22,mlkem_neon,ML-KEM-1024,InnerProdEnc,533.0,488.0,535.0,47.0,44.16,10000,block-22-mlkem-neon-1024.csv
22,mlkem_neon,ML-KEM-1024,InnerProdDec,1509.0,1460.0,1516.0,56.0,71.46,10000,block-22-mlkem-neon-1024.csv
22,mlkem_neon,ML-KEM-512,KeyGen,23303.0,21233.0,23677.0,2444.0,1455.88,10000,block-22-mlkem-neon-512.csv
22,mlkem_neon,ML-KEM-512,Encaps,26870.0,24426.0,27060.0,2634.0,1688.3,10000,block-22-mlkem-neon-512.csv
22,mlkem_neon,ML-KEM-512,Decaps,33077.0,32698.0,33446.0,748.0,1881.52,10000,block-22-mlkem-neon-512.csv
22,mlkem_neon,ML-KEM-512,NTT,221.0,206.0,223.0,17.0,14.67,10000,block-22-mlkem-neon-512.csv
22,mlkem_neon,ML-KEM-512,INVNTT,257.0,257.0,259.0,2.0,13.14,10000,block-22-mlkem-neon-512.csv
22,mlkem_neon,ML-KEM-512,BaseMulAcc,163.0,146.0,163.0,17.0,18.08,10000,block-22-mlkem-neon-512.csv
22,mlkem_neon,ML-KEM-512,MatrixVectorMul,1369.0,1364.0,1373.0,9.0,60.71,10000,block-22-mlkem-neon-512.csv
22,mlkem_neon,ML-KEM-512,InnerProdEnc,419.0,419.0,420.0,1.0,20.91,10000,block-22-mlkem-neon-512.csv
22,mlkem_neon,ML-KEM-512,InnerProdDec,890.0,886.0,894.0,8.0,42.03,10000,block-22-mlkem-neon-512.csv
22,mlkem_neon,ML-KEM-768,KeyGen,40590.0,40216.0,40964.0,748.0,1783.68,10000,block-22-mlkem-neon-768.csv
22,mlkem_neon,ML-KEM-768,Encaps,43598.0,43219.0,43972.0,753.0,2204.21,10000,block-22-mlkem-neon-768.csv
22,mlkem_neon,ML-KEM-768,Decaps,51865.0,51491.0,52240.0,749.0,2374.4,10000,block-22-mlkem-neon-768.csv
22,mlkem_neon,ML-KEM-768,NTT,223.0,219.0,225.0,6.0,13.54,10000,block-22-mlkem-neon-768.csv
22,mlkem_neon,ML-KEM-768,INVNTT,257.0,255.0,259.0,4.0,11.89,10000,block-22-mlkem-neon-768.csv
22,mlkem_neon,ML-KEM-768,BaseMulAcc,219.0,219.0,221.0,2.0,11.42,10000,block-22-mlkem-neon-768.csv
22,mlkem_neon,ML-KEM-768,MatrixVectorMul,2234.0,2189.0,2239.0,50.0,118.83,10000,block-22-mlkem-neon-768.csv
22,mlkem_neon,ML-KEM-768,InnerProdEnc,477.0,475.0,479.0,4.0,20.37,10000,block-22-mlkem-neon-768.csv
22,mlkem_neon,ML-KEM-768,InnerProdDec,1195.0,1189.0,1200.0,11.0,48.78,10000,block-22-mlkem-neon-768.csv
22,mlkem_ref,ML-KEM-1024,KeyGen,76670.0,69531.0,77049.0,7518.0,3986.95,10000,block-22-mlkem-ref-1024.csv
22,mlkem_ref,ML-KEM-1024,Encaps,83435.0,76106.0,83814.0,7708.0,4481.93,10000,block-22-mlkem-ref-1024.csv
22,mlkem_ref,ML-KEM-1024,Decaps,94336.0,85501.0,94900.0,9399.0,7203.05,10000,block-22-mlkem-ref-1024.csv
22,mlkem_ref,ML-KEM-1024,NTT,520.0,520.0,522.0,2.0,34.16,10000,block-22-mlkem-ref-1024.csv
22,mlkem_ref,ML-KEM-1024,INVNTT,886.0,806.0,886.0,80.0,44.3,10000,block-22-mlkem-ref-1024.csv
22,mlkem_ref,ML-KEM-1024,BaseMulAcc,310.0,308.0,311.0,3.0,16.28,10000,block-22-mlkem-ref-1024.csv
22,mlkem_ref,ML-KEM-1024,MatrixVectorMul,7627.0,7313.0,7672.0,359.0,252.28,10000,block-22-mlkem-ref-1024.csv
22,mlkem_ref,ML-KEM-1024,InnerProdEnc,1195.0,1181.0,1195.0,14.0,53.24,10000,block-22-mlkem-ref-1024.csv
22,mlkem_ref,ML-KEM-1024,InnerProdDec,3619.0,3559.0,3621.0,62.0,133.54,10000,block-22-mlkem-ref-1024.csv
22,mlkem_ref,ML-KEM-512,KeyGen,29689.0,26875.0,29879.0,3004.0,1857.84,10000,block-22-mlkem-ref-512.csv
22,mlkem_ref,ML-KEM-512,Encaps,34952.0,31759.0,35327.0,3568.0,3228.76,10000,block-22-mlkem-ref-512.csv
22,mlkem_ref,ML-KEM-512,Decaps,41718.0,37772.0,42092.0,4320.0,2404.21,10000,block-22-mlkem-ref-512.csv
22,mlkem_ref,ML-KEM-512,NTT,520.0,518.0,520.0,2.0,23.01,10000,block-22-mlkem-ref-512.csv
22,mlkem_ref,ML-KEM-512,INVNTT,886.0,813.0,886.0,73.0,47.59,10000,block-22-mlkem-ref-512.csv
22,mlkem_ref,ML-KEM-512,BaseMulAcc,189.0,189.0,189.0,0.0,14.84,10000,block-22-mlkem-ref-512.csv
22,mlkem_ref,ML-KEM-512,MatrixVectorMul,3566.0,3433.0,3585.0,152.0,160.53,10000,block-22-mlkem-ref-512.csv
22,mlkem_ref,ML-KEM-512,InnerProdEnc,1074.0,1022.0,1076.0,54.0,64.81,10000,block-22-mlkem-ref-512.csv
22,mlkem_ref,ML-KEM-512,InnerProdDec,2273.0,2232.0,2279.0,47.0,106.51,10000,block-22-mlkem-ref-512.csv
22,mlkem_ref,ML-KEM-768,KeyGen,51491.0,47166.0,51865.0,4699.0,2935.49,10000,block-22-mlkem-ref-768.csv
22,mlkem_ref,ML-KEM-768,Encaps,56939.0,56375.0,57313.0,938.0,3784.17,10000,block-22-mlkem-ref-768.csv
22,mlkem_ref,ML-KEM-768,Decaps,65395.0,61075.0,65585.0,4510.0,3155.87,10000,block-22-mlkem-ref-768.csv
22,mlkem_ref,ML-KEM-768,NTT,520.0,518.0,526.0,8.0,17.13,10000,block-22-mlkem-ref-768.csv
22,mlkem_ref,ML-KEM-768,INVNTT,886.0,823.0,886.0,63.0,54.25,10000,block-22-mlkem-ref-768.csv
22,mlkem_ref,ML-KEM-768,BaseMulAcc,246.0,246.0,248.0,2.0,8.86,10000,block-22-mlkem-ref-768.csv
22,mlkem_ref,ML-KEM-768,MatrixVectorMul,5551.0,5396.0,5556.0,160.0,164.62,10000,block-22-mlkem-ref-768.csv
22,mlkem_ref,ML-KEM-768,InnerProdEnc,1133.0,1129.0,1133.0,4.0,44.7,10000,block-22-mlkem-ref-768.csv
22,mlkem_ref,ML-KEM-768,InnerProdDec,2939.0,2935.0,2963.0,28.0,93.96,10000,block-22-mlkem-ref-768.csv
22,mlkem_sme,ML-KEM-1024,KeyGen,90389.0,80242.0,91143.0,10901.0,5750.72,10000,block-22-mlkem-sme-1024.csv
22,mlkem_sme,ML-KEM-1024,Encaps,102413.0,101849.0,102792.0,943.0,6177.27,10000,block-22-mlkem-sme-1024.csv
22,mlkem_sme,ML-KEM-1024,Decaps,112750.0,112187.0,122145.0,9958.0,5800.02,10000,block-22-mlkem-sme-1024.csv
22,mlkem_sme,ML-KEM-1024,NTT,1150.0,1150.0,1151.0,1.0,37.99,10000,block-22-mlkem-sme-1024.csv
22,mlkem_sme,ML-KEM-1024,INVNTT,1065.0,1063.0,1067.0,4.0,52.94,10000,block-22-mlkem-sme-1024.csv
22,mlkem_sme,ML-KEM-1024,BaseMulAcc,1183.0,1181.0,1206.0,25.0,46.17,10000,block-22-mlkem-sme-1024.csv
22,mlkem_sme,ML-KEM-1024,MatrixVectorMul,12024.0,11992.0,12146.0,154.0,168.41,10000,block-22-mlkem-sme-1024.csv
22,mlkem_sme,ML-KEM-1024,InnerProdEnc,1794.0,1792.0,1794.0,2.0,48.59,10000,block-22-mlkem-sme-1024.csv
22,mlkem_sme,ML-KEM-1024,InnerProdDec,5351.0,5342.0,5436.0,94.0,210.64,10000,block-22-mlkem-sme-1024.csv
22,mlkem_sme,ML-KEM-512,KeyGen,36829.0,36459.0,37023.0,564.0,1006.68,10000,block-22-mlkem-sme-512.csv
22,mlkem_sme,ML-KEM-512,Encaps,43409.0,41338.0,43783.0,2445.0,1915.51,10000,block-22-mlkem-sme-512.csv
22,mlkem_sme,ML-KEM-512,Decaps,57502.0,56749.0,57876.0,1127.0,6031.99,10000,block-22-mlkem-sme-512.csv
22,mlkem_sme,ML-KEM-512,NTT,1155.0,1153.0,1155.0,2.0,35.8,10000,block-22-mlkem-sme-512.csv
22,mlkem_sme,ML-KEM-512,INVNTT,1063.0,1063.0,1065.0,2.0,26.61,10000,block-22-mlkem-sme-512.csv
22,mlkem_sme,ML-KEM-512,BaseMulAcc,631.0,629.0,631.0,2.0,10.7,10000,block-22-mlkem-sme-512.csv
22,mlkem_sme,ML-KEM-512,MatrixVectorMul,5053.0,5041.0,5056.0,15.0,101.4,10000,block-22-mlkem-sme-512.csv
22,mlkem_sme,ML-KEM-512,InnerProdEnc,1251.0,1249.0,1253.0,4.0,34.85,10000,block-22-mlkem-sme-512.csv
22,mlkem_sme,ML-KEM-512,InnerProdDec,3438.0,3429.0,3446.0,17.0,84.54,10000,block-22-mlkem-sme-512.csv
22,mlkem_sme,ML-KEM-768,KeyGen,60885.0,59758.0,61823.0,2065.0,1708.72,10000,block-22-mlkem-sme-768.csv
22,mlkem_sme,ML-KEM-768,Encaps,69531.0,65959.0,70654.0,4695.0,2616.46,10000,block-22-mlkem-sme-768.csv
22,mlkem_sme,ML-KEM-768,Decaps,82872.0,81933.0,86065.0,4132.0,2366.21,10000,block-22-mlkem-sme-768.csv
22,mlkem_sme,ML-KEM-768,NTT,1180.0,1163.0,1185.0,22.0,62.78,10000,block-22-mlkem-sme-768.csv
22,mlkem_sme,ML-KEM-768,INVNTT,1073.0,1072.0,1074.0,2.0,17.15,10000,block-22-mlkem-sme-768.csv
22,mlkem_sme,ML-KEM-768,BaseMulAcc,911.0,911.0,913.0,2.0,13.03,10000,block-22-mlkem-sme-768.csv
22,mlkem_sme,ML-KEM-768,MatrixVectorMul,8127.0,8110.0,8140.0,30.0,108.41,10000,block-22-mlkem-sme-768.csv
22,mlkem_sme,ML-KEM-768,InnerProdEnc,1525.0,1524.0,1527.0,3.0,19.46,10000,block-22-mlkem-sme-768.csv
22,mlkem_sme,ML-KEM-768,InnerProdDec,4927.0,4906.0,4932.0,26.0,82.34,10000,block-22-mlkem-sme-768.csv
22,mlkem_sve,ML-KEM-1024,KeyGen,91138.0,80616.0,91892.0,11276.0,6799.92,10000,block-22-mlkem-sve-1024.csv
22,mlkem_sve,ML-KEM-1024,Encaps,103356.0,102976.0,103914.0,938.0,13245.0,10000,block-22-mlkem-sve-1024.csv
22,mlkem_sve,ML-KEM-1024,Decaps,112375.0,111812.0,121955.0,10143.0,8227.19,10000,block-22-mlkem-sve-1024.csv
22,mlkem_sve,ML-KEM-1024,NTT,1056.0,1050.0,1059.0,9.0,121.45,10000,block-22-mlkem-sve-1024.csv
22,mlkem_sve,ML-KEM-1024,INVNTT,1106.0,1084.0,1110.0,26.0,91.03,10000,block-22-mlkem-sve-1024.csv
22,mlkem_sve,ML-KEM-1024,BaseMulAcc,1180.0,1180.0,1181.0,1.0,91.72,10000,block-22-mlkem-sve-1024.csv
22,mlkem_sve,ML-KEM-1024,MatrixVectorMul,11720.0,11609.0,11848.0,239.0,403.27,10000,block-22-mlkem-sve-1024.csv
22,mlkem_sve,ML-KEM-1024,InnerProdEnc,1751.0,1749.0,1755.0,6.0,158.79,10000,block-22-mlkem-sve-1024.csv
22,mlkem_sve,ML-KEM-1024,InnerProdDec,4662.0,4652.0,4859.0,207.0,261.99,10000,block-22-mlkem-sve-1024.csv
22,mlkem_sve,ML-KEM-512,KeyGen,36265.0,35895.0,36455.0,560.0,3054.24,10000,block-22-mlkem-sve-512.csv
22,mlkem_sve,ML-KEM-512,Encaps,44726.0,42282.0,45475.0,3193.0,170428.06,10000,block-22-mlkem-sve-512.csv
22,mlkem_sve,ML-KEM-512,Decaps,56375.0,56001.0,56754.0,753.0,3260.48,10000,block-22-mlkem-sve-512.csv
22,mlkem_sve,ML-KEM-512,NTT,1031.0,1027.0,1033.0,6.0,89.87,10000,block-22-mlkem-sve-512.csv
22,mlkem_sve,ML-KEM-512,INVNTT,1086.0,1082.0,1091.0,9.0,117.83,10000,block-22-mlkem-sve-512.csv
22,mlkem_sve,ML-KEM-512,BaseMulAcc,631.0,631.0,633.0,2.0,44.33,10000,block-22-mlkem-sve-512.csv
22,mlkem_sve,ML-KEM-512,MatrixVectorMul,4481.0,4459.0,4665.0,206.0,231.98,10000,block-22-mlkem-sve-512.csv
22,mlkem_sve,ML-KEM-512,InnerProdEnc,1198.0,1197.0,1200.0,3.0,122.12,10000,block-22-mlkem-sve-512.csv
22,mlkem_sve,ML-KEM-512,InnerProdDec,2803.0,2784.0,2920.0,136.0,185.11,10000,block-22-mlkem-sve-512.csv
22,mlkem_sve,ML-KEM-768,KeyGen,61069.0,59757.0,61638.0,1881.0,5061.6,10000,block-22-mlkem-sve-768.csv
22,mlkem_sve,ML-KEM-768,Encaps,76480.0,69905.0,77045.0,7140.0,11159.8,10000,block-22-mlkem-sve-768.csv
22,mlkem_sve,ML-KEM-768,Decaps,82871.0,81929.0,85879.0,3950.0,7314.94,10000,block-22-mlkem-sve-768.csv
22,mlkem_sve,ML-KEM-768,NTT,1048.0,1039.0,1059.0,20.0,102.74,10000,block-22-mlkem-sve-768.csv
22,mlkem_sve,ML-KEM-768,INVNTT,1116.0,1114.0,1123.0,9.0,126.28,10000,block-22-mlkem-sve-768.csv
22,mlkem_sve,ML-KEM-768,BaseMulAcc,911.0,911.0,913.0,2.0,87.87,10000,block-22-mlkem-sve-768.csv
22,mlkem_sve,ML-KEM-768,MatrixVectorMul,7831.0,7691.0,8010.0,319.0,367.75,10000,block-22-mlkem-sve-768.csv
22,mlkem_sve,ML-KEM-768,InnerProdEnc,1477.0,1475.0,1480.0,5.0,154.83,10000,block-22-mlkem-sve-768.csv
22,mlkem_sve,ML-KEM-768,InnerProdDec,4389.0,4376.0,4585.0,209.0,273.79,10000,block-22-mlkem-sve-768.csv
23,kyber_neon,Kyber-1024,KeyGen,31945.0,31570.0,35142.0,3572.0,2622.21,10000,block-23-kyber-neon-1024.csv
23,kyber_neon,Kyber-1024,Encaps,43972.0,43409.0,48298.0,4889.0,2960.23,10000,block-23-kyber-neon-1024.csv
23,kyber_neon,Kyber-1024,Decaps,38714.0,38524.0,42845.0,4321.0,2523.51,10000,block-23-kyber-neon-1024.csv
23,kyber_neon,Kyber-1024,NTT,285.0,257.0,287.0,30.0,17.25,10000,block-23-kyber-neon-1024.csv
23,kyber_neon,Kyber-1024,INVNTT,287.0,285.0,287.0,2.0,15.49,10000,block-23-kyber-neon-1024.csv
23,kyber_neon,Kyber-1024,BaseMulAcc,505.0,456.0,509.0,53.0,46.5,10000,block-23-kyber-neon-1024.csv
23,kyber_neon,Kyber-1024,MatrixVectorMul,3705.0,3420.0,3713.0,293.0,177.38,10000,block-23-kyber-neon-1024.csv
23,kyber_neon,Kyber-1024,InnerProdEnc,725.0,657.0,727.0,70.0,63.97,10000,block-23-kyber-neon-1024.csv
23,kyber_neon,Kyber-1024,InnerProdDec,1890.0,1704.0,1892.0,188.0,103.23,10000,block-23-kyber-neon-1024.csv
23,kyber_neon,Kyber-512,KeyGen,13904.0,13715.0,15031.0,1316.0,1896.7,10000,block-23-kyber-neon-512.csv
23,kyber_neon,Kyber-512,Encaps,23113.0,20859.0,23303.0,2444.0,2620.52,10000,block-23-kyber-neon-512.csv
23,kyber_neon,Kyber-512,Decaps,19541.0,17850.0,19916.0,2066.0,2128.49,10000,block-23-kyber-neon-512.csv
23,kyber_neon,Kyber-512,NTT,285.0,257.0,287.0,30.0,17.2,10000,block-23-kyber-neon-512.csv
23,kyber_neon,Kyber-512,INVNTT,285.0,257.0,285.0,28.0,18.27,10000,block-23-kyber-neon-512.csv
23,kyber_neon,Kyber-512,BaseMulAcc,274.0,274.0,276.0,2.0,12.58,10000,block-23-kyber-neon-512.csv
23,kyber_neon,Kyber-512,MatrixVectorMul,1570.0,1497.0,1572.0,75.0,83.5,10000,block-23-kyber-neon-512.csv
23,kyber_neon,Kyber-512,InnerProdEnc,511.0,466.0,513.0,47.0,24.76,10000,block-23-kyber-neon-512.csv
23,kyber_neon,Kyber-512,InnerProdDec,1071.0,986.0,1073.0,87.0,82.5,10000,block-23-kyber-neon-512.csv
23,kyber_neon,Kyber-768,KeyGen,24242.0,22171.0,24616.0,2445.0,1670.3,10000,block-23-kyber-neon-768.csv
23,kyber_neon,Kyber-768,Encaps,34578.0,31381.0,34768.0,3387.0,1794.37,10000,block-23-kyber-neon-768.csv
23,kyber_neon,Kyber-768,Decaps,30068.0,27249.0,30257.0,3008.0,2559.73,10000,block-23-kyber-neon-768.csv
23,kyber_neon,Kyber-768,NTT,287.0,285.0,287.0,2.0,23.46,10000,block-23-kyber-neon-768.csv
23,kyber_neon,Kyber-768,INVNTT,287.0,285.0,287.0,2.0,17.87,10000,block-23-kyber-neon-768.csv
23,kyber_neon,Kyber-768,BaseMulAcc,388.0,385.0,390.0,5.0,19.14,10000,block-23-kyber-neon-768.csv
23,kyber_neon,Kyber-768,MatrixVectorMul,2566.0,2489.0,2570.0,81.0,113.4,10000,block-23-kyber-neon-768.csv
23,kyber_neon,Kyber-768,InnerProdEnc,622.0,616.0,625.0,9.0,41.4,10000,block-23-kyber-neon-768.csv
23,kyber_neon,Kyber-768,InnerProdDec,1475.0,1399.0,1488.0,89.0,110.92,10000,block-23-kyber-neon-768.csv
23,kyber_ref,Kyber-1024,KeyGen,156533.0,142444.0,157660.0,15216.0,8565.18,10000,block-23-kyber-ref-1024.csv
23,kyber_ref,Kyber-1024,Encaps,173072.0,163862.0,173635.0,9773.0,8659.43,10000,block-23-kyber-ref-1024.csv
23,kyber_ref,Kyber-1024,Decaps,196374.0,182466.0,196938.0,14472.0,9892.22,10000,block-23-kyber-ref-1024.csv
23,kyber_ref,Kyber-1024,NTT,3608.0,3374.0,3613.0,239.0,169.38,10000,block-23-kyber-ref-1024.csv
23,kyber_ref,Kyber-1024,INVNTT,5714.0,5455.0,5722.0,267.0,210.46,10000,block-23-kyber-ref-1024.csv
23,kyber_ref,Kyber-1024,BaseMulAcc,9072.0,8811.0,9226.0,415.0,1664.9,10000,block-23-kyber-ref-1024.csv
23,kyber_ref,Kyber-1024,MatrixVectorMul,76500.0,76027.0,77015.0,988.0,1895.39,10000,block-23-kyber-ref-1024.csv
23,kyber_ref,Kyber-1024,InnerProdEnc,14930.0,14706.0,15159.0,453.0,395.85,10000,block-23-kyber-ref-1024.csv
23,kyber_ref,Kyber-1024,InnerProdDec,28604.0,28373.0,28820.0,447.0,634.62,10000,block-23-kyber-ref-1024.csv
23,kyber_ref,Kyber-512,KeyGen,57123.0,51865.0,57692.0,5827.0,3146.12,10000,block-23-kyber-ref-512.csv
23,kyber_ref,Kyber-512,Encaps,74979.0,67650.0,75542.0,7892.0,5264.53,10000,block-23-kyber-ref-512.csv
23,kyber_ref,Kyber-512,Decaps,89826.0,81180.0,90200.0,9020.0,5384.65,10000,block-23-kyber-ref-512.csv
23,kyber_ref,Kyber-512,NTT,3581.0,3267.0,3598.0,331.0,184.14,10000,block-23-kyber-ref-512.csv
23,kyber_ref,Kyber-512,INVNTT,5528.0,5186.0,5645.0,459.0,367.42,10000,block-23-kyber-ref-512.csv
23,kyber_ref,Kyber-512,BaseMulAcc,5079.0,4763.0,5107.0,344.0,230.64,10000,block-23-kyber-ref-512.csv
23,kyber_ref,Kyber-512,MatrixVectorMul,29666.0,29341.0,29841.0,500.0,1330.34,10000,block-23-kyber-ref-512.csv
23,kyber_ref,Kyber-512,InnerProdEnc,10466.0,10220.0,10730.0,510.0,341.2,10000,block-23-kyber-ref-512.csv
23,kyber_ref,Kyber-512,InnerProdDec,17389.0,17226.0,17590.0,364.0,403.86,10000,block-23-kyber-ref-512.csv
23,kyber_ref,Kyber-768,KeyGen,99784.0,98472.0,100537.0,2065.0,4933.73,10000,block-23-kyber-ref-768.csv
23,kyber_ref,Kyber-768,Encaps,117445.0,117070.0,117823.0,753.0,5858.83,10000,block-23-kyber-ref-768.csv
23,kyber_ref,Kyber-768,Decaps,136238.0,130975.0,136806.0,5831.0,8243.0,10000,block-23-kyber-ref-768.csv
23,kyber_ref,Kyber-768,NTT,3632.0,3523.0,3638.0,115.0,148.14,10000,block-23-kyber-ref-768.csv
23,kyber_ref,Kyber-768,INVNTT,5645.0,5530.0,5652.0,122.0,147.97,10000,block-23-kyber-ref-768.csv
23,kyber_ref,Kyber-768,BaseMulAcc,6958.0,6789.0,6966.0,177.0,168.29,10000,block-23-kyber-ref-768.csv
23,kyber_ref,Kyber-768,MatrixVectorMul,50742.0,50402.0,50934.0,532.0,925.1,10000,block-23-kyber-ref-768.csv
23,kyber_ref,Kyber-768,InnerProdEnc,12877.0,12676.0,13043.0,367.0,332.25,10000,block-23-kyber-ref-768.csv
23,kyber_ref,Kyber-768,InnerProdDec,23226.0,23157.0,23296.0,139.0,732.63,10000,block-23-kyber-ref-768.csv
23,kyber_sme,Kyber-1024,KeyGen,62387.0,61069.0,64083.0,3014.0,2363.05,10000,block-23-kyber-sme-1024.csv
23,kyber_sme,Kyber-1024,Encaps,74978.0,69152.0,75727.0,6575.0,4770.02,10000,block-23-kyber-sme-1024.csv
23,kyber_sme,Kyber-1024,Decaps,76480.0,74415.0,76859.0,2444.0,1728.7,10000,block-23-kyber-sme-1024.csv
23,kyber_sme,Kyber-1024,NTT,1191.0,1189.0,1191.0,2.0,45.53,10000,block-23-kyber-sme-1024.csv
23,kyber_sme,Kyber-1024,INVNTT,1106.0,1106.0,1108.0,2.0,44.66,10000,block-23-kyber-sme-1024.csv
23,kyber_sme,Kyber-1024,BaseMulAcc,1415.0,1413.0,1416.0,3.0,37.91,10000,block-23-kyber-sme-1024.csv
23,kyber_sme,Kyber-1024,MatrixVectorMul,10715.0,10696.0,10724.0,28.0,171.41,10000,block-23-kyber-sme-1024.csv
23,kyber_sme,Kyber-1024,InnerProdEnc,2038.0,2038.0,2040.0,2.0,49.76,10000,block-23-kyber-sme-1024.csv
23,kyber_sme,Kyber-1024,InnerProdDec,5115.0,5085.0,5122.0,37.0,111.11,10000,block-23-kyber-sme-1024.csv
23,kyber_sme,Kyber-512,KeyGen,28751.0,28561.0,28940.0,379.0,2789.81,10000,block-23-kyber-sme-512.csv
23,kyber_sme,Kyber-512,Encaps,37581.0,37392.0,37771.0,379.0,1085.79,10000,block-23-kyber-sme-512.csv
23,kyber_sme,Kyber-512,Decaps,37961.0,37771.0,38150.0,379.0,822.7,10000,block-23-kyber-sme-512.csv
23,kyber_sme,Kyber-512,NTT,1191.0,1191.0,1193.0,2.0,54.13,10000,block-23-kyber-sme-512.csv
23,kyber_sme,Kyber-512,INVNTT,1095.0,1095.0,1097.0,2.0,17.25,10000,block-23-kyber-sme-512.csv
23,kyber_sme,Kyber-512,BaseMulAcc,747.0,746.0,749.0,3.0,32.52,10000,block-23-kyber-sme-512.csv
23,kyber_sme,Kyber-512,MatrixVectorMul,4712.0,4705.0,4716.0,11.0,110.3,10000,block-23-kyber-sme-512.csv
23,kyber_sme,Kyber-512,InnerProdEnc,1377.0,1375.0,1377.0,2.0,35.05,10000,block-23-kyber-sme-512.csv
23,kyber_sme,Kyber-512,InnerProdDec,3666.0,3658.0,3675.0,17.0,89.49,10000,block-23-kyber-sme-512.csv
23,kyber_sme,Kyber-768,KeyGen,41717.0,40026.0,42281.0,2255.0,1494.03,10000,block-23-kyber-sme-768.csv
23,kyber_sme,Kyber-768,Encaps,53182.0,50174.0,55811.0,5637.0,3081.39,10000,block-23-kyber-sme-768.csv
23,kyber_sme,Kyber-768,Decaps,54495.0,54309.0,54684.0,375.0,2557.13,10000,block-23-kyber-sme-768.csv
23,kyber_sme,Kyber-768,NTT,1185.0,1183.0,1185.0,2.0,30.16,10000,block-23-kyber-sme-768.csv
23,kyber_sme,Kyber-768,INVNTT,1093.0,1093.0,1095.0,2.0,74.76,10000,block-23-kyber-sme-768.csv
23,kyber_sme,Kyber-768,BaseMulAcc,1093.0,1091.0,1093.0,2.0,27.97,10000,block-23-kyber-sme-768.csv
23,kyber_sme,Kyber-768,MatrixVectorMul,7274.0,7255.0,7278.0,23.0,95.93,10000,block-23-kyber-sme-768.csv
23,kyber_sme,Kyber-768,InnerProdEnc,1708.0,1708.0,1710.0,2.0,19.8,10000,block-23-kyber-sme-768.csv
23,kyber_sme,Kyber-768,InnerProdDec,4299.0,4295.0,4303.0,8.0,107.97,10000,block-23-kyber-sme-768.csv
23,kyber_sve,Kyber-1024,KeyGen,61260.0,59947.0,62202.0,2255.0,12202.61,10000,block-23-kyber-sve-1024.csv
23,kyber_sve,Kyber-1024,Encaps,75732.0,69531.0,76480.0,6949.0,6218.83,10000,block-23-kyber-sve-1024.csv
23,kyber_sve,Kyber-1024,Decaps,74230.0,72909.0,74789.0,1880.0,7411.13,10000,block-23-kyber-sve-1024.csv
23,kyber_sve,Kyber-1024,NTT,1056.0,1052.0,1065.0,13.0,136.26,10000,block-23-kyber-sve-1024.csv
23,kyber_sve,Kyber-1024,INVNTT,1116.0,1103.0,1157.0,54.0,556.43,10000,block-23-kyber-sve-1024.csv
23,kyber_sve,Kyber-1024,BaseMulAcc,1415.0,1415.0,1418.0,3.0,131.85,10000,block-23-kyber-sve-1024.csv
23,kyber_sve,Kyber-1024,MatrixVectorMul,10508.0,10303.0,10731.0,428.0,441.57,10000,block-23-kyber-sve-1024.csv
23,kyber_sve,Kyber-1024,InnerProdEnc,1982.0,1980.0,2018.0,38.0,137.63,10000,block-23-kyber-sve-1024.csv
23,kyber_sve,Kyber-1024,InnerProdDec,4500.0,4483.0,4705.0,222.0,279.23,10000,block-23-kyber-sve-1024.csv
23,kyber_sve,Kyber-512,KeyGen,27624.0,27439.0,27998.0,559.0,1572.04,10000,block-23-kyber-sve-512.csv
23,kyber_sve,Kyber-512,Encaps,37581.0,37208.0,37772.0,564.0,4790.1,10000,block-23-kyber-sve-512.csv
23,kyber_sve,Kyber-512,Decaps,35891.0,35701.0,36080.0,379.0,5069.28,10000,block-23-kyber-sve-512.csv
23,kyber_sve,Kyber-512,NTT,1057.0,1050.0,1061.0,11.0,163.54,10000,block-23-kyber-sve-512.csv
23,kyber_sve,Kyber-512,INVNTT,1121.0,1120.0,1127.0,7.0,146.1,10000,block-23-kyber-sve-512.csv
23,kyber_sve,Kyber-512,BaseMulAcc,747.0,746.0,747.0,1.0,99.21,10000,block-23-kyber-sve-512.csv
23,kyber_sve,Kyber-512,MatrixVectorMul,4479.0,4466.0,4677.0,211.0,263.0,10000,block-23-kyber-sve-512.csv
23,kyber_sve,Kyber-512,InnerProdEnc,1317.0,1315.0,1319.0,4.0,88.53,10000,block-23-kyber-sve-512.csv
23,kyber_sve,Kyber-512,InnerProdDec,3354.0,3337.0,3542.0,205.0,248.3,10000,block-23-kyber-sve-512.csv
23,kyber_sve,Kyber-768,KeyGen,42660.0,41718.0,44157.0,2439.0,6022.67,10000,block-23-kyber-sve-768.csv
23,kyber_sve,Kyber-768,Encaps,51865.0,48672.0,54120.0,5448.0,7729.91,10000,block-23-kyber-sve-768.csv
23,kyber_sve,Kyber-768,Decaps,54684.0,54494.0,55058.0,564.0,7411.84,10000,block-23-kyber-sve-768.csv
23,kyber_sve,Kyber-768,NTT,1059.0,1054.0,1073.0,19.0,155.2,10000,block-23-kyber-sve-768.csv
23,kyber_sve,Kyber-768,INVNTT,1131.0,1127.0,1134.0,7.0,106.1,10000,block-23-kyber-sve-768.csv
23,kyber_sve,Kyber-768,BaseMulAcc,1093.0,1091.0,1095.0,4.0,124.98,10000,block-23-kyber-sve-768.csv
23,kyber_sve,Kyber-768,MatrixVectorMul,7105.0,6981.0,7255.0,274.0,344.9,10000,block-23-kyber-sve-768.csv
23,kyber_sve,Kyber-768,InnerProdEnc,1657.0,1655.0,1661.0,6.0,140.66,10000,block-23-kyber-sve-768.csv
23,kyber_sve,Kyber-768,InnerProdDec,3801.0,3790.0,3993.0,203.0,232.9,10000,block-23-kyber-sve-768.csv
23,mlkem_neon,ML-KEM-1024,KeyGen,59758.0,54684.0,60321.0,5637.0,3493.57,10000,block-23-mlkem-neon-1024.csv
23,mlkem_neon,ML-KEM-1024,Encaps,64642.0,60511.0,65021.0,4510.0,3196.93,10000,block-23-mlkem-neon-1024.csv
23,mlkem_neon,ML-KEM-1024,Decaps,76106.0,69341.0,76486.0,7145.0,5658.15,10000,block-23-mlkem-neon-1024.csv
23,mlkem_neon,ML-KEM-1024,NTT,223.0,204.0,225.0,21.0,28.33,10000,block-23-mlkem-neon-1024.csv
23,mlkem_neon,ML-KEM-1024,INVNTT,257.0,233.0,259.0,26.0,14.03,10000,block-23-mlkem-neon-1024.csv
23,mlkem_neon,ML-KEM-1024,BaseMulAcc,280.0,278.0,283.0,5.0,15.08,10000,block-23-mlkem-neon-1024.csv
23,mlkem_neon,ML-KEM-1024,MatrixVectorMul,3224.0,3083.0,3234.0,151.0,139.49,10000,block-23-mlkem-neon-1024.csv
23,mlkem_neon,ML-KEM-1024,InnerProdEnc,533.0,486.0,537.0,51.0,56.84,10000,block-23-mlkem-neon-1024.csv
23,mlkem_neon,ML-KEM-1024,InnerProdDec,1510.0,1462.0,1516.0,54.0,66.64,10000,block-23-mlkem-neon-1024.csv
23,mlkem_neon,ML-KEM-512,KeyGen,23488.0,21422.0,23677.0,2255.0,2485.51,10000,block-23-mlkem-neon-512.csv
23,mlkem_neon,ML-KEM-512,Encaps,26871.0,25553.0,27060.0,1507.0,1612.56,10000,block-23-mlkem-neon-512.csv
23,mlkem_neon,ML-KEM-512,Decaps,33072.0,30068.0,33262.0,3194.0,2120.52,10000,block-23-mlkem-neon-512.csv
23,mlkem_neon,ML-KEM-512,NTT,223.0,219.0,225.0,6.0,10.8,10000,block-23-mlkem-neon-512.csv
23,mlkem_neon,ML-KEM-512,INVNTT,257.0,232.0,257.0,25.0,14.39,10000,block-23-mlkem-neon-512.csv
23,mlkem_neon,ML-KEM-512,BaseMulAcc,163.0,163.0,163.0,0.0,7.12,10000,block-23-mlkem-neon-512.csv
23,mlkem_neon,ML-KEM-512,MatrixVectorMul,1369.0,1364.0,1373.0,9.0,77.91,10000,block-23-mlkem-neon-512.csv
23,mlkem_neon,ML-KEM-512,InnerProdEnc,419.0,417.0,420.0,3.0,21.65,10000,block-23-mlkem-neon-512.csv
23,mlkem_neon,ML-KEM-512,InnerProdDec,890.0,886.0,894.0,8.0,47.44,10000,block-23-mlkem-neon-512.csv
23,mlkem_neon,ML-KEM-768,KeyGen,40590.0,36834.0,40780.0,3946.0,2431.61,10000,block-23-mlkem-neon-768.csv
23,mlkem_neon,ML-KEM-768,Encaps,43599.0,43224.0,43972.0,748.0,2239.55,10000,block-23-mlkem-neon-768.csv
23,mlkem_neon,ML-KEM-768,Decaps,51865.0,51302.0,52240.0,938.0,3677.89,10000,block-23-mlkem-neon-768.csv
23,mlkem_neon,ML-KEM-768,NTT,223.0,221.0,225.0,4.0,21.88,10000,block-23-mlkem-neon-768.csv
23,mlkem_neon,ML-KEM-768,INVNTT,257.0,255.0,259.0,4.0,25.89,10000,block-23-mlkem-neon-768.csv
23,mlkem_neon,ML-KEM-768,BaseMulAcc,219.0,219.0,221.0,2.0,17.08,10000,block-23-mlkem-neon-768.csv
23,mlkem_neon,ML-KEM-768,MatrixVectorMul,2232.0,2196.0,2238.0,42.0,112.32,10000,block-23-mlkem-neon-768.csv
23,mlkem_neon,ML-KEM-768,InnerProdEnc,477.0,475.0,477.0,2.0,32.18,10000,block-23-mlkem-neon-768.csv
23,mlkem_neon,ML-KEM-768,InnerProdDec,1197.0,1191.0,1200.0,9.0,48.69,10000,block-23-mlkem-neon-768.csv
23,mlkem_ref,ML-KEM-1024,KeyGen,76855.0,69342.0,77234.0,7892.0,4297.04,10000,block-23-mlkem-ref-1024.csv
23,mlkem_ref,ML-KEM-1024,Encaps,83999.0,75921.0,84378.0,8457.0,4645.83,10000,block-23-mlkem-ref-1024.csv
23,mlkem_ref,ML-KEM-1024,Decaps,94710.0,85880.0,95273.0,9393.0,6034.96,10000,block-23-mlkem-ref-1024.csv
23,mlkem_ref,ML-KEM-1024,NTT,520.0,518.0,522.0,4.0,22.04,10000,block-23-mlkem-ref-1024.csv
23,mlkem_ref,ML-KEM-1024,INVNTT,886.0,851.0,886.0,35.0,50.85,10000,block-23-mlkem-ref-1024.csv
23,mlkem_ref,ML-KEM-1024,BaseMulAcc,310.0,302.0,311.0,9.0,38.96,10000,block-23-mlkem-ref-1024.csv
23,mlkem_ref,ML-KEM-1024,MatrixVectorMul,7633.0,7321.0,7674.0,353.0,234.12,10000,block-23-mlkem-ref-1024.csv
23,mlkem_ref,ML-KEM-1024,InnerProdEnc,1195.0,1165.0,1195.0,30.0,72.13,10000,block-23-mlkem-ref-1024.csv
23,mlkem_ref,ML-KEM-1024,InnerProdDec,3623.0,3568.0,3624.0,56.0,119.08,10000,block-23-mlkem-ref-1024.csv
23,mlkem_ref,ML-KEM-512,KeyGen,29504.0,26871.0,29879.0,3008.0,3015.49,10000,block-23-mlkem-ref-512.csv
23,mlkem_ref,ML-KEM-512,Encaps,35142.0,31944.0,35332.0,3388.0,2695.28,10000,block-23-mlkem-ref-512.csv
23,mlkem_ref,ML-KEM-512,Decaps,41907.0,39278.0,42281.0,3003.0,2174.35,10000,block-23-mlkem-ref-512.csv
23,mlkem_ref,ML-KEM-512,NTT,520.0,518.0,520.0,2.0,22.95,10000,block-23-mlkem-ref-512.csv
23,mlkem_ref,ML-KEM-512,INVNTT,886.0,885.0,886.0,1.0,52.65,10000,block-23-mlkem-ref-512.csv
23,mlkem_ref,ML-KEM-512,BaseMulAcc,189.0,171.0,189.0,18.0,23.56,10000,block-23-mlkem-ref-512.csv
23,mlkem_ref,ML-KEM-512,MatrixVectorMul,3566.0,3455.0,3585.0,130.0,139.11,10000,block-23-mlkem-ref-512.csv
23,mlkem_ref,ML-KEM-512,InnerProdEnc,1074.0,1056.0,1076.0,20.0,63.56,10000,block-23-mlkem-ref-512.csv
23,mlkem_ref,ML-KEM-512,InnerProdDec,2273.0,2270.0,2277.0,7.0,94.64,10000,block-23-mlkem-ref-512.csv
23,mlkem_ref,ML-KEM-768,KeyGen,52050.0,51675.0,52240.0,565.0,2356.29,10000,block-23-mlkem-ref-768.csv
23,mlkem_ref,ML-KEM-768,Encaps,57318.0,56939.0,57692.0,753.0,2887.24,10000,block-23-mlkem-ref-768.csv
23,mlkem_ref,ML-KEM-768,Decaps,65580.0,65205.0,65774.0,569.0,2891.8,10000,block-23-mlkem-ref-768.csv
23,mlkem_ref,ML-KEM-768,NTT,520.0,520.0,522.0,2.0,18.84,10000,block-23-mlkem-ref-768.csv
23,mlkem_ref,ML-KEM-768,INVNTT,886.0,811.0,886.0,75.0,66.5,10000,block-23-mlkem-ref-768.csv
23,mlkem_ref,ML-KEM-768,BaseMulAcc,246.0,246.0,248.0,2.0,16.16,10000,block-23-mlkem-ref-768.csv
23,mlkem_ref,ML-KEM-768,MatrixVectorMul,5552.0,5417.0,5556.0,139.0,140.49,10000,block-23-mlkem-ref-768.csv
23,mlkem_ref,ML-KEM-768,InnerProdEnc,1133.0,1129.0,1133.0,4.0,43.86,10000,block-23-mlkem-ref-768.csv
23,mlkem_ref,ML-KEM-768,InnerProdDec,2940.0,2935.0,2965.0,30.0,84.7,10000,block-23-mlkem-ref-768.csv
23,mlkem_sme,ML-KEM-1024,KeyGen,90574.0,80242.0,91327.0,11085.0,5681.18,10000,block-23-mlkem-sme-1024.csv
23,mlkem_sme,ML-KEM-1024,Encaps,102413.0,101849.0,102792.0,943.0,6995.48,10000,block-23-mlkem-sme-1024.csv
23,mlkem_sme,ML-KEM-1024,Decaps,112940.0,112375.0,122708.0,10333.0,6085.15,10000,block-23-mlkem-sme-1024.csv
23,mlkem_sme,ML-KEM-1024,NTT,1155.0,1155.0,1159.0,4.0,33.22,10000,block-23-mlkem-sme-1024.csv
23,mlkem_sme,ML-KEM-1024,INVNTT,1076.0,1076.0,1078.0,2.0,53.52,10000,block-23-mlkem-sme-1024.csv
23,mlkem_sme,ML-KEM-1024,BaseMulAcc,1181.0,1180.0,1183.0,3.0,39.99,10000,block-23-mlkem-sme-1024.csv
23,mlkem_sme,ML-KEM-1024,MatrixVectorMul,12026.0,11996.0,12034.0,38.0,167.2,10000,block-23-mlkem-sme-1024.csv
23,mlkem_sme,ML-KEM-1024,InnerProdEnc,1794.0,1792.0,1796.0,4.0,41.11,10000,block-23-mlkem-sme-1024.csv
23,mlkem_sme,ML-KEM-1024,InnerProdDec,5346.0,5321.0,5353.0,32.0,121.01,10000,block-23-mlkem-sme-1024.csv
23,mlkem_sme,ML-KEM-512,KeyGen,36829.0,36643.0,37018.0,375.0,2415.9,10000,block-23-mlkem-sme-512.csv
23,mlkem_sme,ML-KEM-512,Encaps,43409.0,41338.0,43783.0,2445.0,1715.24,10000,block-23-mlkem-sme-512.csv
23,mlkem_sme,ML-KEM-512,Decaps,57502.0,56939.0,57877.0,938.0,1114.51,10000,block-23-mlkem-sme-512.csv
23,mlkem_sme,ML-KEM-512,NTT,1155.0,1153.0,1155.0,2.0,50.49,10000,block-23-mlkem-sme-512.csv
23,mlkem_sme,ML-KEM-512,INVNTT,1063.0,1063.0,1065.0,2.0,49.76,10000,block-23-mlkem-sme-512.csv
23,mlkem_sme,ML-KEM-512,BaseMulAcc,631.0,631.0,631.0,0.0,17.5,10000,block-23-mlkem-sme-512.csv
23,mlkem_sme,ML-KEM-512,MatrixVectorMul,5043.0,5039.0,5053.0,14.0,108.0,10000,block-23-mlkem-sme-512.csv
23,mlkem_sme,ML-KEM-512,InnerProdEnc,1251.0,1249.0,1253.0,4.0,36.52,10000,block-23-mlkem-sme-512.csv
23,mlkem_sme,ML-KEM-512,InnerProdDec,3442.0,3435.0,3450.0,15.0,94.23,10000,block-23-mlkem-sme-512.csv
23,mlkem_sme,ML-KEM-768,KeyGen,60885.0,59758.0,61823.0,2065.0,2375.23,10000,block-23-mlkem-sme-768.csv
23,mlkem_sme,ML-KEM-768,Encaps,69716.0,65959.0,70653.0,4694.0,3349.07,10000,block-23-mlkem-sme-768.csv
23,mlkem_sme,ML-KEM-768,Decaps,83056.0,81933.0,86064.0,4131.0,2267.27,10000,block-23-mlkem-sme-768.csv
23,mlkem_sme,ML-KEM-768,NTT,1183.0,1165.0,1185.0,20.0,50.25,10000,block-23-mlkem-sme-768.csv
23,mlkem_sme,ML-KEM-768,INVNTT,1086.0,1086.0,1088.0,2.0,42.05,10000,block-23-mlkem-sme-768.csv
23,mlkem_sme,ML-KEM-768,BaseMulAcc,911.0,911.0,913.0,2.0,19.71,10000,block-23-mlkem-sme-768.csv
23,mlkem_sme,ML-KEM-768,MatrixVectorMul,8129.0,8114.0,8148.0,34.0,112.56,10000,block-23-mlkem-sme-768.csv
23,mlkem_sme,ML-KEM-768,InnerProdEnc,1525.0,1524.0,1527.0,3.0,34.76,10000,block-23-mlkem-sme-768.csv
23,mlkem_sme,ML-KEM-768,InnerProdDec,4921.0,4902.0,4936.0,34.0,76.89,10000,block-23-mlkem-sme-768.csv
23,mlkem_sve,ML-KEM-1024,KeyGen,91328.0,80806.0,92270.0,11464.0,10263.28,10000,block-23-mlkem-sve-1024.csv
23,mlkem_sve,ML-KEM-1024,Encaps,103540.0,102976.0,104104.0,1128.0,13039.3,10000,block-23-mlkem-sve-1024.csv
23,mlkem_sve,ML-KEM-1024,Decaps,112750.0,111996.0,122149.0,10153.0,8470.38,10000,block-23-mlkem-sve-1024.csv
23,mlkem_sve,ML-KEM-1024,NTT,1056.0,1044.0,1061.0,17.0,143.26,10000,block-23-mlkem-sve-1024.csv
23,mlkem_sve,ML-KEM-1024,INVNTT,1106.0,1082.0,1134.0,52.0,124.87,10000,block-23-mlkem-sve-1024.csv
23,mlkem_sve,ML-KEM-1024,BaseMulAcc,1181.0,1180.0,1185.0,5.0,147.74,10000,block-23-mlkem-sve-1024.csv
23,mlkem_sve,ML-KEM-1024,MatrixVectorMul,11838.0,11632.0,12105.0,473.0,560.78,10000,block-23-mlkem-sve-1024.csv
23,mlkem_sve,ML-KEM-1024,InnerProdEnc,1753.0,1751.0,1757.0,6.0,140.26,10000,block-23-mlkem-sve-1024.csv
23,mlkem_sve,ML-KEM-1024,InnerProdDec,4665.0,4654.0,4859.0,205.0,254.65,10000,block-23-mlkem-sve-1024.csv
23,mlkem_sve,ML-KEM-512,KeyGen,36265.0,35895.0,36459.0,564.0,4328.84,10000,block-23-mlkem-sve-512.csv
23,mlkem_sve,ML-KEM-512,Encaps,44536.0,41907.0,44911.0,3004.0,4227.62,10000,block-23-mlkem-sve-512.csv
23,mlkem_sve,ML-KEM-512,Decaps,56375.0,56001.0,56754.0,753.0,4691.35,10000,block-23-mlkem-sve-512.csv
23,mlkem_sve,ML-KEM-512,NTT,1029.0,1024.0,1033.0,9.0,115.83,10000,block-23-mlkem-sve-512.csv
23,mlkem_sve,ML-KEM-512,INVNTT,1088.0,1084.0,1093.0,9.0,105.8,10000,block-23-mlkem-sve-512.csv
23,mlkem_sve,ML-KEM-512,BaseMulAcc,631.0,631.0,635.0,4.0,90.11,10000,block-23-mlkem-sve-512.csv
23,mlkem_sve,ML-KEM-512,MatrixVectorMul,4479.0,4459.0,4665.0,206.0,253.18,10000,block-23-mlkem-sve-512.csv
23,mlkem_sve,ML-KEM-512,InnerProdEnc,1198.0,1197.0,1200.0,3.0,80.68,10000,block-23-mlkem-sve-512.csv
23,mlkem_sve,ML-KEM-512,InnerProdDec,2801.0,2786.0,2914.0,128.0,218.54,10000,block-23-mlkem-sve-512.csv
23,mlkem_sve,ML-KEM-768,KeyGen,60885.0,59757.0,61634.0,1877.0,5154.38,10000,block-23-mlkem-sve-768.csv
23,mlkem_sve,ML-KEM-768,Encaps,76481.0,69905.0,77049.0,7144.0,9478.99,10000,block-23-mlkem-sve-768.csv
23,mlkem_sve,ML-KEM-768,Decaps,82871.0,81929.0,85879.0,3950.0,6371.17,10000,block-23-mlkem-sve-768.csv
23,mlkem_sve,ML-KEM-768,NTT,1052.0,1046.0,1061.0,15.0,103.16,10000,block-23-mlkem-sve-768.csv
23,mlkem_sve,ML-KEM-768,INVNTT,1118.0,1116.0,1121.0,5.0,120.82,10000,block-23-mlkem-sve-768.csv
23,mlkem_sve,ML-KEM-768,BaseMulAcc,911.0,911.0,915.0,4.0,74.43,10000,block-23-mlkem-sve-768.csv
23,mlkem_sve,ML-KEM-768,MatrixVectorMul,7871.0,7691.0,8048.0,357.0,868.02,10000,block-23-mlkem-sve-768.csv
23,mlkem_sve,ML-KEM-768,InnerProdEnc,1477.0,1475.0,1501.0,26.0,153.51,10000,block-23-mlkem-sve-768.csv
23,mlkem_sve,ML-KEM-768,InnerProdDec,4391.0,4372.0,4594.0,222.0,359.68,10000,block-23-mlkem-sve-768.csv
24,kyber_neon,Kyber-1024,KeyGen,31944.0,31570.0,35138.0,3568.0,1876.01,10000,block-24-kyber-neon-1024.csv
24,kyber_neon,Kyber-1024,Encaps,47919.0,43409.0,48482.0,5073.0,2886.43,10000,block-24-kyber-neon-1024.csv
24,kyber_neon,Kyber-1024,Decaps,42660.0,38709.0,43035.0,4326.0,3874.89,10000,block-24-kyber-neon-1024.csv
24,kyber_neon,Kyber-1024,NTT,285.0,257.0,287.0,30.0,35.86,10000,block-24-kyber-neon-1024.csv
24,kyber_neon,Kyber-1024,INVNTT,285.0,283.0,285.0,2.0,24.7,10000,block-24-kyber-neon-1024.csv
24,kyber_neon,Kyber-1024,BaseMulAcc,505.0,456.0,507.0,51.0,28.48,10000,block-24-kyber-neon-1024.csv
24,kyber_neon,Kyber-1024,MatrixVectorMul,3707.0,3470.0,3716.0,246.0,169.71,10000,block-24-kyber-neon-1024.csv
24,kyber_neon,Kyber-1024,InnerProdEnc,725.0,723.0,727.0,4.0,38.38,10000,block-24-kyber-neon-1024.csv
24,kyber_neon,Kyber-1024,InnerProdDec,1890.0,1792.0,1894.0,102.0,96.05,10000,block-24-kyber-neon-1024.csv
24,kyber_neon,Kyber-512,KeyGen,13720.0,13715.0,14094.0,379.0,878.45,10000,block-24-kyber-neon-512.csv
24,kyber_neon,Kyber-512,Encaps,22929.0,20859.0,23303.0,2444.0,1245.06,10000,block-24-kyber-neon-512.csv
24,kyber_neon,Kyber-512,Decaps,19357.0,17666.0,19732.0,2066.0,1115.29,10000,block-24-kyber-neon-512.csv
24,kyber_neon,Kyber-512,NTT,285.0,259.0,285.0,26.0,15.32,10000,block-24-kyber-neon-512.csv
24,kyber_neon,Kyber-512,INVNTT,283.0,255.0,285.0,30.0,16.83,10000,block-24-kyber-neon-512.csv
24,kyber_neon,Kyber-512,BaseMulAcc,274.0,274.0,276.0,2.0,33.57,10000,block-24-kyber-neon-512.csv
24,kyber_neon,Kyber-512,MatrixVectorMul,1570.0,1516.0,1572.0,56.0,80.61,10000,block-24-kyber-neon-512.csv
24,kyber_neon,Kyber-512,InnerProdEnc,511.0,509.0,513.0,4.0,44.05,10000,block-24-kyber-neon-512.csv
24,kyber_neon,Kyber-512,InnerProdDec,1071.0,1041.0,1072.0,31.0,67.23,10000,block-24-kyber-neon-512.csv
24,kyber_neon,Kyber-768,KeyGen,24056.0,21986.0,24615.0,2629.0,1375.96,10000,block-24-kyber-neon-768.csv
24,kyber_neon,Kyber-768,Encaps,34573.0,31196.0,34763.0,3567.0,1967.57,10000,block-24-kyber-neon-768.csv
24,kyber_neon,Kyber-768,Decaps,29879.0,27060.0,30253.0,3193.0,1764.49,10000,block-24-kyber-neon-768.csv
24,kyber_neon,Kyber-768,NTT,287.0,285.0,287.0,2.0,19.73,10000,block-24-kyber-neon-768.csv
24,kyber_neon,Kyber-768,INVNTT,285.0,283.0,287.0,4.0,29.35,10000,block-24-kyber-neon-768.csv
24,kyber_neon,Kyber-768,BaseMulAcc,390.0,388.0,392.0,4.0,28.7,10000,block-24-kyber-neon-768.csv
24,kyber_neon,Kyber-768,MatrixVectorMul,2565.0,2441.0,2570.0,129.0,116.88,10000,block-24-kyber-neon-768.csv
24,kyber_neon,Kyber-768,InnerProdEnc,616.0,614.0,618.0,4.0,34.86,10000,block-24-kyber-neon-768.csv
24,kyber_neon,Kyber-768,InnerProdDec,1469.0,1458.0,1471.0,13.0,73.11,10000,block-24-kyber-neon-768.csv
24,kyber_ref,Kyber-1024,KeyGen,156722.0,147139.0,157661.0,10522.0,7856.99,10000,block-24-kyber-ref-1024.csv
24,kyber_ref,Kyber-1024,Encaps,173071.0,160853.0,173635.0,12782.0,9349.34,10000,block-24-kyber-ref-1024.csv
24,kyber_ref,Kyber-1024,Decaps,196370.0,182465.0,196749.0,14284.0,10228.17,10000,block-24-kyber-ref-1024.csv
24,kyber_ref,Kyber-1024,NTT,3602.0,3352.0,3609.0,257.0,170.59,10000,block-24-kyber-ref-1024.csv
24,kyber_ref,Kyber-1024,INVNTT,5714.0,5438.0,5718.0,280.0,213.69,10000,block-24-kyber-ref-1024.csv
24,kyber_ref,Kyber-1024,BaseMulAcc,9125.0,8869.0,9232.0,363.0,284.03,10000,block-24-kyber-ref-1024.csv
24,kyber_ref,Kyber-1024,MatrixVectorMul,76824.0,76239.0,77365.0,1126.0,1325.94,10000,block-24-kyber-ref-1024.csv
24,kyber_ref,Kyber-1024,InnerProdEnc,14988.0,14789.0,15219.0,430.0,383.87,10000,block-24-kyber-ref-1024.csv
24,kyber_ref,Kyber-1024,InnerProdDec,28599.0,28373.0,28813.0,440.0,525.02,10000,block-24-kyber-ref-1024.csv
24,kyber_ref,Kyber-512,KeyGen,57313.0,51865.0,57876.0,6011.0,3966.68,10000,block-24-kyber-ref-512.csv
24,kyber_ref,Kyber-512,Encaps,75353.0,68024.0,75727.0,7703.0,4437.23,10000,block-24-kyber-ref-512.csv
24,kyber_ref,Kyber-512,Decaps,89826.0,80995.0,90200.0,9205.0,4956.06,10000,block-24-kyber-ref-512.csv
24,kyber_ref,Kyber-512,NTT,3596.0,3352.0,3609.0,257.0,177.22,10000,block-24-kyber-ref-512.csv
24,kyber_ref,Kyber-512,INVNTT,5644.0,5404.0,5650.0,246.0,206.2,10000,block-24-kyber-ref-512.csv
24,kyber_ref,Kyber-512,BaseMulAcc,5116.0,4838.0,5120.0,282.0,213.13,10000,block-24-kyber-ref-512.csv
24,kyber_ref,Kyber-512,MatrixVectorMul,29702.0,29378.0,29920.0,542.0,1069.11,10000,block-24-kyber-ref-512.csv
24,kyber_ref,Kyber-512,InnerProdEnc,10489.0,10260.0,10733.0,473.0,333.92,10000,block-24-kyber-ref-512.csv
24,kyber_ref,Kyber-512,InnerProdDec,17459.0,17316.0,17671.0,355.0,370.32,10000,block-24-kyber-ref-512.csv
24,kyber_ref,Kyber-768,KeyGen,100158.0,92081.0,101475.0,9394.0,6865.5,10000,block-24-kyber-ref-768.csv
24,kyber_ref,Kyber-768,Encaps,117075.0,116322.0,117450.0,1128.0,5846.19,10000,block-24-kyber-ref-768.csv
24,kyber_ref,Kyber-768,Decaps,136053.0,128909.0,136428.0,7519.0,10237.88,10000,block-24-kyber-ref-768.csv
24,kyber_ref,Kyber-768,NTT,3632.0,3459.0,3638.0,179.0,319.53,10000,block-24-kyber-ref-768.csv
24,kyber_ref,Kyber-768,INVNTT,5646.0,5504.0,5669.0,165.0,172.47,10000,block-24-kyber-ref-768.csv
24,kyber_ref,Kyber-768,BaseMulAcc,6958.0,6798.0,6966.0,168.0,171.67,10000,block-24-kyber-ref-768.csv
24,kyber_ref,Kyber-768,MatrixVectorMul,50776.0,50517.0,50959.0,442.0,1780.38,10000,block-24-kyber-ref-768.csv
24,kyber_ref,Kyber-768,InnerProdEnc,12906.0,12733.0,13058.0,325.0,315.05,10000,block-24-kyber-ref-768.csv
24,kyber_ref,Kyber-768,InnerProdDec,23220.0,23132.0,23228.0,96.0,343.23,10000,block-24-kyber-ref-768.csv
24,kyber_sme,Kyber-1024,KeyGen,62202.0,60322.0,64082.0,3760.0,2787.85,10000,block-24-kyber-sme-1024.csv
24,kyber_sme,Kyber-1024,Encaps,73287.0,69152.0,75727.0,6575.0,3360.52,10000,block-24-kyber-sme-1024.csv
24,kyber_sme,Kyber-1024,Decaps,76480.0,74415.0,76859.0,2444.0,4719.92,10000,block-24-kyber-sme-1024.csv
24,kyber_sme,Kyber-1024,NTT,1185.0,1185.0,1187.0,2.0,30.32,10000,block-24-kyber-sme-1024.csv
24,kyber_sme,Kyber-1024,INVNTT,1106.0,1106.0,1108.0,2.0,49.41,10000,block-24-kyber-sme-1024.csv
24,kyber_sme,Kyber-1024,BaseMulAcc,1409.0,1407.0,1411.0,4.0,41.28,10000,block-24-kyber-sme-1024.csv
24,kyber_sme,Kyber-1024,MatrixVectorMul,10716.0,10699.0,10726.0,27.0,161.26,10000,block-24-kyber-sme-1024.csv
24,kyber_sme,Kyber-1024,InnerProdEnc,2033.0,2031.0,2033.0,2.0,44.38,10000,block-24-kyber-sme-1024.csv
24,kyber_sme,Kyber-1024,InnerProdDec,5118.0,5090.0,5126.0,36.0,111.51,10000,block-24-kyber-sme-1024.csv
24,kyber_sme,Kyber-512,KeyGen,28751.0,28377.0,28941.0,564.0,1027.53,10000,block-24-kyber-sme-512.csv
24,kyber_sme,Kyber-512,Encaps,37582.0,37397.0,37772.0,375.0,2214.66,10000,block-24-kyber-sme-512.csv
24,kyber_sme,Kyber-512,Decaps,37960.0,37771.0,38146.0,375.0,2378.81,10000,block-24-kyber-sme-512.csv
24,kyber_sme,Kyber-512,NTT,1174.0,1172.0,1174.0,2.0,33.12,10000,block-24-kyber-sme-512.csv
24,kyber_sme,Kyber-512,INVNTT,1074.0,1074.0,1074.0,0.0,53.85,10000,block-24-kyber-sme-512.csv
24,kyber_sme,Kyber-512,BaseMulAcc,751.0,749.0,751.0,2.0,16.74,10000,block-24-kyber-sme-512.csv
24,kyber_sme,Kyber-512,MatrixVectorMul,4709.0,4696.0,4716.0,20.0,111.4,10000,block-24-kyber-sme-512.csv
24,kyber_sme,Kyber-512,InnerProdEnc,1379.0,1377.0,1379.0,2.0,41.87,10000,block-24-kyber-sme-512.csv
24,kyber_sme,Kyber-512,InnerProdDec,3666.0,3645.0,3673.0,28.0,102.35,10000,block-24-kyber-sme-512.csv
24,kyber_sme,Kyber-768,KeyGen,41717.0,40026.0,42282.0,2256.0,1644.28,10000,block-24-kyber-sme-768.csv
24,kyber_sme,Kyber-768,Encaps,52803.0,49985.0,55622.0,5637.0,2722.81,10000,block-24-kyber-sme-768.csv
24,kyber_sme,Kyber-768,Decaps,54494.0,54305.0,54684.0,379.0,1005.77,10000,block-24-kyber-sme-768.csv
24,kyber_sme,Kyber-768,NTT,1198.0,1197.0,1204.0,7.0,71.56,10000,block-24-kyber-sme-768.csv
24,kyber_sme,Kyber-768,INVNTT,1093.0,1093.0,1095.0,2.0,34.25,10000,block-24-kyber-sme-768.csv
24,kyber_sme,Kyber-768,BaseMulAcc,1091.0,1089.0,1093.0,4.0,13.45,10000,block-24-kyber-sme-768.csv
24,kyber_sme,Kyber-768,MatrixVectorMul,7276.0,7257.0,7281.0,24.0,92.65,10000,block-24-kyber-sme-768.csv
24,kyber_sme,Kyber-768,InnerProdEnc,1740.0,1726.0,1753.0,27.0,78.77,10000,block-24-kyber-sme-768.csv
24,kyber_sme,Kyber-768,InnerProdDec,4299.0,4295.0,4301.0,6.0,108.5,10000,block-24-kyber-sme-768.csv
24,kyber_sve,Kyber-1024,KeyGen,61638.0,60131.0,62202.0,2071.0,4239.33,10000,block-24-kyber-sve-1024.csv
24,kyber_sve,Kyber-1024,Encaps,75732.0,69715.0,76480.0,6765.0,6498.19,10000,block-24-kyber-sve-1024.csv
24,kyber_sve,Kyber-1024,Decaps,74225.0,72724.0,74605.0,1881.0,4709.19,10000,block-24-kyber-sve-1024.csv
24,kyber_sve,Kyber-1024,NTT,1061.0,1054.0,1067.0,13.0,147.34,10000,block-24-kyber-sve-1024.csv
24,kyber_sve,Kyber-1024,INVNTT,1118.0,1106.0,1150.0,44.0,811.19,10000,block-24-kyber-sve-1024.csv
24,kyber_sve,Kyber-1024,BaseMulAcc,1415.0,1413.0,1426.0,13.0,88.89,10000,block-24-kyber-sve-1024.csv
24,kyber_sve,Kyber-1024,MatrixVectorMul,10510.0,10305.0,10739.0,434.0,422.53,10000,block-24-kyber-sve-1024.csv
24,kyber_sve,Kyber-1024,InnerProdEnc,1982.0,1980.0,1986.0,6.0,135.15,10000,block-24-kyber-sve-1024.csv
24,kyber_sve,Kyber-1024,InnerProdDec,4493.0,4479.0,4694.0,215.0,243.71,10000,block-24-kyber-sve-1024.csv
24,kyber_sve,Kyber-512,KeyGen,27624.0,27435.0,27998.0,563.0,11598.0,10000,block-24-kyber-sve-512.csv
24,kyber_sve,Kyber-512,Encaps,37582.0,37208.0,37772.0,564.0,8160.15,10000,block-24-kyber-sve-512.csv
24,kyber_sve,Kyber-512,Decaps,35895.0,35706.0,36270.0,564.0,9707.09,10000,block-24-kyber-sve-512.csv
24,kyber_sve,Kyber-512,NTT,1058.0,1044.0,1108.0,64.0,184.91,10000,block-24-kyber-sve-512.csv
24,kyber_sve,Kyber-512,INVNTT,1121.0,1119.0,1197.0,78.0,242.55,10000,block-24-kyber-sve-512.csv
24,kyber_sve,Kyber-512,BaseMulAcc,751.0,749.0,764.0,15.0,123.58,10000,block-24-kyber-sve-512.csv
24,kyber_sve,Kyber-512,MatrixVectorMul,4483.0,4472.0,4692.0,220.0,383.94,10000,block-24-kyber-sve-512.csv
24,kyber_sve,Kyber-512,InnerProdEnc,1319.0,1319.0,1328.0,9.0,198.5,10000,block-24-kyber-sve-512.csv
24,kyber_sve,Kyber-512,InnerProdDec,3359.0,3339.0,3587.0,248.0,420.19,10000,block-24-kyber-sve-512.csv
24,kyber_sve,Kyber-768,KeyGen,42656.0,41718.0,43973.0,2255.0,4300.94,10000,block-24-kyber-sve-768.csv
24,kyber_sve,Kyber-768,Encaps,51865.0,48856.0,54120.0,5264.0,6723.78,10000,block-24-kyber-sve-768.csv
24,kyber_sve,Kyber-768,Decaps,54684.0,54494.0,55058.0,564.0,4873.88,10000,block-24-kyber-sve-768.csv
24,kyber_sve,Kyber-768,NTT,1073.0,1065.0,1101.0,36.0,178.89,10000,block-24-kyber-sve-768.csv
24,kyber_sve,Kyber-768,INVNTT,1133.0,1127.0,1197.0,70.0,233.35,10000,block-24-kyber-sve-768.csv
24,kyber_sve,Kyber-768,BaseMulAcc,1093.0,1091.0,1099.0,8.0,137.75,10000,block-24-kyber-sve-768.csv
24,kyber_sve,Kyber-768,MatrixVectorMul,7140.0,6984.0,7308.0,324.0,351.21,10000,block-24-kyber-sve-768.csv
24,kyber_sve,Kyber-768,InnerProdEnc,1657.0,1655.0,1659.0,4.0,133.61,10000,block-24-kyber-sve-768.csv
24,kyber_sve,Kyber-768,InnerProdDec,3809.0,3797.0,4004.0,207.0,239.84,10000,block-24-kyber-sve-768.csv
24,mlkem_neon,ML-KEM-1024,KeyGen,59947.0,58820.0,60321.0,1501.0,4122.03,10000,block-24-mlkem-neon-1024.csv
24,mlkem_neon,ML-KEM-1024,Encaps,64642.0,59194.0,65021.0,5827.0,3618.72,10000,block-24-mlkem-neon-1024.csv
24,mlkem_neon,ML-KEM-1024,Decaps,76291.0,72160.0,76670.0,4510.0,3734.44,10000,block-24-mlkem-neon-1024.csv
24,mlkem_neon,ML-KEM-1024,NTT,221.0,201.0,223.0,22.0,22.95,10000,block-24-mlkem-neon-1024.csv
24,mlkem_neon,ML-KEM-1024,INVNTT,257.0,257.0,259.0,2.0,31.87,10000,block-24-mlkem-neon-1024.csv
24,mlkem_neon,ML-KEM-1024,BaseMulAcc,280.0,278.0,281.0,3.0,28.47,10000,block-24-mlkem-neon-1024.csv
24,mlkem_neon,ML-KEM-1024,MatrixVectorMul,3226.0,3136.0,3234.0,98.0,124.57,10000,block-24-mlkem-neon-1024.csv
24,mlkem_neon,ML-KEM-1024,InnerProdEnc,535.0,531.0,537.0,6.0,33.34,10000,block-24-mlkem-neon-1024.csv
24,mlkem_neon,ML-KEM-1024,InnerProdDec,1510.0,1501.0,1518.0,17.0,75.94,10000,block-24-mlkem-neon-1024.csv
24,mlkem_neon,ML-KEM-512,KeyGen,23488.0,23113.0,23678.0,565.0,1127.64,10000,block-24-mlkem-neon-512.csv
24,mlkem_neon,ML-KEM-512,Encaps,26871.0,26497.0,27060.0,563.0,1217.8,10000,block-24-mlkem-neon-512.csv
24,mlkem_neon,ML-KEM-512,Decaps,33076.0,30253.0,33446.0,3193.0,1932.29,10000,block-24-mlkem-neon-512.csv
24,mlkem_neon,ML-KEM-512,NTT,223.0,219.0,225.0,6.0,28.35,10000,block-24-mlkem-neon-512.csv
24,mlkem_neon,ML-KEM-512,INVNTT,257.0,257.0,259.0,2.0,34.84,10000,block-24-mlkem-neon-512.csv
24,mlkem_neon,ML-KEM-512,BaseMulAcc,163.0,163.0,163.0,0.0,22.3,10000,block-24-mlkem-neon-512.csv
24,mlkem_neon,ML-KEM-512,MatrixVectorMul,1369.0,1364.0,1373.0,9.0,56.42,10000,block-24-mlkem-neon-512.csv
24,mlkem_neon,ML-KEM-512,InnerProdEnc,420.0,419.0,420.0,1.0,33.39,10000,block-24-mlkem-neon-512.csv
24,mlkem_neon,ML-KEM-512,InnerProdDec,890.0,886.0,894.0,8.0,53.16,10000,block-24-mlkem-neon-512.csv
24,mlkem_neon,ML-KEM-768,KeyGen,40590.0,40026.0,40964.0,938.0,2211.24,10000,block-24-mlkem-neon-768.csv
24,mlkem_neon,ML-KEM-768,Encaps,43598.0,43029.0,43972.0,943.0,2369.42,10000,block-24-mlkem-neon-768.csv
24,mlkem_neon,ML-KEM-768,Decaps,51865.0,51302.0,52239.0,937.0,2445.87,10000,block-24-mlkem-neon-768.csv
24,mlkem_neon,ML-KEM-768,NTT,223.0,221.0,225.0,4.0,10.41,10000,block-24-mlkem-neon-768.csv
24,mlkem_neon,ML-KEM-768,INVNTT,257.0,257.0,259.0,2.0,13.17,10000,block-24-mlkem-neon-768.csv
24,mlkem_neon,ML-KEM-768,BaseMulAcc,219.0,206.0,221.0,15.0,12.99,10000,block-24-mlkem-neon-768.csv
24,mlkem_neon,ML-KEM-768,MatrixVectorMul,2234.0,2200.0,2239.0,39.0,103.49,10000,block-24-mlkem-neon-768.csv
24,mlkem_neon,ML-KEM-768,InnerProdEnc,477.0,475.0,477.0,2.0,21.19,10000,block-24-mlkem-neon-768.csv
24,mlkem_neon,ML-KEM-768,InnerProdDec,1195.0,1189.0,1200.0,11.0,61.66,10000,block-24-mlkem-neon-768.csv
24,mlkem_ref,ML-KEM-1024,KeyGen,76481.0,69905.0,77044.0,7139.0,4120.57,10000,block-24-mlkem-ref-1024.csv
24,mlkem_ref,ML-KEM-1024,Encaps,84184.0,81180.0,84563.0,3383.0,6347.46,10000,block-24-mlkem-ref-1024.csv
24,mlkem_ref,ML-KEM-1024,Decaps,95084.0,89636.0,95463.0,5827.0,4610.24,10000,block-24-mlkem-ref-1024.csv
24,mlkem_ref,ML-KEM-1024,NTT,520.0,518.0,520.0,2.0,28.19,10000,block-24-mlkem-ref-1024.csv
24,mlkem_ref,ML-KEM-1024,INVNTT,886.0,885.0,886.0,1.0,55.79,10000,block-24-mlkem-ref-1024.csv
24,mlkem_ref,ML-KEM-1024,BaseMulAcc,311.0,310.0,311.0,1.0,12.93,10000,block-24-mlkem-ref-1024.csv
24,mlkem_ref,ML-KEM-1024,MatrixVectorMul,7636.0,7360.0,7674.0,314.0,289.38,10000,block-24-mlkem-ref-1024.csv
24,mlkem_ref,ML-KEM-1024,InnerProdEnc,1195.0,1185.0,1196.0,11.0,61.48,10000,block-24-mlkem-ref-1024.csv
24,mlkem_ref,ML-KEM-1024,InnerProdDec,3621.0,3557.0,3624.0,67.0,141.93,10000,block-24-mlkem-ref-1024.csv
24,mlkem_ref,ML-KEM-512,KeyGen,29689.0,27060.0,30063.0,3003.0,1565.2,10000,block-24-mlkem-ref-512.csv
24,mlkem_ref,ML-KEM-512,Encaps,35142.0,31949.0,35332.0,3383.0,1781.18,10000,block-24-mlkem-ref-512.csv
24,mlkem_ref,ML-KEM-512,Decaps,41907.0,38335.0,42281.0,3946.0,3806.68,10000,block-24-mlkem-ref-512.csv
24,mlkem_ref,ML-KEM-512,NTT,520.0,518.0,520.0,2.0,43.33,10000,block-24-mlkem-ref-512.csv
24,mlkem_ref,ML-KEM-512,INVNTT,886.0,885.0,886.0,1.0,39.55,10000,block-24-mlkem-ref-512.csv
24,mlkem_ref,ML-KEM-512,BaseMulAcc,189.0,189.0,189.0,0.0,10.05,10000,block-24-mlkem-ref-512.csv
24,mlkem_ref,ML-KEM-512,MatrixVectorMul,3566.0,3442.0,3585.0,143.0,151.18,10000,block-24-mlkem-ref-512.csv
24,mlkem_ref,ML-KEM-512,InnerProdEnc,1074.0,1035.0,1076.0,41.0,50.76,10000,block-24-mlkem-ref-512.csv
24,mlkem_ref,ML-KEM-512,InnerProdDec,2273.0,2270.0,2277.0,7.0,90.76,10000,block-24-mlkem-ref-512.csv
24,mlkem_ref,ML-KEM-768,KeyGen,51680.0,51302.0,52054.0,752.0,2950.55,10000,block-24-mlkem-ref-768.csv
24,mlkem_ref,ML-KEM-768,Encaps,57129.0,52054.0,57503.0,5449.0,3911.08,10000,block-24-mlkem-ref-768.csv
24,mlkem_ref,ML-KEM-768,Decaps,65395.0,65021.0,65769.0,748.0,2726.15,10000,block-24-mlkem-ref-768.csv
24,mlkem_ref,ML-KEM-768,NTT,520.0,518.0,522.0,4.0,20.74,10000,block-24-mlkem-ref-768.csv
24,mlkem_ref,ML-KEM-768,INVNTT,886.0,866.0,886.0,20.0,66.4,10000,block-24-mlkem-ref-768.csv
24,mlkem_ref,ML-KEM-768,BaseMulAcc,246.0,246.0,248.0,2.0,9.19,10000,block-24-mlkem-ref-768.csv
24,mlkem_ref,ML-KEM-768,MatrixVectorMul,5552.0,5410.0,5556.0,146.0,155.42,10000,block-24-mlkem-ref-768.csv
24,mlkem_ref,ML-KEM-768,InnerProdEnc,1133.0,1131.0,1133.0,2.0,40.44,10000,block-24-mlkem-ref-768.csv
24,mlkem_ref,ML-KEM-768,InnerProdDec,2939.0,2935.0,2965.0,30.0,92.01,10000,block-24-mlkem-ref-768.csv
24,mlkem_sme,ML-KEM-1024,KeyGen,90574.0,80242.0,91328.0,11086.0,6628.82,10000,block-24-mlkem-sme-1024.csv
24,mlkem_sme,ML-KEM-1024,Encaps,102413.0,101664.0,102792.0,1128.0,5776.98,10000,block-24-mlkem-sme-1024.csv
24,mlkem_sme,ML-KEM-1024,Decaps,113124.0,112375.0,122708.0,10333.0,6260.08,10000,block-24-mlkem-sme-1024.csv
24,mlkem_sme,ML-KEM-1024,NTT,1148.0,1148.0,1150.0,2.0,47.1,10000,block-24-mlkem-sme-1024.csv
24,mlkem_sme,ML-KEM-1024,INVNTT,1069.0,1069.0,1071.0,2.0,31.55,10000,block-24-mlkem-sme-1024.csv
24,mlkem_sme,ML-KEM-1024,BaseMulAcc,1181.0,1180.0,1183.0,3.0,41.9,10000,block-24-mlkem-sme-1024.csv
24,mlkem_sme,ML-KEM-1024,MatrixVectorMul,12022.0,11989.0,12028.0,39.0,163.46,10000,block-24-mlkem-sme-1024.csv
24,mlkem_sme,ML-KEM-1024,InnerProdEnc,1794.0,1792.0,1796.0,4.0,38.8,10000,block-24-mlkem-sme-1024.csv
24,mlkem_sme,ML-KEM-1024,InnerProdDec,5349.0,5319.0,5355.0,36.0,111.67,10000,block-24-mlkem-sme-1024.csv
24,mlkem_sme,ML-KEM-512,KeyGen,36644.0,36455.0,37018.0,563.0,788.05,10000,block-24-mlkem-sme-512.csv
24,mlkem_sme,ML-KEM-512,Encaps,43409.0,41338.0,43783.0,2445.0,1983.98,10000,block-24-mlkem-sme-512.csv
24,mlkem_sme,ML-KEM-512,Decaps,57503.0,56939.0,57877.0,938.0,3124.93,10000,block-24-mlkem-sme-512.csv
24,mlkem_sme,ML-KEM-512,NTT,1155.0,1153.0,1159.0,6.0,25.34,10000,block-24-mlkem-sme-512.csv
24,mlkem_sme,ML-KEM-512,INVNTT,1063.0,1063.0,1065.0,2.0,47.49,10000,block-24-mlkem-sme-512.csv
24,mlkem_sme,ML-KEM-512,BaseMulAcc,633.0,631.0,633.0,2.0,8.26,10000,block-24-mlkem-sme-512.csv
24,mlkem_sme,ML-KEM-512,MatrixVectorMul,5051.0,5049.0,5056.0,7.0,477.92,10000,block-24-mlkem-sme-512.csv
24,mlkem_sme,ML-KEM-512,InnerProdEnc,1255.0,1253.0,1257.0,4.0,40.73,10000,block-24-mlkem-sme-512.csv
24,mlkem_sme,ML-KEM-512,InnerProdDec,3444.0,3433.0,3448.0,15.0,92.02,10000,block-24-mlkem-sme-512.csv
24,mlkem_sme,ML-KEM-768,KeyGen,60977.0,59758.0,61823.0,2065.0,2683.82,10000,block-24-mlkem-sme-768.csv
24,mlkem_sme,ML-KEM-768,Encaps,69720.0,66144.0,70658.0,4514.0,2793.92,10000,block-24-mlkem-sme-768.csv
24,mlkem_sme,ML-KEM-768,Decaps,83061.0,81934.0,86069.0,4135.0,2284.43,10000,block-24-mlkem-sme-768.csv
24,mlkem_sme,ML-KEM-768,NTT,1183.0,1180.0,1185.0,5.0,39.74,10000,block-24-mlkem-sme-768.csv
24,mlkem_sme,ML-KEM-768,INVNTT,1078.0,1076.0,1080.0,4.0,57.94,10000,block-24-mlkem-sme-768.csv
24,mlkem_sme,ML-KEM-768,BaseMulAcc,911.0,911.0,913.0,2.0,11.3,10000,block-24-mlkem-sme-768.csv
24,mlkem_sme,ML-KEM-768,MatrixVectorMul,8131.0,8116.0,8148.0,32.0,103.25,10000,block-24-mlkem-sme-768.csv
24,mlkem_sme,ML-KEM-768,InnerProdEnc,1525.0,1524.0,1527.0,3.0,32.26,10000,block-24-mlkem-sme-768.csv
24,mlkem_sme,ML-KEM-768,InnerProdDec,4921.0,4904.0,4936.0,32.0,77.02,10000,block-24-mlkem-sme-768.csv
24,mlkem_sve,ML-KEM-1024,KeyGen,91327.0,80801.0,92081.0,11280.0,9018.87,10000,block-24-mlkem-sve-1024.csv
24,mlkem_sve,ML-KEM-1024,Encaps,103540.0,102977.0,104104.0,1127.0,10847.74,10000,block-24-mlkem-sve-1024.csv
24,mlkem_sve,ML-KEM-1024,Decaps,112376.0,111812.0,121954.0,10142.0,8041.7,10000,block-24-mlkem-sve-1024.csv
24,mlkem_sve,ML-KEM-1024,NTT,1056.0,1052.0,1059.0,7.0,116.52,10000,block-24-mlkem-sve-1024.csv
24,mlkem_sve,ML-KEM-1024,INVNTT,1106.0,1082.0,1110.0,28.0,102.91,10000,block-24-mlkem-sve-1024.csv
24,mlkem_sve,ML-KEM-1024,BaseMulAcc,1180.0,1180.0,1183.0,3.0,130.15,10000,block-24-mlkem-sve-1024.csv
24,mlkem_sve,ML-KEM-1024,MatrixVectorMul,11827.0,11632.0,12069.0,437.0,437.99,10000,block-24-mlkem-sve-1024.csv
24,mlkem_sve,ML-KEM-1024,InnerProdEnc,1751.0,1749.0,1757.0,8.0,143.53,10000,block-24-mlkem-sve-1024.csv
24,mlkem_sve,ML-KEM-1024,InnerProdDec,4662.0,4652.0,4867.0,215.0,245.31,10000,block-24-mlkem-sve-1024.csv
24,mlkem_sve,ML-KEM-512,KeyGen,36264.0,35895.0,36454.0,559.0,2840.27,10000,block-24-mlkem-sve-512.csv
24,mlkem_sve,ML-KEM-512,Encaps,44537.0,41907.0,44915.0,3008.0,4358.21,10000,block-24-mlkem-sve-512.csv
24,mlkem_sve,ML-KEM-512,Decaps,56375.0,56185.0,56754.0,569.0,4108.08,10000,block-24-mlkem-sve-512.csv
24,mlkem_sve,ML-KEM-512,NTT,1022.0,1018.0,1042.0,24.0,113.44,10000,block-24-mlkem-sve-512.csv
24,mlkem_sve,ML-KEM-512,INVNTT,1088.0,1086.0,1093.0,7.0,79.63,10000,block-24-mlkem-sve-512.csv
24,mlkem_sve,ML-KEM-512,BaseMulAcc,631.0,631.0,633.0,2.0,108.71,10000,block-24-mlkem-sve-512.csv
24,mlkem_sve,ML-KEM-512,MatrixVectorMul,4487.0,4466.0,4675.0,209.0,262.64,10000,block-24-mlkem-sve-512.csv
24,mlkem_sve,ML-KEM-512,InnerProdEnc,1195.0,1195.0,1197.0,2.0,86.89,10000,block-24-mlkem-sve-512.csv
24,mlkem_sve,ML-KEM-512,InnerProdDec,2803.0,2784.0,2927.0,143.0,197.96,10000,block-24-mlkem-sve-512.csv
24,mlkem_sve,ML-KEM-768,KeyGen,61070.0,59757.0,61638.0,1881.0,5220.69,10000,block-24-mlkem-sve-768.csv
24,mlkem_sve,ML-KEM-768,Encaps,76480.0,69905.0,77044.0,7139.0,6340.12,10000,block-24-mlkem-sve-768.csv
24,mlkem_sve,ML-KEM-768,Decaps,83056.0,81933.0,85880.0,3947.0,12427.97,10000,block-24-mlkem-sve-768.csv
24,mlkem_sve,ML-KEM-768,NTT,1048.0,1044.0,1059.0,15.0,89.06,10000,block-24-mlkem-sve-768.csv
24,mlkem_sve,ML-KEM-768,INVNTT,1118.0,1114.0,1138.0,24.0,193.31,10000,block-24-mlkem-sve-768.csv
24,mlkem_sve,ML-KEM-768,BaseMulAcc,913.0,911.0,930.0,19.0,173.58,10000,block-24-mlkem-sve-768.csv
24,mlkem_sve,ML-KEM-768,MatrixVectorMul,7875.0,7708.0,8076.0,368.0,487.46,10000,block-24-mlkem-sve-768.csv
24,mlkem_sve,ML-KEM-768,InnerProdEnc,1477.0,1475.0,1505.0,30.0,599.19,10000,block-24-mlkem-sve-768.csv
24,mlkem_sve,ML-KEM-768,InnerProdDec,4393.0,4369.0,4583.0,214.0,285.36,10000,block-24-mlkem-sve-768.csv
25,kyber_neon,Kyber-1024,KeyGen,31754.0,31385.0,34574.0,3189.0,1865.57,10000,block-25-kyber-neon-1024.csv
25,kyber_neon,Kyber-1024,Encaps,47919.0,43409.0,48483.0,5074.0,2749.8,10000,block-25-kyber-neon-1024.csv
25,kyber_neon,Kyber-1024,Decaps,38899.0,38525.0,43034.0,4509.0,2536.13,10000,block-25-kyber-neon-1024.csv
25,kyber_neon,Kyber-1024,NTT,285.0,259.0,287.0,28.0,32.87,10000,block-25-kyber-neon-1024.csv
25,kyber_neon,Kyber-1024,INVNTT,285.0,263.0,285.0,22.0,34.81,10000,block-25-kyber-neon-1024.csv
25,kyber_neon,Kyber-1024,BaseMulAcc,507.0,460.0,509.0,49.0,33.28,10000,block-25-kyber-neon-1024.csv
25,kyber_neon,Kyber-1024,MatrixVectorMul,3705.0,3421.0,3715.0,294.0,186.59,10000,block-25-kyber-neon-1024.csv
25,kyber_neon,Kyber-1024,InnerProdEnc,727.0,700.0,729.0,29.0,43.08,10000,block-25-kyber-neon-1024.csv
25,kyber_neon,Kyber-1024,InnerProdDec,1890.0,1713.0,1894.0,181.0,106.32,10000,block-25-kyber-neon-1024.csv
25,kyber_neon,Kyber-512,KeyGen,13904.0,13715.0,15221.0,1506.0,859.13,10000,block-25-kyber-neon-512.csv
25,kyber_neon,Kyber-512,Encaps,23113.0,20859.0,23303.0,2444.0,1396.29,10000,block-25-kyber-neon-512.csv
25,kyber_neon,Kyber-512,Decaps,18040.0,17666.0,19731.0,2065.0,1874.26,10000,block-25-kyber-neon-512.csv
25,kyber_neon,Kyber-512,NTT,287.0,259.0,287.0,28.0,29.38,10000,block-25-kyber-neon-512.csv
25,kyber_neon,Kyber-512,INVNTT,285.0,279.0,287.0,8.0,29.0,10000,block-25-kyber-neon-512.csv
25,kyber_neon,Kyber-512,BaseMulAcc,274.0,274.0,276.0,2.0,14.03,10000,block-25-kyber-neon-512.csv
25,kyber_neon,Kyber-512,MatrixVectorMul,1570.0,1458.0,1572.0,114.0,79.84,10000,block-25-kyber-neon-512.csv
25,kyber_neon,Kyber-512,InnerProdEnc,511.0,475.0,513.0,38.0,38.63,10000,block-25-kyber-neon-512.csv
25,kyber_neon,Kyber-512,InnerProdDec,1071.0,1026.0,1073.0,47.0,49.35,10000,block-25-kyber-neon-512.csv
25,kyber_neon,Kyber-768,KeyGen,22740.0,21986.0,24431.0,2445.0,1408.03,10000,block-25-kyber-neon-768.csv
25,kyber_neon,Kyber-768,Encaps,34573.0,31196.0,34763.0,3567.0,1880.43,10000,block-25-kyber-neon-768.csv
25,kyber_neon,Kyber-768,Decaps,30068.0,27250.0,30258.0,3008.0,1642.0,10000,block-25-kyber-neon-768.csv
25,kyber_neon,Kyber-768,NTT,285.0,263.0,287.0,24.0,15.5,10000,block-25-kyber-neon-768.csv
25,kyber_neon,Kyber-768,INVNTT,285.0,283.0,285.0,2.0,13.86,10000,block-25-kyber-neon-768.csv
25,kyber_neon,Kyber-768,BaseMulAcc,388.0,351.0,390.0,39.0,40.09,10000,block-25-kyber-neon-768.csv
25,kyber_neon,Kyber-768,MatrixVectorMul,2565.0,2495.0,2570.0,75.0,169.5,10000,block-25-kyber-neon-768.csv
25,kyber_neon,Kyber-768,InnerProdEnc,616.0,560.0,618.0,58.0,42.69,10000,block-25-kyber-neon-768.csv
25,kyber_neon,Kyber-768,InnerProdDec,1469.0,1463.0,1471.0,8.0,61.63,10000,block-25-kyber-neon-768.csv
25,kyber_ref,Kyber-1024,KeyGen,156722.0,144694.0,157661.0,12967.0,8812.54,10000,block-25-kyber-ref-1024.csv
25,kyber_ref,Kyber-1024,Encaps,173071.0,166306.0,173635.0,7329.0,10021.15,10000,block-25-kyber-ref-1024.csv
25,kyber_ref,Kyber-1024,Decaps,196564.0,188103.0,197123.0,9020.0,9440.18,10000,block-25-kyber-ref-1024.csv
25,kyber_ref,Kyber-1024,NTT,3596.0,3359.0,3604.0,245.0,172.89,10000,block-25-kyber-ref-1024.csv
25,kyber_ref,Kyber-1024,INVNTT,5712.0,5415.0,5718.0,303.0,230.27,10000,block-25-kyber-ref-1024.csv
25,kyber_ref,Kyber-1024,BaseMulAcc,9095.0,8852.0,9224.0,372.0,313.93,10000,block-25-kyber-ref-1024.csv
25,kyber_ref,Kyber-1024,MatrixVectorMul,76691.0,76119.0,77183.0,1064.0,2255.17,10000,block-25-kyber-ref-1024.csv
25,kyber_ref,Kyber-1024,InnerProdEnc,15022.0,14843.0,15240.0,397.0,357.87,10000,block-25-kyber-ref-1024.csv
25,kyber_ref,Kyber-1024,InnerProdDec,28608.0,28382.0,28818.0,436.0,531.4,10000,block-25-kyber-ref-1024.csv
25,kyber_ref,Kyber-512,KeyGen,56749.0,51865.0,57692.0,5827.0,4171.53,10000,block-25-kyber-ref-512.csv
25,kyber_ref,Kyber-512,Encaps,75353.0,68024.0,75727.0,7703.0,4047.7,10000,block-25-kyber-ref-512.csv
25,kyber_ref,Kyber-512,Decaps,89826.0,81555.0,90200.0,8645.0,5975.91,10000,block-25-kyber-ref-512.csv
25,kyber_ref,Kyber-512,NTT,3594.0,3290.0,3600.0,310.0,178.38,10000,block-25-kyber-ref-512.csv
25,kyber_ref,Kyber-512,INVNTT,5643.0,5353.0,5648.0,295.0,222.97,10000,block-25-kyber-ref-512.csv
25,kyber_ref,Kyber-512,BaseMulAcc,5103.0,4808.0,5107.0,299.0,216.75,10000,block-25-kyber-ref-512.csv
25,kyber_ref,Kyber-512,MatrixVectorMul,29625.0,29292.0,29747.0,455.0,548.63,10000,block-25-kyber-ref-512.csv
25,kyber_ref,Kyber-512,InnerProdEnc,10466.0,10222.0,10731.0,509.0,333.06,10000,block-25-kyber-ref-512.csv
25,kyber_ref,Kyber-512,InnerProdDec,17444.0,17231.0,17617.0,386.0,384.11,10000,block-25-kyber-ref-512.csv
25,kyber_ref,Kyber-768,KeyGen,99784.0,95837.0,100532.0,4695.0,4643.98,10000,block-25-kyber-ref-768.csv
25,kyber_ref,Kyber-768,Encaps,117260.0,116507.0,117639.0,1132.0,6233.62,10000,block-25-kyber-ref-768.csv
25,kyber_ref,Kyber-768,Decaps,136238.0,134173.0,136612.0,2439.0,7304.18,10000,block-25-kyber-ref-768.csv
25,kyber_ref,Kyber-768,NTT,3634.0,3429.0,3639.0,210.0,217.12,10000,block-25-kyber-ref-768.csv
25,kyber_ref,Kyber-768,INVNTT,5648.0,5500.0,5656.0,156.0,160.37,10000,block-25-kyber-ref-768.csv
25,kyber_ref,Kyber-768,BaseMulAcc,6958.0,6749.0,6964.0,215.0,190.09,10000,block-25-kyber-ref-768.csv
25,kyber_ref,Kyber-768,MatrixVectorMul,50632.0,50363.0,50870.0,507.0,761.88,10000,block-25-kyber-ref-768.csv
25,kyber_ref,Kyber-768,InnerProdEnc,12626.0,12410.0,12830.0,420.0,350.21,10000,block-25-kyber-ref-768.csv
25,kyber_ref,Kyber-768,InnerProdDec,23029.0,22991.0,23219.0,228.0,2263.02,10000,block-25-kyber-ref-768.csv
25,kyber_sme,Kyber-1024,KeyGen,62387.0,60322.0,64083.0,3761.0,3516.41,10000,block-25-kyber-sme-1024.csv
25,kyber_sme,Kyber-1024,Encaps,73664.0,69152.0,75727.0,6575.0,3688.94,10000,block-25-kyber-sme-1024.csv
25,kyber_sme,Kyber-1024,Decaps,76481.0,74415.0,76859.0,2444.0,2414.01,10000,block-25-kyber-sme-1024.csv
25,kyber_sme,Kyber-1024,NTT,1182.0,1181.0,1183.0,2.0,38.26,10000,block-25-kyber-sme-1024.csv
25,kyber_sme,Kyber-1024,INVNTT,1099.0,1099.0,1101.0,2.0,54.51,10000,block-25-kyber-sme-1024.csv
25,kyber_sme,Kyber-1024,BaseMulAcc,1415.0,1413.0,1416.0,3.0,29.59,10000,block-25-kyber-sme-1024.csv
25,kyber_sme,Kyber-1024,MatrixVectorMul,10726.0,10705.0,10733.0,28.0,157.92,10000,block-25-kyber-sme-1024.csv
25,kyber_sme,Kyber-1024,InnerProdEnc,2038.0,2038.0,2040.0,2.0,50.72,10000,block-25-kyber-sme-1024.csv
25,kyber_sme,Kyber-1024,InnerProdDec,5113.0,5088.0,5118.0,30.0,108.95,10000,block-25-kyber-sme-1024.csv
25,kyber_sme,Kyber-512,KeyGen,28751.0,28562.0,28941.0,379.0,1040.42,10000,block-25-kyber-sme-512.csv
25,kyber_sme,Kyber-512,Encaps,37582.0,37397.0,37771.0,374.0,1031.32,10000,block-25-kyber-sme-512.csv
25,kyber_sme,Kyber-512,Decaps,37961.0,37771.0,38150.0,379.0,2605.66,10000,block-25-kyber-sme-512.csv
25,kyber_sme,Kyber-512,NTT,1189.0,1189.0,1191.0,2.0,32.35,10000,block-25-kyber-sme-512.csv
25,kyber_sme,Kyber-512,INVNTT,1095.0,1095.0,1095.0,0.0,56.47,10000,block-25-kyber-sme-512.csv
25,kyber_sme,Kyber-512,BaseMulAcc,747.0,747.0,749.0,2.0,29.93,10000,block-25-kyber-sme-512.csv
25,kyber_sme,Kyber-512,MatrixVectorMul,4712.0,4705.0,4718.0,13.0,108.34,10000,block-25-kyber-sme-512.csv
25,kyber_sme,Kyber-512,InnerProdEnc,1377.0,1375.0,1377.0,2.0,42.8,10000,block-25-kyber-sme-512.csv
25,kyber_sme,Kyber-512,InnerProdDec,3664.0,3653.0,3675.0,22.0,231.35,10000,block-25-kyber-sme-512.csv
25,kyber_sme,Kyber-768,KeyGen,41717.0,40026.0,42282.0,2256.0,2331.97,10000,block-25-kyber-sme-768.csv
25,kyber_sme,Kyber-768,Encaps,52429.0,49984.0,55248.0,5264.0,3072.81,10000,block-25-kyber-sme-768.csv
25,kyber_sme,Kyber-768,Decaps,54494.0,54305.0,54684.0,379.0,1159.21,10000,block-25-kyber-sme-768.csv
25,kyber_sme,Kyber-768,NTT,1185.0,1185.0,1187.0,2.0,15.93,10000,block-25-kyber-sme-768.csv
25,kyber_sme,Kyber-768,INVNTT,1093.0,1093.0,1095.0,2.0,45.87,10000,block-25-kyber-sme-768.csv
25,kyber_sme,Kyber-768,BaseMulAcc,1093.0,1091.0,1093.0,2.0,23.18,10000,block-25-kyber-sme-768.csv
25,kyber_sme,Kyber-768,MatrixVectorMul,7257.0,7251.0,7289.0,38.0,935.59,10000,block-25-kyber-sme-768.csv
25,kyber_sme,Kyber-768,InnerProdEnc,1708.0,1708.0,1710.0,2.0,36.68,10000,block-25-kyber-sme-768.csv
25,kyber_sme,Kyber-768,InnerProdDec,4290.0,4284.0,4295.0,11.0,70.01,10000,block-25-kyber-sme-768.csv
25,kyber_sve,Kyber-1024,KeyGen,61823.0,59568.0,62766.0,3198.0,14325.78,10000,block-25-kyber-sve-1024.csv
25,kyber_sve,Kyber-1024,Encaps,76107.0,71222.0,77045.0,5823.0,17974.2,10000,block-25-kyber-sve-1024.csv
25,kyber_sve,Kyber-1024,Decaps,74599.0,73477.0,75168.0,1691.0,14351.98,10000,block-25-kyber-sve-1024.csv
25,kyber_sve,Kyber-1024,NTT,1065.0,1059.0,1116.0,57.0,294.02,10000,block-25-kyber-sve-1024.csv
25,kyber_sve,Kyber-1024,INVNTT,1118.0,1104.0,1166.0,62.0,171.05,10000,block-25-kyber-sve-1024.csv
25,kyber_sve,Kyber-1024,BaseMulAcc,1409.0,1407.0,1418.0,11.0,193.23,10000,block-25-kyber-sve-1024.csv
25,kyber_sve,Kyber-1024,MatrixVectorMul,10559.0,10305.0,10976.0,671.0,1263.14,10000,block-25-kyber-sve-1024.csv
25,kyber_sve,Kyber-1024,InnerProdEnc,1978.0,1976.0,2093.0,117.0,334.93,10000,block-25-kyber-sve-1024.csv
25,kyber_sve,Kyber-1024,InnerProdDec,4594.0,4483.0,4820.0,337.0,606.54,10000,block-25-kyber-sve-1024.csv
25,kyber_sve,Kyber-512,KeyGen,27624.0,27434.0,27813.0,379.0,6951.52,10000,block-25-kyber-sve-512.csv
25,kyber_sve,Kyber-512,Encaps,37581.0,37208.0,37772.0,564.0,13873.91,10000,block-25-kyber-sve-512.csv
25,kyber_sve,Kyber-512,Decaps,35895.0,35705.0,36269.0,564.0,16153.09,10000,block-25-kyber-sve-512.csv
25,kyber_sve,Kyber-512,NTT,1058.0,1048.0,1061.0,13.0,262.68,10000,block-25-kyber-sve-512.csv
25,kyber_sve,Kyber-512,INVNTT,1121.0,1119.0,1140.0,21.0,266.15,10000,block-25-kyber-sve-512.csv
25,kyber_sve,Kyber-512,BaseMulAcc,751.0,749.0,755.0,6.0,199.77,10000,block-25-kyber-sve-512.csv
25,kyber_sve,Kyber-512,MatrixVectorMul,4549.0,4476.0,4697.0,221.0,907.57,10000,block-25-kyber-sve-512.csv
25,kyber_sve,Kyber-512,InnerProdEnc,1321.0,1319.0,1345.0,26.0,132.58,10000,block-25-kyber-sve-512.csv
25,kyber_sve,Kyber-512,InnerProdDec,3373.0,3348.0,3594.0,246.0,327.92,10000,block-25-kyber-sve-512.csv
25,kyber_sve,Kyber-768,KeyGen,42845.0,41907.0,44162.0,2255.0,6251.59,10000,block-25-kyber-sve-768.csv
25,kyber_sve,Kyber-768,Encaps,51676.0,48856.0,54120.0,5264.0,10225.53,10000,block-25-kyber-sve-768.csv
25,kyber_sve,Kyber-768,Decaps,54684.0,54310.0,55058.0,748.0,6886.14,10000,block-25-kyber-sve-768.csv
25,kyber_sve,Kyber-768,NTT,1067.0,1054.0,1074.0,20.0,126.56,10000,block-25-kyber-sve-768.csv
25,kyber_sve,Kyber-768,INVNTT,1131.0,1125.0,1151.0,26.0,177.29,10000,block-25-kyber-sve-768.csv
25,kyber_sve,Kyber-768,BaseMulAcc,1093.0,1091.0,1097.0,6.0,86.74,10000,block-25-kyber-sve-768.csv
25,kyber_sve,Kyber-768,MatrixVectorMul,7133.0,6984.0,7385.0,401.0,485.86,10000,block-25-kyber-sve-768.csv
25,kyber_sve,Kyber-768,InnerProdEnc,1659.0,1657.0,1689.0,32.0,140.76,10000,block-25-kyber-sve-768.csv
25,kyber_sve,Kyber-768,InnerProdDec,3812.0,3801.0,4023.0,222.0,358.3,10000,block-25-kyber-sve-768.csv
25,mlkem_neon,ML-KEM-1024,KeyGen,59947.0,56565.0,60321.0,3756.0,4155.19,10000,block-25-mlkem-neon-1024.csv
25,mlkem_neon,ML-KEM-1024,Encaps,64641.0,59009.0,65020.0,6011.0,5493.5,10000,block-25-mlkem-neon-1024.csv
25,mlkem_neon,ML-KEM-1024,Decaps,76107.0,72723.0,76670.0,3947.0,3633.45,10000,block-25-mlkem-neon-1024.csv
25,mlkem_neon,ML-KEM-1024,NTT,221.0,201.0,225.0,24.0,18.11,10000,block-25-mlkem-neon-1024.csv
25,mlkem_neon,ML-KEM-1024,INVNTT,257.0,255.0,259.0,4.0,32.92,10000,block-25-mlkem-neon-1024.csv
25,mlkem_neon,ML-KEM-1024,BaseMulAcc,279.0,259.0,281.0,22.0,32.31,10000,block-25-mlkem-neon-1024.csv
25,mlkem_neon,ML-KEM-1024,MatrixVectorMul,3224.0,3111.0,3234.0,123.0,136.57,10000,block-25-mlkem-neon-1024.csv
25,mlkem_neon,ML-KEM-1024,InnerProdEnc,533.0,529.0,535.0,6.0,26.58,10000,block-25-mlkem-neon-1024.csv
25,mlkem_neon,ML-KEM-1024,InnerProdDec,1510.0,1480.0,1518.0,38.0,86.35,10000,block-25-mlkem-neon-1024.csv
25,mlkem_neon,ML-KEM-512,KeyGen,23488.0,21238.0,23677.0,2439.0,1377.5,10000,block-25-mlkem-neon-512.csv
25,mlkem_neon,ML-KEM-512,Encaps,26875.0,26496.0,27060.0,564.0,1384.89,10000,block-25-mlkem-neon-512.csv
25,mlkem_neon,ML-KEM-512,Decaps,33072.0,30442.0,33446.0,3004.0,3742.96,10000,block-25-mlkem-neon-512.csv
25,mlkem_neon,ML-KEM-512,NTT,223.0,219.0,225.0,6.0,30.4,10000,block-25-mlkem-neon-512.csv
25,mlkem_neon,ML-KEM-512,INVNTT,257.0,233.0,259.0,26.0,14.7,10000,block-25-mlkem-neon-512.csv
25,mlkem_neon,ML-KEM-512,BaseMulAcc,163.0,163.0,163.0,0.0,11.18,10000,block-25-mlkem-neon-512.csv
25,mlkem_neon,ML-KEM-512,MatrixVectorMul,1369.0,1364.0,1373.0,9.0,62.15,10000,block-25-mlkem-neon-512.csv
25,mlkem_neon,ML-KEM-512,InnerProdEnc,419.0,417.0,420.0,3.0,43.37,10000,block-25-mlkem-neon-512.csv
25,mlkem_neon,ML-KEM-512,InnerProdDec,894.0,886.0,896.0,10.0,41.44,10000,block-25-mlkem-neon-512.csv
25,mlkem_neon,ML-KEM-768,KeyGen,40590.0,40216.0,40964.0,748.0,2167.13,10000,block-25-mlkem-neon-768.csv
25,mlkem_neon,ML-KEM-768,Encaps,43598.0,43219.0,43972.0,753.0,2901.08,10000,block-25-mlkem-neon-768.csv
25,mlkem_neon,ML-KEM-768,Decaps,51865.0,51116.0,52239.0,1123.0,2626.24,10000,block-25-mlkem-neon-768.csv
25,mlkem_neon,ML-KEM-768,NTT,221.0,219.0,223.0,4.0,11.29,10000,block-25-mlkem-neon-768.csv
25,mlkem_neon,ML-KEM-768,INVNTT,259.0,257.0,259.0,2.0,9.47,10000,block-25-mlkem-neon-768.csv
25,mlkem_neon,ML-KEM-768,BaseMulAcc,219.0,219.0,221.0,2.0,8.3,10000,block-25-mlkem-neon-768.csv
25,mlkem_neon,ML-KEM-768,MatrixVectorMul,2234.0,2215.0,2239.0,24.0,116.81,10000,block-25-mlkem-neon-768.csv
25,mlkem_neon,ML-KEM-768,InnerProdEnc,477.0,475.0,477.0,2.0,21.91,10000,block-25-mlkem-neon-768.csv
25,mlkem_neon,ML-KEM-768,InnerProdDec,1195.0,1191.0,1200.0,9.0,46.22,10000,block-25-mlkem-neon-768.csv
25,mlkem_ref,ML-KEM-1024,KeyGen,76481.0,69341.0,77044.0,7703.0,5230.8,10000,block-25-mlkem-ref-1024.csv
25,mlkem_ref,ML-KEM-1024,Encaps,83435.0,81933.0,83814.0,1881.0,5231.79,10000,block-25-mlkem-ref-1024.csv
25,mlkem_ref,ML-KEM-1024,Decaps,94710.0,85690.0,95274.0,9584.0,4889.33,10000,block-25-mlkem-ref-1024.csv
25,mlkem_ref,ML-KEM-1024,NTT,520.0,518.0,520.0,2.0,54.82,10000,block-25-mlkem-ref-1024.csv
25,mlkem_ref,ML-KEM-1024,INVNTT,886.0,866.0,886.0,20.0,49.5,10000,block-25-mlkem-ref-1024.csv
25,mlkem_ref,ML-KEM-1024,BaseMulAcc,310.0,295.0,311.0,16.0,16.52,10000,block-25-mlkem-ref-1024.csv
25,mlkem_ref,ML-KEM-1024,MatrixVectorMul,7633.0,7321.0,7672.0,351.0,243.75,10000,block-25-mlkem-ref-1024.csv
25,mlkem_ref,ML-KEM-1024,InnerProdEnc,1193.0,1136.0,1195.0,59.0,64.08,10000,block-25-mlkem-ref-1024.csv
25,mlkem_ref,ML-KEM-1024,InnerProdDec,3619.0,3568.0,3623.0,55.0,125.55,10000,block-25-mlkem-ref-1024.csv
25,mlkem_ref,ML-KEM-512,KeyGen,29500.0,26870.0,29879.0,3009.0,3087.54,10000,block-25-mlkem-ref-512.csv
25,mlkem_ref,ML-KEM-512,Encaps,35138.0,31945.0,35331.0,3386.0,1758.31,10000,block-25-mlkem-ref-512.csv
25,mlkem_ref,ML-KEM-512,Decaps,41718.0,37771.0,42092.0,4321.0,2440.99,10000,block-25-mlkem-ref-512.csv
25,mlkem_ref,ML-KEM-512,NTT,520.0,518.0,520.0,2.0,45.45,10000,block-25-mlkem-ref-512.csv
25,mlkem_ref,ML-KEM-512,INVNTT,886.0,836.0,886.0,50.0,48.06,10000,block-25-mlkem-ref-512.csv
25,mlkem_ref,ML-KEM-512,BaseMulAcc,189.0,189.0,189.0,0.0,8.25,10000,block-25-mlkem-ref-512.csv
25,mlkem_ref,ML-KEM-512,MatrixVectorMul,3566.0,3420.0,3583.0,163.0,157.87,10000,block-25-mlkem-ref-512.csv
25,mlkem_ref,ML-KEM-512,InnerProdEnc,1074.0,1072.0,1076.0,4.0,45.99,10000,block-25-mlkem-ref-512.csv
25,mlkem_ref,ML-KEM-512,InnerProdDec,2273.0,2270.0,2277.0,7.0,94.65,10000,block-25-mlkem-ref-512.csv
25,mlkem_ref,ML-KEM-768,KeyGen,51865.0,46981.0,52055.0,5074.0,2743.5,10000,block-25-mlkem-ref-768.csv
25,mlkem_ref,ML-KEM-768,Encaps,57313.0,56939.0,57687.0,748.0,3008.03,10000,block-25-mlkem-ref-768.csv
25,mlkem_ref,ML-KEM-768,Decaps,65395.0,64832.0,65774.0,942.0,3332.81,10000,block-25-mlkem-ref-768.csv
25,mlkem_ref,ML-KEM-768,NTT,520.0,518.0,522.0,4.0,33.95,10000,block-25-mlkem-ref-768.csv
25,mlkem_ref,ML-KEM-768,INVNTT,886.0,885.0,888.0,3.0,49.25,10000,block-25-mlkem-ref-768.csv
25,mlkem_ref,ML-KEM-768,BaseMulAcc,246.0,246.0,248.0,2.0,8.84,10000,block-25-mlkem-ref-768.csv
25,mlkem_ref,ML-KEM-768,MatrixVectorMul,5552.0,5374.0,5556.0,182.0,175.62,10000,block-25-mlkem-ref-768.csv
25,mlkem_ref,ML-KEM-768,InnerProdEnc,1133.0,1129.0,1133.0,4.0,52.24,10000,block-25-mlkem-ref-768.csv
25,mlkem_ref,ML-KEM-768,InnerProdDec,2938.0,2935.0,2946.0,11.0,92.34,10000,block-25-mlkem-ref-768.csv
25,mlkem_sme,ML-KEM-1024,KeyGen,90389.0,80242.0,91143.0,10901.0,5618.02,10000,block-25-mlkem-sme-1024.csv
25,mlkem_sme,ML-KEM-1024,Encaps,102417.0,101849.0,102792.0,943.0,6548.8,10000,block-25-mlkem-sme-1024.csv
25,mlkem_sme,ML-KEM-1024,Decaps,112939.0,112371.0,122524.0,10153.0,6199.38,10000,block-25-mlkem-sme-1024.csv
25,mlkem_sme,ML-KEM-1024,NTT,1157.0,1155.0,1157.0,2.0,47.48,10000,block-25-mlkem-sme-1024.csv
25,mlkem_sme,ML-KEM-1024,INVNTT,1074.0,1073.0,1074.0,1.0,47.27,10000,block-25-mlkem-sme-1024.csv
25,mlkem_sme,ML-KEM-1024,BaseMulAcc,1181.0,1180.0,1183.0,3.0,17.42,10000,block-25-mlkem-sme-1024.csv
25,mlkem_sme,ML-KEM-1024,MatrixVectorMul,12022.0,11990.0,12028.0,38.0,175.83,10000,block-25-mlkem-sme-1024.csv
25,mlkem_sme,ML-KEM-1024,InnerProdEnc,1794.0,1792.0,1796.0,4.0,41.92,10000,block-25-mlkem-sme-1024.csv
25,mlkem_sme,ML-KEM-1024,InnerProdDec,5346.0,5318.0,5353.0,35.0,112.76,10000,block-25-mlkem-sme-1024.csv
25,mlkem_sme,ML-KEM-512,KeyGen,36828.0,36459.0,37018.0,559.0,2018.92,10000,block-25-mlkem-sme-512.csv
25,mlkem_sme,ML-KEM-512,Encaps,43409.0,41343.0,43783.0,2440.0,1887.83,10000,block-25-mlkem-sme-512.csv
25,mlkem_sme,ML-KEM-512,Decaps,57502.0,57128.0,57877.0,749.0,933.37,10000,block-25-mlkem-sme-512.csv
25,mlkem_sme,ML-KEM-512,NTT,1174.0,1174.0,1176.0,2.0,56.35,10000,block-25-mlkem-sme-512.csv
25,mlkem_sme,ML-KEM-512,INVNTT,1078.0,1076.0,1078.0,2.0,48.38,10000,block-25-mlkem-sme-512.csv
25,mlkem_sme,ML-KEM-512,BaseMulAcc,633.0,631.0,633.0,2.0,8.74,10000,block-25-mlkem-sme-512.csv
25,mlkem_sme,ML-KEM-512,MatrixVectorMul,5047.0,5032.0,5054.0,22.0,123.21,10000,block-25-mlkem-sme-512.csv
25,mlkem_sme,ML-KEM-512,InnerProdEnc,1255.0,1253.0,1257.0,4.0,26.38,10000,block-25-mlkem-sme-512.csv
25,mlkem_sme,ML-KEM-512,InnerProdDec,3438.0,3433.0,3446.0,13.0,90.01,10000,block-25-mlkem-sme-512.csv
25,mlkem_sme,ML-KEM-768,KeyGen,61069.0,59758.0,61823.0,2065.0,1803.3,10000,block-25-mlkem-sme-768.csv
25,mlkem_sme,ML-KEM-768,Encaps,70090.0,65769.0,70843.0,5074.0,2952.8,10000,block-25-mlkem-sme-768.csv
25,mlkem_sme,ML-KEM-768,Decaps,84378.0,82871.0,86438.0,3567.0,3682.15,10000,block-25-mlkem-sme-768.csv
25,mlkem_sme,ML-KEM-768,NTT,1183.0,1165.0,1185.0,20.0,47.45,10000,block-25-mlkem-sme-768.csv
25,mlkem_sme,ML-KEM-768,INVNTT,1091.0,1089.0,1091.0,2.0,49.67,10000,block-25-mlkem-sme-768.csv
25,mlkem_sme,ML-KEM-768,BaseMulAcc,911.0,911.0,913.0,2.0,18.25,10000,block-25-mlkem-sme-768.csv
25,mlkem_sme,ML-KEM-768,MatrixVectorMul,8129.0,8108.0,8138.0,30.0,104.58,10000,block-25-mlkem-sme-768.csv
25,mlkem_sme,ML-KEM-768,InnerProdEnc,1525.0,1524.0,1527.0,3.0,29.31,10000,block-25-mlkem-sme-768.csv
25,mlkem_sme,ML-KEM-768,InnerProdDec,4932.0,4910.0,4940.0,30.0,78.27,10000,block-25-mlkem-sme-768.csv
25,mlkem_sve,ML-KEM-1024,KeyGen,91327.0,80616.0,92080.0,11464.0,12860.55,10000,block-25-mlkem-sve-1024.csv
25,mlkem_sve,ML-KEM-1024,Encaps,103540.0,102977.0,103920.0,943.0,7688.27,10000,block-25-mlkem-sve-1024.csv
25,mlkem_sve,ML-KEM-1024,Decaps,112376.0,111812.0,121770.0,9958.0,11136.12,10000,block-25-mlkem-sve-1024.csv
25,mlkem_sve,ML-KEM-1024,NTT,1056.0,1039.0,1059.0,20.0,106.75,10000,block-25-mlkem-sve-1024.csv
25,mlkem_sve,ML-KEM-1024,INVNTT,1088.0,1076.0,1108.0,32.0,72.97,10000,block-25-mlkem-sve-1024.csv
25,mlkem_sve,ML-KEM-1024,BaseMulAcc,1180.0,1180.0,1183.0,3.0,115.17,10000,block-25-mlkem-sve-1024.csv
25,mlkem_sve,ML-KEM-1024,MatrixVectorMul,11861.0,11703.0,12156.0,453.0,1269.8,10000,block-25-mlkem-sve-1024.csv
25,mlkem_sve,ML-KEM-1024,InnerProdEnc,1753.0,1751.0,1785.0,34.0,142.95,10000,block-25-mlkem-sve-1024.csv
25,mlkem_sve,ML-KEM-1024,InnerProdDec,4795.0,4658.0,4957.0,299.0,563.65,10000,block-25-mlkem-sve-1024.csv
25,mlkem_sve,ML-KEM-512,KeyGen,36269.0,35895.0,36644.0,749.0,9752.12,10000,block-25-mlkem-sve-512.csv
25,mlkem_sve,ML-KEM-512,Encaps,44910.0,43220.0,45664.0,2444.0,76590.67,10000,block-25-mlkem-sve-512.csv
25,mlkem_sve,ML-KEM-512,Decaps,56754.0,56001.0,58255.0,2254.0,21732.42,10000,block-25-mlkem-sve-512.csv
25,mlkem_sve,ML-KEM-512,NTT,1029.0,1022.0,1050.0,28.0,1235.69,10000,block-25-mlkem-sve-512.csv
25,mlkem_sve,ML-KEM-512,INVNTT,1089.0,1086.0,1093.0,7.0,209.59,10000,block-25-mlkem-sve-512.csv
25,mlkem_sve,ML-KEM-512,BaseMulAcc,631.0,631.0,635.0,4.0,147.95,10000,block-25-mlkem-sve-512.csv
25,mlkem_sve,ML-KEM-512,MatrixVectorMul,4541.0,4468.0,4714.0,246.0,811.41,10000,block-25-mlkem-sve-512.csv
25,mlkem_sve,ML-KEM-512,InnerProdEnc,1219.0,1198.0,1255.0,57.0,340.25,10000,block-25-mlkem-sve-512.csv
25,mlkem_sve,ML-KEM-512,InnerProdDec,2863.0,2803.0,2972.0,169.0,1024.53,10000,block-25-mlkem-sve-512.csv
25,mlkem_sve,ML-KEM-768,KeyGen,61259.0,59757.0,61823.0,2066.0,10362.56,10000,block-25-mlkem-sve-768.csv
25,mlkem_sve,ML-KEM-768,Encaps,76480.0,70090.0,77049.0,6959.0,7363.15,10000,block-25-mlkem-sve-768.csv
25,mlkem_sve,ML-KEM-768,Decaps,84752.0,82492.0,86253.0,3761.0,11120.66,10000,block-25-mlkem-sve-768.csv
25,mlkem_sve,ML-KEM-768,NTT,1057.0,1044.0,1088.0,44.0,157.65,10000,block-25-mlkem-sve-768.csv
25,mlkem_sve,ML-KEM-768,INVNTT,1118.0,1116.0,1135.0,19.0,133.49,10000,block-25-mlkem-sve-768.csv
25,mlkem_sve,ML-KEM-768,BaseMulAcc,913.0,911.0,918.0,7.0,125.96,10000,block-25-mlkem-sve-768.csv
25,mlkem_sve,ML-KEM-768,MatrixVectorMul,7877.0,7693.0,8125.0,432.0,494.59,10000,block-25-mlkem-sve-768.csv
25,mlkem_sve,ML-KEM-768,InnerProdEnc,1477.0,1475.0,1503.0,28.0,152.13,10000,block-25-mlkem-sve-768.csv
25,mlkem_sve,ML-KEM-768,InnerProdDec,4397.0,4376.0,4675.0,299.0,341.74,10000,block-25-mlkem-sve-768.csv
26,kyber_neon,Kyber-1024,KeyGen,31945.0,31570.0,35138.0,3568.0,3607.43,10000,block-26-kyber-neon-1024.csv
26,kyber_neon,Kyber-1024,Encaps,43973.0,43409.0,48482.0,5073.0,3631.72,10000,block-26-kyber-neon-1024.csv
26,kyber_neon,Kyber-1024,Decaps,38899.0,38525.0,43030.0,4505.0,2585.0,10000,block-26-kyber-neon-1024.csv
26,kyber_neon,Kyber-1024,NTT,285.0,257.0,285.0,28.0,25.82,10000,block-26-kyber-neon-1024.csv
26,kyber_neon,Kyber-1024,INVNTT,285.0,281.0,285.0,4.0,13.64,10000,block-26-kyber-neon-1024.csv
26,kyber_neon,Kyber-1024,BaseMulAcc,505.0,454.0,507.0,53.0,38.57,10000,block-26-kyber-neon-1024.csv
26,kyber_neon,Kyber-1024,MatrixVectorMul,3707.0,3472.0,3715.0,243.0,172.94,10000,block-26-kyber-neon-1024.csv
26,kyber_neon,Kyber-1024,InnerProdEnc,725.0,676.0,727.0,51.0,40.89,10000,block-26-kyber-neon-1024.csv
26,kyber_neon,Kyber-1024,InnerProdDec,1890.0,1772.0,1892.0,120.0,95.42,10000,block-26-kyber-neon-1024.csv
26,kyber_neon,Kyber-512,KeyGen,13904.0,13719.0,15221.0,1502.0,1461.31,10000,block-26-kyber-neon-512.csv
26,kyber_neon,Kyber-512,Encaps,22929.0,20859.0,23303.0,2444.0,1308.04,10000,block-26-kyber-neon-512.csv
26,kyber_neon,Kyber-512,Decaps,19542.0,17850.0,19732.0,1882.0,1250.42,10000,block-26-kyber-neon-512.csv
26,kyber_neon,Kyber-512,NTT,285.0,257.0,285.0,28.0,18.58,10000,block-26-kyber-neon-512.csv
26,kyber_neon,Kyber-512,INVNTT,285.0,283.0,285.0,2.0,14.76,10000,block-26-kyber-neon-512.csv
26,kyber_neon,Kyber-512,BaseMulAcc,274.0,274.0,276.0,2.0,12.22,10000,block-26-kyber-neon-512.csv
26,kyber_neon,Kyber-512,MatrixVectorMul,1570.0,1520.0,1572.0,52.0,80.95,10000,block-26-kyber-neon-512.csv
26,kyber_neon,Kyber-512,InnerProdEnc,511.0,467.0,513.0,46.0,25.88,10000,block-26-kyber-neon-512.csv
26,kyber_neon,Kyber-512,InnerProdDec,1071.0,1067.0,1073.0,6.0,70.48,10000,block-26-kyber-neon-512.csv
26,kyber_neon,Kyber-768,KeyGen,22176.0,21986.0,24426.0,2440.0,1702.49,10000,block-26-kyber-neon-768.csv
26,kyber_neon,Kyber-768,Encaps,34574.0,31196.0,34768.0,3572.0,2368.66,10000,block-26-kyber-neon-768.csv
26,kyber_neon,Kyber-768,Decaps,27624.0,27060.0,30253.0,3193.0,2683.63,10000,block-26-kyber-neon-768.csv
26,kyber_neon,Kyber-768,NTT,285.0,259.0,287.0,28.0,22.46,10000,block-26-kyber-neon-768.csv
26,kyber_neon,Kyber-768,INVNTT,285.0,283.0,285.0,2.0,13.12,10000,block-26-kyber-neon-768.csv
26,kyber_neon,Kyber-768,BaseMulAcc,390.0,357.0,390.0,33.0,31.2,10000,block-26-kyber-neon-768.csv
26,kyber_neon,Kyber-768,MatrixVectorMul,2566.0,2454.0,2570.0,116.0,114.46,10000,block-26-kyber-neon-768.csv
26,kyber_neon,Kyber-768,InnerProdEnc,616.0,576.0,616.0,40.0,37.12,10000,block-26-kyber-neon-768.csv
26,kyber_neon,Kyber-768,InnerProdDec,1469.0,1445.0,1471.0,26.0,62.38,10000,block-26-kyber-neon-768.csv
26,kyber_ref,Kyber-1024,KeyGen,155974.0,141502.0,157475.0,15973.0,9490.8,10000,block-26-kyber-ref-1024.csv
26,kyber_ref,Kyber-1024,Encaps,172886.0,157286.0,173451.0,16165.0,10810.05,10000,block-26-kyber-ref-1024.csv
26,kyber_ref,Kyber-1024,Decaps,196559.0,181717.0,197123.0,15406.0,9885.74,10000,block-26-kyber-ref-1024.csv
26,kyber_ref,Kyber-1024,NTT,3600.0,3367.0,3613.0,246.0,175.71,10000,block-26-kyber-ref-1024.csv
26,kyber_ref,Kyber-1024,INVNTT,5703.0,5365.0,5722.0,357.0,327.9,10000,block-26-kyber-ref-1024.csv
26,kyber_ref,Kyber-1024,BaseMulAcc,9106.0,8867.0,9226.0,359.0,284.31,10000,block-26-kyber-ref-1024.csv
26,kyber_ref,Kyber-1024,MatrixVectorMul,76591.0,76051.0,77111.0,1060.0,1217.7,10000,block-26-kyber-ref-1024.csv
26,kyber_ref,Kyber-1024,InnerProdEnc,14890.0,14689.0,15147.0,458.0,424.27,10000,block-26-kyber-ref-1024.csv
26,kyber_ref,Kyber-1024,InnerProdDec,28709.0,28397.0,28822.0,425.0,511.98,10000,block-26-kyber-ref-1024.csv
26,kyber_ref,Kyber-512,KeyGen,56754.0,51681.0,57692.0,6011.0,3091.98,10000,block-26-kyber-ref-512.csv
26,kyber_ref,Kyber-512,Encaps,75353.0,68024.0,75727.0,7703.0,7388.56,10000,block-26-kyber-ref-512.csv
26,kyber_ref,Kyber-512,Decaps,89826.0,81180.0,90200.0,9020.0,5125.32,10000,block-26-kyber-ref-512.csv
26,kyber_ref,Kyber-512,NTT,3596.0,3339.0,3602.0,263.0,176.03,10000,block-26-kyber-ref-512.csv
26,kyber_ref,Kyber-512,INVNTT,5643.0,5385.0,5650.0,265.0,211.49,10000,block-26-kyber-ref-512.csv
26,kyber_ref,Kyber-512,BaseMulAcc,5103.0,4829.0,5109.0,280.0,201.5,10000,block-26-kyber-ref-512.csv
26,kyber_ref,Kyber-512,MatrixVectorMul,29664.0,29315.0,29841.0,526.0,1581.31,10000,block-26-kyber-ref-512.csv
26,kyber_ref,Kyber-512,InnerProdEnc,10487.0,10256.0,10733.0,477.0,332.26,10000,block-26-kyber-ref-512.csv
26,kyber_ref,Kyber-512,InnerProdDec,17481.0,17286.0,17666.0,380.0,360.67,10000,block-26-kyber-ref-512.csv
26,kyber_ref,Kyber-768,KeyGen,99973.0,98841.0,100722.0,1881.0,4844.24,10000,block-26-kyber-ref-768.csv
26,kyber_ref,Kyber-768,Encaps,117445.0,116885.0,117823.0,938.0,6402.59,10000,block-26-kyber-ref-768.csv
26,kyber_ref,Kyber-768,Decaps,136054.0,135111.0,136612.0,1501.0,6944.79,10000,block-26-kyber-ref-768.csv
26,kyber_ref,Kyber-768,NTT,3634.0,3515.0,3641.0,126.0,135.53,10000,block-26-kyber-ref-768.csv
26,kyber_ref,Kyber-768,INVNTT,5644.0,5509.0,5650.0,141.0,150.43,10000,block-26-kyber-ref-768.csv
26,kyber_ref,Kyber-768,BaseMulAcc,6958.0,6800.0,6966.0,166.0,180.55,10000,block-26-kyber-ref-768.csv
26,kyber_ref,Kyber-768,MatrixVectorMul,50701.0,50402.0,50899.0,497.0,836.4,10000,block-26-kyber-ref-768.csv
26,kyber_ref,Kyber-768,InnerProdEnc,12648.0,12438.0,12908.0,470.0,423.27,10000,block-26-kyber-ref-768.csv
26,kyber_ref,Kyber-768,InnerProdDec,23205.0,23010.0,23243.0,233.0,439.53,10000,block-26-kyber-ref-768.csv
26,kyber_sme,Kyber-1024,KeyGen,62387.0,61070.0,64078.0,3008.0,2400.31,10000,block-26-kyber-sme-1024.csv
26,kyber_sme,Kyber-1024,Encaps,74600.0,69156.0,75732.0,6576.0,3740.54,10000,block-26-kyber-sme-1024.csv
26,kyber_sme,Kyber-1024,Decaps,76480.0,74415.0,76859.0,2444.0,3069.1,10000,block-26-kyber-sme-1024.csv
26,kyber_sme,Kyber-1024,NTT,1182.0,1181.0,1183.0,2.0,43.63,10000,block-26-kyber-sme-1024.csv
26,kyber_sme,Kyber-1024,INVNTT,1099.0,1099.0,1101.0,2.0,34.05,10000,block-26-kyber-sme-1024.csv
26,kyber_sme,Kyber-1024,BaseMulAcc,1415.0,1413.0,1416.0,3.0,36.71,10000,block-26-kyber-sme-1024.csv
26,kyber_sme,Kyber-1024,MatrixVectorMul,10730.0,10724.0,10737.0,13.0,151.6,10000,block-26-kyber-sme-1024.csv
26,kyber_sme,Kyber-1024,InnerProdEnc,2038.0,2038.0,2040.0,2.0,47.64,10000,block-26-kyber-sme-1024.csv
26,kyber_sme,Kyber-1024,InnerProdDec,5092.0,5086.0,5117.0,31.0,734.1,10000,block-26-kyber-sme-1024.csv
26,kyber_sme,Kyber-512,KeyGen,28751.0,28562.0,28941.0,379.0,614.75,10000,block-26-kyber-sme-512.csv
26,kyber_sme,Kyber-512,Encaps,37582.0,37397.0,37771.0,374.0,1798.82,10000,block-26-kyber-sme-512.csv
26,kyber_sme,Kyber-512,Decaps,37960.0,37771.0,38146.0,375.0,3183.15,10000,block-26-kyber-sme-512.csv
26,kyber_sme,Kyber-512,NTT,1191.0,1191.0,1193.0,2.0,24.25,10000,block-26-kyber-sme-512.csv
26,kyber_sme,Kyber-512,INVNTT,1095.0,1095.0,1095.0,0.0,49.22,10000,block-26-kyber-sme-512.csv
26,kyber_sme,Kyber-512,BaseMulAcc,751.0,749.0,751.0,2.0,9.13,10000,block-26-kyber-sme-512.csv
26,kyber_sme,Kyber-512,MatrixVectorMul,4712.0,4707.0,4716.0,9.0,126.48,10000,block-26-kyber-sme-512.csv
26,kyber_sme,Kyber-512,InnerProdEnc,1379.0,1377.0,1381.0,4.0,39.69,10000,block-26-kyber-sme-512.csv
26,kyber_sme,Kyber-512,InnerProdDec,3661.0,3645.0,3673.0,28.0,95.38,10000,block-26-kyber-sme-512.csv
26,kyber_sme,Kyber-768,KeyGen,41717.0,40026.0,42281.0,2255.0,2627.94,10000,block-26-kyber-sme-768.csv
26,kyber_sme,Kyber-768,Encaps,52618.0,49984.0,55622.0,5638.0,2729.38,10000,block-26-kyber-sme-768.csv
26,kyber_sme,Kyber-768,Decaps,54494.0,54305.0,54684.0,379.0,1158.59,10000,block-26-kyber-sme-768.csv
26,kyber_sme,Kyber-768,NTT,1181.0,1181.0,1183.0,2.0,105.35,10000,block-26-kyber-sme-768.csv
26,kyber_sme,Kyber-768,INVNTT,1104.0,1103.0,1106.0,3.0,32.89,10000,block-26-kyber-sme-768.csv
26,kyber_sme,Kyber-768,BaseMulAcc,1093.0,1091.0,1093.0,2.0,21.48,10000,block-26-kyber-sme-768.csv
26,kyber_sme,Kyber-768,MatrixVectorMul,7279.0,7278.0,7281.0,3.0,112.23,10000,block-26-kyber-sme-768.csv
26,kyber_sme,Kyber-768,InnerProdEnc,1708.0,1708.0,1710.0,2.0,36.32,10000,block-26-kyber-sme-768.csv
26,kyber_sme,Kyber-768,InnerProdDec,4290.0,4284.0,4297.0,13.0,59.54,10000,block-26-kyber-sme-768.csv
26,kyber_sve,Kyber-1024,KeyGen,61823.0,59943.0,62387.0,2444.0,12081.79,10000,block-26-kyber-sve-1024.csv
26,kyber_sve,Kyber-1024,Encaps,75917.0,69716.0,76481.0,6765.0,7525.6,10000,block-26-kyber-sve-1024.csv
26,kyber_sve,Kyber-1024,Decaps,74230.0,72909.0,74789.0,1880.0,7263.9,10000,block-26-kyber-sve-1024.csv
26,kyber_sve,Kyber-1024,NTT,1063.0,1057.0,1082.0,25.0,193.3,10000,block-26-kyber-sve-1024.csv
26,kyber_sve,Kyber-1024,INVNTT,1118.0,1106.0,1170.0,64.0,143.29,10000,block-26-kyber-sve-1024.csv
26,kyber_sve,Kyber-1024,BaseMulAcc,1411.0,1409.0,1463.0,54.0,163.22,10000,block-26-kyber-sve-1024.csv
26,kyber_sve,Kyber-1024,MatrixVectorMul,10572.0,10309.0,10880.0,571.0,651.43,10000,block-26-kyber-sve-1024.csv
26,kyber_sve,Kyber-1024,InnerProdEnc,1976.0,1975.0,2065.0,90.0,180.96,10000,block-26-kyber-sve-1024.csv
26,kyber_sve,Kyber-1024,InnerProdDec,4523.0,4483.0,4741.0,258.0,347.87,10000,block-26-kyber-sve-1024.csv
26,kyber_sve,Kyber-512,KeyGen,27624.0,27435.0,27814.0,379.0,3795.58,10000,block-26-kyber-sve-512.csv
26,kyber_sve,Kyber-512,Encaps,37581.0,37208.0,37771.0,563.0,5935.89,10000,block-26-kyber-sve-512.csv
26,kyber_sve,Kyber-512,Decaps,35891.0,35705.0,36264.0,559.0,12643.35,10000,block-26-kyber-sve-512.csv
26,kyber_sve,Kyber-512,NTT,1057.0,1044.0,1065.0,21.0,129.5,10000,block-26-kyber-sve-512.csv
26,kyber_sve,Kyber-512,INVNTT,1121.0,1119.0,1142.0,23.0,178.77,10000,block-26-kyber-sve-512.csv
26,kyber_sve,Kyber-512,BaseMulAcc,747.0,746.0,751.0,5.0,74.1,10000,block-26-kyber-sve-512.csv
26,kyber_sve,Kyber-512,MatrixVectorMul,4485.0,4474.0,4727.0,253.0,377.21,10000,block-26-kyber-sve-512.csv
26,kyber_sve,Kyber-512,InnerProdEnc,1317.0,1315.0,1339.0,24.0,133.47,10000,block-26-kyber-sve-512.csv
26,kyber_sve,Kyber-512,InnerProdDec,3352.0,3337.0,3572.0,235.0,283.76,10000,block-26-kyber-sve-512.csv
26,kyber_sve,Kyber-768,KeyGen,43029.0,42092.0,44347.0,2255.0,11110.6,10000,block-26-kyber-sve-768.csv
26,kyber_sve,Kyber-768,Encaps,51680.0,48672.0,54120.0,5448.0,6239.75,10000,block-26-kyber-sve-768.csv
26,kyber_sve,Kyber-768,Decaps,54684.0,54494.0,54874.0,380.0,8882.37,10000,block-26-kyber-sve-768.csv
26,kyber_sve,Kyber-768,NTT,1071.0,1059.0,1074.0,15.0,113.43,10000,block-26-kyber-sve-768.csv
26,kyber_sve,Kyber-768,INVNTT,1133.0,1131.0,1161.0,30.0,159.4,10000,block-26-kyber-sve-768.csv
26,kyber_sve,Kyber-768,BaseMulAcc,1093.0,1093.0,1110.0,17.0,108.76,10000,block-26-kyber-sve-768.csv
26,kyber_sve,Kyber-768,MatrixVectorMul,7099.0,6982.0,7323.0,341.0,477.73,10000,block-26-kyber-sve-768.csv
26,kyber_sve,Kyber-768,InnerProdEnc,1657.0,1657.0,1678.0,21.0,163.43,10000,block-26-kyber-sve-768.csv
26,kyber_sve,Kyber-768,InnerProdDec,3810.0,3799.0,4000.0,201.0,690.21,10000,block-26-kyber-sve-768.csv
26,mlkem_neon,ML-KEM-1024,KeyGen,59758.0,54120.0,60137.0,6017.0,3105.24,10000,block-26-mlkem-neon-1024.csv
26,mlkem_neon,ML-KEM-1024,Encaps,64268.0,58255.0,64832.0,6577.0,5951.43,10000,block-26-mlkem-neon-1024.csv
26,mlkem_neon,ML-KEM-1024,Decaps,76106.0,69341.0,76670.0,7329.0,3880.59,10000,block-26-mlkem-neon-1024.csv
26,mlkem_neon,ML-KEM-1024,NTT,223.0,210.0,225.0,15.0,11.1,10000,block-26-mlkem-neon-1024.csv
26,mlkem_neon,ML-KEM-1024,INVNTT,257.0,255.0,259.0,4.0,11.19,10000,block-26-mlkem-neon-1024.csv
26,mlkem_neon,ML-KEM-1024,BaseMulAcc,279.0,259.0,281.0,22.0,57.16,10000,block-26-mlkem-neon-1024.csv
26,mlkem_neon,ML-KEM-1024,MatrixVectorMul,3222.0,3057.0,3234.0,177.0,153.91,10000,block-26-mlkem-neon-1024.csv
26,mlkem_neon,ML-KEM-1024,InnerProdEnc,535.0,531.0,537.0,6.0,24.79,10000,block-26-mlkem-neon-1024.csv
26,mlkem_neon,ML-KEM-1024,InnerProdDec,1510.0,1420.0,1516.0,96.0,92.16,10000,block-26-mlkem-neon-1024.csv
26,mlkem_neon,ML-KEM-512,KeyGen,23488.0,21238.0,23678.0,2440.0,1237.38,10000,block-26-mlkem-neon-512.csv
26,mlkem_neon,ML-KEM-512,Encaps,26685.0,24241.0,27060.0,2819.0,1707.11,10000,block-26-mlkem-neon-512.csv
26,mlkem_neon,ML-KEM-512,Decaps,33071.0,29879.0,33262.0,3383.0,3337.03,10000,block-26-mlkem-neon-512.csv
26,mlkem_neon,ML-KEM-512,NTT,221.0,202.0,225.0,23.0,32.36,10000,block-26-mlkem-neon-512.csv
26,mlkem_neon,ML-KEM-512,INVNTT,257.0,255.0,259.0,4.0,27.53,10000,block-26-mlkem-neon-512.csv
26,mlkem_neon,ML-KEM-512,BaseMulAcc,163.0,146.0,163.0,17.0,11.13,10000,block-26-mlkem-neon-512.csv
26,mlkem_neon,ML-KEM-512,MatrixVectorMul,1371.0,1317.0,1375.0,58.0,64.28,10000,block-26-mlkem-neon-512.csv
26,mlkem_neon,ML-KEM-512,InnerProdEnc,419.0,377.0,420.0,43.0,51.26,10000,block-26-mlkem-neon-512.csv
26,mlkem_neon,ML-KEM-512,InnerProdDec,890.0,877.0,894.0,17.0,48.56,10000,block-26-mlkem-neon-512.csv
26,mlkem_neon,ML-KEM-768,KeyGen,40590.0,40401.0,40964.0,563.0,2119.89,10000,block-26-mlkem-neon-768.csv
26,mlkem_neon,ML-KEM-768,Encaps,43599.0,43409.0,43972.0,563.0,2708.33,10000,block-26-mlkem-neon-768.csv
26,mlkem_neon,ML-KEM-768,Decaps,51865.0,51491.0,52240.0,749.0,3217.31,10000,block-26-mlkem-neon-768.csv
26,mlkem_neon,ML-KEM-768,NTT,219.0,202.0,223.0,21.0,13.67,10000,block-26-mlkem-neon-768.csv
26,mlkem_neon,ML-KEM-768,INVNTT,257.0,257.0,259.0,2.0,10.08,10000,block-26-mlkem-neon-768.csv
26,mlkem_neon,ML-KEM-768,BaseMulAcc,219.0,217.0,221.0,4.0,14.64,10000,block-26-mlkem-neon-768.csv
26,mlkem_neon,ML-KEM-768,MatrixVectorMul,2234.0,2223.0,2239.0,16.0,106.18,10000,block-26-mlkem-neon-768.csv
26,mlkem_neon,ML-KEM-768,InnerProdEnc,477.0,475.0,477.0,2.0,25.32,10000,block-26-mlkem-neon-768.csv
26,mlkem_neon,ML-KEM-768,InnerProdDec,1196.0,1191.0,1200.0,9.0,44.91,10000,block-26-mlkem-neon-768.csv
26,mlkem_ref,ML-KEM-1024,KeyGen,76481.0,69530.0,77044.0,7514.0,3934.03,10000,block-26-mlkem-ref-1024.csv
26,mlkem_ref,ML-KEM-1024,Encaps,83435.0,75916.0,83999.0,8083.0,5388.37,10000,block-26-mlkem-ref-1024.csv
26,mlkem_ref,ML-KEM-1024,Decaps,94900.0,86069.0,95463.0,9394.0,5973.75,10000,block-26-mlkem-ref-1024.csv
26,mlkem_ref,ML-KEM-1024,NTT,520.0,518.0,522.0,4.0,20.14,10000,block-26-mlkem-ref-1024.csv
26,mlkem_ref,ML-KEM-1024,INVNTT,886.0,832.0,886.0,54.0,55.96,10000,block-26-mlkem-ref-1024.csv
26,mlkem_ref,ML-KEM-1024,BaseMulAcc,310.0,308.0,311.0,3.0,36.18,10000,block-26-mlkem-ref-1024.csv
26,mlkem_ref,ML-KEM-1024,MatrixVectorMul,7633.0,7311.0,7672.0,361.0,244.8,10000,block-26-mlkem-ref-1024.csv
26,mlkem_ref,ML-KEM-1024,InnerProdEnc,1195.0,1165.0,1197.0,32.0,72.52,10000,block-26-mlkem-ref-1024.csv
26,mlkem_ref,ML-KEM-1024,InnerProdDec,3619.0,3421.0,3624.0,203.0,485.05,10000,block-26-mlkem-ref-1024.csv
26,mlkem_ref,ML-KEM-512,KeyGen,29879.0,29499.0,30068.0,569.0,2455.17,10000,block-26-mlkem-ref-512.csv
26,mlkem_ref,ML-KEM-512,Encaps,35142.0,31945.0,35332.0,3387.0,3804.33,10000,block-26-mlkem-ref-512.csv
26,mlkem_ref,ML-KEM-512,Decaps,41907.0,41528.0,42281.0,753.0,2702.88,10000,block-26-mlkem-ref-512.csv
26,mlkem_ref,ML-KEM-512,NTT,520.0,518.0,526.0,8.0,23.2,10000,block-26-mlkem-ref-512.csv
26,mlkem_ref,ML-KEM-512,INVNTT,886.0,864.0,886.0,22.0,42.63,10000,block-26-mlkem-ref-512.csv
26,mlkem_ref,ML-KEM-512,BaseMulAcc,189.0,171.0,189.0,18.0,22.88,10000,block-26-mlkem-ref-512.csv
26,mlkem_ref,ML-KEM-512,MatrixVectorMul,3568.0,3453.0,3585.0,132.0,147.27,10000,block-26-mlkem-ref-512.csv
26,mlkem_ref,ML-KEM-512,InnerProdEnc,1074.0,1059.0,1076.0,17.0,57.94,10000,block-26-mlkem-ref-512.csv
26,mlkem_ref,ML-KEM-512,InnerProdDec,2273.0,2264.0,2279.0,15.0,98.14,10000,block-26-mlkem-ref-512.csv
26,mlkem_ref,ML-KEM-768,KeyGen,52429.0,47918.0,52992.0,5074.0,4006.91,10000,block-26-mlkem-ref-768.csv
26,mlkem_ref,ML-KEM-768,Encaps,57881.0,52992.0,58256.0,5264.0,3295.75,10000,block-26-mlkem-ref-768.csv
26,mlkem_ref,ML-KEM-768,Decaps,65580.0,60885.0,65959.0,5074.0,4360.56,10000,block-26-mlkem-ref-768.csv
26,mlkem_ref,ML-KEM-768,NTT,520.0,520.0,522.0,2.0,37.99,10000,block-26-mlkem-ref-768.csv
26,mlkem_ref,ML-KEM-768,INVNTT,886.0,877.0,886.0,9.0,61.69,10000,block-26-mlkem-ref-768.csv
26,mlkem_ref,ML-KEM-768,BaseMulAcc,246.0,246.0,248.0,2.0,10.07,10000,block-26-mlkem-ref-768.csv
26,mlkem_ref,ML-KEM-768,MatrixVectorMul,5552.0,5387.0,5556.0,169.0,160.84,10000,block-26-mlkem-ref-768.csv
26,mlkem_ref,ML-KEM-768,InnerProdEnc,1131.0,1129.0,1133.0,4.0,68.38,10000,block-26-mlkem-ref-768.csv
26,mlkem_ref,ML-KEM-768,InnerProdDec,2938.0,2935.0,2946.0,11.0,120.73,10000,block-26-mlkem-ref-768.csv
26,mlkem_sme,ML-KEM-1024,KeyGen,90390.0,80242.0,91327.0,11085.0,6472.62,10000,block-26-mlkem-sme-1024.csv
26,mlkem_sme,ML-KEM-1024,Encaps,102413.0,101665.0,102792.0,1127.0,5872.83,10000,block-26-mlkem-sme-1024.csv
26,mlkem_sme,ML-KEM-1024,Decaps,113124.0,112375.0,122708.0,10333.0,6473.96,10000,block-26-mlkem-sme-1024.csv
26,mlkem_sme,ML-KEM-1024,NTT,1151.0,1150.0,1153.0,3.0,42.68,10000,block-26-mlkem-sme-1024.csv
26,mlkem_sme,ML-KEM-1024,INVNTT,1069.0,1067.0,1069.0,2.0,31.86,10000,block-26-mlkem-sme-1024.csv
26,mlkem_sme,ML-KEM-1024,BaseMulAcc,1181.0,1180.0,1183.0,3.0,52.68,10000,block-26-mlkem-sme-1024.csv
26,mlkem_sme,ML-KEM-1024,MatrixVectorMul,12026.0,11996.0,12032.0,36.0,153.35,10000,block-26-mlkem-sme-1024.csv
26,mlkem_sme,ML-KEM-1024,InnerProdEnc,1796.0,1794.0,1796.0,2.0,37.92,10000,block-26-mlkem-sme-1024.csv
26,mlkem_sme,ML-KEM-1024,InnerProdDec,5348.0,5318.0,5353.0,35.0,109.31,10000,block-26-mlkem-sme-1024.csv
26,mlkem_sme,ML-KEM-512,KeyGen,36644.0,36459.0,37018.0,559.0,1790.09,10000,block-26-mlkem-sme-512.csv
26,mlkem_sme,ML-KEM-512,Encaps,43598.0,41528.0,44346.0,2818.0,172125.37,10000,block-26-mlkem-sme-512.csv
26,mlkem_sme,ML-KEM-512,Decaps,57502.0,56749.0,57877.0,1128.0,960.03,10000,block-26-mlkem-sme-512.csv
26,mlkem_sme,ML-KEM-512,NTT,1172.0,1172.0,1174.0,2.0,55.7,10000,block-26-mlkem-sme-512.csv
26,mlkem_sme,ML-KEM-512,INVNTT,1076.0,1074.0,1076.0,2.0,13.7,10000,block-26-mlkem-sme-512.csv
26,mlkem_sme,ML-KEM-512,BaseMulAcc,631.0,631.0,631.0,0.0,33.59,10000,block-26-mlkem-sme-512.csv
26,mlkem_sme,ML-KEM-512,MatrixVectorMul,5053.0,5039.0,5056.0,17.0,95.34,10000,block-26-mlkem-sme-512.csv
26,mlkem_sme,ML-KEM-512,InnerProdEnc,1251.0,1249.0,1253.0,4.0,36.65,10000,block-26-mlkem-sme-512.csv
26,mlkem_sme,ML-KEM-512,InnerProdDec,3446.0,3444.0,3450.0,6.0,103.68,10000,block-26-mlkem-sme-512.csv
26,mlkem_sme,ML-KEM-768,KeyGen,61074.0,59942.0,61823.0,1881.0,2140.89,10000,block-26-mlkem-sme-768.csv
26,mlkem_sme,ML-KEM-768,Encaps,69715.0,65959.0,70654.0,4695.0,2439.16,10000,block-26-mlkem-sme-768.csv
26,mlkem_sme,ML-KEM-768,Decaps,83060.0,81933.0,86069.0,4136.0,3325.86,10000,block-26-mlkem-sme-768.csv
26,mlkem_sme,ML-KEM-768,NTT,1183.0,1163.0,1185.0,22.0,51.45,10000,block-26-mlkem-sme-768.csv
26,mlkem_sme,ML-KEM-768,INVNTT,1091.0,1089.0,1091.0,2.0,13.21,10000,block-26-mlkem-sme-768.csv
26,mlkem_sme,ML-KEM-768,BaseMulAcc,911.0,911.0,913.0,2.0,23.04,10000,block-26-mlkem-sme-768.csv
26,mlkem_sme,ML-KEM-768,MatrixVectorMul,8125.0,8110.0,8131.0,21.0,287.92,10000,block-26-mlkem-sme-768.csv
26,mlkem_sme,ML-KEM-768,InnerProdEnc,1525.0,1524.0,1527.0,3.0,16.39,10000,block-26-mlkem-sme-768.csv
26,mlkem_sme,ML-KEM-768,InnerProdDec,4932.0,4912.0,4936.0,24.0,96.1,10000,block-26-mlkem-sme-768.csv
26,mlkem_sve,ML-KEM-1024,KeyGen,91513.0,81180.0,92644.0,11464.0,13553.22,10000,block-26-mlkem-sve-1024.csv
26,mlkem_sve,ML-KEM-1024,Encaps,103540.0,102792.0,104105.0,1313.0,10436.3,10000,block-26-mlkem-sve-1024.csv
26,mlkem_sve,ML-KEM-1024,Decaps,121391.0,112186.0,123461.0,11275.0,13754.11,10000,block-26-mlkem-sve-1024.csv
26,mlkem_sve,ML-KEM-1024,NTT,1052.0,1042.0,1061.0,19.0,133.53,10000,block-26-mlkem-sve-1024.csv
26,mlkem_sve,ML-KEM-1024,INVNTT,1106.0,1086.0,1119.0,33.0,173.5,10000,block-26-mlkem-sve-1024.csv
26,mlkem_sve,ML-KEM-1024,BaseMulAcc,1183.0,1181.0,1191.0,10.0,94.98,10000,block-26-mlkem-sve-1024.csv
26,mlkem_sve,ML-KEM-1024,MatrixVectorMul,11898.0,11632.0,12252.0,620.0,971.11,10000,block-26-mlkem-sve-1024.csv
26,mlkem_sve,ML-KEM-1024,InnerProdEnc,1755.0,1753.0,1828.0,75.0,160.13,10000,block-26-mlkem-sve-1024.csv
26,mlkem_sve,ML-KEM-1024,InnerProdDec,4669.0,4652.0,4902.0,250.0,370.97,10000,block-26-mlkem-sve-1024.csv
26,mlkem_sve,ML-KEM-512,KeyGen,36265.0,35891.0,36455.0,564.0,4823.14,10000,block-26-mlkem-sve-512.csv
26,mlkem_sve,ML-KEM-512,Encaps,44536.0,42092.0,44915.0,2823.0,9423.04,10000,block-26-mlkem-sve-512.csv
26,mlkem_sve,ML-KEM-512,Decaps,56375.0,55996.0,56754.0,758.0,12214.56,10000,block-26-mlkem-sve-512.csv
26,mlkem_sve,ML-KEM-512,NTT,1020.0,1014.0,1031.0,17.0,86.09,10000,block-26-mlkem-sve-512.csv
26,mlkem_sve,ML-KEM-512,INVNTT,1091.0,1088.0,1099.0,11.0,125.28,10000,block-26-mlkem-sve-512.csv
26,mlkem_sve,ML-KEM-512,BaseMulAcc,631.0,631.0,635.0,4.0,70.39,10000,block-26-mlkem-sve-512.csv
26,mlkem_sve,ML-KEM-512,MatrixVectorMul,4481.0,4461.0,4681.0,220.0,309.4,10000,block-26-mlkem-sve-512.csv
26,mlkem_sve,ML-KEM-512,InnerProdEnc,1198.0,1198.0,1204.0,6.0,106.09,10000,block-26-mlkem-sve-512.csv
26,mlkem_sve,ML-KEM-512,InnerProdDec,2803.0,2786.0,2922.0,136.0,244.02,10000,block-26-mlkem-sve-512.csv
26,mlkem_sve,ML-KEM-768,KeyGen,61075.0,59758.0,61639.0,1881.0,7810.12,10000,block-26-mlkem-sve-768.csv
26,mlkem_sve,ML-KEM-768,Encaps,76481.0,70094.0,77049.0,6955.0,8471.85,10000,block-26-mlkem-sve-768.csv
26,mlkem_sve,ML-KEM-768,Decaps,83814.0,82307.0,86065.0,3758.0,12844.28,10000,block-26-mlkem-sve-768.csv
26,mlkem_sve,ML-KEM-768,NTT,1057.0,1039.0,1071.0,32.0,132.24,10000,block-26-mlkem-sve-768.csv
26,mlkem_sve,ML-KEM-768,INVNTT,1121.0,1116.0,1125.0,9.0,155.51,10000,block-26-mlkem-sve-768.csv
26,mlkem_sve,ML-KEM-768,BaseMulAcc,911.0,911.0,915.0,4.0,87.27,10000,block-26-mlkem-sve-768.csv
26,mlkem_sve,ML-KEM-768,MatrixVectorMul,7879.0,7708.0,8140.0,432.0,485.0,10000,block-26-mlkem-sve-768.csv
26,mlkem_sve,ML-KEM-768,InnerProdEnc,1477.0,1475.0,1503.0,28.0,112.47,10000,block-26-mlkem-sve-768.csv
26,mlkem_sve,ML-KEM-768,InnerProdDec,4444.0,4382.0,4705.0,323.0,368.07,10000,block-26-mlkem-sve-768.csv
27,kyber_neon,Kyber-1024,KeyGen,31570.0,31385.0,32697.0,1312.0,1988.93,10000,block-27-kyber-neon-1024.csv
27,kyber_neon,Kyber-1024,Encaps,43783.0,43409.0,48298.0,4889.0,4224.57,10000,block-27-kyber-neon-1024.csv
27,kyber_neon,Kyber-1024,Decaps,38899.0,38524.0,43029.0,4505.0,2479.83,10000,block-27-kyber-neon-1024.csv
27,kyber_neon,Kyber-1024,NTT,285.0,263.0,287.0,24.0,14.34,10000,block-27-kyber-neon-1024.csv
27,kyber_neon,Kyber-1024,INVNTT,285.0,257.0,285.0,28.0,16.47,10000,block-27-kyber-neon-1024.csv
27,kyber_neon,Kyber-1024,BaseMulAcc,507.0,458.0,509.0,51.0,27.18,10000,block-27-kyber-neon-1024.csv
27,kyber_neon,Kyber-1024,MatrixVectorMul,3705.0,3425.0,3715.0,290.0,178.33,10000,block-27-kyber-neon-1024.csv
27,kyber_neon,Kyber-1024,InnerProdEnc,725.0,659.0,727.0,68.0,35.41,10000,block-27-kyber-neon-1024.csv
27,kyber_neon,Kyber-1024,InnerProdDec,1890.0,1743.0,1892.0,149.0,104.51,10000,block-27-kyber-neon-1024.csv
27,kyber_neon,Kyber-512,KeyGen,13720.0,13715.0,14468.0,753.0,1243.01,10000,block-27-kyber-neon-512.csv
27,kyber_neon,Kyber-512,Encaps,23113.0,20859.0,23303.0,2444.0,1258.36,10000,block-27-kyber-neon-512.csv
27,kyber_neon,Kyber-512,Decaps,19542.0,17850.0,19732.0,1882.0,1108.48,10000,block-27-kyber-neon-512.csv
27,kyber_neon,Kyber-512,NTT,287.0,285.0,289.0,4.0,15.91,10000,block-27-kyber-neon-512.csv
27,kyber_neon,Kyber-512,INVNTT,285.0,257.0,285.0,28.0,15.95,10000,block-27-kyber-neon-512.csv
27,kyber_neon,Kyber-512,BaseMulAcc,274.0,272.0,276.0,4.0,27.99,10000,block-27-kyber-neon-512.csv
27,kyber_neon,Kyber-512,MatrixVectorMul,1570.0,1462.0,1572.0,110.0,86.2,10000,block-27-kyber-neon-512.csv
27,kyber_neon,Kyber-512,InnerProdEnc,513.0,509.0,513.0,4.0,25.34,10000,block-27-kyber-neon-512.csv
27,kyber_neon,Kyber-512,InnerProdDec,1071.0,1067.0,1073.0,6.0,65.62,10000,block-27-kyber-neon-512.csv
27,kyber_neon,Kyber-768,KeyGen,24241.0,21986.0,24615.0,2629.0,1515.81,10000,block-27-kyber-neon-768.csv
27,kyber_neon,Kyber-768,Encaps,34573.0,31196.0,34763.0,3567.0,2024.09,10000,block-27-kyber-neon-768.csv
27,kyber_neon,Kyber-768,Decaps,30064.0,27245.0,30253.0,3008.0,1577.7,10000,block-27-kyber-neon-768.csv
27,kyber_neon,Kyber-768,NTT,287.0,285.0,287.0,2.0,12.33,10000,block-27-kyber-neon-768.csv
27,kyber_neon,Kyber-768,INVNTT,285.0,283.0,287.0,4.0,42.97,10000,block-27-kyber-neon-768.csv
27,kyber_neon,Kyber-768,BaseMulAcc,388.0,387.0,390.0,3.0,18.26,10000,block-27-kyber-neon-768.csv
27,kyber_neon,Kyber-768,MatrixVectorMul,2565.0,2474.0,2570.0,96.0,119.71,10000,block-27-kyber-neon-768.csv
27,kyber_neon,Kyber-768,InnerProdEnc,616.0,614.0,618.0,4.0,28.15,10000,block-27-kyber-neon-768.csv
27,kyber_neon,Kyber-768,InnerProdDec,1469.0,1454.0,1473.0,19.0,67.26,10000,block-27-kyber-neon-768.csv
27,kyber_ref,Kyber-1024,KeyGen,156533.0,143946.0,157660.0,13714.0,8471.27,10000,block-27-kyber-ref-1024.csv
27,kyber_ref,Kyber-1024,Encaps,173071.0,161796.0,173635.0,11839.0,10092.37,10000,block-27-kyber-ref-1024.csv
27,kyber_ref,Kyber-1024,Decaps,196374.0,184346.0,196934.0,12588.0,10399.35,10000,block-27-kyber-ref-1024.csv
27,kyber_ref,Kyber-1024,NTT,3598.0,3395.0,3606.0,211.0,158.52,10000,block-27-kyber-ref-1024.csv
27,kyber_ref,Kyber-1024,INVNTT,5714.0,5464.0,5718.0,254.0,220.0,10000,block-27-kyber-ref-1024.csv
27,kyber_ref,Kyber-1024,BaseMulAcc,9147.0,8879.0,9232.0,353.0,265.13,10000,block-27-kyber-ref-1024.csv
27,kyber_ref,Kyber-1024,MatrixVectorMul,76700.0,76155.0,77224.0,1069.0,1195.5,10000,block-27-kyber-ref-1024.csv
27,kyber_ref,Kyber-1024,InnerProdEnc,14990.0,14800.0,15234.0,434.0,891.44,10000,block-27-kyber-ref-1024.csv
27,kyber_ref,Kyber-1024,InnerProdDec,28634.0,28386.0,28826.0,440.0,1292.61,10000,block-27-kyber-ref-1024.csv
27,kyber_ref,Kyber-512,KeyGen,57502.0,52429.0,57877.0,5448.0,3279.18,10000,block-27-kyber-ref-512.csv
27,kyber_ref,Kyber-512,Encaps,75353.0,68213.0,75727.0,7514.0,6023.97,10000,block-27-kyber-ref-512.csv
27,kyber_ref,Kyber-512,Decaps,89821.0,80996.0,90384.0,9388.0,6479.97,10000,block-27-kyber-ref-512.csv
27,kyber_ref,Kyber-512,NTT,3594.0,3316.0,3604.0,288.0,179.16,10000,block-27-kyber-ref-512.csv
27,kyber_ref,Kyber-512,INVNTT,5643.0,5387.0,5652.0,265.0,224.13,10000,block-27-kyber-ref-512.csv
27,kyber_ref,Kyber-512,BaseMulAcc,5103.0,4814.0,5107.0,293.0,224.27,10000,block-27-kyber-ref-512.csv
27,kyber_ref,Kyber-512,MatrixVectorMul,29703.0,29386.0,29921.0,535.0,527.31,10000,block-27-kyber-ref-512.csv
27,kyber_ref,Kyber-512,InnerProdEnc,10470.0,10256.0,10731.0,475.0,334.02,10000,block-27-kyber-ref-512.csv
27,kyber_ref,Kyber-512,InnerProdDec,17444.0,17231.0,17626.0,395.0,408.1,10000,block-27-kyber-ref-512.csv
27,kyber_ref,Kyber-768,KeyGen,99784.0,97903.0,100537.0,2634.0,4914.7,10000,block-27-kyber-ref-768.csv
27,kyber_ref,Kyber-768,Encaps,117445.0,116885.0,117824.0,939.0,4759.47,10000,block-27-kyber-ref-768.csv
27,kyber_ref,Kyber-768,Decaps,136054.0,129283.0,136612.0,7329.0,9604.23,10000,block-27-kyber-ref-768.csv
27,kyber_ref,Kyber-768,NTT,3632.0,3459.0,3639.0,180.0,169.93,10000,block-27-kyber-ref-768.csv
27,kyber_ref,Kyber-768,INVNTT,5645.0,5464.0,5652.0,188.0,172.77,10000,block-27-kyber-ref-768.csv
27,kyber_ref,Kyber-768,BaseMulAcc,6958.0,6765.0,6966.0,201.0,183.59,10000,block-27-kyber-ref-768.csv
27,kyber_ref,Kyber-768,MatrixVectorMul,50609.0,50357.0,50840.0,483.0,978.54,10000,block-27-kyber-ref-768.csv
27,kyber_ref,Kyber-768,InnerProdEnc,12821.0,12612.0,13005.0,393.0,343.94,10000,block-27-kyber-ref-768.csv
27,kyber_ref,Kyber-768,InnerProdDec,23145.0,22997.0,23222.0,225.0,375.18,10000,block-27-kyber-ref-768.csv
27,kyber_sme,Kyber-1024,KeyGen,62577.0,61448.0,64267.0,2819.0,2154.84,10000,block-27-kyber-sme-1024.csv
27,kyber_sme,Kyber-1024,Encaps,74794.0,69156.0,75732.0,6576.0,4580.54,10000,block-27-kyber-sme-1024.csv
27,kyber_sme,Kyber-1024,Decaps,76481.0,74415.0,76859.0,2444.0,1629.68,10000,block-27-kyber-sme-1024.csv
27,kyber_sme,Kyber-1024,NTT,1189.0,1178.0,1191.0,13.0,102.56,10000,block-27-kyber-sme-1024.csv
27,kyber_sme,Kyber-1024,INVNTT,1106.0,1106.0,1108.0,2.0,15.67,10000,block-27-kyber-sme-1024.csv
27,kyber_sme,Kyber-1024,BaseMulAcc,1415.0,1413.0,1416.0,3.0,30.0,10000,block-27-kyber-sme-1024.csv
27,kyber_sme,Kyber-1024,MatrixVectorMul,10714.0,10698.0,10722.0,24.0,149.23,10000,block-27-kyber-sme-1024.csv
27,kyber_sme,Kyber-1024,InnerProdEnc,2038.0,2038.0,2040.0,2.0,44.33,10000,block-27-kyber-sme-1024.csv
27,kyber_sme,Kyber-1024,InnerProdDec,5117.0,5090.0,5122.0,32.0,117.83,10000,block-27-kyber-sme-1024.csv
27,kyber_sme,Kyber-512,KeyGen,28751.0,28562.0,28940.0,378.0,1128.72,10000,block-27-kyber-sme-512.csv
27,kyber_sme,Kyber-512,Encaps,37582.0,37397.0,37771.0,374.0,979.08,10000,block-27-kyber-sme-512.csv
27,kyber_sme,Kyber-512,Decaps,37960.0,37771.0,38146.0,375.0,529.51,10000,block-27-kyber-sme-512.csv
27,kyber_sme,Kyber-512,NTT,1170.0,1170.0,1172.0,2.0,56.64,10000,block-27-kyber-sme-512.csv
27,kyber_sme,Kyber-512,INVNTT,1078.0,1073.0,1097.0,24.0,46.76,10000,block-27-kyber-sme-512.csv
27,kyber_sme,Kyber-512,BaseMulAcc,747.0,746.0,747.0,1.0,25.3,10000,block-27-kyber-sme-512.csv
27,kyber_sme,Kyber-512,MatrixVectorMul,4709.0,4697.0,4714.0,17.0,101.79,10000,block-27-kyber-sme-512.csv
27,kyber_sme,Kyber-512,InnerProdEnc,1377.0,1375.0,1377.0,2.0,36.74,10000,block-27-kyber-sme-512.csv
27,kyber_sme,Kyber-512,InnerProdDec,3668.0,3639.0,3677.0,38.0,92.16,10000,block-27-kyber-sme-512.csv
27,kyber_sme,Kyber-768,KeyGen,41533.0,39842.0,42281.0,2439.0,1986.28,10000,block-27-kyber-sme-768.csv
27,kyber_sme,Kyber-768,Encaps,54307.0,50174.0,55811.0,5637.0,2942.16,10000,block-27-kyber-sme-768.csv
27,kyber_sme,Kyber-768,Decaps,54494.0,54304.0,54684.0,380.0,758.66,10000,block-27-kyber-sme-768.csv
27,kyber_sme,Kyber-768,NTT,1204.0,1202.0,1204.0,2.0,27.29,10000,block-27-kyber-sme-768.csv
27,kyber_sme,Kyber-768,INVNTT,1104.0,1103.0,1106.0,3.0,51.5,10000,block-27-kyber-sme-768.csv
27,kyber_sme,Kyber-768,BaseMulAcc,1093.0,1091.0,1093.0,2.0,17.27,10000,block-27-kyber-sme-768.csv
27,kyber_sme,Kyber-768,MatrixVectorMul,7253.0,7249.0,7276.0,27.0,145.26,10000,block-27-kyber-sme-768.csv
27,kyber_sme,Kyber-768,InnerProdEnc,1708.0,1708.0,1710.0,2.0,34.15,10000,block-27-kyber-sme-768.csv
27,kyber_sme,Kyber-768,InnerProdDec,4288.0,4282.0,4295.0,13.0,68.71,10000,block-27-kyber-sme-768.csv
27,kyber_sve,Kyber-1024,KeyGen,61823.0,59947.0,62386.0,2439.0,7609.5,10000,block-27-kyber-sve-1024.csv
27,kyber_sve,Kyber-1024,Encaps,75732.0,69715.0,76481.0,6766.0,7557.23,10000,block-27-kyber-sve-1024.csv
27,kyber_sve,Kyber-1024,Decaps,74415.0,72913.0,74790.0,1877.0,10691.03,10000,block-27-kyber-sve-1024.csv
27,kyber_sve,Kyber-1024,NTT,1061.0,1054.0,1073.0,19.0,128.13,10000,block-27-kyber-sve-1024.csv
27,kyber_sve,Kyber-1024,INVNTT,1116.0,1106.0,1131.0,25.0,188.97,10000,block-27-kyber-sve-1024.csv
27,kyber_sve,Kyber-1024,BaseMulAcc,1409.0,1409.0,1416.0,7.0,108.88,10000,block-27-kyber-sve-1024.csv
27,kyber_sve,Kyber-1024,MatrixVectorMul,10506.0,10305.0,10820.0,515.0,571.29,10000,block-27-kyber-sve-1024.csv
27,kyber_sve,Kyber-1024,InnerProdEnc,1976.0,1975.0,2033.0,58.0,179.52,10000,block-27-kyber-sve-1024.csv
27,kyber_sve,Kyber-1024,InnerProdDec,4493.0,4478.0,4699.0,221.0,332.27,10000,block-27-kyber-sve-1024.csv
27,kyber_sve,Kyber-512,KeyGen,27624.0,27435.0,27813.0,378.0,4297.39,10000,block-27-kyber-sve-512.csv
27,kyber_sve,Kyber-512,Encaps,37397.0,37207.0,37771.0,564.0,6411.69,10000,block-27-kyber-sve-512.csv
27,kyber_sve,Kyber-512,Decaps,35891.0,35701.0,36080.0,379.0,9135.72,10000,block-27-kyber-sve-512.csv
27,kyber_sve,Kyber-512,NTT,1059.0,1050.0,1063.0,13.0,124.21,10000,block-27-kyber-sve-512.csv
27,kyber_sve,Kyber-512,INVNTT,1121.0,1118.0,1140.0,22.0,164.37,10000,block-27-kyber-sve-512.csv
27,kyber_sve,Kyber-512,BaseMulAcc,747.0,746.0,749.0,3.0,85.57,10000,block-27-kyber-sve-512.csv
27,kyber_sve,Kyber-512,MatrixVectorMul,4481.0,4468.0,4690.0,222.0,343.21,10000,block-27-kyber-sve-512.csv
27,kyber_sve,Kyber-512,InnerProdEnc,1317.0,1315.0,1324.0,9.0,141.28,10000,block-27-kyber-sve-512.csv
27,kyber_sve,Kyber-512,InnerProdDec,3352.0,3337.0,3547.0,210.0,295.31,10000,block-27-kyber-sve-512.csv
27,kyber_sve,Kyber-768,KeyGen,43783.0,42466.0,44726.0,2260.0,5552.72,10000,block-27-kyber-sve-768.csv
27,kyber_sve,Kyber-768,Encaps,52049.0,48857.0,54305.0,5448.0,9485.46,10000,block-27-kyber-sve-768.csv
27,kyber_sve,Kyber-768,Decaps,54684.0,54494.0,55058.0,564.0,5875.59,10000,block-27-kyber-sve-768.csv
27,kyber_sve,Kyber-768,NTT,1067.0,1054.0,1093.0,39.0,150.43,10000,block-27-kyber-sve-768.csv
27,kyber_sve,Kyber-768,INVNTT,1133.0,1129.0,1150.0,21.0,151.11,10000,block-27-kyber-sve-768.csv
27,kyber_sve,Kyber-768,BaseMulAcc,1093.0,1091.0,1101.0,10.0,88.05,10000,block-27-kyber-sve-768.csv
27,kyber_sve,Kyber-768,MatrixVectorMul,7110.0,6984.0,7308.0,324.0,847.69,10000,block-27-kyber-sve-768.csv
27,kyber_sve,Kyber-768,InnerProdEnc,1657.0,1655.0,1666.0,11.0,125.62,10000,block-27-kyber-sve-768.csv
27,kyber_sve,Kyber-768,InnerProdDec,3809.0,3795.0,3991.0,196.0,292.95,10000,block-27-kyber-sve-768.csv
27,mlkem_neon,ML-KEM-1024,KeyGen,59758.0,54310.0,60321.0,6011.0,3133.1,10000,block-27-mlkem-neon-1024.csv
27,mlkem_neon,ML-KEM-1024,Encaps,64641.0,58630.0,65020.0,6390.0,3598.14,10000,block-27-mlkem-neon-1024.csv
27,mlkem_neon,ML-KEM-1024,Decaps,76107.0,69531.0,76670.0,7139.0,5497.35,10000,block-27-mlkem-neon-1024.csv
27,mlkem_neon,ML-KEM-1024,NTT,221.0,206.0,225.0,19.0,13.1,10000,block-27-mlkem-neon-1024.csv
27,mlkem_neon,ML-KEM-1024,INVNTT,257.0,257.0,259.0,2.0,11.53,10000,block-27-mlkem-neon-1024.csv
27,mlkem_neon,ML-KEM-1024,BaseMulAcc,278.0,253.0,281.0,28.0,25.37,10000,block-27-mlkem-neon-1024.csv
27,mlkem_neon,ML-KEM-1024,MatrixVectorMul,3224.0,3087.0,3234.0,147.0,148.76,10000,block-27-mlkem-neon-1024.csv
27,mlkem_neon,ML-KEM-1024,InnerProdEnc,533.0,531.0,537.0,6.0,35.32,10000,block-27-mlkem-neon-1024.csv
27,mlkem_neon,ML-KEM-1024,InnerProdDec,1510.0,1486.0,1516.0,30.0,67.11,10000,block-27-mlkem-neon-1024.csv
27,mlkem_neon,ML-KEM-512,KeyGen,23488.0,21423.0,23678.0,2255.0,1177.09,10000,block-27-mlkem-neon-512.csv
27,mlkem_neon,ML-KEM-512,Encaps,26875.0,26681.0,27060.0,379.0,1552.4,10000,block-27-mlkem-neon-512.csv
27,mlkem_neon,ML-KEM-512,Decaps,33072.0,30064.0,33262.0,3198.0,4069.58,10000,block-27-mlkem-neon-512.csv
27,mlkem_neon,ML-KEM-512,NTT,223.0,219.0,225.0,6.0,31.04,10000,block-27-mlkem-neon-512.csv
27,mlkem_neon,ML-KEM-512,INVNTT,257.0,231.0,257.0,26.0,14.95,10000,block-27-mlkem-neon-512.csv
27,mlkem_neon,ML-KEM-512,BaseMulAcc,163.0,163.0,163.0,0.0,11.42,10000,block-27-mlkem-neon-512.csv
27,mlkem_neon,ML-KEM-512,MatrixVectorMul,1371.0,1319.0,1375.0,56.0,70.95,10000,block-27-mlkem-neon-512.csv
27,mlkem_neon,ML-KEM-512,InnerProdEnc,419.0,419.0,420.0,1.0,37.83,10000,block-27-mlkem-neon-512.csv
27,mlkem_neon,ML-KEM-512,InnerProdDec,892.0,862.0,896.0,34.0,41.62,10000,block-27-mlkem-neon-512.csv
27,mlkem_neon,ML-KEM-768,KeyGen,40590.0,40026.0,40780.0,754.0,1969.49,10000,block-27-mlkem-neon-768.csv
27,mlkem_neon,ML-KEM-768,Encaps,43598.0,43219.0,43972.0,753.0,2606.78,10000,block-27-mlkem-neon-768.csv
27,mlkem_neon,ML-KEM-768,Decaps,52049.0,51491.0,52244.0,753.0,3289.68,10000,block-27-mlkem-neon-768.csv
27,mlkem_neon,ML-KEM-768,NTT,223.0,219.0,225.0,6.0,20.02,10000,block-27-mlkem-neon-768.csv
27,mlkem_neon,ML-KEM-768,INVNTT,257.0,257.0,259.0,2.0,26.11,10000,block-27-mlkem-neon-768.csv
27,mlkem_neon,ML-KEM-768,BaseMulAcc,219.0,219.0,221.0,2.0,13.44,10000,block-27-mlkem-neon-768.csv
27,mlkem_neon,ML-KEM-768,MatrixVectorMul,2232.0,2204.0,2238.0,34.0,106.0,10000,block-27-mlkem-neon-768.csv
27,mlkem_neon,ML-KEM-768,InnerProdEnc,477.0,475.0,479.0,4.0,32.6,10000,block-27-mlkem-neon-768.csv
27,mlkem_neon,ML-KEM-768,InnerProdDec,1195.0,1189.0,1200.0,11.0,65.86,10000,block-27-mlkem-neon-768.csv
27,mlkem_ref,ML-KEM-1024,KeyGen,76481.0,70095.0,76860.0,6765.0,3930.06,10000,block-27-mlkem-ref-1024.csv
27,mlkem_ref,ML-KEM-1024,Encaps,83624.0,77233.0,84188.0,6955.0,4485.12,10000,block-27-mlkem-ref-1024.csv
27,mlkem_ref,ML-KEM-1024,Decaps,94710.0,85690.0,95274.0,9584.0,6814.47,10000,block-27-mlkem-ref-1024.csv
27,mlkem_ref,ML-KEM-1024,NTT,520.0,518.0,522.0,4.0,21.84,10000,block-27-mlkem-ref-1024.csv
27,mlkem_ref,ML-KEM-1024,INVNTT,886.0,870.0,886.0,16.0,47.52,10000,block-27-mlkem-ref-1024.csv
27,mlkem_ref,ML-KEM-1024,BaseMulAcc,310.0,280.0,311.0,31.0,39.3,10000,block-27-mlkem-ref-1024.csv
27,mlkem_ref,ML-KEM-1024,MatrixVectorMul,7635.0,7325.0,7672.0,347.0,251.88,10000,block-27-mlkem-ref-1024.csv
27,mlkem_ref,ML-KEM-1024,InnerProdEnc,1195.0,1174.0,1196.0,22.0,64.23,10000,block-27-mlkem-ref-1024.csv
27,mlkem_ref,ML-KEM-1024,InnerProdDec,3619.0,3579.0,3624.0,45.0,119.5,10000,block-27-mlkem-ref-1024.csv
27,mlkem_ref,ML-KEM-512,KeyGen,29689.0,26875.0,29879.0,3004.0,1785.41,10000,block-27-mlkem-ref-512.csv
27,mlkem_ref,ML-KEM-512,Encaps,35142.0,31944.0,35332.0,3388.0,3095.18,10000,block-27-mlkem-ref-512.csv
27,mlkem_ref,ML-KEM-512,Decaps,41907.0,37961.0,42097.0,4136.0,3715.06,10000,block-27-mlkem-ref-512.csv
27,mlkem_ref,ML-KEM-512,NTT,520.0,518.0,520.0,2.0,21.7,10000,block-27-mlkem-ref-512.csv
27,mlkem_ref,ML-KEM-512,INVNTT,886.0,855.0,886.0,31.0,40.52,10000,block-27-mlkem-ref-512.csv
27,mlkem_ref,ML-KEM-512,BaseMulAcc,189.0,189.0,189.0,0.0,22.42,10000,block-27-mlkem-ref-512.csv
27,mlkem_ref,ML-KEM-512,MatrixVectorMul,3566.0,3450.0,3585.0,135.0,144.87,10000,block-27-mlkem-ref-512.csv
27,mlkem_ref,ML-KEM-512,InnerProdEnc,1074.0,1072.0,1076.0,4.0,56.76,10000,block-27-mlkem-ref-512.csv
27,mlkem_ref,ML-KEM-512,InnerProdDec,2273.0,2270.0,2275.0,5.0,90.98,10000,block-27-mlkem-ref-512.csv
27,mlkem_ref,ML-KEM-768,KeyGen,51680.0,47170.0,52055.0,4885.0,3153.29,10000,block-27-mlkem-ref-768.csv
27,mlkem_ref,ML-KEM-768,Encaps,57128.0,56750.0,57318.0,568.0,2311.24,10000,block-27-mlkem-ref-768.csv
27,mlkem_ref,ML-KEM-768,Decaps,65205.0,59378.0,65580.0,6202.0,3494.66,10000,block-27-mlkem-ref-768.csv
27,mlkem_ref,ML-KEM-768,NTT,520.0,518.0,520.0,2.0,21.75,10000,block-27-mlkem-ref-768.csv
27,mlkem_ref,ML-KEM-768,INVNTT,886.0,883.0,886.0,3.0,67.07,10000,block-27-mlkem-ref-768.csv
27,mlkem_ref,ML-KEM-768,BaseMulAcc,246.0,246.0,248.0,2.0,21.18,10000,block-27-mlkem-ref-768.csv
27,mlkem_ref,ML-KEM-768,MatrixVectorMul,5551.0,5378.0,5556.0,178.0,201.67,10000,block-27-mlkem-ref-768.csv
27,mlkem_ref,ML-KEM-768,InnerProdEnc,1131.0,1129.0,1133.0,4.0,52.71,10000,block-27-mlkem-ref-768.csv
27,mlkem_ref,ML-KEM-768,InnerProdDec,2937.0,2935.0,2955.0,20.0,90.79,10000,block-27-mlkem-ref-768.csv
27,mlkem_sme,ML-KEM-1024,KeyGen,90574.0,80242.0,91327.0,11085.0,6607.49,10000,block-27-mlkem-sme-1024.csv
27,mlkem_sme,ML-KEM-1024,Encaps,102413.0,101849.0,102792.0,943.0,6825.4,10000,block-27-mlkem-sme-1024.csv
27,mlkem_sme,ML-KEM-1024,Decaps,113314.0,112376.0,122708.0,10332.0,6632.17,10000,block-27-mlkem-sme-1024.csv
27,mlkem_sme,ML-KEM-1024,NTT,1155.0,1153.0,1155.0,2.0,40.61,10000,block-27-mlkem-sme-1024.csv
27,mlkem_sme,ML-KEM-1024,INVNTT,1072.0,1071.0,1073.0,2.0,53.6,10000,block-27-mlkem-sme-1024.csv
27,mlkem_sme,ML-KEM-1024,BaseMulAcc,1180.0,1180.0,1183.0,3.0,37.52,10000,block-27-mlkem-sme-1024.csv
27,mlkem_sme,ML-KEM-1024,MatrixVectorMul,12028.0,11992.0,12037.0,45.0,358.89,10000,block-27-mlkem-sme-1024.csv
27,mlkem_sme,ML-KEM-1024,InnerProdEnc,1794.0,1794.0,1796.0,2.0,42.44,10000,block-27-mlkem-sme-1024.csv
27,mlkem_sme,ML-KEM-1024,InnerProdDec,5346.0,5325.0,5351.0,26.0,109.74,10000,block-27-mlkem-sme-1024.csv
27,mlkem_sme,ML-KEM-512,KeyGen,36829.0,36459.0,37018.0,559.0,1272.25,10000,block-27-mlkem-sme-512.csv
27,mlkem_sme,ML-KEM-512,Encaps,43409.0,41343.0,43783.0,2440.0,1759.34,10000,block-27-mlkem-sme-512.csv
27,mlkem_sme,ML-KEM-512,Decaps,57502.0,56939.0,57877.0,938.0,1260.79,10000,block-27-mlkem-sme-512.csv
27,mlkem_sme,ML-KEM-512,NTT,1153.0,1153.0,1155.0,2.0,51.26,10000,block-27-mlkem-sme-512.csv
27,mlkem_sme,ML-KEM-512,INVNTT,1069.0,1069.0,1071.0,2.0,40.72,10000,block-27-mlkem-sme-512.csv
27,mlkem_sme,ML-KEM-512,BaseMulAcc,631.0,631.0,631.0,0.0,18.54,10000,block-27-mlkem-sme-512.csv
27,mlkem_sme,ML-KEM-512,MatrixVectorMul,5053.0,5039.0,5058.0,19.0,117.9,10000,block-27-mlkem-sme-512.csv
27,mlkem_sme,ML-KEM-512,InnerProdEnc,1251.0,1249.0,1253.0,4.0,16.12,10000,block-27-mlkem-sme-512.csv
27,mlkem_sme,ML-KEM-512,InnerProdDec,3435.0,3433.0,3440.0,7.0,97.58,10000,block-27-mlkem-sme-512.csv
27,mlkem_sme,ML-KEM-768,KeyGen,60885.0,59758.0,61823.0,2065.0,1599.71,10000,block-27-mlkem-sme-768.csv
27,mlkem_sme,ML-KEM-768,Encaps,69720.0,66143.0,70658.0,4515.0,2470.6,10000,block-27-mlkem-sme-768.csv
27,mlkem_sme,ML-KEM-768,Decaps,83056.0,81933.0,86065.0,4132.0,2143.29,10000,block-27-mlkem-sme-768.csv
27,mlkem_sme,ML-KEM-768,NTT,1174.0,1166.0,1185.0,19.0,56.31,10000,block-27-mlkem-sme-768.csv
27,mlkem_sme,ML-KEM-768,INVNTT,1078.0,1076.0,1078.0,2.0,19.36,10000,block-27-mlkem-sme-768.csv
27,mlkem_sme,ML-KEM-768,BaseMulAcc,911.0,911.0,913.0,2.0,11.81,10000,block-27-mlkem-sme-768.csv
27,mlkem_sme,ML-KEM-768,MatrixVectorMul,8131.0,8110.0,8140.0,30.0,107.26,10000,block-27-mlkem-sme-768.csv
27,mlkem_sme,ML-KEM-768,InnerProdEnc,1525.0,1524.0,1527.0,3.0,579.54,10000,block-27-mlkem-sme-768.csv
27,mlkem_sme,ML-KEM-768,InnerProdDec,4929.0,4906.0,4938.0,32.0,89.14,10000,block-27-mlkem-sme-768.csv
27,mlkem_sve,ML-KEM-1024,KeyGen,91327.0,80801.0,92266.0,11465.0,10162.68,10000,block-27-mlkem-sve-1024.csv
27,mlkem_sve,ML-KEM-1024,Encaps,103540.0,102792.0,104104.0,1312.0,13209.16,10000,block-27-mlkem-sve-1024.csv
27,mlkem_sve,ML-KEM-1024,Decaps,118577.0,111997.0,122897.0,10900.0,12032.72,10000,block-27-mlkem-sve-1024.csv
27,mlkem_sve,ML-KEM-1024,NTT,1054.0,1042.0,1059.0,17.0,150.0,10000,block-27-mlkem-sve-1024.csv
27,mlkem_sve,ML-KEM-1024,INVNTT,1106.0,1082.0,1114.0,32.0,126.83,10000,block-27-mlkem-sve-1024.csv
27,mlkem_sve,ML-KEM-1024,BaseMulAcc,1183.0,1181.0,1191.0,10.0,128.33,10000,block-27-mlkem-sve-1024.csv
27,mlkem_sve,ML-KEM-1024,MatrixVectorMul,11825.0,11622.0,12207.0,585.0,590.6,10000,block-27-mlkem-sve-1024.csv
27,mlkem_sve,ML-KEM-1024,InnerProdEnc,1755.0,1753.0,1783.0,30.0,201.72,10000,block-27-mlkem-sve-1024.csv
27,mlkem_sve,ML-KEM-1024,InnerProdDec,4662.0,4650.0,4876.0,226.0,336.51,10000,block-27-mlkem-sve-1024.csv
27,mlkem_sve,ML-KEM-512,KeyGen,36264.0,35891.0,36455.0,564.0,5763.73,10000,block-27-mlkem-sve-512.csv
27,mlkem_sve,ML-KEM-512,Encaps,44721.0,42281.0,45100.0,2819.0,12937.3,10000,block-27-mlkem-sve-512.csv
27,mlkem_sve,ML-KEM-512,Decaps,56375.0,55996.0,56754.0,758.0,6212.0,10000,block-27-mlkem-sve-512.csv
27,mlkem_sve,ML-KEM-512,NTT,1022.0,1016.0,1035.0,19.0,87.66,10000,block-27-mlkem-sve-512.csv
27,mlkem_sve,ML-KEM-512,INVNTT,1088.0,1080.0,1095.0,15.0,122.0,10000,block-27-mlkem-sve-512.csv
27,mlkem_sve,ML-KEM-512,BaseMulAcc,631.0,631.0,635.0,4.0,91.35,10000,block-27-mlkem-sve-512.csv
27,mlkem_sve,ML-KEM-512,MatrixVectorMul,4489.0,4468.0,4686.0,218.0,316.54,10000,block-27-mlkem-sve-512.csv
27,mlkem_sve,ML-KEM-512,InnerProdEnc,1197.0,1195.0,1217.0,22.0,122.57,10000,block-27-mlkem-sve-512.csv
27,mlkem_sve,ML-KEM-512,InnerProdDec,2803.0,2786.0,2931.0,145.0,231.34,10000,block-27-mlkem-sve-512.csv
27,mlkem_sve,ML-KEM-768,KeyGen,61074.0,59757.0,61638.0,1881.0,10693.29,10000,block-27-mlkem-sve-768.csv
27,mlkem_sve,ML-KEM-768,Encaps,76480.0,69905.0,77045.0,7140.0,8542.07,10000,block-27-mlkem-sve-768.csv
27,mlkem_sve,ML-KEM-768,Decaps,83435.0,82118.0,85880.0,3762.0,7710.04,10000,block-27-mlkem-sve-768.csv
27,mlkem_sve,ML-KEM-768,NTT,1059.0,1052.0,1067.0,15.0,161.74,10000,block-27-mlkem-sve-768.csv
27,mlkem_sve,ML-KEM-768,INVNTT,1118.0,1116.0,1125.0,9.0,125.43,10000,block-27-mlkem-sve-768.csv
27,mlkem_sve,ML-KEM-768,BaseMulAcc,911.0,911.0,915.0,4.0,126.29,10000,block-27-mlkem-sve-768.csv
27,mlkem_sve,ML-KEM-768,MatrixVectorMul,7819.0,7691.0,8084.0,393.0,489.57,10000,block-27-mlkem-sve-768.csv
27,mlkem_sve,ML-KEM-768,InnerProdEnc,1477.0,1475.0,1503.0,28.0,158.14,10000,block-27-mlkem-sve-768.csv
27,mlkem_sve,ML-KEM-768,InnerProdDec,4436.0,4374.0,4626.0,252.0,600.6,10000,block-27-mlkem-sve-768.csv
28,kyber_neon,Kyber-1024,KeyGen,31759.0,31570.0,34763.0,3193.0,3387.93,10000,block-28-kyber-neon-1024.csv
28,kyber_neon,Kyber-1024,Encaps,47544.0,43409.0,48298.0,4889.0,3484.92,10000,block-28-kyber-neon-1024.csv
28,kyber_neon,Kyber-1024,Decaps,38899.0,38524.0,42845.0,4321.0,2366.6,10000,block-28-kyber-neon-1024.csv
28,kyber_neon,Kyber-1024,NTT,283.0,257.0,285.0,28.0,17.56,10000,block-28-kyber-neon-1024.csv
28,kyber_neon,Kyber-1024,INVNTT,285.0,257.0,285.0,28.0,13.8,10000,block-28-kyber-neon-1024.csv
28,kyber_neon,Kyber-1024,BaseMulAcc,505.0,454.0,507.0,53.0,35.01,10000,block-28-kyber-neon-1024.csv
28,kyber_neon,Kyber-1024,MatrixVectorMul,3683.0,3363.0,3713.0,350.0,189.72,10000,block-28-kyber-neon-1024.csv
28,kyber_neon,Kyber-1024,InnerProdEnc,725.0,652.0,727.0,75.0,37.75,10000,block-28-kyber-neon-1024.csv
28,kyber_neon,Kyber-1024,InnerProdDec,1888.0,1700.0,1892.0,192.0,104.99,10000,block-28-kyber-neon-1024.csv
28,kyber_neon,Kyber-512,KeyGen,13720.0,13715.0,14094.0,379.0,745.75,10000,block-28-kyber-neon-512.csv
28,kyber_neon,Kyber-512,Encaps,21423.0,20859.0,23298.0,2439.0,1269.09,10000,block-28-kyber-neon-512.csv
28,kyber_neon,Kyber-512,Decaps,17856.0,17666.0,19731.0,2065.0,1378.84,10000,block-28-kyber-neon-512.csv
28,kyber_neon,Kyber-512,NTT,287.0,259.0,287.0,28.0,28.54,10000,block-28-kyber-neon-512.csv
28,kyber_neon,Kyber-512,INVNTT,285.0,257.0,285.0,28.0,28.65,10000,block-28-kyber-neon-512.csv
28,kyber_neon,Kyber-512,BaseMulAcc,274.0,251.0,276.0,25.0,25.04,10000,block-28-kyber-neon-512.csv
28,kyber_neon,Kyber-512,MatrixVectorMul,1569.0,1426.0,1572.0,146.0,80.42,10000,block-28-kyber-neon-512.csv
28,kyber_neon,Kyber-512,InnerProdEnc,513.0,466.0,513.0,47.0,52.7,10000,block-28-kyber-neon-512.csv
28,kyber_neon,Kyber-512,InnerProdDec,1071.0,967.0,1073.0,106.0,65.47,10000,block-28-kyber-neon-512.csv
28,kyber_neon,Kyber-768,KeyGen,24241.0,21987.0,24615.0,2628.0,1344.99,10000,block-28-kyber-neon-768.csv
28,kyber_neon,Kyber-768,Encaps,34578.0,34199.0,34768.0,569.0,1696.74,10000,block-28-kyber-neon-768.csv
28,kyber_neon,Kyber-768,Decaps,30063.0,27060.0,30253.0,3193.0,3059.47,10000,block-28-kyber-neon-768.csv
28,kyber_neon,Kyber-768,NTT,287.0,285.0,287.0,2.0,23.94,10000,block-28-kyber-neon-768.csv
28,kyber_neon,Kyber-768,INVNTT,285.0,266.0,285.0,19.0,27.62,10000,block-28-kyber-neon-768.csv
28,kyber_neon,Kyber-768,BaseMulAcc,390.0,390.0,392.0,2.0,17.56,10000,block-28-kyber-neon-768.csv
28,kyber_neon,Kyber-768,MatrixVectorMul,2566.0,2469.0,2570.0,101.0,123.91,10000,block-28-kyber-neon-768.csv
28,kyber_neon,Kyber-768,InnerProdEnc,616.0,614.0,618.0,4.0,37.56,10000,block-28-kyber-neon-768.csv
28,kyber_neon,Kyber-768,InnerProdDec,1469.0,1460.0,1471.0,11.0,67.2,10000,block-28-kyber-neon-768.csv
28,kyber_ref,Kyber-1024,KeyGen,156722.0,143003.0,157665.0,14662.0,8522.81,10000,block-28-kyber-ref-1024.csv
28,kyber_ref,Kyber-1024,Encaps,173071.0,158414.0,173450.0,15036.0,9602.7,10000,block-28-kyber-ref-1024.csv
28,kyber_ref,Kyber-1024,Decaps,196375.0,184346.0,196938.0,12592.0,9556.94,10000,block-28-kyber-ref-1024.csv
28,kyber_ref,Kyber-1024,NTT,3600.0,3343.0,3609.0,266.0,180.48,10000,block-28-kyber-ref-1024.csv
28,kyber_ref,Kyber-1024,INVNTT,5714.0,5425.0,5720.0,295.0,221.92,10000,block-28-kyber-ref-1024.csv
28,kyber_ref,Kyber-1024,BaseMulAcc,9125.0,8871.0,9230.0,359.0,268.12,10000,block-28-kyber-ref-1024.csv
28,kyber_ref,Kyber-1024,MatrixVectorMul,76463.0,75972.0,76981.0,1009.0,1202.58,10000,block-28-kyber-ref-1024.csv
28,kyber_ref,Kyber-1024,InnerProdEnc,14888.0,14674.0,15142.0,468.0,415.42,10000,block-28-kyber-ref-1024.csv
28,kyber_ref,Kyber-1024,InnerProdDec,28709.0,28407.0,28856.0,449.0,507.22,10000,block-28-kyber-ref-1024.csv
28,kyber_ref,Kyber-512,KeyGen,53367.0,51680.0,57692.0,6012.0,4349.25,10000,block-28-kyber-ref-512.csv
28,kyber_ref,Kyber-512,Encaps,75168.0,67840.0,75543.0,7703.0,4037.84,10000,block-28-kyber-ref-512.csv
28,kyber_ref,Kyber-512,Decaps,89636.0,80805.0,90015.0,9210.0,6052.76,10000,block-28-kyber-ref-512.csv
28,kyber_ref,Kyber-512,NTT,3549.0,3247.0,3600.0,353.0,213.92,10000,block-28-kyber-ref-512.csv
28,kyber_ref,Kyber-512,INVNTT,5609.0,5293.0,5648.0,355.0,240.42,10000,block-28-kyber-ref-512.csv
28,kyber_ref,Kyber-512,BaseMulAcc,5058.0,4731.0,5105.0,374.0,236.06,10000,block-28-kyber-ref-512.csv
28,kyber_ref,Kyber-512,MatrixVectorMul,29551.0,29251.0,29715.0,464.0,570.51,10000,block-28-kyber-ref-512.csv
28,kyber_ref,Kyber-512,InnerProdEnc,10435.0,10156.0,10730.0,574.0,351.86,10000,block-28-kyber-ref-512.csv
28,kyber_ref,Kyber-512,InnerProdDec,17316.0,17222.0,17564.0,342.0,398.53,10000,block-28-kyber-ref-512.csv
28,kyber_ref,Kyber-768,KeyGen,99783.0,91138.0,100532.0,9394.0,5638.76,10000,block-28-kyber-ref-768.csv
28,kyber_ref,Kyber-768,Encaps,117445.0,116881.0,117823.0,942.0,4803.28,10000,block-28-kyber-ref-768.csv
28,kyber_ref,Kyber-768,Decaps,136053.0,123646.0,136428.0,12782.0,9311.24,10000,block-28-kyber-ref-768.csv
28,kyber_ref,Kyber-768,NTT,3634.0,3472.0,3638.0,166.0,150.59,10000,block-28-kyber-ref-768.csv
28,kyber_ref,Kyber-768,INVNTT,5646.0,5502.0,5650.0,148.0,160.34,10000,block-28-kyber-ref-768.csv
28,kyber_ref,Kyber-768,BaseMulAcc,6958.0,6787.0,6964.0,177.0,205.68,10000,block-28-kyber-ref-768.csv
28,kyber_ref,Kyber-768,MatrixVectorMul,50701.0,50386.0,50932.0,546.0,6647.97,10000,block-28-kyber-ref-768.csv
28,kyber_ref,Kyber-768,InnerProdEnc,12810.0,12611.0,13001.0,390.0,338.12,10000,block-28-kyber-ref-768.csv
28,kyber_ref,Kyber-768,InnerProdDec,23162.0,22997.0,23219.0,222.0,380.78,10000,block-28-kyber-ref-768.csv
28,kyber_sme,Kyber-1024,KeyGen,62386.0,60137.0,64083.0,3946.0,12137.73,10000,block-28-kyber-sme-1024.csv
28,kyber_sme,Kyber-1024,Encaps,75164.0,69156.0,75732.0,6576.0,31608.37,10000,block-28-kyber-sme-1024.csv
28,kyber_sme,Kyber-1024,Decaps,76480.0,74415.0,76855.0,2440.0,3810.9,10000,block-28-kyber-sme-1024.csv
28,kyber_sme,Kyber-1024,NTT,1183.0,1181.0,1183.0,2.0,27.96,10000,block-28-kyber-sme-1024.csv
28,kyber_sme,Kyber-1024,INVNTT,1103.0,1099.0,1104.0,5.0,49.76,10000,block-28-kyber-sme-1024.csv
28,kyber_sme,Kyber-1024,BaseMulAcc,1415.0,1413.0,1416.0,3.0,36.81,10000,block-28-kyber-sme-1024.csv
28,kyber_sme,Kyber-1024,MatrixVectorMul,10724.0,10705.0,10731.0,26.0,153.48,10000,block-28-kyber-sme-1024.csv
28,kyber_sme,Kyber-1024,InnerProdEnc,2038.0,2038.0,2040.0,2.0,51.76,10000,block-28-kyber-sme-1024.csv
28,kyber_sme,Kyber-1024,InnerProdDec,5113.0,5088.0,5120.0,32.0,379.23,10000,block-28-kyber-sme-1024.csv
28,kyber_sme,Kyber-512,KeyGen,28751.0,28562.0,28940.0,378.0,877.68,10000,block-28-kyber-sme-512.csv
28,kyber_sme,Kyber-512,Encaps,37582.0,37392.0,37771.0,379.0,3262.02,10000,block-28-kyber-sme-512.csv
28,kyber_sme,Kyber-512,Decaps,37956.0,37771.0,38146.0,375.0,2043.24,10000,block-28-kyber-sme-512.csv
28,kyber_sme,Kyber-512,NTT,1174.0,1172.0,1174.0,2.0,18.63,10000,block-28-kyber-sme-512.csv
28,kyber_sme,Kyber-512,INVNTT,1074.0,1074.0,1076.0,2.0,47.44,10000,block-28-kyber-sme-512.csv
28,kyber_sme,Kyber-512,BaseMulAcc,751.0,749.0,751.0,2.0,10.12,10000,block-28-kyber-sme-512.csv
28,kyber_sme,Kyber-512,MatrixVectorMul,4709.0,4696.0,4714.0,18.0,447.01,10000,block-28-kyber-sme-512.csv
28,kyber_sme,Kyber-512,InnerProdEnc,1379.0,1377.0,1379.0,2.0,38.66,10000,block-28-kyber-sme-512.csv
28,kyber_sme,Kyber-512,InnerProdDec,3671.0,3664.0,3681.0,17.0,93.12,10000,block-28-kyber-sme-512.csv
28,kyber_sme,Kyber-768,KeyGen,41533.0,39841.0,42281.0,2440.0,1356.54,10000,block-28-kyber-sme-768.csv
28,kyber_sme,Kyber-768,Encaps,52429.0,49984.0,55248.0,5264.0,4067.71,10000,block-28-kyber-sme-768.csv
28,kyber_sme,Kyber-768,Decaps,54494.0,54304.0,54684.0,380.0,2163.36,10000,block-28-kyber-sme-768.csv
28,kyber_sme,Kyber-768,NTT,1181.0,1181.0,1183.0,2.0,22.23,10000,block-28-kyber-sme-768.csv
28,kyber_sme,Kyber-768,INVNTT,1093.0,1093.0,1095.0,2.0,32.2,10000,block-28-kyber-sme-768.csv
28,kyber_sme,Kyber-768,BaseMulAcc,1091.0,1089.0,1093.0,4.0,33.37,10000,block-28-kyber-sme-768.csv
28,kyber_sme,Kyber-768,MatrixVectorMul,7272.0,7255.0,7276.0,21.0,104.27,10000,block-28-kyber-sme-768.csv
28,kyber_sme,Kyber-768,InnerProdEnc,1708.0,1706.0,1708.0,2.0,19.83,10000,block-28-kyber-sme-768.csv
28,kyber_sme,Kyber-768,InnerProdDec,4293.0,4286.0,4301.0,15.0,64.95,10000,block-28-kyber-sme-768.csv
28,kyber_sve,Kyber-1024,KeyGen,61639.0,60131.0,62386.0,2255.0,6565.66,10000,block-28-kyber-sve-1024.csv
28,kyber_sve,Kyber-1024,Encaps,75917.0,69531.0,76481.0,6950.0,13157.95,10000,block-28-kyber-sve-1024.csv
28,kyber_sve,Kyber-1024,Decaps,74226.0,72724.0,74789.0,2065.0,6899.78,10000,block-28-kyber-sve-1024.csv
28,kyber_sve,Kyber-1024,NTT,1065.0,1059.0,1086.0,27.0,186.93,10000,block-28-kyber-sve-1024.csv
28,kyber_sve,Kyber-1024,INVNTT,1116.0,1104.0,1142.0,38.0,148.35,10000,block-28-kyber-sve-1024.csv
28,kyber_sve,Kyber-1024,BaseMulAcc,1411.0,1409.0,1437.0,28.0,176.74,10000,block-28-kyber-sve-1024.csv
28,kyber_sve,Kyber-1024,MatrixVectorMul,10425.0,10303.0,10615.0,312.0,1175.99,10000,block-28-kyber-sve-1024.csv
28,kyber_sve,Kyber-1024,InnerProdEnc,1976.0,1975.0,1978.0,3.0,89.61,10000,block-28-kyber-sve-1024.csv
28,kyber_sve,Kyber-1024,InnerProdDec,4485.0,4476.0,4596.0,120.0,242.52,10000,block-28-kyber-sve-1024.csv
28,kyber_sve,Kyber-512,KeyGen,27624.0,27435.0,27814.0,379.0,3668.1,10000,block-28-kyber-sve-512.csv
28,kyber_sve,Kyber-512,Encaps,37397.0,37208.0,37771.0,563.0,10328.42,10000,block-28-kyber-sve-512.csv
28,kyber_sve,Kyber-512,Decaps,35891.0,35705.0,36080.0,375.0,4055.55,10000,block-28-kyber-sve-512.csv
28,kyber_sve,Kyber-512,NTT,1059.0,1052.0,1078.0,26.0,141.24,10000,block-28-kyber-sve-512.csv
28,kyber_sve,Kyber-512,INVNTT,1121.0,1114.0,1123.0,9.0,148.89,10000,block-28-kyber-sve-512.csv
28,kyber_sve,Kyber-512,BaseMulAcc,747.0,746.0,749.0,3.0,66.47,10000,block-28-kyber-sve-512.csv
28,kyber_sve,Kyber-512,MatrixVectorMul,4481.0,4468.0,4686.0,218.0,335.1,10000,block-28-kyber-sve-512.csv
28,kyber_sve,Kyber-512,InnerProdEnc,1317.0,1315.0,1321.0,6.0,121.57,10000,block-28-kyber-sve-512.csv
28,kyber_sve,Kyber-512,InnerProdDec,3363.0,3341.0,3553.0,212.0,293.06,10000,block-28-kyber-sve-512.csv
28,kyber_sve,Kyber-768,KeyGen,42845.0,41907.0,44162.0,2255.0,5179.86,10000,block-28-kyber-sve-768.csv
28,kyber_sve,Kyber-768,Encaps,51865.0,48856.0,54120.0,5264.0,12687.62,10000,block-28-kyber-sve-768.csv
28,kyber_sve,Kyber-768,Decaps,54684.0,54310.0,55058.0,748.0,6056.87,10000,block-28-kyber-sve-768.csv
28,kyber_sve,Kyber-768,NTT,1071.0,1059.0,1093.0,34.0,158.9,10000,block-28-kyber-sve-768.csv
28,kyber_sve,Kyber-768,INVNTT,1133.0,1129.0,1153.0,24.0,171.08,10000,block-28-kyber-sve-768.csv
28,kyber_sve,Kyber-768,BaseMulAcc,1095.0,1091.0,1140.0,49.0,515.76,10000,block-28-kyber-sve-768.csv
28,kyber_sve,Kyber-768,MatrixVectorMul,7106.0,6981.0,7313.0,332.0,468.99,10000,block-28-kyber-sve-768.csv
28,kyber_sve,Kyber-768,InnerProdEnc,1657.0,1655.0,1687.0,32.0,166.58,10000,block-28-kyber-sve-768.csv
28,kyber_sve,Kyber-768,InnerProdDec,3801.0,3790.0,3991.0,201.0,308.5,10000,block-28-kyber-sve-768.csv
28,mlkem_neon,ML-KEM-1024,KeyGen,59758.0,54309.0,60321.0,6012.0,3009.91,10000,block-28-mlkem-neon-1024.csv
28,mlkem_neon,ML-KEM-1024,Encaps,64457.0,58445.0,65020.0,6575.0,3606.65,10000,block-28-mlkem-neon-1024.csv
28,mlkem_neon,ML-KEM-1024,Decaps,76107.0,69715.0,76670.0,6955.0,5051.44,10000,block-28-mlkem-neon-1024.csv
28,mlkem_neon,ML-KEM-1024,NTT,221.0,201.0,223.0,22.0,14.2,10000,block-28-mlkem-neon-1024.csv
28,mlkem_neon,ML-KEM-1024,INVNTT,257.0,231.0,257.0,26.0,27.78,10000,block-28-mlkem-neon-1024.csv
28,mlkem_neon,ML-KEM-1024,BaseMulAcc,280.0,261.0,283.0,22.0,22.41,10000,block-28-mlkem-neon-1024.csv
28,mlkem_neon,ML-KEM-1024,MatrixVectorMul,3226.0,3029.0,3241.0,212.0,241.71,10000,block-28-mlkem-neon-1024.csv
28,mlkem_neon,ML-KEM-1024,InnerProdEnc,533.0,516.0,537.0,21.0,35.4,10000,block-28-mlkem-neon-1024.csv
28,mlkem_neon,ML-KEM-1024,InnerProdDec,1512.0,1482.0,1518.0,36.0,74.5,10000,block-28-mlkem-neon-1024.csv
28,mlkem_neon,ML-KEM-512,KeyGen,23114.0,21233.0,23677.0,2444.0,1278.9,10000,block-28-mlkem-neon-512.csv
28,mlkem_neon,ML-KEM-512,Encaps,26870.0,24431.0,27060.0,2629.0,2003.22,10000,block-28-mlkem-neon-512.csv
28,mlkem_neon,ML-KEM-512,Decaps,33071.0,29879.0,33262.0,3383.0,3984.78,10000,block-28-mlkem-neon-512.csv
28,mlkem_neon,ML-KEM-512,NTT,221.0,202.0,225.0,23.0,32.79,10000,block-28-mlkem-neon-512.csv
28,mlkem_neon,ML-KEM-512,INVNTT,257.0,233.0,259.0,26.0,12.84,10000,block-28-mlkem-neon-512.csv
28,mlkem_neon,ML-KEM-512,BaseMulAcc,163.0,163.0,163.0,0.0,14.26,10000,block-28-mlkem-neon-512.csv
28,mlkem_neon,ML-KEM-512,MatrixVectorMul,1369.0,1309.0,1373.0,64.0,70.59,10000,block-28-mlkem-neon-512.csv
28,mlkem_neon,ML-KEM-512,InnerProdEnc,419.0,381.0,420.0,39.0,40.94,10000,block-28-mlkem-neon-512.csv
28,mlkem_neon,ML-KEM-512,InnerProdDec,890.0,886.0,894.0,8.0,38.13,10000,block-28-mlkem-neon-512.csv
28,mlkem_neon,ML-KEM-768,KeyGen,40590.0,40216.0,40964.0,748.0,2295.36,10000,block-28-mlkem-neon-768.csv
28,mlkem_neon,ML-KEM-768,Encaps,43598.0,43034.0,43972.0,938.0,2563.75,10000,block-28-mlkem-neon-768.csv
28,mlkem_neon,ML-KEM-768,Decaps,51865.0,47544.0,52239.0,4695.0,2814.82,10000,block-28-mlkem-neon-768.csv
28,mlkem_neon,ML-KEM-768,NTT,223.0,221.0,225.0,4.0,12.17,10000,block-28-mlkem-neon-768.csv
28,mlkem_neon,ML-KEM-768,INVNTT,257.0,257.0,259.0,2.0,10.45,10000,block-28-mlkem-neon-768.csv
28,mlkem_neon,ML-KEM-768,BaseMulAcc,219.0,199.0,221.0,22.0,14.59,10000,block-28-mlkem-neon-768.csv
28,mlkem_neon,ML-KEM-768,MatrixVectorMul,2234.0,2191.0,2239.0,48.0,151.43,10000,block-28-mlkem-neon-768.csv
28,mlkem_neon,ML-KEM-768,InnerProdEnc,477.0,475.0,477.0,2.0,21.98,10000,block-28-mlkem-neon-768.csv
28,mlkem_neon,ML-KEM-768,InnerProdDec,1195.0,1191.0,1200.0,9.0,45.83,10000,block-28-mlkem-neon-768.csv
28,mlkem_ref,ML-KEM-1024,KeyGen,76855.0,74605.0,77234.0,2629.0,5278.16,10000,block-28-mlkem-ref-1024.csv
28,mlkem_ref,ML-KEM-1024,Encaps,83999.0,76480.0,84562.0,8082.0,5562.28,10000,block-28-mlkem-ref-1024.csv
28,mlkem_ref,ML-KEM-1024,Decaps,94899.0,88698.0,95274.0,6576.0,4500.01,10000,block-28-mlkem-ref-1024.csv
28,mlkem_ref,ML-KEM-1024,NTT,520.0,513.0,522.0,9.0,53.99,10000,block-28-mlkem-ref-1024.csv
28,mlkem_ref,ML-KEM-1024,INVNTT,886.0,871.0,886.0,15.0,47.45,10000,block-28-mlkem-ref-1024.csv
28,mlkem_ref,ML-KEM-1024,BaseMulAcc,310.0,310.0,311.0,1.0,14.18,10000,block-28-mlkem-ref-1024.csv
28,mlkem_ref,ML-KEM-1024,MatrixVectorMul,7635.0,7355.0,7672.0,317.0,215.25,10000,block-28-mlkem-ref-1024.csv
28,mlkem_ref,ML-KEM-1024,InnerProdEnc,1195.0,1168.0,1195.0,27.0,69.85,10000,block-28-mlkem-ref-1024.csv
28,mlkem_ref,ML-KEM-1024,InnerProdDec,3619.0,3568.0,3624.0,56.0,130.07,10000,block-28-mlkem-ref-1024.csv
28,mlkem_ref,ML-KEM-512,KeyGen,29689.0,29130.0,29879.0,749.0,1368.01,10000,block-28-mlkem-ref-512.csv
28,mlkem_ref,ML-KEM-512,Encaps,35142.0,32134.0,35332.0,3198.0,2452.99,10000,block-28-mlkem-ref-512.csv
28,mlkem_ref,ML-KEM-512,Decaps,41902.0,37956.0,42097.0,4141.0,4556.73,10000,block-28-mlkem-ref-512.csv
28,mlkem_ref,ML-KEM-512,NTT,520.0,520.0,520.0,0.0,31.5,10000,block-28-mlkem-ref-512.csv
28,mlkem_ref,ML-KEM-512,INVNTT,886.0,873.0,886.0,13.0,41.8,10000,block-28-mlkem-ref-512.csv
28,mlkem_ref,ML-KEM-512,BaseMulAcc,189.0,189.0,189.0,0.0,8.82,10000,block-28-mlkem-ref-512.csv
28,mlkem_ref,ML-KEM-512,MatrixVectorMul,3566.0,3452.0,3585.0,133.0,163.83,10000,block-28-mlkem-ref-512.csv
28,mlkem_ref,ML-KEM-512,InnerProdEnc,1074.0,1039.0,1076.0,37.0,48.88,10000,block-28-mlkem-ref-512.csv
28,mlkem_ref,ML-KEM-512,InnerProdDec,2273.0,2270.0,2277.0,7.0,89.43,10000,block-28-mlkem-ref-512.csv
28,mlkem_ref,ML-KEM-768,KeyGen,52050.0,51491.0,52244.0,753.0,2316.2,10000,block-28-mlkem-ref-768.csv
28,mlkem_ref,ML-KEM-768,Encaps,57313.0,56375.0,57687.0,1312.0,3035.16,10000,block-28-mlkem-ref-768.csv
28,mlkem_ref,ML-KEM-768,Decaps,65211.0,64831.0,65585.0,754.0,3232.9,10000,block-28-mlkem-ref-768.csv
28,mlkem_ref,ML-KEM-768,NTT,520.0,520.0,522.0,2.0,29.75,10000,block-28-mlkem-ref-768.csv
28,mlkem_ref,ML-KEM-768,INVNTT,886.0,839.0,886.0,47.0,64.62,10000,block-28-mlkem-ref-768.csv
28,mlkem_ref,ML-KEM-768,BaseMulAcc,246.0,246.0,248.0,2.0,8.88,10000,block-28-mlkem-ref-768.csv
28,mlkem_ref,ML-KEM-768,MatrixVectorMul,5551.0,5387.0,5556.0,169.0,161.49,10000,block-28-mlkem-ref-768.csv
28,mlkem_ref,ML-KEM-768,InnerProdEnc,1131.0,1129.0,1133.0,4.0,53.59,10000,block-28-mlkem-ref-768.csv
28,mlkem_ref,ML-KEM-768,InnerProdDec,2937.0,2935.0,2963.0,28.0,90.29,10000,block-28-mlkem-ref-768.csv
28,mlkem_sme,ML-KEM-1024,KeyGen,90390.0,80242.0,91327.0,11085.0,5602.35,10000,block-28-mlkem-sme-1024.csv
28,mlkem_sme,ML-KEM-1024,Encaps,102413.0,101665.0,102792.0,1127.0,7042.67,10000,block-28-mlkem-sme-1024.csv
28,mlkem_sme,ML-KEM-1024,Decaps,113124.0,112376.0,122708.0,10332.0,7768.21,10000,block-28-mlkem-sme-1024.csv
28,mlkem_sme,ML-KEM-1024,NTT,1159.0,1159.0,1161.0,2.0,51.76,10000,block-28-mlkem-sme-1024.csv
28,mlkem_sme,ML-KEM-1024,INVNTT,1076.0,1076.0,1078.0,2.0,27.63,10000,block-28-mlkem-sme-1024.csv
28,mlkem_sme,ML-KEM-1024,BaseMulAcc,1181.0,1180.0,1183.0,3.0,36.32,10000,block-28-mlkem-sme-1024.csv
28,mlkem_sme,ML-KEM-1024,MatrixVectorMul,12024.0,11992.0,12032.0,40.0,189.28,10000,block-28-mlkem-sme-1024.csv
28,mlkem_sme,ML-KEM-1024,InnerProdEnc,1794.0,1792.0,1796.0,4.0,38.71,10000,block-28-mlkem-sme-1024.csv
28,mlkem_sme,ML-KEM-1024,InnerProdDec,5344.0,5321.0,5353.0,32.0,105.56,10000,block-28-mlkem-sme-1024.csv
28,mlkem_sme,ML-KEM-512,KeyGen,36828.0,36459.0,37018.0,559.0,1881.99,10000,block-28-mlkem-sme-512.csv
28,mlkem_sme,ML-KEM-512,Encaps,43409.0,41154.0,43783.0,2629.0,1683.02,10000,block-28-mlkem-sme-512.csv
28,mlkem_sme,ML-KEM-512,Decaps,57502.0,56939.0,57877.0,938.0,1183.55,10000,block-28-mlkem-sme-512.csv
28,mlkem_sme,ML-KEM-512,NTT,1172.0,1172.0,1174.0,2.0,54.0,10000,block-28-mlkem-sme-512.csv
28,mlkem_sme,ML-KEM-512,INVNTT,1078.0,1076.0,1078.0,2.0,40.38,10000,block-28-mlkem-sme-512.csv
28,mlkem_sme,ML-KEM-512,BaseMulAcc,633.0,631.0,633.0,2.0,24.84,10000,block-28-mlkem-sme-512.csv
28,mlkem_sme,ML-KEM-512,MatrixVectorMul,5041.0,5030.0,5049.0,19.0,105.65,10000,block-28-mlkem-sme-512.csv
28,mlkem_sme,ML-KEM-512,InnerProdEnc,1255.0,1253.0,1257.0,4.0,28.56,10000,block-28-mlkem-sme-512.csv
28,mlkem_sme,ML-KEM-512,InnerProdDec,3437.0,3431.0,3446.0,15.0,90.91,10000,block-28-mlkem-sme-512.csv
28,mlkem_sme,ML-KEM-768,KeyGen,60885.0,59757.0,61823.0,2066.0,4199.69,10000,block-28-mlkem-sme-768.csv
28,mlkem_sme,ML-KEM-768,Encaps,70095.0,65958.0,70659.0,4701.0,25218.81,10000,block-28-mlkem-sme-768.csv
28,mlkem_sme,ML-KEM-768,Decaps,83061.0,81934.0,86069.0,4135.0,4198.8,10000,block-28-mlkem-sme-768.csv
28,mlkem_sme,ML-KEM-768,NTT,1180.0,1163.0,1185.0,22.0,102.47,10000,block-28-mlkem-sme-768.csv
28,mlkem_sme,ML-KEM-768,INVNTT,1091.0,1089.0,1091.0,2.0,19.55,10000,block-28-mlkem-sme-768.csv
28,mlkem_sme,ML-KEM-768,BaseMulAcc,911.0,911.0,913.0,2.0,12.63,10000,block-28-mlkem-sme-768.csv
28,mlkem_sme,ML-KEM-768,MatrixVectorMul,8134.0,8121.0,8140.0,19.0,188.13,10000,block-28-mlkem-sme-768.csv
28,mlkem_sme,ML-KEM-768,InnerProdEnc,1525.0,1524.0,1527.0,3.0,16.06,10000,block-28-mlkem-sme-768.csv
28,mlkem_sme,ML-KEM-768,InnerProdDec,4921.0,4906.0,4940.0,34.0,81.36,10000,block-28-mlkem-sme-768.csv
28,mlkem_sve,ML-KEM-1024,KeyGen,91143.0,80616.0,92076.0,11460.0,10268.23,10000,block-28-mlkem-sve-1024.csv
28,mlkem_sve,ML-KEM-1024,Encaps,103356.0,102976.0,103914.0,938.0,7526.06,10000,block-28-mlkem-sve-1024.csv
28,mlkem_sve,ML-KEM-1024,Decaps,112560.0,111812.0,121960.0,10148.0,13356.57,10000,block-28-mlkem-sve-1024.csv
28,mlkem_sve,ML-KEM-1024,NTT,1048.0,1042.0,1056.0,14.0,81.39,10000,block-28-mlkem-sve-1024.csv
28,mlkem_sve,ML-KEM-1024,INVNTT,1103.0,1080.0,1108.0,28.0,119.55,10000,block-28-mlkem-sve-1024.csv
28,mlkem_sve,ML-KEM-1024,BaseMulAcc,1180.0,1180.0,1181.0,1.0,57.39,10000,block-28-mlkem-sve-1024.csv
28,mlkem_sve,ML-KEM-1024,MatrixVectorMul,11686.0,11609.0,11842.0,233.0,433.04,10000,block-28-mlkem-sve-1024.csv
28,mlkem_sve,ML-KEM-1024,InnerProdEnc,1751.0,1749.0,1753.0,4.0,114.4,10000,block-28-mlkem-sve-1024.csv
28,mlkem_sve,ML-KEM-1024,InnerProdDec,4658.0,4647.0,4771.0,124.0,258.33,10000,block-28-mlkem-sve-1024.csv
28,mlkem_sve,ML-KEM-512,KeyGen,36264.0,35895.0,36454.0,559.0,3373.12,10000,block-28-mlkem-sve-512.csv
28,mlkem_sve,ML-KEM-512,Encaps,44536.0,41907.0,44910.0,3003.0,4011.89,10000,block-28-mlkem-sve-512.csv
28,mlkem_sve,ML-KEM-512,Decaps,56375.0,56185.0,56749.0,564.0,2298.93,10000,block-28-mlkem-sve-512.csv
28,mlkem_sve,ML-KEM-512,NTT,1026.0,1018.0,1031.0,13.0,99.22,10000,block-28-mlkem-sve-512.csv
28,mlkem_sve,ML-KEM-512,INVNTT,1086.0,1082.0,1091.0,9.0,73.53,10000,block-28-mlkem-sve-512.csv
28,mlkem_sve,ML-KEM-512,BaseMulAcc,629.0,629.0,631.0,2.0,34.45,10000,block-28-mlkem-sve-512.csv
28,mlkem_sve,ML-KEM-512,MatrixVectorMul,4487.0,4466.0,4611.0,145.0,906.5,10000,block-28-mlkem-sve-512.csv
28,mlkem_sve,ML-KEM-512,InnerProdEnc,1195.0,1195.0,1197.0,2.0,57.16,10000,block-28-mlkem-sve-512.csv
28,mlkem_sve,ML-KEM-512,InnerProdDec,2799.0,2783.0,2805.0,22.0,153.83,10000,block-28-mlkem-sve-512.csv
28,mlkem_sve,ML-KEM-768,KeyGen,61074.0,59757.0,61638.0,1881.0,9919.78,10000,block-28-mlkem-sve-768.csv
28,mlkem_sve,ML-KEM-768,Encaps,76485.0,70094.0,77049.0,6955.0,11235.13,10000,block-28-mlkem-sve-768.csv
28,mlkem_sve,ML-KEM-768,Decaps,85126.0,82682.0,86253.0,3571.0,13642.75,10000,block-28-mlkem-sve-768.csv
28,mlkem_sve,ML-KEM-768,NTT,1058.0,1041.0,1088.0,47.0,168.95,10000,block-28-mlkem-sve-768.csv
28,mlkem_sve,ML-KEM-768,INVNTT,1121.0,1118.0,1136.0,18.0,140.43,10000,block-28-mlkem-sve-768.csv
28,mlkem_sve,ML-KEM-768,BaseMulAcc,913.0,911.0,928.0,17.0,142.54,10000,block-28-mlkem-sve-768.csv
28,mlkem_sve,ML-KEM-768,MatrixVectorMul,7852.0,7706.0,8084.0,378.0,1284.99,10000,block-28-mlkem-sve-768.csv
28,mlkem_sve,ML-KEM-768,InnerProdEnc,1477.0,1475.0,1486.0,11.0,151.56,10000,block-28-mlkem-sve-768.csv
28,mlkem_sve,ML-KEM-768,InnerProdDec,4397.0,4382.0,4600.0,218.0,358.06,10000,block-28-mlkem-sve-768.csv
29,kyber_neon,Kyber-1024,KeyGen,31570.0,31385.0,32134.0,749.0,1739.29,10000,block-29-kyber-neon-1024.csv
29,kyber_neon,Kyber-1024,Encaps,43788.0,43409.0,48482.0,5073.0,3106.12,10000,block-29-kyber-neon-1024.csv
29,kyber_neon,Kyber-1024,Decaps,42281.0,38709.0,43035.0,4326.0,4904.72,10000,block-29-kyber-neon-1024.csv
29,kyber_neon,Kyber-1024,NTT,285.0,257.0,285.0,28.0,28.98,10000,block-29-kyber-neon-1024.csv
29,kyber_neon,Kyber-1024,INVNTT,285.0,283.0,285.0,2.0,12.9,10000,block-29-kyber-neon-1024.csv
29,kyber_neon,Kyber-1024,BaseMulAcc,505.0,454.0,507.0,53.0,29.47,10000,block-29-kyber-neon-1024.csv
29,kyber_neon,Kyber-1024,MatrixVectorMul,3703.0,3416.0,3713.0,297.0,188.89,10000,block-29-kyber-neon-1024.csv
29,kyber_neon,Kyber-1024,InnerProdEnc,725.0,672.0,727.0,55.0,37.29,10000,block-29-kyber-neon-1024.csv
29,kyber_neon,Kyber-1024,InnerProdDec,1890.0,1770.0,1894.0,124.0,98.64,10000,block-29-kyber-neon-1024.csv
29,kyber_neon,Kyber-512,KeyGen,13720.0,13715.0,13909.0,194.0,1660.89,10000,block-29-kyber-neon-512.csv
29,kyber_neon,Kyber-512,Encaps,22739.0,20859.0,23303.0,2444.0,2360.71,10000,block-29-kyber-neon-512.csv
29,kyber_neon,Kyber-512,Decaps,17855.0,17666.0,19731.0,2065.0,1497.47,10000,block-29-kyber-neon-512.csv
29,kyber_neon,Kyber-512,NTT,287.0,259.0,287.0,28.0,15.66,10000,block-29-kyber-neon-512.csv
29,kyber_neon,Kyber-512,INVNTT,287.0,283.0,287.0,4.0,15.41,10000,block-29-kyber-neon-512.csv
29,kyber_neon,Kyber-512,BaseMulAcc,274.0,248.0,276.0,28.0,13.36,10000,block-29-kyber-neon-512.csv
29,kyber_neon,Kyber-512,MatrixVectorMul,1570.0,1439.0,1572.0,133.0,96.98,10000,block-29-kyber-neon-512.csv
29,kyber_neon,Kyber-512,InnerProdEnc,511.0,466.0,513.0,47.0,26.81,10000,block-29-kyber-neon-512.csv
29,kyber_neon,Kyber-512,InnerProdDec,1071.0,1031.0,1073.0,42.0,62.52,10000,block-29-kyber-neon-512.csv
29,kyber_neon,Kyber-768,KeyGen,22360.0,21986.0,24431.0,2445.0,1594.38,10000,block-29-kyber-neon-768.csv
29,kyber_neon,Kyber-768,Encaps,34574.0,31381.0,34767.0,3386.0,2321.9,10000,block-29-kyber-neon-768.csv
29,kyber_neon,Kyber-768,Decaps,29879.0,27060.0,30253.0,3193.0,1894.06,10000,block-29-kyber-neon-768.csv
29,kyber_neon,Kyber-768,NTT,287.0,285.0,287.0,2.0,12.53,10000,block-29-kyber-neon-768.csv
29,kyber_neon,Kyber-768,INVNTT,285.0,283.0,287.0,4.0,14.42,10000,block-29-kyber-neon-768.csv
29,kyber_neon,Kyber-768,BaseMulAcc,390.0,390.0,392.0,2.0,17.7,10000,block-29-kyber-neon-768.csv
29,kyber_neon,Kyber-768,MatrixVectorMul,2566.0,2472.0,2570.0,98.0,117.96,10000,block-29-kyber-neon-768.csv
29,kyber_neon,Kyber-768,InnerProdEnc,616.0,612.0,618.0,6.0,39.69,10000,block-29-kyber-neon-768.csv
29,kyber_neon,Kyber-768,InnerProdDec,1469.0,1458.0,1471.0,13.0,61.13,10000,block-29-kyber-neon-768.csv
29,kyber_ref,Kyber-1024,KeyGen,156159.0,141691.0,157660.0,15969.0,8930.59,10000,block-29-kyber-ref-1024.csv
29,kyber_ref,Kyber-1024,Encaps,172882.0,156159.0,173446.0,17287.0,10013.65,10000,block-29-kyber-ref-1024.csv
29,kyber_ref,Kyber-1024,Decaps,196559.0,178524.0,197123.0,18599.0,10698.61,10000,block-29-kyber-ref-1024.csv
29,kyber_ref,Kyber-1024,NTT,3598.0,3281.0,3611.0,330.0,172.49,10000,block-29-kyber-ref-1024.csv
29,kyber_ref,Kyber-1024,INVNTT,5579.0,5239.0,5720.0,481.0,1185.76,10000,block-29-kyber-ref-1024.csv
29,kyber_ref,Kyber-1024,BaseMulAcc,9080.0,8792.0,9232.0,440.0,317.3,10000,block-29-kyber-ref-1024.csv
29,kyber_ref,Kyber-1024,MatrixVectorMul,76600.0,75991.0,77145.0,1154.0,2117.35,10000,block-29-kyber-ref-1024.csv
29,kyber_ref,Kyber-1024,InnerProdEnc,14858.0,14578.0,15093.0,515.0,420.44,10000,block-29-kyber-ref-1024.csv
29,kyber_ref,Kyber-1024,InnerProdDec,28595.0,28324.0,28747.0,423.0,515.88,10000,block-29-kyber-ref-1024.csv
29,kyber_ref,Kyber-512,KeyGen,56749.0,51865.0,57692.0,5827.0,4168.04,10000,block-29-kyber-ref-512.csv
29,kyber_ref,Kyber-512,Encaps,75168.0,68024.0,75543.0,7519.0,4499.68,10000,block-29-kyber-ref-512.csv
29,kyber_ref,Kyber-512,Decaps,89825.0,80995.0,90200.0,9205.0,4705.68,10000,block-29-kyber-ref-512.csv
29,kyber_ref,Kyber-512,NTT,3594.0,3290.0,3602.0,312.0,182.78,10000,block-29-kyber-ref-512.csv
29,kyber_ref,Kyber-512,INVNTT,5644.0,5365.0,5652.0,287.0,218.32,10000,block-29-kyber-ref-512.csv
29,kyber_ref,Kyber-512,BaseMulAcc,5103.0,4808.0,5118.0,310.0,221.38,10000,block-29-kyber-ref-512.csv
29,kyber_ref,Kyber-512,MatrixVectorMul,29647.0,29313.0,29796.0,483.0,549.79,10000,block-29-kyber-ref-512.csv
29,kyber_ref,Kyber-512,InnerProdEnc,10455.0,10183.0,10731.0,548.0,1040.76,10000,block-29-kyber-ref-512.csv
29,kyber_ref,Kyber-512,InnerProdDec,17468.0,17318.0,17658.0,340.0,375.29,10000,block-29-kyber-ref-512.csv
29,kyber_ref,Kyber-768,KeyGen,99783.0,90953.0,100348.0,9395.0,6282.25,10000,block-29-kyber-ref-768.csv
29,kyber_ref,Kyber-768,Encaps,117260.0,116696.0,117634.0,938.0,6699.21,10000,block-29-kyber-ref-768.csv
29,kyber_ref,Kyber-768,Decaps,136054.0,128724.0,136428.0,7704.0,7184.42,10000,block-29-kyber-ref-768.csv
29,kyber_ref,Kyber-768,NTT,3632.0,3483.0,3638.0,155.0,172.55,10000,block-29-kyber-ref-768.csv
29,kyber_ref,Kyber-768,INVNTT,5645.0,5502.0,5652.0,150.0,164.02,10000,block-29-kyber-ref-768.csv
29,kyber_ref,Kyber-768,BaseMulAcc,6958.0,6783.0,6966.0,183.0,175.17,10000,block-29-kyber-ref-768.csv
29,kyber_ref,Kyber-768,MatrixVectorMul,50720.0,50406.0,50900.0,494.0,1266.05,10000,block-29-kyber-ref-768.csv
29,kyber_ref,Kyber-768,InnerProdEnc,12678.0,12466.0,12945.0,479.0,579.22,10000,block-29-kyber-ref-768.csv
29,kyber_ref,Kyber-768,InnerProdDec,23220.0,23128.0,23235.0,107.0,358.42,10000,block-29-kyber-ref-768.csv
29,kyber_sme,Kyber-1024,KeyGen,62576.0,61259.0,64267.0,3008.0,2201.15,10000,block-29-kyber-sme-1024.csv
29,kyber_sme,Kyber-1024,Encaps,74789.0,69152.0,75727.0,6575.0,4292.75,10000,block-29-kyber-sme-1024.csv
29,kyber_sme,Kyber-1024,Decaps,76480.0,74415.0,76855.0,2440.0,3244.35,10000,block-29-kyber-sme-1024.csv
29,kyber_sme,Kyber-1024,NTT,1185.0,1182.0,1187.0,5.0,44.88,10000,block-29-kyber-sme-1024.csv
29,kyber_sme,Kyber-1024,INVNTT,1089.0,1088.0,1099.0,11.0,40.84,10000,block-29-kyber-sme-1024.csv
29,kyber_sme,Kyber-1024,BaseMulAcc,1409.0,1407.0,1411.0,4.0,40.12,10000,block-29-kyber-sme-1024.csv
29,kyber_sme,Kyber-1024,MatrixVectorMul,10720.0,10701.0,10730.0,29.0,154.96,10000,block-29-kyber-sme-1024.csv
29,kyber_sme,Kyber-1024,InnerProdEnc,2033.0,2031.0,2033.0,2.0,43.2,10000,block-29-kyber-sme-1024.csv
29,kyber_sme,Kyber-1024,InnerProdDec,5118.0,5094.0,5124.0,30.0,114.12,10000,block-29-kyber-sme-1024.csv
29,kyber_sme,Kyber-512,KeyGen,28751.0,28377.0,28940.0,563.0,888.33,10000,block-29-kyber-sme-512.csv
29,kyber_sme,Kyber-512,Encaps,37582.0,37397.0,37771.0,374.0,880.73,10000,block-29-kyber-sme-512.csv
29,kyber_sme,Kyber-512,Decaps,37960.0,37771.0,38146.0,375.0,1915.11,10000,block-29-kyber-sme-512.csv
29,kyber_sme,Kyber-512,NTT,1170.0,1170.0,1172.0,2.0,40.6,10000,block-29-kyber-sme-512.csv
29,kyber_sme,Kyber-512,INVNTT,1071.0,1071.0,1073.0,2.0,56.35,10000,block-29-kyber-sme-512.csv
29,kyber_sme,Kyber-512,BaseMulAcc,747.0,746.0,747.0,1.0,8.48,10000,block-29-kyber-sme-512.csv
29,kyber_sme,Kyber-512,MatrixVectorMul,4707.0,4694.0,4714.0,20.0,235.97,10000,block-29-kyber-sme-512.csv
29,kyber_sme,Kyber-512,InnerProdEnc,1377.0,1375.0,1377.0,2.0,22.54,10000,block-29-kyber-sme-512.csv
29,kyber_sme,Kyber-512,InnerProdDec,3668.0,3660.0,3675.0,15.0,87.25,10000,block-29-kyber-sme-512.csv
29,kyber_sme,Kyber-768,KeyGen,41533.0,39842.0,42281.0,2439.0,1436.9,10000,block-29-kyber-sme-768.csv
29,kyber_sme,Kyber-768,Encaps,52803.0,49985.0,55622.0,5637.0,3301.48,10000,block-29-kyber-sme-768.csv
29,kyber_sme,Kyber-768,Decaps,54494.0,54305.0,54684.0,379.0,1956.21,10000,block-29-kyber-sme-768.csv
29,kyber_sme,Kyber-768,NTT,1185.0,1183.0,1185.0,2.0,40.62,10000,block-29-kyber-sme-768.csv
29,kyber_sme,Kyber-768,INVNTT,1093.0,1093.0,1095.0,2.0,116.56,10000,block-29-kyber-sme-768.csv
29,kyber_sme,Kyber-768,BaseMulAcc,1093.0,1091.0,1095.0,4.0,33.7,10000,block-29-kyber-sme-768.csv
29,kyber_sme,Kyber-768,MatrixVectorMul,7276.0,7255.0,7279.0,24.0,85.85,10000,block-29-kyber-sme-768.csv
29,kyber_sme,Kyber-768,InnerProdEnc,1708.0,1708.0,1710.0,2.0,19.83,10000,block-29-kyber-sme-768.csv
29,kyber_sme,Kyber-768,InnerProdDec,4291.0,4284.0,4295.0,11.0,67.59,10000,block-29-kyber-sme-768.csv
29,kyber_sve,Kyber-1024,KeyGen,61449.0,60132.0,62202.0,2070.0,3582.72,10000,block-29-kyber-sve-1024.csv
29,kyber_sve,Kyber-1024,Encaps,75728.0,69531.0,76296.0,6765.0,9946.27,10000,block-29-kyber-sve-1024.csv
29,kyber_sve,Kyber-1024,Decaps,74225.0,72724.0,74605.0,1881.0,4696.93,10000,block-29-kyber-sve-1024.csv
29,kyber_sve,Kyber-1024,NTT,1059.0,1052.0,1063.0,11.0,132.48,10000,block-29-kyber-sve-1024.csv
29,kyber_sve,Kyber-1024,INVNTT,1106.0,1101.0,1119.0,18.0,74.07,10000,block-29-kyber-sve-1024.csv
29,kyber_sve,Kyber-1024,BaseMulAcc,1409.0,1407.0,1411.0,4.0,121.37,10000,block-29-kyber-sve-1024.csv
29,kyber_sve,Kyber-1024,MatrixVectorMul,10314.0,10299.0,10512.0,213.0,371.98,10000,block-29-kyber-sve-1024.csv
29,kyber_sve,Kyber-1024,InnerProdEnc,1976.0,1975.0,1978.0,3.0,154.63,10000,block-29-kyber-sve-1024.csv
29,kyber_sve,Kyber-1024,InnerProdDec,4487.0,4476.0,4596.0,120.0,231.2,10000,block-29-kyber-sve-1024.csv
29,kyber_sve,Kyber-512,KeyGen,27624.0,27439.0,27813.0,374.0,2446.74,10000,block-29-kyber-sve-512.csv
29,kyber_sve,Kyber-512,Encaps,37397.0,37208.0,37587.0,379.0,3765.11,10000,block-29-kyber-sve-512.csv
29,kyber_sve,Kyber-512,Decaps,35890.0,35701.0,36080.0,379.0,2937.05,10000,block-29-kyber-sve-512.csv
29,kyber_sve,Kyber-512,NTT,1058.0,1052.0,1059.0,7.0,120.67,10000,block-29-kyber-sve-512.csv
29,kyber_sve,Kyber-512,INVNTT,1121.0,1119.0,1121.0,2.0,79.05,10000,block-29-kyber-sve-512.csv
29,kyber_sve,Kyber-512,BaseMulAcc,751.0,749.0,751.0,2.0,79.31,10000,block-29-kyber-sve-512.csv
29,kyber_sve,Kyber-512,MatrixVectorMul,4474.0,4464.0,4585.0,121.0,240.53,10000,block-29-kyber-sve-512.csv
29,kyber_sve,Kyber-512,InnerProdEnc,1319.0,1319.0,1321.0,2.0,63.48,10000,block-29-kyber-sve-512.csv
29,kyber_sve,Kyber-512,InnerProdDec,3350.0,3337.0,3361.0,24.0,216.57,10000,block-29-kyber-sve-512.csv
29,kyber_sve,Kyber-768,KeyGen,42466.0,40779.0,43029.0,2250.0,7016.32,10000,block-29-kyber-sve-768.csv
29,kyber_sve,Kyber-768,Encaps,51681.0,48672.0,54120.0,5448.0,9016.09,10000,block-29-kyber-sve-768.csv
29,kyber_sve,Kyber-768,Decaps,54684.0,54494.0,54874.0,380.0,9043.33,10000,block-29-kyber-sve-768.csv
29,kyber_sve,Kyber-768,NTT,1059.0,1054.0,1071.0,17.0,80.12,10000,block-29-kyber-sve-768.csv
29,kyber_sve,Kyber-768,INVNTT,1129.0,1125.0,1133.0,8.0,129.41,10000,block-29-kyber-sve-768.csv
29,kyber_sve,Kyber-768,BaseMulAcc,1093.0,1093.0,1095.0,2.0,63.86,10000,block-29-kyber-sve-768.csv
29,kyber_sve,Kyber-768,MatrixVectorMul,6982.0,6977.0,7176.0,199.0,289.01,10000,block-29-kyber-sve-768.csv
29,kyber_sve,Kyber-768,InnerProdEnc,1657.0,1657.0,1659.0,2.0,133.48,10000,block-29-kyber-sve-768.csv
29,kyber_sve,Kyber-768,InnerProdDec,3803.0,3792.0,3810.0,18.0,197.85,10000,block-29-kyber-sve-768.csv
29,mlkem_neon,ML-KEM-1024,KeyGen,59758.0,54309.0,60321.0,6012.0,4759.07,10000,block-29-mlkem-neon-1024.csv
29,mlkem_neon,ML-KEM-1024,Encaps,64457.0,58256.0,65016.0,6760.0,4353.1,10000,block-29-mlkem-neon-1024.csv
29,mlkem_neon,ML-KEM-1024,Decaps,76106.0,69157.0,76670.0,7513.0,3826.21,10000,block-29-mlkem-neon-1024.csv
29,mlkem_neon,ML-KEM-1024,NTT,219.0,208.0,221.0,13.0,10.5,10000,block-29-mlkem-neon-1024.csv
29,mlkem_neon,ML-KEM-1024,INVNTT,257.0,257.0,259.0,2.0,20.58,10000,block-29-mlkem-neon-1024.csv
29,mlkem_neon,ML-KEM-1024,BaseMulAcc,279.0,255.0,281.0,26.0,39.72,10000,block-29-mlkem-neon-1024.csv
29,mlkem_neon,ML-KEM-1024,MatrixVectorMul,3222.0,3066.0,3232.0,166.0,146.83,10000,block-29-mlkem-neon-1024.csv
29,mlkem_neon,ML-KEM-1024,InnerProdEnc,533.0,531.0,537.0,6.0,27.23,10000,block-29-mlkem-neon-1024.csv
29,mlkem_neon,ML-KEM-1024,InnerProdDec,1510.0,1484.0,1518.0,34.0,74.45,10000,block-29-mlkem-neon-1024.csv
29,mlkem_neon,ML-KEM-512,KeyGen,21797.0,21233.0,23677.0,2444.0,2583.42,10000,block-29-mlkem-neon-512.csv
29,mlkem_neon,ML-KEM-512,Encaps,26871.0,25369.0,27060.0,1691.0,2637.68,10000,block-29-mlkem-neon-512.csv
29,mlkem_neon,ML-KEM-512,Decaps,33076.0,30253.0,33446.0,3193.0,2399.74,10000,block-29-mlkem-neon-512.csv
29,mlkem_neon,ML-KEM-512,NTT,223.0,219.0,225.0,6.0,13.19,10000,block-29-mlkem-neon-512.csv
29,mlkem_neon,ML-KEM-512,INVNTT,257.0,257.0,259.0,2.0,11.3,10000,block-29-mlkem-neon-512.csv
29,mlkem_neon,ML-KEM-512,BaseMulAcc,163.0,163.0,165.0,2.0,7.55,10000,block-29-mlkem-neon-512.csv
29,mlkem_neon,ML-KEM-512,MatrixVectorMul,1369.0,1313.0,1373.0,60.0,80.49,10000,block-29-mlkem-neon-512.csv
29,mlkem_neon,ML-KEM-512,InnerProdEnc,419.0,377.0,420.0,43.0,24.85,10000,block-29-mlkem-neon-512.csv
29,mlkem_neon,ML-KEM-512,InnerProdDec,892.0,888.0,894.0,6.0,35.11,10000,block-29-mlkem-neon-512.csv
29,mlkem_neon,ML-KEM-768,KeyGen,40590.0,37208.0,40780.0,3572.0,2551.62,10000,block-29-mlkem-neon-768.csv
29,mlkem_neon,ML-KEM-768,Encaps,43599.0,43408.0,43973.0,565.0,2373.89,10000,block-29-mlkem-neon-768.csv
29,mlkem_neon,ML-KEM-768,Decaps,51865.0,51486.0,52244.0,758.0,2480.29,10000,block-29-mlkem-neon-768.csv
29,mlkem_neon,ML-KEM-768,NTT,223.0,204.0,225.0,21.0,14.09,10000,block-29-mlkem-neon-768.csv
29,mlkem_neon,ML-KEM-768,INVNTT,257.0,257.0,259.0,2.0,9.9,10000,block-29-mlkem-neon-768.csv
29,mlkem_neon,ML-KEM-768,BaseMulAcc,219.0,217.0,221.0,4.0,13.28,10000,block-29-mlkem-neon-768.csv
29,mlkem_neon,ML-KEM-768,MatrixVectorMul,2234.0,2226.0,2239.0,13.0,171.44,10000,block-29-mlkem-neon-768.csv
29,mlkem_neon,ML-KEM-768,InnerProdEnc,477.0,475.0,477.0,2.0,28.72,10000,block-29-mlkem-neon-768.csv
29,mlkem_neon,ML-KEM-768,InnerProdDec,1195.0,1191.0,1200.0,9.0,44.51,10000,block-29-mlkem-neon-768.csv
29,mlkem_ref,ML-KEM-1024,KeyGen,77044.0,69905.0,77423.0,7518.0,5391.64,10000,block-29-mlkem-ref-1024.csv
29,mlkem_ref,ML-KEM-1024,Encaps,83999.0,76486.0,84562.0,8076.0,4252.22,10000,block-29-mlkem-ref-1024.csv
29,mlkem_ref,ML-KEM-1024,Decaps,95084.0,86438.0,95463.0,9025.0,5315.41,10000,block-29-mlkem-ref-1024.csv
29,mlkem_ref,ML-KEM-1024,NTT,520.0,486.0,520.0,34.0,45.71,10000,block-29-mlkem-ref-1024.csv
29,mlkem_ref,ML-KEM-1024,INVNTT,886.0,881.0,886.0,5.0,39.88,10000,block-29-mlkem-ref-1024.csv
29,mlkem_ref,ML-KEM-1024,BaseMulAcc,310.0,308.0,311.0,3.0,16.26,10000,block-29-mlkem-ref-1024.csv
29,mlkem_ref,ML-KEM-1024,MatrixVectorMul,7625.0,7317.0,7674.0,357.0,252.05,10000,block-29-mlkem-ref-1024.csv
29,mlkem_ref,ML-KEM-1024,InnerProdEnc,1195.0,1155.0,1197.0,42.0,62.96,10000,block-29-mlkem-ref-1024.csv
29,mlkem_ref,ML-KEM-1024,InnerProdDec,3619.0,3549.0,3623.0,74.0,130.38,10000,block-29-mlkem-ref-1024.csv
29,mlkem_ref,ML-KEM-512,KeyGen,29689.0,26875.0,30063.0,3188.0,2454.31,10000,block-29-mlkem-ref-512.csv
29,mlkem_ref,ML-KEM-512,Encaps,35137.0,31759.0,35331.0,3572.0,2170.45,10000,block-29-mlkem-ref-512.csv
29,mlkem_ref,ML-KEM-512,Decaps,41907.0,38146.0,42097.0,3951.0,2082.85,10000,block-29-mlkem-ref-512.csv
29,mlkem_ref,ML-KEM-512,NTT,520.0,518.0,520.0,2.0,23.54,10000,block-29-mlkem-ref-512.csv
29,mlkem_ref,ML-KEM-512,INVNTT,886.0,870.0,886.0,16.0,66.7,10000,block-29-mlkem-ref-512.csv
29,mlkem_ref,ML-KEM-512,BaseMulAcc,189.0,171.0,189.0,18.0,13.12,10000,block-29-mlkem-ref-512.csv
29,mlkem_ref,ML-KEM-512,MatrixVectorMul,3566.0,3436.0,3585.0,149.0,145.73,10000,block-29-mlkem-ref-512.csv
29,mlkem_ref,ML-KEM-512,InnerProdEnc,1074.0,997.0,1076.0,79.0,73.88,10000,block-29-mlkem-ref-512.csv
29,mlkem_ref,ML-KEM-512,InnerProdDec,2273.0,2258.0,2277.0,19.0,94.27,10000,block-29-mlkem-ref-512.csv
29,mlkem_ref,ML-KEM-768,KeyGen,51675.0,46791.0,52055.0,5264.0,51271.48,10000,block-29-mlkem-ref-768.csv
29,mlkem_ref,ML-KEM-768,Encaps,57129.0,51865.0,57503.0,5638.0,4958.44,10000,block-29-mlkem-ref-768.csv
29,mlkem_ref,ML-KEM-768,Decaps,65584.0,60136.0,65959.0,5823.0,5113.0,10000,block-29-mlkem-ref-768.csv
29,mlkem_ref,ML-KEM-768,NTT,520.0,518.0,522.0,4.0,19.46,10000,block-29-mlkem-ref-768.csv
29,mlkem_ref,ML-KEM-768,INVNTT,886.0,885.0,886.0,1.0,74.2,10000,block-29-mlkem-ref-768.csv
29,mlkem_ref,ML-KEM-768,BaseMulAcc,246.0,246.0,248.0,2.0,21.07,10000,block-29-mlkem-ref-768.csv
29,mlkem_ref,ML-KEM-768,MatrixVectorMul,5552.0,5398.0,5558.0,160.0,177.63,10000,block-29-mlkem-ref-768.csv
29,mlkem_ref,ML-KEM-768,InnerProdEnc,1133.0,1129.0,1134.0,5.0,49.13,10000,block-29-mlkem-ref-768.csv
29,mlkem_ref,ML-KEM-768,InnerProdDec,2939.0,2910.0,2946.0,36.0,1006.69,10000,block-29-mlkem-ref-768.csv
29,mlkem_sme,ML-KEM-1024,KeyGen,90574.0,80242.0,91327.0,11085.0,6148.56,10000,block-29-mlkem-sme-1024.csv
29,mlkem_sme,ML-KEM-1024,Encaps,102413.0,101665.0,102792.0,1127.0,6102.13,10000,block-29-mlkem-sme-1024.csv
29,mlkem_sme,ML-KEM-1024,Decaps,113314.0,112560.0,122897.0,10337.0,11872.64,10000,block-29-mlkem-sme-1024.csv
29,mlkem_sme,ML-KEM-1024,NTT,1150.0,1148.0,1153.0,5.0,55.29,10000,block-29-mlkem-sme-1024.csv
29,mlkem_sme,ML-KEM-1024,INVNTT,1063.0,1061.0,1063.0,2.0,16.86,10000,block-29-mlkem-sme-1024.csv
29,mlkem_sme,ML-KEM-1024,BaseMulAcc,1180.0,1180.0,1182.0,2.0,38.64,10000,block-29-mlkem-sme-1024.csv
29,mlkem_sme,ML-KEM-1024,MatrixVectorMul,12024.0,11994.0,12030.0,36.0,160.73,10000,block-29-mlkem-sme-1024.csv
29,mlkem_sme,ML-KEM-1024,InnerProdEnc,1792.0,1792.0,1794.0,2.0,41.36,10000,block-29-mlkem-sme-1024.csv
29,mlkem_sme,ML-KEM-1024,InnerProdDec,5353.0,5349.0,5357.0,8.0,108.93,10000,block-29-mlkem-sme-1024.csv
29,mlkem_sme,ML-KEM-512,KeyGen,36644.0,36455.0,37018.0,563.0,1087.24,10000,block-29-mlkem-sme-512.csv
29,mlkem_sme,ML-KEM-512,Encaps,43409.0,41343.0,43783.0,2440.0,2589.5,10000,block-29-mlkem-sme-512.csv
29,mlkem_sme,ML-KEM-512,Decaps,57502.0,57123.0,57692.0,569.0,3248.75,10000,block-29-mlkem-sme-512.csv
29,mlkem_sme,ML-KEM-512,NTT,1174.0,1174.0,1176.0,2.0,17.61,10000,block-29-mlkem-sme-512.csv
29,mlkem_sme,ML-KEM-512,INVNTT,1078.0,1076.0,1078.0,2.0,58.94,10000,block-29-mlkem-sme-512.csv
29,mlkem_sme,ML-KEM-512,BaseMulAcc,631.0,631.0,633.0,2.0,10.03,10000,block-29-mlkem-sme-512.csv
29,mlkem_sme,ML-KEM-512,MatrixVectorMul,5051.0,5036.0,5056.0,20.0,114.96,10000,block-29-mlkem-sme-512.csv
29,mlkem_sme,ML-KEM-512,InnerProdEnc,1251.0,1249.0,1253.0,4.0,36.16,10000,block-29-mlkem-sme-512.csv
29,mlkem_sme,ML-KEM-512,InnerProdDec,3448.0,3444.0,3450.0,6.0,96.95,10000,block-29-mlkem-sme-512.csv
29,mlkem_sme,ML-KEM-768,KeyGen,60885.0,59758.0,61823.0,2065.0,2112.69,10000,block-29-mlkem-sme-768.csv
29,mlkem_sme,ML-KEM-768,Encaps,69715.0,66143.0,70654.0,4511.0,2398.29,10000,block-29-mlkem-sme-768.csv
29,mlkem_sme,ML-KEM-768,Decaps,82872.0,81933.0,86065.0,4132.0,2801.8,10000,block-29-mlkem-sme-768.csv
29,mlkem_sme,ML-KEM-768,NTT,1182.0,1180.0,1185.0,5.0,54.63,10000,block-29-mlkem-sme-768.csv
29,mlkem_sme,ML-KEM-768,INVNTT,1091.0,1089.0,1091.0,2.0,18.86,10000,block-29-mlkem-sme-768.csv
29,mlkem_sme,ML-KEM-768,BaseMulAcc,911.0,911.0,913.0,2.0,12.22,10000,block-29-mlkem-sme-768.csv
29,mlkem_sme,ML-KEM-768,MatrixVectorMul,8131.0,8114.0,8149.0,35.0,105.82,10000,block-29-mlkem-sme-768.csv
29,mlkem_sme,ML-KEM-768,InnerProdEnc,1525.0,1524.0,1527.0,3.0,16.34,10000,block-29-mlkem-sme-768.csv
29,mlkem_sme,ML-KEM-768,InnerProdDec,4917.0,4898.0,4932.0,34.0,92.56,10000,block-29-mlkem-sme-768.csv
29,mlkem_sve,ML-KEM-1024,KeyGen,91138.0,80616.0,91891.0,11275.0,7108.99,10000,block-29-mlkem-sve-1024.csv
29,mlkem_sve,ML-KEM-1024,Encaps,103356.0,102977.0,103919.0,942.0,13414.49,10000,block-29-mlkem-sve-1024.csv
29,mlkem_sve,ML-KEM-1024,Decaps,112376.0,111812.0,121959.0,10147.0,9505.38,10000,block-29-mlkem-sve-1024.csv
29,mlkem_sve,ML-KEM-1024,NTT,1048.0,1037.0,1054.0,17.0,119.14,10000,block-29-mlkem-sve-1024.csv
29,mlkem_sve,ML-KEM-1024,INVNTT,1103.0,1099.0,1106.0,7.0,88.22,10000,block-29-mlkem-sve-1024.csv
29,mlkem_sve,ML-KEM-1024,BaseMulAcc,1180.0,1178.0,1181.0,3.0,101.65,10000,block-29-mlkem-sve-1024.csv
29,mlkem_sve,ML-KEM-1024,MatrixVectorMul,11692.0,11598.0,11835.0,237.0,411.78,10000,block-29-mlkem-sve-1024.csv
29,mlkem_sve,ML-KEM-1024,InnerProdEnc,1751.0,1749.0,1753.0,4.0,117.19,10000,block-29-mlkem-sve-1024.csv
29,mlkem_sve,ML-KEM-1024,InnerProdDec,4654.0,4639.0,4763.0,124.0,231.48,10000,block-29-mlkem-sve-1024.csv
29,mlkem_sve,ML-KEM-512,KeyGen,36080.0,35891.0,36454.0,563.0,9858.66,10000,block-29-mlkem-sve-512.csv
29,mlkem_sve,ML-KEM-512,Encaps,44536.0,41907.0,44910.0,3003.0,3720.17,10000,block-29-mlkem-sve-512.csv
29,mlkem_sve,ML-KEM-512,Decaps,56375.0,56001.0,56749.0,748.0,4533.75,10000,block-29-mlkem-sve-512.csv
29,mlkem_sve,ML-KEM-512,NTT,1024.0,1018.0,1031.0,13.0,71.3,10000,block-29-mlkem-sve-512.csv
29,mlkem_sve,ML-KEM-512,INVNTT,1088.0,1086.0,1093.0,7.0,106.41,10000,block-29-mlkem-sve-512.csv
29,mlkem_sve,ML-KEM-512,BaseMulAcc,629.0,629.0,631.0,2.0,41.2,10000,block-29-mlkem-sve-512.csv
29,mlkem_sve,ML-KEM-512,MatrixVectorMul,4485.0,4468.0,4573.0,105.0,222.64,10000,block-29-mlkem-sve-512.csv
29,mlkem_sve,ML-KEM-512,InnerProdEnc,1195.0,1195.0,1197.0,2.0,111.17,10000,block-29-mlkem-sve-512.csv
29,mlkem_sve,ML-KEM-512,InnerProdDec,2799.0,2783.0,2803.0,20.0,169.95,10000,block-29-mlkem-sve-512.csv
29,mlkem_sve,ML-KEM-768,KeyGen,60885.0,59757.0,61633.0,1876.0,8385.55,10000,block-29-mlkem-sve-768.csv
29,mlkem_sve,ML-KEM-768,Encaps,76295.0,69905.0,77044.0,7139.0,4979.66,10000,block-29-mlkem-sve-768.csv
29,mlkem_sve,ML-KEM-768,Decaps,82682.0,81744.0,85690.0,3946.0,6919.25,10000,block-29-mlkem-sve-768.csv
29,mlkem_sve,ML-KEM-768,NTT,1050.0,1041.0,1061.0,20.0,126.03,10000,block-29-mlkem-sve-768.csv
29,mlkem_sve,ML-KEM-768,INVNTT,1118.0,1116.0,1120.0,4.0,179.83,10000,block-29-mlkem-sve-768.csv
29,mlkem_sve,ML-KEM-768,BaseMulAcc,911.0,911.0,913.0,2.0,84.55,10000,block-29-mlkem-sve-768.csv
29,mlkem_sve,ML-KEM-768,MatrixVectorMul,7695.0,7683.0,7884.0,201.0,327.65,10000,block-29-mlkem-sve-768.csv
29,mlkem_sve,ML-KEM-768,InnerProdEnc,1477.0,1475.0,1478.0,3.0,135.62,10000,block-29-mlkem-sve-768.csv
29,mlkem_sve,ML-KEM-768,InnerProdDec,4382.0,4369.0,4485.0,116.0,242.74,10000,block-29-mlkem-sve-768.csv
30,kyber_neon,Kyber-1024,KeyGen,31759.0,31570.0,34953.0,3383.0,1856.99,10000,block-30-kyber-neon-1024.csv
30,kyber_neon,Kyber-1024,Encaps,47919.0,43409.0,48482.0,5073.0,3120.67,10000,block-30-kyber-neon-1024.csv
30,kyber_neon,Kyber-1024,Decaps,42655.0,38709.0,43035.0,4326.0,4305.78,10000,block-30-kyber-neon-1024.csv
30,kyber_neon,Kyber-1024,NTT,285.0,257.0,287.0,30.0,26.77,10000,block-30-kyber-neon-1024.csv
30,kyber_neon,Kyber-1024,INVNTT,287.0,285.0,287.0,2.0,13.93,10000,block-30-kyber-neon-1024.csv
30,kyber_neon,Kyber-1024,BaseMulAcc,495.0,454.0,507.0,53.0,40.1,10000,block-30-kyber-neon-1024.csv
30,kyber_neon,Kyber-1024,MatrixVectorMul,3701.0,3386.0,3713.0,327.0,203.18,10000,block-30-kyber-neon-1024.csv
30,kyber_neon,Kyber-1024,InnerProdEnc,725.0,657.0,727.0,70.0,36.2,10000,block-30-kyber-neon-1024.csv
30,kyber_neon,Kyber-1024,InnerProdDec,1890.0,1723.0,1894.0,171.0,104.68,10000,block-30-kyber-neon-1024.csv
30,kyber_neon,Kyber-512,KeyGen,13904.0,13715.0,14468.0,753.0,787.41,10000,block-30-kyber-neon-512.csv
30,kyber_neon,Kyber-512,Encaps,22929.0,20859.0,23303.0,2444.0,2234.85,10000,block-30-kyber-neon-512.csv
30,kyber_neon,Kyber-512,Decaps,19357.0,17666.0,19732.0,2066.0,1891.41,10000,block-30-kyber-neon-512.csv
30,kyber_neon,Kyber-512,NTT,285.0,257.0,285.0,28.0,25.16,10000,block-30-kyber-neon-512.csv
30,kyber_neon,Kyber-512,INVNTT,285.0,283.0,285.0,2.0,14.52,10000,block-30-kyber-neon-512.csv
30,kyber_neon,Kyber-512,BaseMulAcc,274.0,263.0,276.0,13.0,14.95,10000,block-30-kyber-neon-512.csv
30,kyber_neon,Kyber-512,MatrixVectorMul,1569.0,1430.0,1571.0,141.0,90.15,10000,block-30-kyber-neon-512.csv
30,kyber_neon,Kyber-512,InnerProdEnc,513.0,511.0,513.0,2.0,23.37,10000,block-30-kyber-neon-512.csv
30,kyber_neon,Kyber-512,InnerProdDec,1071.0,1014.0,1072.0,58.0,50.17,10000,block-30-kyber-neon-512.csv
30,kyber_neon,Kyber-768,KeyGen,22550.0,21986.0,24431.0,2445.0,1926.57,10000,block-30-kyber-neon-768.csv
30,kyber_neon,Kyber-768,Encaps,34574.0,31380.0,34767.0,3387.0,2128.58,10000,block-30-kyber-neon-768.csv
30,kyber_neon,Kyber-768,Decaps,29879.0,27060.0,30253.0,3193.0,1676.19,10000,block-30-kyber-neon-768.csv
30,kyber_neon,Kyber-768,NTT,285.0,259.0,287.0,28.0,15.91,10000,block-30-kyber-neon-768.csv
30,kyber_neon,Kyber-768,INVNTT,285.0,283.0,285.0,2.0,12.35,10000,block-30-kyber-neon-768.csv
30,kyber_neon,Kyber-768,BaseMulAcc,388.0,358.0,390.0,32.0,20.38,10000,block-30-kyber-neon-768.csv
30,kyber_neon,Kyber-768,MatrixVectorMul,2566.0,2486.0,2570.0,84.0,116.42,10000,block-30-kyber-neon-768.csv
30,kyber_neon,Kyber-768,InnerProdEnc,616.0,614.0,618.0,4.0,27.23,10000,block-30-kyber-neon-768.csv
30,kyber_neon,Kyber-768,InnerProdDec,1469.0,1456.0,1471.0,15.0,59.15,10000,block-30-kyber-neon-768.csv
30,kyber_ref,Kyber-1024,KeyGen,156722.0,144699.0,157665.0,12966.0,7545.59,10000,block-30-kyber-ref-1024.csv
30,kyber_ref,Kyber-1024,Encaps,173071.0,156349.0,173635.0,17286.0,11169.19,10000,block-30-kyber-ref-1024.csv
30,kyber_ref,Kyber-1024,Decaps,196185.0,177018.0,196749.0,19731.0,10879.9,10000,block-30-kyber-ref-1024.csv
30,kyber_ref,Kyber-1024,NTT,3602.0,3292.0,3611.0,319.0,181.94,10000,block-30-kyber-ref-1024.csv
30,kyber_ref,Kyber-1024,INVNTT,5675.0,5334.0,5722.0,388.0,344.02,10000,block-30-kyber-ref-1024.csv
30,kyber_ref,Kyber-1024,BaseMulAcc,9091.0,8862.0,9232.0,370.0,291.25,10000,block-30-kyber-ref-1024.csv
30,kyber_ref,Kyber-1024,MatrixVectorMul,76369.0,75903.0,76918.0,1015.0,2507.4,10000,block-30-kyber-ref-1024.csv
30,kyber_ref,Kyber-1024,InnerProdEnc,14945.0,14745.0,15191.0,446.0,393.82,10000,block-30-kyber-ref-1024.csv
30,kyber_ref,Kyber-1024,InnerProdDec,28591.0,28300.0,28756.0,456.0,535.97,10000,block-30-kyber-ref-1024.csv
30,kyber_ref,Kyber-512,KeyGen,57318.0,52244.0,57877.0,5633.0,2879.87,10000,block-30-kyber-ref-512.csv
30,kyber_ref,Kyber-512,Encaps,75169.0,68024.0,75543.0,7519.0,4305.23,10000,block-30-kyber-ref-512.csv
30,kyber_ref,Kyber-512,Decaps,89826.0,80991.0,90200.0,9209.0,6747.24,10000,block-30-kyber-ref-512.csv
30,kyber_ref,Kyber-512,NTT,3594.0,3305.0,3604.0,299.0,213.43,10000,block-30-kyber-ref-512.csv
30,kyber_ref,Kyber-512,INVNTT,5643.0,5353.0,5648.0,295.0,233.26,10000,block-30-kyber-ref-512.csv
30,kyber_ref,Kyber-512,BaseMulAcc,5100.0,4782.0,5107.0,325.0,222.08,10000,block-30-kyber-ref-512.csv
30,kyber_ref,Kyber-512,MatrixVectorMul,29694.0,29373.0,29861.0,488.0,538.62,10000,block-30-kyber-ref-512.csv
30,kyber_ref,Kyber-512,InnerProdEnc,10473.0,10258.0,10731.0,473.0,326.72,10000,block-30-kyber-ref-512.csv
30,kyber_ref,Kyber-512,InnerProdDec,17410.0,17226.0,17596.0,370.0,1265.3,10000,block-30-kyber-ref-512.csv
30,kyber_ref,Kyber-768,KeyGen,99784.0,98656.0,100537.0,1881.0,5434.69,10000,block-30-kyber-ref-768.csv
30,kyber_ref,Kyber-768,Encaps,117449.0,116881.0,117824.0,943.0,4990.1,10000,block-30-kyber-ref-768.csv
30,kyber_ref,Kyber-768,Decaps,136238.0,127597.0,136612.0,9015.0,8190.2,10000,block-30-kyber-ref-768.csv
30,kyber_ref,Kyber-768,NTT,3634.0,3502.0,3638.0,136.0,140.99,10000,block-30-kyber-ref-768.csv
30,kyber_ref,Kyber-768,INVNTT,5643.0,5505.0,5650.0,145.0,163.12,10000,block-30-kyber-ref-768.csv
30,kyber_ref,Kyber-768,BaseMulAcc,6958.0,6795.0,6966.0,171.0,162.8,10000,block-30-kyber-ref-768.csv
30,kyber_ref,Kyber-768,MatrixVectorMul,50651.0,50378.0,50867.0,489.0,798.35,10000,block-30-kyber-ref-768.csv
30,kyber_ref,Kyber-768,InnerProdEnc,12892.0,12718.0,13041.0,323.0,303.73,10000,block-30-kyber-ref-768.csv
30,kyber_ref,Kyber-768,InnerProdDec,23143.0,22999.0,23224.0,225.0,453.88,10000,block-30-kyber-ref-768.csv
30,kyber_sme,Kyber-1024,KeyGen,62576.0,61074.0,64267.0,3193.0,4064.0,10000,block-30-kyber-sme-1024.csv
30,kyber_sme,Kyber-1024,Encaps,72911.0,69152.0,75543.0,6391.0,3414.98,10000,block-30-kyber-sme-1024.csv
30,kyber_sme,Kyber-1024,Decaps,76480.0,74415.0,76859.0,2444.0,2694.48,10000,block-30-kyber-sme-1024.csv
30,kyber_sme,Kyber-1024,NTT,1178.0,1178.0,1180.0,2.0,48.16,10000,block-30-kyber-sme-1024.csv
30,kyber_sme,Kyber-1024,INVNTT,1097.0,1095.0,1099.0,4.0,71.59,10000,block-30-kyber-sme-1024.csv
30,kyber_sme,Kyber-1024,BaseMulAcc,1409.0,1407.0,1411.0,4.0,18.88,10000,block-30-kyber-sme-1024.csv
30,kyber_sme,Kyber-1024,MatrixVectorMul,10722.0,10701.0,10731.0,30.0,168.96,10000,block-30-kyber-sme-1024.csv
30,kyber_sme,Kyber-1024,InnerProdEnc,2031.0,2031.0,2033.0,2.0,40.72,10000,block-30-kyber-sme-1024.csv
30,kyber_sme,Kyber-1024,InnerProdDec,5118.0,5094.0,5124.0,30.0,112.72,10000,block-30-kyber-sme-1024.csv
30,kyber_sme,Kyber-512,KeyGen,28751.0,28377.0,28940.0,563.0,2607.47,10000,block-30-kyber-sme-512.csv
30,kyber_sme,Kyber-512,Encaps,37582.0,37393.0,37771.0,378.0,1396.8,10000,block-30-kyber-sme-512.csv
30,kyber_sme,Kyber-512,Decaps,37956.0,37771.0,38146.0,375.0,435.09,10000,block-30-kyber-sme-512.csv
30,kyber_sme,Kyber-512,NTT,1174.0,1172.0,1174.0,2.0,47.5,10000,block-30-kyber-sme-512.csv
30,kyber_sme,Kyber-512,INVNTT,1074.0,1074.0,1074.0,0.0,14.95,10000,block-30-kyber-sme-512.csv
30,kyber_sme,Kyber-512,BaseMulAcc,751.0,749.0,751.0,2.0,34.95,10000,block-30-kyber-sme-512.csv
30,kyber_sme,Kyber-512,MatrixVectorMul,4709.0,4701.0,4716.0,15.0,93.64,10000,block-30-kyber-sme-512.csv
30,kyber_sme,Kyber-512,InnerProdEnc,1379.0,1377.0,1381.0,4.0,75.74,10000,block-30-kyber-sme-512.csv
30,kyber_sme,Kyber-512,InnerProdDec,3666.0,3651.0,3675.0,24.0,86.73,10000,block-30-kyber-sme-512.csv
30,kyber_sme,Kyber-768,KeyGen,41533.0,39842.0,42281.0,2439.0,1497.91,10000,block-30-kyber-sme-768.csv
30,kyber_sme,Kyber-768,Encaps,52618.0,49985.0,55622.0,5637.0,3336.89,10000,block-30-kyber-sme-768.csv
30,kyber_sme,Kyber-768,Decaps,54495.0,54309.0,54684.0,375.0,1820.98,10000,block-30-kyber-sme-768.csv
30,kyber_sme,Kyber-768,NTT,1181.0,1180.0,1183.0,3.0,31.85,10000,block-30-kyber-sme-768.csv
30,kyber_sme,Kyber-768,INVNTT,1093.0,1091.0,1093.0,2.0,45.6,10000,block-30-kyber-sme-768.csv
30,kyber_sme,Kyber-768,BaseMulAcc,1093.0,1091.0,1093.0,2.0,36.96,10000,block-30-kyber-sme-768.csv
30,kyber_sme,Kyber-768,MatrixVectorMul,7276.0,7255.0,7279.0,24.0,156.86,10000,block-30-kyber-sme-768.csv
30,kyber_sme,Kyber-768,InnerProdEnc,1708.0,1708.0,1710.0,2.0,16.61,10000,block-30-kyber-sme-768.csv
30,kyber_sme,Kyber-768,InnerProdDec,4286.0,4284.0,4290.0,6.0,111.67,10000,block-30-kyber-sme-768.csv
30,kyber_sve,Kyber-1024,KeyGen,61633.0,60132.0,62202.0,2070.0,3676.75,10000,block-30-kyber-sve-1024.csv
30,kyber_sve,Kyber-1024,Encaps,75728.0,69531.0,76296.0,6765.0,11294.93,10000,block-30-kyber-sve-1024.csv
30,kyber_sve,Kyber-1024,Decaps,74225.0,72539.0,74604.0,2065.0,5352.08,10000,block-30-kyber-sve-1024.csv
30,kyber_sve,Kyber-1024,NTT,1061.0,1054.0,1065.0,11.0,129.12,10000,block-30-kyber-sve-1024.csv
30,kyber_sve,Kyber-1024,INVNTT,1114.0,1101.0,1118.0,17.0,88.47,10000,block-30-kyber-sve-1024.csv
30,kyber_sve,Kyber-1024,BaseMulAcc,1415.0,1415.0,1416.0,1.0,112.89,10000,block-30-kyber-sve-1024.csv
30,kyber_sve,Kyber-1024,MatrixVectorMul,10353.0,10297.0,10536.0,239.0,1848.92,10000,block-30-kyber-sve-1024.csv
30,kyber_sve,Kyber-1024,InnerProdEnc,1982.0,1980.0,1984.0,4.0,134.5,10000,block-30-kyber-sve-1024.csv
30,kyber_sve,Kyber-1024,InnerProdDec,4489.0,4478.0,4600.0,122.0,236.96,10000,block-30-kyber-sve-1024.csv
30,kyber_sve,Kyber-512,KeyGen,27624.0,27439.0,27813.0,374.0,1484.71,10000,block-30-kyber-sve-512.csv
30,kyber_sve,Kyber-512,Encaps,37397.0,37208.0,37771.0,563.0,3325.65,10000,block-30-kyber-sve-512.csv
30,kyber_sve,Kyber-512,Decaps,35891.0,35705.0,36080.0,375.0,1277.3,10000,block-30-kyber-sve-512.csv
30,kyber_sve,Kyber-512,NTT,1057.0,1052.0,1059.0,7.0,97.83,10000,block-30-kyber-sve-512.csv
30,kyber_sve,Kyber-512,INVNTT,1121.0,1119.0,1123.0,4.0,78.9,10000,block-30-kyber-sve-512.csv
30,kyber_sve,Kyber-512,BaseMulAcc,747.0,746.0,747.0,1.0,37.69,10000,block-30-kyber-sve-512.csv
30,kyber_sve,Kyber-512,MatrixVectorMul,4478.0,4466.0,4587.0,121.0,224.77,10000,block-30-kyber-sve-512.csv
30,kyber_sve,Kyber-512,InnerProdEnc,1317.0,1315.0,1319.0,4.0,156.15,10000,block-30-kyber-sve-512.csv
30,kyber_sve,Kyber-512,InnerProdDec,3358.0,3339.0,3371.0,32.0,218.41,10000,block-30-kyber-sve-512.csv
30,kyber_sve,Kyber-768,KeyGen,42282.0,40779.0,42845.0,2066.0,8005.36,10000,block-30-kyber-sve-768.csv
30,kyber_sve,Kyber-768,Encaps,51676.0,48672.0,54120.0,5448.0,4822.98,10000,block-30-kyber-sve-768.csv
30,kyber_sve,Kyber-768,Decaps,54684.0,54495.0,54874.0,379.0,3994.58,10000,block-30-kyber-sve-768.csv
30,kyber_sve,Kyber-768,NTT,1059.0,1054.0,1067.0,13.0,73.48,10000,block-30-kyber-sve-768.csv
30,kyber_sve,Kyber-768,INVNTT,1129.0,1125.0,1133.0,8.0,125.28,10000,block-30-kyber-sve-768.csv
30,kyber_sve,Kyber-768,BaseMulAcc,1093.0,1091.0,1095.0,4.0,58.13,10000,block-30-kyber-sve-768.csv
30,kyber_sve,Kyber-768,MatrixVectorMul,6986.0,6981.0,7180.0,199.0,315.02,10000,block-30-kyber-sve-768.csv
30,kyber_sve,Kyber-768,InnerProdEnc,1655.0,1655.0,1657.0,2.0,78.5,10000,block-30-kyber-sve-768.csv
30,kyber_sve,Kyber-768,InnerProdDec,3801.0,3792.0,3833.0,41.0,211.97,10000,block-30-kyber-sve-768.csv
30,mlkem_neon,ML-KEM-1024,KeyGen,59947.0,59568.0,60321.0,753.0,2504.49,10000,block-30-mlkem-neon-1024.csv
30,mlkem_neon,ML-KEM-1024,Encaps,64457.0,58630.0,65016.0,6386.0,3470.24,10000,block-30-mlkem-neon-1024.csv
30,mlkem_neon,ML-KEM-1024,Decaps,76106.0,69152.0,76670.0,7518.0,6770.35,10000,block-30-mlkem-neon-1024.csv
30,mlkem_neon,ML-KEM-1024,NTT,223.0,204.0,225.0,21.0,21.45,10000,block-30-mlkem-neon-1024.csv
30,mlkem_neon,ML-KEM-1024,INVNTT,257.0,257.0,259.0,2.0,13.89,10000,block-30-mlkem-neon-1024.csv
30,mlkem_neon,ML-KEM-1024,BaseMulAcc,280.0,257.0,283.0,26.0,26.02,10000,block-30-mlkem-neon-1024.csv
30,mlkem_neon,ML-KEM-1024,MatrixVectorMul,3224.0,3091.0,3232.0,141.0,138.91,10000,block-30-mlkem-neon-1024.csv
30,mlkem_neon,ML-KEM-1024,InnerProdEnc,533.0,486.0,535.0,49.0,56.72,10000,block-30-mlkem-neon-1024.csv
30,mlkem_neon,ML-KEM-1024,InnerProdDec,1510.0,1486.0,1516.0,30.0,65.82,10000,block-30-mlkem-neon-1024.csv
30,mlkem_neon,ML-KEM-512,KeyGen,23303.0,21237.0,23677.0,2440.0,1261.62,10000,block-30-mlkem-neon-512.csv
30,mlkem_neon,ML-KEM-512,Encaps,26871.0,24616.0,27060.0,2444.0,1486.61,10000,block-30-mlkem-neon-512.csv
30,mlkem_neon,ML-KEM-512,Decaps,33072.0,29879.0,33446.0,3567.0,1956.91,10000,block-30-mlkem-neon-512.csv
30,mlkem_neon,ML-KEM-512,NTT,221.0,204.0,225.0,21.0,12.82,10000,block-30-mlkem-neon-512.csv
30,mlkem_neon,ML-KEM-512,INVNTT,257.0,255.0,259.0,4.0,13.76,10000,block-30-mlkem-neon-512.csv
30,mlkem_neon,ML-KEM-512,BaseMulAcc,163.0,163.0,165.0,2.0,13.13,10000,block-30-mlkem-neon-512.csv
30,mlkem_neon,ML-KEM-512,MatrixVectorMul,1369.0,1309.0,1373.0,64.0,84.52,10000,block-30-mlkem-neon-512.csv
30,mlkem_neon,ML-KEM-512,InnerProdEnc,420.0,419.0,420.0,1.0,18.7,10000,block-30-mlkem-neon-512.csv
30,mlkem_neon,ML-KEM-512,InnerProdDec,890.0,886.0,894.0,8.0,55.22,10000,block-30-mlkem-neon-512.csv
30,mlkem_neon,ML-KEM-768,KeyGen,40590.0,40026.0,40964.0,938.0,2081.26,10000,block-30-mlkem-neon-768.csv
30,mlkem_neon,ML-KEM-768,Encaps,43599.0,43224.0,43973.0,749.0,2116.28,10000,block-30-mlkem-neon-768.csv
30,mlkem_neon,ML-KEM-768,Decaps,51865.0,51675.0,52239.0,564.0,2284.03,10000,block-30-mlkem-neon-768.csv
30,mlkem_neon,ML-KEM-768,NTT,221.0,217.0,223.0,6.0,13.1,10000,block-30-mlkem-neon-768.csv
30,mlkem_neon,ML-KEM-768,INVNTT,257.0,257.0,259.0,2.0,12.6,10000,block-30-mlkem-neon-768.csv
30,mlkem_neon,ML-KEM-768,BaseMulAcc,219.0,219.0,221.0,2.0,21.32,10000,block-30-mlkem-neon-768.csv
30,mlkem_neon,ML-KEM-768,MatrixVectorMul,2234.0,2191.0,2239.0,48.0,109.03,10000,block-30-mlkem-neon-768.csv
30,mlkem_neon,ML-KEM-768,InnerProdEnc,477.0,475.0,477.0,2.0,19.64,10000,block-30-mlkem-neon-768.csv
30,mlkem_neon,ML-KEM-768,InnerProdDec,1197.0,1191.0,1200.0,9.0,51.78,10000,block-30-mlkem-neon-768.csv
30,mlkem_ref,ML-KEM-1024,KeyGen,76480.0,69152.0,77044.0,7892.0,4198.5,10000,block-30-mlkem-ref-1024.csv
30,mlkem_ref,ML-KEM-1024,Encaps,83251.0,75542.0,84183.0,8641.0,6862.06,10000,block-30-mlkem-ref-1024.csv
30,mlkem_ref,ML-KEM-1024,Decaps,94525.0,85874.0,95084.0,9210.0,5103.17,10000,block-30-mlkem-ref-1024.csv
30,mlkem_ref,ML-KEM-1024,NTT,520.0,475.0,522.0,47.0,33.69,10000,block-30-mlkem-ref-1024.csv
30,mlkem_ref,ML-KEM-1024,INVNTT,886.0,866.0,886.0,20.0,59.23,10000,block-30-mlkem-ref-1024.csv
30,mlkem_ref,ML-KEM-1024,BaseMulAcc,310.0,280.0,311.0,31.0,15.67,10000,block-30-mlkem-ref-1024.csv
30,mlkem_ref,ML-KEM-1024,MatrixVectorMul,7627.0,7332.0,7672.0,340.0,236.94,10000,block-30-mlkem-ref-1024.csv
30,mlkem_ref,ML-KEM-1024,InnerProdEnc,1195.0,1146.0,1196.0,50.0,62.72,10000,block-30-mlkem-ref-1024.csv
30,mlkem_ref,ML-KEM-1024,InnerProdDec,3619.0,3561.0,3623.0,62.0,125.86,10000,block-30-mlkem-ref-1024.csv
30,mlkem_ref,ML-KEM-512,KeyGen,29689.0,26875.0,29879.0,3004.0,3016.14,10000,block-30-mlkem-ref-512.csv
30,mlkem_ref,ML-KEM-512,Encaps,34952.0,31754.0,35327.0,3573.0,2294.52,10000,block-30-mlkem-ref-512.csv
30,mlkem_ref,ML-KEM-512,Decaps,41717.0,37772.0,42092.0,4320.0,2140.35,10000,block-30-mlkem-ref-512.csv
30,mlkem_ref,ML-KEM-512,NTT,520.0,518.0,520.0,2.0,20.93,10000,block-30-mlkem-ref-512.csv
30,mlkem_ref,ML-KEM-512,INVNTT,886.0,843.0,886.0,43.0,63.04,10000,block-30-mlkem-ref-512.csv
30,mlkem_ref,ML-KEM-512,BaseMulAcc,189.0,178.0,189.0,11.0,22.11,10000,block-30-mlkem-ref-512.csv
30,mlkem_ref,ML-KEM-512,MatrixVectorMul,3566.0,3427.0,3585.0,158.0,148.26,10000,block-30-mlkem-ref-512.csv
30,mlkem_ref,ML-KEM-512,InnerProdEnc,1074.0,1018.0,1076.0,58.0,75.81,10000,block-30-mlkem-ref-512.csv
30,mlkem_ref,ML-KEM-512,InnerProdDec,2273.0,2255.0,2277.0,22.0,96.18,10000,block-30-mlkem-ref-512.csv
30,mlkem_ref,ML-KEM-768,KeyGen,51681.0,47166.0,52054.0,4888.0,2633.65,10000,block-30-mlkem-ref-768.csv
30,mlkem_ref,ML-KEM-768,Encaps,56939.0,51676.0,57317.0,5641.0,3102.96,10000,block-30-mlkem-ref-768.csv
30,mlkem_ref,ML-KEM-768,Decaps,65395.0,64831.0,65769.0,938.0,4156.1,10000,block-30-mlkem-ref-768.csv
30,mlkem_ref,ML-KEM-768,NTT,520.0,518.0,520.0,2.0,31.63,10000,block-30-mlkem-ref-768.csv
30,mlkem_ref,ML-KEM-768,INVNTT,886.0,847.0,886.0,39.0,117.09,10000,block-30-mlkem-ref-768.csv
30,mlkem_ref,ML-KEM-768,BaseMulAcc,246.0,234.0,248.0,14.0,14.63,10000,block-30-mlkem-ref-768.csv
30,mlkem_ref,ML-KEM-768,MatrixVectorMul,5551.0,5395.0,5556.0,161.0,150.33,10000,block-30-mlkem-ref-768.csv
30,mlkem_ref,ML-KEM-768,InnerProdEnc,1131.0,1129.0,1133.0,4.0,56.93,10000,block-30-mlkem-ref-768.csv
30,mlkem_ref,ML-KEM-768,InnerProdDec,2937.0,2933.0,2963.0,30.0,86.64,10000,block-30-mlkem-ref-768.csv
30,mlkem_sme,ML-KEM-1024,KeyGen,90574.0,80242.0,91328.0,11086.0,6375.47,10000,block-30-mlkem-sme-1024.csv
30,mlkem_sme,ML-KEM-1024,Encaps,102229.0,101664.0,102792.0,1128.0,5861.71,10000,block-30-mlkem-sme-1024.csv
30,mlkem_sme,ML-KEM-1024,Decaps,113125.0,112376.0,122708.0,10332.0,6518.29,10000,block-30-mlkem-sme-1024.csv
30,mlkem_sme,ML-KEM-1024,NTT,1157.0,1155.0,1157.0,2.0,54.33,10000,block-30-mlkem-sme-1024.csv
30,mlkem_sme,ML-KEM-1024,INVNTT,1074.0,1073.0,1074.0,1.0,20.5,10000,block-30-mlkem-sme-1024.csv
30,mlkem_sme,ML-KEM-1024,BaseMulAcc,1181.0,1180.0,1183.0,3.0,41.2,10000,block-30-mlkem-sme-1024.csv
30,mlkem_sme,ML-KEM-1024,MatrixVectorMul,12024.0,11992.0,12030.0,38.0,549.9,10000,block-30-mlkem-sme-1024.csv
30,mlkem_sme,ML-KEM-1024,InnerProdEnc,1794.0,1792.0,1796.0,4.0,54.22,10000,block-30-mlkem-sme-1024.csv
30,mlkem_sme,ML-KEM-1024,InnerProdDec,5349.0,5321.0,5355.0,34.0,113.63,10000,block-30-mlkem-sme-1024.csv
30,mlkem_sme,ML-KEM-512,KeyGen,36644.0,36455.0,37018.0,563.0,647.05,10000,block-30-mlkem-sme-512.csv
30,mlkem_sme,ML-KEM-512,Encaps,43409.0,41339.0,43783.0,2444.0,2527.48,10000,block-30-mlkem-sme-512.csv
30,mlkem_sme,ML-KEM-512,Decaps,57503.0,57128.0,57877.0,749.0,2757.21,10000,block-30-mlkem-sme-512.csv
30,mlkem_sme,ML-KEM-512,NTT,1155.0,1153.0,1155.0,2.0,20.95,10000,block-30-mlkem-sme-512.csv
30,mlkem_sme,ML-KEM-512,INVNTT,1065.0,1065.0,1074.0,9.0,60.24,10000,block-30-mlkem-sme-512.csv
30,mlkem_sme,ML-KEM-512,BaseMulAcc,631.0,631.0,633.0,2.0,6.25,10000,block-30-mlkem-sme-512.csv
30,mlkem_sme,ML-KEM-512,MatrixVectorMul,5051.0,5045.0,5056.0,11.0,113.48,10000,block-30-mlkem-sme-512.csv
30,mlkem_sme,ML-KEM-512,InnerProdEnc,1251.0,1249.0,1253.0,4.0,38.35,10000,block-30-mlkem-sme-512.csv
30,mlkem_sme,ML-KEM-512,InnerProdDec,3442.0,3433.0,3446.0,13.0,75.33,10000,block-30-mlkem-sme-512.csv
30,mlkem_sme,ML-KEM-768,KeyGen,61070.0,59758.0,61823.0,2065.0,2323.73,10000,block-30-mlkem-sme-768.csv
30,mlkem_sme,ML-KEM-768,Encaps,69905.0,66143.0,70658.0,4515.0,3687.47,10000,block-30-mlkem-sme-768.csv
30,mlkem_sme,ML-KEM-768,Decaps,83056.0,81933.0,86065.0,4132.0,2474.65,10000,block-30-mlkem-sme-768.csv
30,mlkem_sme,ML-KEM-768,NTT,1165.0,1163.0,1182.0,19.0,189.35,10000,block-30-mlkem-sme-768.csv
30,mlkem_sme,ML-KEM-768,INVNTT,1086.0,1076.0,1091.0,15.0,200.24,10000,block-30-mlkem-sme-768.csv
30,mlkem_sme,ML-KEM-768,BaseMulAcc,915.0,911.0,930.0,19.0,206.45,10000,block-30-mlkem-sme-768.csv
30,mlkem_sme,ML-KEM-768,MatrixVectorMul,8116.0,8097.0,8127.0,30.0,316.95,10000,block-30-mlkem-sme-768.csv
30,mlkem_sme,ML-KEM-768,InnerProdEnc,1525.0,1524.0,1527.0,3.0,39.31,10000,block-30-mlkem-sme-768.csv
30,mlkem_sme,ML-KEM-768,InnerProdDec,4925.0,4906.0,4932.0,26.0,72.77,10000,block-30-mlkem-sme-768.csv
30,mlkem_sve,ML-KEM-1024,KeyGen,91143.0,80616.0,92076.0,11460.0,13564.06,10000,block-30-mlkem-sve-1024.csv
30,mlkem_sve,ML-KEM-1024,Encaps,103356.0,102792.0,103914.0,1122.0,8499.59,10000,block-30-mlkem-sve-1024.csv
30,mlkem_sve,ML-KEM-1024,Decaps,112376.0,111812.0,122144.0,10332.0,11499.71,10000,block-30-mlkem-sve-1024.csv
30,mlkem_sve,ML-KEM-1024,NTT,1054.0,1050.0,1059.0,9.0,76.54,10000,block-30-mlkem-sve-1024.csv
30,mlkem_sve,ML-KEM-1024,INVNTT,1104.0,1080.0,1110.0,30.0,110.19,10000,block-30-mlkem-sve-1024.csv
30,mlkem_sve,ML-KEM-1024,BaseMulAcc,1182.0,1181.0,1183.0,2.0,58.33,10000,block-30-mlkem-sve-1024.csv
30,mlkem_sve,ML-KEM-1024,MatrixVectorMul,11720.0,11609.0,11853.0,244.0,808.8,10000,block-30-mlkem-sve-1024.csv
30,mlkem_sve,ML-KEM-1024,InnerProdEnc,1753.0,1753.0,1755.0,2.0,132.74,10000,block-30-mlkem-sve-1024.csv
30,mlkem_sve,ML-KEM-1024,InnerProdDec,4658.0,4647.0,4735.0,88.0,227.53,10000,block-30-mlkem-sve-1024.csv
30,mlkem_sve,ML-KEM-512,KeyGen,36080.0,35891.0,36454.0,563.0,2150.43,10000,block-30-mlkem-sve-512.csv
30,mlkem_sve,ML-KEM-512,Encaps,44536.0,41907.0,44910.0,3003.0,2740.75,10000,block-30-mlkem-sve-512.csv
30,mlkem_sve,ML-KEM-512,Decaps,56560.0,56185.0,56939.0,754.0,82029.33,10000,block-30-mlkem-sve-512.csv
30,mlkem_sve,ML-KEM-512,NTT,1029.0,1022.0,1033.0,11.0,125.32,10000,block-30-mlkem-sve-512.csv
30,mlkem_sve,ML-KEM-512,INVNTT,1088.0,1086.0,1091.0,5.0,75.93,10000,block-30-mlkem-sve-512.csv
30,mlkem_sve,ML-KEM-512,BaseMulAcc,631.0,629.0,631.0,2.0,80.12,10000,block-30-mlkem-sve-512.csv
30,mlkem_sve,ML-KEM-512,MatrixVectorMul,4485.0,4466.0,4577.0,111.0,231.43,10000,block-30-mlkem-sve-512.csv
30,mlkem_sve,ML-KEM-512,InnerProdEnc,1195.0,1195.0,1197.0,2.0,61.41,10000,block-30-mlkem-sve-512.csv
30,mlkem_sve,ML-KEM-512,InnerProdDec,2799.0,2783.0,2805.0,22.0,191.41,10000,block-30-mlkem-sve-512.csv
30,mlkem_sve,ML-KEM-768,KeyGen,60885.0,59573.0,61633.0,2060.0,5486.89,10000,block-30-mlkem-sve-768.csv
30,mlkem_sve,ML-KEM-768,Encaps,76296.0,69905.0,76860.0,6955.0,8828.11,10000,block-30-mlkem-sve-768.csv
30,mlkem_sve,ML-KEM-768,Decaps,82871.0,81744.0,85874.0,4130.0,10676.71,10000,block-30-mlkem-sve-768.csv
30,mlkem_sve,ML-KEM-768,NTT,1054.0,1044.0,1061.0,17.0,84.06,10000,block-30-mlkem-sve-768.csv
30,mlkem_sve,ML-KEM-768,INVNTT,1118.0,1116.0,1121.0,5.0,125.4,10000,block-30-mlkem-sve-768.csv
30,mlkem_sve,ML-KEM-768,BaseMulAcc,913.0,911.0,950.0,39.0,1011.25,10000,block-30-mlkem-sve-768.csv
30,mlkem_sve,ML-KEM-768,MatrixVectorMul,7714.0,7702.0,7911.0,209.0,374.58,10000,block-30-mlkem-sve-768.csv
30,mlkem_sve,ML-KEM-768,InnerProdEnc,1477.0,1475.0,1478.0,3.0,119.49,10000,block-30-mlkem-sve-768.csv
30,mlkem_sve,ML-KEM-768,InnerProdDec,4391.0,4370.0,4493.0,123.0,261.57,10000,block-30-mlkem-sve-768.csv
