block-01-mlkem-sme-768.csv
# est_cycles;timer=CLOCK_UPTIME_RAW;timer_res_ns=41;cpu_hz=4510000000;hz_source=advertised-pcore-max:Apple-M4-Pro/Max;qos=user_interactive

block-01-kyber-neon-768.csv
# est_cycles;timer=CLOCK_UPTIME_RAW;timer_res_ns=41;cpu_hz=4510000000;hz_source=advertised-pcore-max:Apple-M4-Pro/Max;qos=user_interactive

block-01-mlkem-sve-768.csv
# est_cycles;timer=CLOCK_UPTIME_RAW;timer_res_ns=41;cpu_hz=4510000000;hz_source=advertised-pcore-max:Apple-M4-Pro/Max;qos=user_interactive

block-01-kyber-sme-768.csv
# est_cycles;timer=CLOCK_UPTIME_RAW;timer_res_ns=41;cpu_hz=4510000000;hz_source=advertised-pcore-max:Apple-M4-Pro/Max;qos=user_interactive

block-01-kyber-ref-768.csv
# est_cycles;timer=CLOCK_UPTIME_RAW;timer_res_ns=41;cpu_hz=4510000000;hz_source=advertised-pcore-max:Apple-M4-Pro/Max;qos=user_interactive

block-01-kyber-sve-768.csv
# est_cycles;timer=CLOCK_UPTIME_RAW;timer_res_ns=41;cpu_hz=4510000000;hz_source=advertised-pcore-max:Apple-M4-Pro/Max;qos=user_interactive

block-01-mlkem-ref-768.csv
# est_cycles;timer=CLOCK_UPTIME_RAW;timer_res_ns=41;cpu_hz=4510000000;hz_source=advertised-pcore-max:Apple-M4-Pro/Max;qos=user_interactive

block-01-mlkem-neon-768.csv
# est_cycles;timer=CLOCK_UPTIME_RAW;timer_res_ns=41;cpu_hz=4510000000;hz_source=advertised-pcore-max:Apple-M4-Pro/Max;qos=user_interactive

block-02-kyber-ref-768.csv
# est_cycles;timer=CLOCK_UPTIME_RAW;timer_res_ns=41;cpu_hz=4510000000;hz_source=advertised-pcore-max:Apple-M4-Pro/Max;qos=user_interactive

block-02-kyber-neon-768.csv
# est_cycles;timer=CLOCK_UPTIME_RAW;timer_res_ns=41;cpu_hz=4510000000;hz_source=advertised-pcore-max:Apple-M4-Pro/Max;qos=user_interactive

block-02-kyber-sve-768.csv
# est_cycles;timer=CLOCK_UPTIME_RAW;timer_res_ns=41;cpu_hz=4510000000;hz_source=advertised-pcore-max:Apple-M4-Pro/Max;qos=user_interactive

block-02-mlkem-neon-768.csv
# est_cycles;timer=CLOCK_UPTIME_RAW;timer_res_ns=41;cpu_hz=4510000000;hz_source=advertised-pcore-max:Apple-M4-Pro/Max;qos=user_interactive

block-02-mlkem-sme-768.csv
# est_cycles;timer=CLOCK_UPTIME_RAW;timer_res_ns=41;cpu_hz=4510000000;hz_source=advertised-pcore-max:Apple-M4-Pro/Max;qos=user_interactive

block-02-mlkem-sve-768.csv
# est_cycles;timer=CLOCK_UPTIME_RAW;timer_res_ns=41;cpu_hz=4510000000;hz_source=advertised-pcore-max:Apple-M4-Pro/Max;qos=user_interactive

block-02-kyber-sme-768.csv
# est_cycles;timer=CLOCK_UPTIME_RAW;timer_res_ns=41;cpu_hz=4510000000;hz_source=advertised-pcore-max:Apple-M4-Pro/Max;qos=user_interactive

block-02-mlkem-ref-768.csv
# est_cycles;timer=CLOCK_UPTIME_RAW;timer_res_ns=41;cpu_hz=4510000000;hz_source=advertised-pcore-max:Apple-M4-Pro/Max;qos=user_interactive

block-03-kyber-sme-768.csv
# est_cycles;timer=CLOCK_UPTIME_RAW;timer_res_ns=41;cpu_hz=4510000000;hz_source=advertised-pcore-max:Apple-M4-Pro/Max;qos=user_interactive

block-03-mlkem-sme-768.csv
# est_cycles;timer=CLOCK_UPTIME_RAW;timer_res_ns=41;cpu_hz=4510000000;hz_source=advertised-pcore-max:Apple-M4-Pro/Max;qos=user_interactive

block-03-kyber-ref-768.csv
# est_cycles;timer=CLOCK_UPTIME_RAW;timer_res_ns=41;cpu_hz=4510000000;hz_source=advertised-pcore-max:Apple-M4-Pro/Max;qos=user_interactive

block-03-mlkem-neon-768.csv
# est_cycles;timer=CLOCK_UPTIME_RAW;timer_res_ns=41;cpu_hz=4510000000;hz_source=advertised-pcore-max:Apple-M4-Pro/Max;qos=user_interactive

block-03-mlkem-sve-768.csv
# est_cycles;timer=CLOCK_UPTIME_RAW;timer_res_ns=41;cpu_hz=4510000000;hz_source=advertised-pcore-max:Apple-M4-Pro/Max;qos=user_interactive

block-03-mlkem-ref-768.csv
# est_cycles;timer=CLOCK_UPTIME_RAW;timer_res_ns=41;cpu_hz=4510000000;hz_source=advertised-pcore-max:Apple-M4-Pro/Max;qos=user_interactive

block-03-kyber-neon-768.csv
# est_cycles;timer=CLOCK_UPTIME_RAW;timer_res_ns=41;cpu_hz=4510000000;hz_source=advertised-pcore-max:Apple-M4-Pro/Max;qos=user_interactive

block-03-kyber-sve-768.csv
# est_cycles;timer=CLOCK_UPTIME_RAW;timer_res_ns=41;cpu_hz=4510000000;hz_source=advertised-pcore-max:Apple-M4-Pro/Max;qos=user_interactive

block-04-kyber-neon-768.csv
# est_cycles;timer=CLOCK_UPTIME_RAW;timer_res_ns=41;cpu_hz=4510000000;hz_source=advertised-pcore-max:Apple-M4-Pro/Max;qos=user_interactive

block-04-mlkem-sme-768.csv
# est_cycles;timer=CLOCK_UPTIME_RAW;timer_res_ns=41;cpu_hz=4510000000;hz_source=advertised-pcore-max:Apple-M4-Pro/Max;qos=user_interactive

block-04-kyber-sve-768.csv
# est_cycles;timer=CLOCK_UPTIME_RAW;timer_res_ns=41;cpu_hz=4510000000;hz_source=advertised-pcore-max:Apple-M4-Pro/Max;qos=user_interactive

block-04-kyber-sme-768.csv
# est_cycles;timer=CLOCK_UPTIME_RAW;timer_res_ns=41;cpu_hz=4510000000;hz_source=advertised-pcore-max:Apple-M4-Pro/Max;qos=user_interactive

block-04-kyber-ref-768.csv
# est_cycles;timer=CLOCK_UPTIME_RAW;timer_res_ns=41;cpu_hz=4510000000;hz_source=advertised-pcore-max:Apple-M4-Pro/Max;qos=user_interactive

block-04-mlkem-ref-768.csv
# est_cycles;timer=CLOCK_UPTIME_RAW;timer_res_ns=41;cpu_hz=4510000000;hz_source=advertised-pcore-max:Apple-M4-Pro/Max;qos=user_interactive

block-04-mlkem-neon-768.csv
# est_cycles;timer=CLOCK_UPTIME_RAW;timer_res_ns=41;cpu_hz=4510000000;hz_source=advertised-pcore-max:Apple-M4-Pro/Max;qos=user_interactive

block-04-mlkem-sve-768.csv
# est_cycles;timer=CLOCK_UPTIME_RAW;timer_res_ns=41;cpu_hz=4510000000;hz_source=advertised-pcore-max:Apple-M4-Pro/Max;qos=user_interactive

block-05-kyber-neon-768.csv
# est_cycles;timer=CLOCK_UPTIME_RAW;timer_res_ns=41;cpu_hz=4510000000;hz_source=advertised-pcore-max:Apple-M4-Pro/Max;qos=user_interactive

block-05-mlkem-neon-768.csv
# est_cycles;timer=CLOCK_UPTIME_RAW;timer_res_ns=41;cpu_hz=4510000000;hz_source=advertised-pcore-max:Apple-M4-Pro/Max;qos=user_interactive

block-05-kyber-ref-768.csv
# est_cycles;timer=CLOCK_UPTIME_RAW;timer_res_ns=41;cpu_hz=4510000000;hz_source=advertised-pcore-max:Apple-M4-Pro/Max;qos=user_interactive

block-05-kyber-sve-768.csv
# est_cycles;timer=CLOCK_UPTIME_RAW;timer_res_ns=41;cpu_hz=4510000000;hz_source=advertised-pcore-max:Apple-M4-Pro/Max;qos=user_interactive

block-05-kyber-sme-768.csv
# est_cycles;timer=CLOCK_UPTIME_RAW;timer_res_ns=41;cpu_hz=4510000000;hz_source=advertised-pcore-max:Apple-M4-Pro/Max;qos=user_interactive

block-05-mlkem-ref-768.csv
# est_cycles;timer=CLOCK_UPTIME_RAW;timer_res_ns=41;cpu_hz=4510000000;hz_source=advertised-pcore-max:Apple-M4-Pro/Max;qos=user_interactive

block-05-mlkem-sve-768.csv
# est_cycles;timer=CLOCK_UPTIME_RAW;timer_res_ns=41;cpu_hz=4510000000;hz_source=advertised-pcore-max:Apple-M4-Pro/Max;qos=user_interactive

block-05-mlkem-sme-768.csv
# est_cycles;timer=CLOCK_UPTIME_RAW;timer_res_ns=41;cpu_hz=4510000000;hz_source=advertised-pcore-max:Apple-M4-Pro/Max;qos=user_interactive

block-06-kyber-neon-768.csv
# est_cycles;timer=CLOCK_UPTIME_RAW;timer_res_ns=41;cpu_hz=4510000000;hz_source=advertised-pcore-max:Apple-M4-Pro/Max;qos=user_interactive

block-06-kyber-ref-768.csv
# est_cycles;timer=CLOCK_UPTIME_RAW;timer_res_ns=41;cpu_hz=4510000000;hz_source=advertised-pcore-max:Apple-M4-Pro/Max;qos=user_interactive

block-06-mlkem-sve-768.csv
# est_cycles;timer=CLOCK_UPTIME_RAW;timer_res_ns=41;cpu_hz=4510000000;hz_source=advertised-pcore-max:Apple-M4-Pro/Max;qos=user_interactive

block-06-mlkem-sme-768.csv
# est_cycles;timer=CLOCK_UPTIME_RAW;timer_res_ns=41;cpu_hz=4510000000;hz_source=advertised-pcore-max:Apple-M4-Pro/Max;qos=user_interactive

block-06-mlkem-neon-768.csv
# est_cycles;timer=CLOCK_UPTIME_RAW;timer_res_ns=41;cpu_hz=4510000000;hz_source=advertised-pcore-max:Apple-M4-Pro/Max;qos=user_interactive

block-06-kyber-sme-768.csv
# est_cycles;timer=CLOCK_UPTIME_RAW;timer_res_ns=41;cpu_hz=4510000000;hz_source=advertised-pcore-max:Apple-M4-Pro/Max;qos=user_interactive

block-06-kyber-sve-768.csv
# est_cycles;timer=CLOCK_UPTIME_RAW;timer_res_ns=41;cpu_hz=4510000000;hz_source=advertised-pcore-max:Apple-M4-Pro/Max;qos=user_interactive

block-06-mlkem-ref-768.csv
# est_cycles;timer=CLOCK_UPTIME_RAW;timer_res_ns=41;cpu_hz=4510000000;hz_source=advertised-pcore-max:Apple-M4-Pro/Max;qos=user_interactive

block-07-kyber-sme-768.csv
# est_cycles;timer=CLOCK_UPTIME_RAW;timer_res_ns=41;cpu_hz=4510000000;hz_source=advertised-pcore-max:Apple-M4-Pro/Max;qos=user_interactive

block-07-kyber-ref-768.csv
# est_cycles;timer=CLOCK_UPTIME_RAW;timer_res_ns=41;cpu_hz=4510000000;hz_source=advertised-pcore-max:Apple-M4-Pro/Max;qos=user_interactive

block-07-kyber-sve-768.csv
# est_cycles;timer=CLOCK_UPTIME_RAW;timer_res_ns=41;cpu_hz=4510000000;hz_source=advertised-pcore-max:Apple-M4-Pro/Max;qos=user_interactive

block-07-mlkem-neon-768.csv
# est_cycles;timer=CLOCK_UPTIME_RAW;timer_res_ns=41;cpu_hz=4510000000;hz_source=advertised-pcore-max:Apple-M4-Pro/Max;qos=user_interactive

block-07-mlkem-ref-768.csv
# est_cycles;timer=CLOCK_UPTIME_RAW;timer_res_ns=41;cpu_hz=4510000000;hz_source=advertised-pcore-max:Apple-M4-Pro/Max;qos=user_interactive

block-07-kyber-neon-768.csv
# est_cycles;timer=CLOCK_UPTIME_RAW;timer_res_ns=41;cpu_hz=4510000000;hz_source=advertised-pcore-max:Apple-M4-Pro/Max;qos=user_interactive

block-07-mlkem-sme-768.csv
# est_cycles;timer=CLOCK_UPTIME_RAW;timer_res_ns=41;cpu_hz=4510000000;hz_source=advertised-pcore-max:Apple-M4-Pro/Max;qos=user_interactive

block-07-mlkem-sve-768.csv
# est_cycles;timer=CLOCK_UPTIME_RAW;timer_res_ns=41;cpu_hz=4510000000;hz_source=advertised-pcore-max:Apple-M4-Pro/Max;qos=user_interactive

block-08-kyber-sme-768.csv
# est_cycles;timer=CLOCK_UPTIME_RAW;timer_res_ns=41;cpu_hz=4510000000;hz_source=advertised-pcore-max:Apple-M4-Pro/Max;qos=user_interactive

block-08-mlkem-sme-768.csv
# est_cycles;timer=CLOCK_UPTIME_RAW;timer_res_ns=41;cpu_hz=4510000000;hz_source=advertised-pcore-max:Apple-M4-Pro/Max;qos=user_interactive

block-08-kyber-ref-768.csv
# est_cycles;timer=CLOCK_UPTIME_RAW;timer_res_ns=41;cpu_hz=4510000000;hz_source=advertised-pcore-max:Apple-M4-Pro/Max;qos=user_interactive

block-08-mlkem-ref-768.csv
# est_cycles;timer=CLOCK_UPTIME_RAW;timer_res_ns=41;cpu_hz=4510000000;hz_source=advertised-pcore-max:Apple-M4-Pro/Max;qos=user_interactive

block-08-kyber-sve-768.csv
# est_cycles;timer=CLOCK_UPTIME_RAW;timer_res_ns=41;cpu_hz=4510000000;hz_source=advertised-pcore-max:Apple-M4-Pro/Max;qos=user_interactive

block-08-kyber-neon-768.csv
# est_cycles;timer=CLOCK_UPTIME_RAW;timer_res_ns=41;cpu_hz=4510000000;hz_source=advertised-pcore-max:Apple-M4-Pro/Max;qos=user_interactive

block-08-mlkem-neon-768.csv
# est_cycles;timer=CLOCK_UPTIME_RAW;timer_res_ns=41;cpu_hz=4510000000;hz_source=advertised-pcore-max:Apple-M4-Pro/Max;qos=user_interactive

block-08-mlkem-sve-768.csv
# est_cycles;timer=CLOCK_UPTIME_RAW;timer_res_ns=41;cpu_hz=4510000000;hz_source=advertised-pcore-max:Apple-M4-Pro/Max;qos=user_interactive

block-09-kyber-sve-768.csv
# est_cycles;timer=CLOCK_UPTIME_RAW;timer_res_ns=41;cpu_hz=4510000000;hz_source=advertised-pcore-max:Apple-M4-Pro/Max;qos=user_interactive

block-09-kyber-sme-768.csv
# est_cycles;timer=CLOCK_UPTIME_RAW;timer_res_ns=41;cpu_hz=4510000000;hz_source=advertised-pcore-max:Apple-M4-Pro/Max;qos=user_interactive

block-09-kyber-neon-768.csv
# est_cycles;timer=CLOCK_UPTIME_RAW;timer_res_ns=41;cpu_hz=4510000000;hz_source=advertised-pcore-max:Apple-M4-Pro/Max;qos=user_interactive

block-09-kyber-ref-768.csv
# est_cycles;timer=CLOCK_UPTIME_RAW;timer_res_ns=41;cpu_hz=4510000000;hz_source=advertised-pcore-max:Apple-M4-Pro/Max;qos=user_interactive

block-09-mlkem-sve-768.csv
# est_cycles;timer=CLOCK_UPTIME_RAW;timer_res_ns=41;cpu_hz=4510000000;hz_source=advertised-pcore-max:Apple-M4-Pro/Max;qos=user_interactive

block-09-mlkem-neon-768.csv
# est_cycles;timer=CLOCK_UPTIME_RAW;timer_res_ns=41;cpu_hz=4510000000;hz_source=advertised-pcore-max:Apple-M4-Pro/Max;qos=user_interactive

block-09-mlkem-sme-768.csv
# est_cycles;timer=CLOCK_UPTIME_RAW;timer_res_ns=41;cpu_hz=4510000000;hz_source=advertised-pcore-max:Apple-M4-Pro/Max;qos=user_interactive

block-09-mlkem-ref-768.csv
# est_cycles;timer=CLOCK_UPTIME_RAW;timer_res_ns=41;cpu_hz=4510000000;hz_source=advertised-pcore-max:Apple-M4-Pro/Max;qos=user_interactive

block-10-kyber-sve-768.csv
# est_cycles;timer=CLOCK_UPTIME_RAW;timer_res_ns=41;cpu_hz=4510000000;hz_source=advertised-pcore-max:Apple-M4-Pro/Max;qos=user_interactive

block-10-mlkem-sme-768.csv
# est_cycles;timer=CLOCK_UPTIME_RAW;timer_res_ns=41;cpu_hz=4510000000;hz_source=advertised-pcore-max:Apple-M4-Pro/Max;qos=user_interactive

block-10-kyber-neon-768.csv
# est_cycles;timer=CLOCK_UPTIME_RAW;timer_res_ns=41;cpu_hz=4510000000;hz_source=advertised-pcore-max:Apple-M4-Pro/Max;qos=user_interactive

block-10-kyber-ref-768.csv
# est_cycles;timer=CLOCK_UPTIME_RAW;timer_res_ns=41;cpu_hz=4510000000;hz_source=advertised-pcore-max:Apple-M4-Pro/Max;qos=user_interactive

block-10-mlkem-ref-768.csv
# est_cycles;timer=CLOCK_UPTIME_RAW;timer_res_ns=41;cpu_hz=4510000000;hz_source=advertised-pcore-max:Apple-M4-Pro/Max;qos=user_interactive

block-10-mlkem-sve-768.csv
# est_cycles;timer=CLOCK_UPTIME_RAW;timer_res_ns=41;cpu_hz=4510000000;hz_source=advertised-pcore-max:Apple-M4-Pro/Max;qos=user_interactive

block-10-kyber-sme-768.csv
# est_cycles;timer=CLOCK_UPTIME_RAW;timer_res_ns=41;cpu_hz=4510000000;hz_source=advertised-pcore-max:Apple-M4-Pro/Max;qos=user_interactive

block-10-mlkem-neon-768.csv
# est_cycles;timer=CLOCK_UPTIME_RAW;timer_res_ns=41;cpu_hz=4510000000;hz_source=advertised-pcore-max:Apple-M4-Pro/Max;qos=user_interactive

block-11-mlkem-sve-768.csv
# est_cycles;timer=CLOCK_UPTIME_RAW;timer_res_ns=41;cpu_hz=4510000000;hz_source=advertised-pcore-max:Apple-M4-Pro/Max;qos=user_interactive

block-11-mlkem-ref-768.csv
# est_cycles;timer=CLOCK_UPTIME_RAW;timer_res_ns=41;cpu_hz=4510000000;hz_source=advertised-pcore-max:Apple-M4-Pro/Max;qos=user_interactive

block-11-kyber-neon-768.csv
# est_cycles;timer=CLOCK_UPTIME_RAW;timer_res_ns=41;cpu_hz=4510000000;hz_source=advertised-pcore-max:Apple-M4-Pro/Max;qos=user_interactive

block-11-kyber-sme-768.csv
# est_cycles;timer=CLOCK_UPTIME_RAW;timer_res_ns=41;cpu_hz=4510000000;hz_source=advertised-pcore-max:Apple-M4-Pro/Max;qos=user_interactive

block-11-kyber-ref-768.csv
# est_cycles;timer=CLOCK_UPTIME_RAW;timer_res_ns=41;cpu_hz=4510000000;hz_source=advertised-pcore-max:Apple-M4-Pro/Max;qos=user_interactive

block-11-mlkem-neon-768.csv
# est_cycles;timer=CLOCK_UPTIME_RAW;timer_res_ns=41;cpu_hz=4510000000;hz_source=advertised-pcore-max:Apple-M4-Pro/Max;qos=user_interactive

block-11-kyber-sve-768.csv
# est_cycles;timer=CLOCK_UPTIME_RAW;timer_res_ns=41;cpu_hz=4510000000;hz_source=advertised-pcore-max:Apple-M4-Pro/Max;qos=user_interactive

block-11-mlkem-sme-768.csv
# est_cycles;timer=CLOCK_UPTIME_RAW;timer_res_ns=41;cpu_hz=4510000000;hz_source=advertised-pcore-max:Apple-M4-Pro/Max;qos=user_interactive

block-12-kyber-neon-768.csv
# est_cycles;timer=CLOCK_UPTIME_RAW;timer_res_ns=41;cpu_hz=4510000000;hz_source=advertised-pcore-max:Apple-M4-Pro/Max;qos=user_interactive

block-12-kyber-ref-768.csv
# est_cycles;timer=CLOCK_UPTIME_RAW;timer_res_ns=41;cpu_hz=4510000000;hz_source=advertised-pcore-max:Apple-M4-Pro/Max;qos=user_interactive

block-12-mlkem-sme-768.csv
# est_cycles;timer=CLOCK_UPTIME_RAW;timer_res_ns=41;cpu_hz=4510000000;hz_source=advertised-pcore-max:Apple-M4-Pro/Max;qos=user_interactive

block-12-mlkem-neon-768.csv
# est_cycles;timer=CLOCK_UPTIME_RAW;timer_res_ns=41;cpu_hz=4510000000;hz_source=advertised-pcore-max:Apple-M4-Pro/Max;qos=user_interactive

block-12-kyber-sme-768.csv
# est_cycles;timer=CLOCK_UPTIME_RAW;timer_res_ns=41;cpu_hz=4510000000;hz_source=advertised-pcore-max:Apple-M4-Pro/Max;qos=user_interactive

block-12-mlkem-ref-768.csv
# est_cycles;timer=CLOCK_UPTIME_RAW;timer_res_ns=41;cpu_hz=4510000000;hz_source=advertised-pcore-max:Apple-M4-Pro/Max;qos=user_interactive

block-12-kyber-sve-768.csv
# est_cycles;timer=CLOCK_UPTIME_RAW;timer_res_ns=41;cpu_hz=4510000000;hz_source=advertised-pcore-max:Apple-M4-Pro/Max;qos=user_interactive

block-12-mlkem-sve-768.csv
# est_cycles;timer=CLOCK_UPTIME_RAW;timer_res_ns=41;cpu_hz=4510000000;hz_source=advertised-pcore-max:Apple-M4-Pro/Max;qos=user_interactive

block-13-mlkem-neon-768.csv
# est_cycles;timer=CLOCK_UPTIME_RAW;timer_res_ns=41;cpu_hz=4510000000;hz_source=advertised-pcore-max:Apple-M4-Pro/Max;qos=user_interactive

block-13-mlkem-ref-768.csv
# est_cycles;timer=CLOCK_UPTIME_RAW;timer_res_ns=41;cpu_hz=4510000000;hz_source=advertised-pcore-max:Apple-M4-Pro/Max;qos=user_interactive

block-13-kyber-neon-768.csv
# est_cycles;timer=CLOCK_UPTIME_RAW;timer_res_ns=41;cpu_hz=4510000000;hz_source=advertised-pcore-max:Apple-M4-Pro/Max;qos=user_interactive

block-13-kyber-ref-768.csv
# est_cycles;timer=CLOCK_UPTIME_RAW;timer_res_ns=41;cpu_hz=4510000000;hz_source=advertised-pcore-max:Apple-M4-Pro/Max;qos=user_interactive

block-13-mlkem-sve-768.csv
# est_cycles;timer=CLOCK_UPTIME_RAW;timer_res_ns=41;cpu_hz=4510000000;hz_source=advertised-pcore-max:Apple-M4-Pro/Max;qos=user_interactive

block-13-kyber-sme-768.csv
# est_cycles;timer=CLOCK_UPTIME_RAW;timer_res_ns=41;cpu_hz=4510000000;hz_source=advertised-pcore-max:Apple-M4-Pro/Max;qos=user_interactive

block-13-mlkem-sme-768.csv
# est_cycles;timer=CLOCK_UPTIME_RAW;timer_res_ns=41;cpu_hz=4510000000;hz_source=advertised-pcore-max:Apple-M4-Pro/Max;qos=user_interactive

block-13-kyber-sve-768.csv
# est_cycles;timer=CLOCK_UPTIME_RAW;timer_res_ns=41;cpu_hz=4510000000;hz_source=advertised-pcore-max:Apple-M4-Pro/Max;qos=user_interactive

block-14-kyber-sme-768.csv
# est_cycles;timer=CLOCK_UPTIME_RAW;timer_res_ns=41;cpu_hz=4510000000;hz_source=advertised-pcore-max:Apple-M4-Pro/Max;qos=user_interactive

block-14-mlkem-ref-768.csv
# est_cycles;timer=CLOCK_UPTIME_RAW;timer_res_ns=41;cpu_hz=4510000000;hz_source=advertised-pcore-max:Apple-M4-Pro/Max;qos=user_interactive

block-14-mlkem-sme-768.csv
# est_cycles;timer=CLOCK_UPTIME_RAW;timer_res_ns=41;cpu_hz=4510000000;hz_source=advertised-pcore-max:Apple-M4-Pro/Max;qos=user_interactive

block-14-kyber-neon-768.csv
# est_cycles;timer=CLOCK_UPTIME_RAW;timer_res_ns=41;cpu_hz=4510000000;hz_source=advertised-pcore-max:Apple-M4-Pro/Max;qos=user_interactive

block-14-mlkem-neon-768.csv
# est_cycles;timer=CLOCK_UPTIME_RAW;timer_res_ns=41;cpu_hz=4510000000;hz_source=advertised-pcore-max:Apple-M4-Pro/Max;qos=user_interactive

block-14-kyber-ref-768.csv
# est_cycles;timer=CLOCK_UPTIME_RAW;timer_res_ns=41;cpu_hz=4510000000;hz_source=advertised-pcore-max:Apple-M4-Pro/Max;qos=user_interactive

block-14-mlkem-sve-768.csv
# est_cycles;timer=CLOCK_UPTIME_RAW;timer_res_ns=41;cpu_hz=4510000000;hz_source=advertised-pcore-max:Apple-M4-Pro/Max;qos=user_interactive

block-14-kyber-sve-768.csv
# est_cycles;timer=CLOCK_UPTIME_RAW;timer_res_ns=41;cpu_hz=4510000000;hz_source=advertised-pcore-max:Apple-M4-Pro/Max;qos=user_interactive

block-15-mlkem-sme-768.csv
# est_cycles;timer=CLOCK_UPTIME_RAW;timer_res_ns=41;cpu_hz=4510000000;hz_source=advertised-pcore-max:Apple-M4-Pro/Max;qos=user_interactive

block-15-mlkem-neon-768.csv
# est_cycles;timer=CLOCK_UPTIME_RAW;timer_res_ns=41;cpu_hz=4510000000;hz_source=advertised-pcore-max:Apple-M4-Pro/Max;qos=user_interactive

block-15-kyber-neon-768.csv
# est_cycles;timer=CLOCK_UPTIME_RAW;timer_res_ns=41;cpu_hz=4510000000;hz_source=advertised-pcore-max:Apple-M4-Pro/Max;qos=user_interactive

block-15-mlkem-sve-768.csv
# est_cycles;timer=CLOCK_UPTIME_RAW;timer_res_ns=41;cpu_hz=4510000000;hz_source=advertised-pcore-max:Apple-M4-Pro/Max;qos=user_interactive

block-15-kyber-sme-768.csv
# est_cycles;timer=CLOCK_UPTIME_RAW;timer_res_ns=41;cpu_hz=4510000000;hz_source=advertised-pcore-max:Apple-M4-Pro/Max;qos=user_interactive

block-15-kyber-ref-768.csv
# est_cycles;timer=CLOCK_UPTIME_RAW;timer_res_ns=41;cpu_hz=4510000000;hz_source=advertised-pcore-max:Apple-M4-Pro/Max;qos=user_interactive

block-15-kyber-sve-768.csv
# est_cycles;timer=CLOCK_UPTIME_RAW;timer_res_ns=41;cpu_hz=4510000000;hz_source=advertised-pcore-max:Apple-M4-Pro/Max;qos=user_interactive

block-15-mlkem-ref-768.csv
# est_cycles;timer=CLOCK_UPTIME_RAW;timer_res_ns=41;cpu_hz=4510000000;hz_source=advertised-pcore-max:Apple-M4-Pro/Max;qos=user_interactive

block-16-kyber-sme-768.csv
# est_cycles;timer=CLOCK_UPTIME_RAW;timer_res_ns=41;cpu_hz=4510000000;hz_source=advertised-pcore-max:Apple-M4-Pro/Max;qos=user_interactive

block-16-kyber-neon-768.csv
# est_cycles;timer=CLOCK_UPTIME_RAW;timer_res_ns=41;cpu_hz=4510000000;hz_source=advertised-pcore-max:Apple-M4-Pro/Max;qos=user_interactive

block-16-kyber-ref-768.csv
# est_cycles;timer=CLOCK_UPTIME_RAW;timer_res_ns=41;cpu_hz=4510000000;hz_source=advertised-pcore-max:Apple-M4-Pro/Max;qos=user_interactive

block-16-mlkem-ref-768.csv
# est_cycles;timer=CLOCK_UPTIME_RAW;timer_res_ns=41;cpu_hz=4510000000;hz_source=advertised-pcore-max:Apple-M4-Pro/Max;qos=user_interactive

block-16-mlkem-sme-768.csv
# est_cycles;timer=CLOCK_UPTIME_RAW;timer_res_ns=41;cpu_hz=4510000000;hz_source=advertised-pcore-max:Apple-M4-Pro/Max;qos=user_interactive

block-16-kyber-sve-768.csv
# est_cycles;timer=CLOCK_UPTIME_RAW;timer_res_ns=41;cpu_hz=4510000000;hz_source=advertised-pcore-max:Apple-M4-Pro/Max;qos=user_interactive

block-16-mlkem-neon-768.csv
# est_cycles;timer=CLOCK_UPTIME_RAW;timer_res_ns=41;cpu_hz=4510000000;hz_source=advertised-pcore-max:Apple-M4-Pro/Max;qos=user_interactive

block-16-mlkem-sve-768.csv
# est_cycles;timer=CLOCK_UPTIME_RAW;timer_res_ns=41;cpu_hz=4510000000;hz_source=advertised-pcore-max:Apple-M4-Pro/Max;qos=user_interactive

block-17-mlkem-neon-768.csv
# est_cycles;timer=CLOCK_UPTIME_RAW;timer_res_ns=41;cpu_hz=4510000000;hz_source=advertised-pcore-max:Apple-M4-Pro/Max;qos=user_interactive

block-17-mlkem-ref-768.csv
# est_cycles;timer=CLOCK_UPTIME_RAW;timer_res_ns=41;cpu_hz=4510000000;hz_source=advertised-pcore-max:Apple-M4-Pro/Max;qos=user_interactive

block-17-kyber-sme-768.csv
# est_cycles;timer=CLOCK_UPTIME_RAW;timer_res_ns=41;cpu_hz=4510000000;hz_source=advertised-pcore-max:Apple-M4-Pro/Max;qos=user_interactive

block-17-mlkem-sme-768.csv
# est_cycles;timer=CLOCK_UPTIME_RAW;timer_res_ns=41;cpu_hz=4510000000;hz_source=advertised-pcore-max:Apple-M4-Pro/Max;qos=user_interactive

block-17-kyber-sve-768.csv
# est_cycles;timer=CLOCK_UPTIME_RAW;timer_res_ns=41;cpu_hz=4510000000;hz_source=advertised-pcore-max:Apple-M4-Pro/Max;qos=user_interactive

block-17-kyber-ref-768.csv
# est_cycles;timer=CLOCK_UPTIME_RAW;timer_res_ns=41;cpu_hz=4510000000;hz_source=advertised-pcore-max:Apple-M4-Pro/Max;qos=user_interactive

block-17-mlkem-sve-768.csv
# est_cycles;timer=CLOCK_UPTIME_RAW;timer_res_ns=41;cpu_hz=4510000000;hz_source=advertised-pcore-max:Apple-M4-Pro/Max;qos=user_interactive

block-17-kyber-neon-768.csv
# est_cycles;timer=CLOCK_UPTIME_RAW;timer_res_ns=41;cpu_hz=4510000000;hz_source=advertised-pcore-max:Apple-M4-Pro/Max;qos=user_interactive

block-18-mlkem-sme-768.csv
# est_cycles;timer=CLOCK_UPTIME_RAW;timer_res_ns=41;cpu_hz=4510000000;hz_source=advertised-pcore-max:Apple-M4-Pro/Max;qos=user_interactive

block-18-kyber-neon-768.csv
# est_cycles;timer=CLOCK_UPTIME_RAW;timer_res_ns=41;cpu_hz=4510000000;hz_source=advertised-pcore-max:Apple-M4-Pro/Max;qos=user_interactive

block-18-mlkem-neon-768.csv
# est_cycles;timer=CLOCK_UPTIME_RAW;timer_res_ns=41;cpu_hz=4510000000;hz_source=advertised-pcore-max:Apple-M4-Pro/Max;qos=user_interactive

block-18-kyber-ref-768.csv
# est_cycles;timer=CLOCK_UPTIME_RAW;timer_res_ns=41;cpu_hz=4510000000;hz_source=advertised-pcore-max:Apple-M4-Pro/Max;qos=user_interactive

block-18-kyber-sme-768.csv
# est_cycles;timer=CLOCK_UPTIME_RAW;timer_res_ns=41;cpu_hz=4510000000;hz_source=advertised-pcore-max:Apple-M4-Pro/Max;qos=user_interactive

block-18-mlkem-sve-768.csv
# est_cycles;timer=CLOCK_UPTIME_RAW;timer_res_ns=41;cpu_hz=4510000000;hz_source=advertised-pcore-max:Apple-M4-Pro/Max;qos=user_interactive

block-18-mlkem-ref-768.csv
# est_cycles;timer=CLOCK_UPTIME_RAW;timer_res_ns=41;cpu_hz=4510000000;hz_source=advertised-pcore-max:Apple-M4-Pro/Max;qos=user_interactive

block-18-kyber-sve-768.csv
# est_cycles;timer=CLOCK_UPTIME_RAW;timer_res_ns=41;cpu_hz=4510000000;hz_source=advertised-pcore-max:Apple-M4-Pro/Max;qos=user_interactive

block-19-kyber-sve-768.csv
# est_cycles;timer=CLOCK_UPTIME_RAW;timer_res_ns=41;cpu_hz=4510000000;hz_source=advertised-pcore-max:Apple-M4-Pro/Max;qos=user_interactive

block-19-mlkem-sme-768.csv
# est_cycles;timer=CLOCK_UPTIME_RAW;timer_res_ns=41;cpu_hz=4510000000;hz_source=advertised-pcore-max:Apple-M4-Pro/Max;qos=user_interactive

block-19-kyber-ref-768.csv
# est_cycles;timer=CLOCK_UPTIME_RAW;timer_res_ns=41;cpu_hz=4510000000;hz_source=advertised-pcore-max:Apple-M4-Pro/Max;qos=user_interactive

block-19-kyber-neon-768.csv
# est_cycles;timer=CLOCK_UPTIME_RAW;timer_res_ns=41;cpu_hz=4510000000;hz_source=advertised-pcore-max:Apple-M4-Pro/Max;qos=user_interactive

block-19-mlkem-neon-768.csv
# est_cycles;timer=CLOCK_UPTIME_RAW;timer_res_ns=41;cpu_hz=4510000000;hz_source=advertised-pcore-max:Apple-M4-Pro/Max;qos=user_interactive

block-19-mlkem-ref-768.csv
# est_cycles;timer=CLOCK_UPTIME_RAW;timer_res_ns=41;cpu_hz=4510000000;hz_source=advertised-pcore-max:Apple-M4-Pro/Max;qos=user_interactive

block-19-kyber-sme-768.csv
# est_cycles;timer=CLOCK_UPTIME_RAW;timer_res_ns=41;cpu_hz=4510000000;hz_source=advertised-pcore-max:Apple-M4-Pro/Max;qos=user_interactive

block-19-mlkem-sve-768.csv
# est_cycles;timer=CLOCK_UPTIME_RAW;timer_res_ns=41;cpu_hz=4510000000;hz_source=advertised-pcore-max:Apple-M4-Pro/Max;qos=user_interactive

block-20-kyber-sve-768.csv
# est_cycles;timer=CLOCK_UPTIME_RAW;timer_res_ns=41;cpu_hz=4510000000;hz_source=advertised-pcore-max:Apple-M4-Pro/Max;qos=user_interactive

block-20-kyber-neon-768.csv
# est_cycles;timer=CLOCK_UPTIME_RAW;timer_res_ns=41;cpu_hz=4510000000;hz_source=advertised-pcore-max:Apple-M4-Pro/Max;qos=user_interactive

block-20-mlkem-neon-768.csv
# est_cycles;timer=CLOCK_UPTIME_RAW;timer_res_ns=41;cpu_hz=4510000000;hz_source=advertised-pcore-max:Apple-M4-Pro/Max;qos=user_interactive

block-20-mlkem-sve-768.csv
# est_cycles;timer=CLOCK_UPTIME_RAW;timer_res_ns=41;cpu_hz=4510000000;hz_source=advertised-pcore-max:Apple-M4-Pro/Max;qos=user_interactive

block-20-mlkem-sme-768.csv
# est_cycles;timer=CLOCK_UPTIME_RAW;timer_res_ns=41;cpu_hz=4510000000;hz_source=advertised-pcore-max:Apple-M4-Pro/Max;qos=user_interactive

block-20-kyber-ref-768.csv
# est_cycles;timer=CLOCK_UPTIME_RAW;timer_res_ns=41;cpu_hz=4510000000;hz_source=advertised-pcore-max:Apple-M4-Pro/Max;qos=user_interactive

block-20-mlkem-ref-768.csv
# est_cycles;timer=CLOCK_UPTIME_RAW;timer_res_ns=41;cpu_hz=4510000000;hz_source=advertised-pcore-max:Apple-M4-Pro/Max;qos=user_interactive

block-20-kyber-sme-768.csv
# est_cycles;timer=CLOCK_UPTIME_RAW;timer_res_ns=41;cpu_hz=4510000000;hz_source=advertised-pcore-max:Apple-M4-Pro/Max;qos=user_interactive

block-21-kyber-sme-768.csv
# est_cycles;timer=CLOCK_UPTIME_RAW;timer_res_ns=41;cpu_hz=4510000000;hz_source=advertised-pcore-max:Apple-M4-Pro/Max;qos=user_interactive

block-21-mlkem-neon-768.csv
# est_cycles;timer=CLOCK_UPTIME_RAW;timer_res_ns=41;cpu_hz=4510000000;hz_source=advertised-pcore-max:Apple-M4-Pro/Max;qos=user_interactive

block-21-kyber-ref-768.csv
# est_cycles;timer=CLOCK_UPTIME_RAW;timer_res_ns=41;cpu_hz=4510000000;hz_source=advertised-pcore-max:Apple-M4-Pro/Max;qos=user_interactive

block-21-mlkem-ref-768.csv
# est_cycles;timer=CLOCK_UPTIME_RAW;timer_res_ns=41;cpu_hz=4510000000;hz_source=advertised-pcore-max:Apple-M4-Pro/Max;qos=user_interactive

block-21-kyber-sve-768.csv
# est_cycles;timer=CLOCK_UPTIME_RAW;timer_res_ns=41;cpu_hz=4510000000;hz_source=advertised-pcore-max:Apple-M4-Pro/Max;qos=user_interactive

block-21-mlkem-sme-768.csv
# est_cycles;timer=CLOCK_UPTIME_RAW;timer_res_ns=41;cpu_hz=4510000000;hz_source=advertised-pcore-max:Apple-M4-Pro/Max;qos=user_interactive

block-21-mlkem-sve-768.csv
# est_cycles;timer=CLOCK_UPTIME_RAW;timer_res_ns=41;cpu_hz=4510000000;hz_source=advertised-pcore-max:Apple-M4-Pro/Max;qos=user_interactive

block-21-kyber-neon-768.csv
# est_cycles;timer=CLOCK_UPTIME_RAW;timer_res_ns=41;cpu_hz=4510000000;hz_source=advertised-pcore-max:Apple-M4-Pro/Max;qos=user_interactive

block-22-kyber-sme-768.csv
# est_cycles;timer=CLOCK_UPTIME_RAW;timer_res_ns=41;cpu_hz=4510000000;hz_source=advertised-pcore-max:Apple-M4-Pro/Max;qos=user_interactive

block-22-mlkem-neon-768.csv
# est_cycles;timer=CLOCK_UPTIME_RAW;timer_res_ns=41;cpu_hz=4510000000;hz_source=advertised-pcore-max:Apple-M4-Pro/Max;qos=user_interactive

block-22-mlkem-sve-768.csv
# est_cycles;timer=CLOCK_UPTIME_RAW;timer_res_ns=41;cpu_hz=4510000000;hz_source=advertised-pcore-max:Apple-M4-Pro/Max;qos=user_interactive

block-22-kyber-neon-768.csv
# est_cycles;timer=CLOCK_UPTIME_RAW;timer_res_ns=41;cpu_hz=4510000000;hz_source=advertised-pcore-max:Apple-M4-Pro/Max;qos=user_interactive

block-22-kyber-sve-768.csv
# est_cycles;timer=CLOCK_UPTIME_RAW;timer_res_ns=41;cpu_hz=4510000000;hz_source=advertised-pcore-max:Apple-M4-Pro/Max;qos=user_interactive

block-22-mlkem-ref-768.csv
# est_cycles;timer=CLOCK_UPTIME_RAW;timer_res_ns=41;cpu_hz=4510000000;hz_source=advertised-pcore-max:Apple-M4-Pro/Max;qos=user_interactive

block-22-mlkem-sme-768.csv
# est_cycles;timer=CLOCK_UPTIME_RAW;timer_res_ns=41;cpu_hz=4510000000;hz_source=advertised-pcore-max:Apple-M4-Pro/Max;qos=user_interactive

block-22-kyber-ref-768.csv
# est_cycles;timer=CLOCK_UPTIME_RAW;timer_res_ns=41;cpu_hz=4510000000;hz_source=advertised-pcore-max:Apple-M4-Pro/Max;qos=user_interactive

block-23-kyber-neon-768.csv
# est_cycles;timer=CLOCK_UPTIME_RAW;timer_res_ns=41;cpu_hz=4510000000;hz_source=advertised-pcore-max:Apple-M4-Pro/Max;qos=user_interactive

block-23-kyber-sve-768.csv
# est_cycles;timer=CLOCK_UPTIME_RAW;timer_res_ns=41;cpu_hz=4510000000;hz_source=advertised-pcore-max:Apple-M4-Pro/Max;qos=user_interactive

block-23-mlkem-sve-768.csv
# est_cycles;timer=CLOCK_UPTIME_RAW;timer_res_ns=41;cpu_hz=4510000000;hz_source=advertised-pcore-max:Apple-M4-Pro/Max;qos=user_interactive

block-23-mlkem-sme-768.csv
# est_cycles;timer=CLOCK_UPTIME_RAW;timer_res_ns=41;cpu_hz=4510000000;hz_source=advertised-pcore-max:Apple-M4-Pro/Max;qos=user_interactive

block-23-mlkem-neon-768.csv
# est_cycles;timer=CLOCK_UPTIME_RAW;timer_res_ns=41;cpu_hz=4510000000;hz_source=advertised-pcore-max:Apple-M4-Pro/Max;qos=user_interactive

block-23-mlkem-ref-768.csv
# est_cycles;timer=CLOCK_UPTIME_RAW;timer_res_ns=41;cpu_hz=4510000000;hz_source=advertised-pcore-max:Apple-M4-Pro/Max;qos=user_interactive

block-23-kyber-ref-768.csv
# est_cycles;timer=CLOCK_UPTIME_RAW;timer_res_ns=41;cpu_hz=4510000000;hz_source=advertised-pcore-max:Apple-M4-Pro/Max;qos=user_interactive

block-23-kyber-sme-768.csv
# est_cycles;timer=CLOCK_UPTIME_RAW;timer_res_ns=41;cpu_hz=4510000000;hz_source=advertised-pcore-max:Apple-M4-Pro/Max;qos=user_interactive

block-24-kyber-ref-768.csv
# est_cycles;timer=CLOCK_UPTIME_RAW;timer_res_ns=41;cpu_hz=4510000000;hz_source=advertised-pcore-max:Apple-M4-Pro/Max;qos=user_interactive

block-24-mlkem-sve-768.csv
# est_cycles;timer=CLOCK_UPTIME_RAW;timer_res_ns=41;cpu_hz=4510000000;hz_source=advertised-pcore-max:Apple-M4-Pro/Max;qos=user_interactive

block-24-mlkem-sme-768.csv
# est_cycles;timer=CLOCK_UPTIME_RAW;timer_res_ns=41;cpu_hz=4510000000;hz_source=advertised-pcore-max:Apple-M4-Pro/Max;qos=user_interactive

block-24-kyber-neon-768.csv
# est_cycles;timer=CLOCK_UPTIME_RAW;timer_res_ns=41;cpu_hz=4510000000;hz_source=advertised-pcore-max:Apple-M4-Pro/Max;qos=user_interactive

block-24-mlkem-neon-768.csv
# est_cycles;timer=CLOCK_UPTIME_RAW;timer_res_ns=41;cpu_hz=4510000000;hz_source=advertised-pcore-max:Apple-M4-Pro/Max;qos=user_interactive

block-24-mlkem-ref-768.csv
# est_cycles;timer=CLOCK_UPTIME_RAW;timer_res_ns=41;cpu_hz=4510000000;hz_source=advertised-pcore-max:Apple-M4-Pro/Max;qos=user_interactive

block-24-kyber-sme-768.csv
# est_cycles;timer=CLOCK_UPTIME_RAW;timer_res_ns=41;cpu_hz=4510000000;hz_source=advertised-pcore-max:Apple-M4-Pro/Max;qos=user_interactive

block-24-kyber-sve-768.csv
# est_cycles;timer=CLOCK_UPTIME_RAW;timer_res_ns=41;cpu_hz=4510000000;hz_source=advertised-pcore-max:Apple-M4-Pro/Max;qos=user_interactive

block-25-kyber-sve-768.csv
# est_cycles;timer=CLOCK_UPTIME_RAW;timer_res_ns=41;cpu_hz=4510000000;hz_source=advertised-pcore-max:Apple-M4-Pro/Max;qos=user_interactive

block-25-kyber-ref-768.csv
# est_cycles;timer=CLOCK_UPTIME_RAW;timer_res_ns=41;cpu_hz=4510000000;hz_source=advertised-pcore-max:Apple-M4-Pro/Max;qos=user_interactive

block-25-kyber-sme-768.csv
# est_cycles;timer=CLOCK_UPTIME_RAW;timer_res_ns=41;cpu_hz=4510000000;hz_source=advertised-pcore-max:Apple-M4-Pro/Max;qos=user_interactive

block-25-kyber-neon-768.csv
# est_cycles;timer=CLOCK_UPTIME_RAW;timer_res_ns=41;cpu_hz=4510000000;hz_source=advertised-pcore-max:Apple-M4-Pro/Max;qos=user_interactive

block-25-mlkem-sme-768.csv
# est_cycles;timer=CLOCK_UPTIME_RAW;timer_res_ns=41;cpu_hz=4510000000;hz_source=advertised-pcore-max:Apple-M4-Pro/Max;qos=user_interactive

block-25-mlkem-sve-768.csv
# est_cycles;timer=CLOCK_UPTIME_RAW;timer_res_ns=41;cpu_hz=4510000000;hz_source=advertised-pcore-max:Apple-M4-Pro/Max;qos=user_interactive

block-25-mlkem-ref-768.csv
# est_cycles;timer=CLOCK_UPTIME_RAW;timer_res_ns=41;cpu_hz=4510000000;hz_source=advertised-pcore-max:Apple-M4-Pro/Max;qos=user_interactive

block-25-mlkem-neon-768.csv
# est_cycles;timer=CLOCK_UPTIME_RAW;timer_res_ns=41;cpu_hz=4510000000;hz_source=advertised-pcore-max:Apple-M4-Pro/Max;qos=user_interactive

block-26-kyber-ref-768.csv
# est_cycles;timer=CLOCK_UPTIME_RAW;timer_res_ns=41;cpu_hz=4510000000;hz_source=advertised-pcore-max:Apple-M4-Pro/Max;qos=user_interactive

block-26-kyber-sve-768.csv
# est_cycles;timer=CLOCK_UPTIME_RAW;timer_res_ns=41;cpu_hz=4510000000;hz_source=advertised-pcore-max:Apple-M4-Pro/Max;qos=user_interactive

block-26-kyber-sme-768.csv
# est_cycles;timer=CLOCK_UPTIME_RAW;timer_res_ns=41;cpu_hz=4510000000;hz_source=advertised-pcore-max:Apple-M4-Pro/Max;qos=user_interactive

block-26-kyber-neon-768.csv
# est_cycles;timer=CLOCK_UPTIME_RAW;timer_res_ns=41;cpu_hz=4510000000;hz_source=advertised-pcore-max:Apple-M4-Pro/Max;qos=user_interactive

block-26-mlkem-ref-768.csv
# est_cycles;timer=CLOCK_UPTIME_RAW;timer_res_ns=41;cpu_hz=4510000000;hz_source=advertised-pcore-max:Apple-M4-Pro/Max;qos=user_interactive

block-26-mlkem-neon-768.csv
# est_cycles;timer=CLOCK_UPTIME_RAW;timer_res_ns=41;cpu_hz=4510000000;hz_source=advertised-pcore-max:Apple-M4-Pro/Max;qos=user_interactive

block-26-mlkem-sme-768.csv
# est_cycles;timer=CLOCK_UPTIME_RAW;timer_res_ns=41;cpu_hz=4510000000;hz_source=advertised-pcore-max:Apple-M4-Pro/Max;qos=user_interactive

block-26-mlkem-sve-768.csv
# est_cycles;timer=CLOCK_UPTIME_RAW;timer_res_ns=41;cpu_hz=4510000000;hz_source=advertised-pcore-max:Apple-M4-Pro/Max;qos=user_interactive

block-27-mlkem-sme-768.csv
# est_cycles;timer=CLOCK_UPTIME_RAW;timer_res_ns=41;cpu_hz=4510000000;hz_source=advertised-pcore-max:Apple-M4-Pro/Max;qos=user_interactive

block-27-kyber-sme-768.csv
# est_cycles;timer=CLOCK_UPTIME_RAW;timer_res_ns=41;cpu_hz=4510000000;hz_source=advertised-pcore-max:Apple-M4-Pro/Max;qos=user_interactive

block-27-mlkem-sve-768.csv
# est_cycles;timer=CLOCK_UPTIME_RAW;timer_res_ns=41;cpu_hz=4510000000;hz_source=advertised-pcore-max:Apple-M4-Pro/Max;qos=user_interactive

block-27-kyber-neon-768.csv
# est_cycles;timer=CLOCK_UPTIME_RAW;timer_res_ns=41;cpu_hz=4510000000;hz_source=advertised-pcore-max:Apple-M4-Pro/Max;qos=user_interactive

block-27-kyber-ref-768.csv
# est_cycles;timer=CLOCK_UPTIME_RAW;timer_res_ns=41;cpu_hz=4510000000;hz_source=advertised-pcore-max:Apple-M4-Pro/Max;qos=user_interactive

block-27-kyber-sve-768.csv
# est_cycles;timer=CLOCK_UPTIME_RAW;timer_res_ns=41;cpu_hz=4510000000;hz_source=advertised-pcore-max:Apple-M4-Pro/Max;qos=user_interactive

block-27-mlkem-ref-768.csv
# est_cycles;timer=CLOCK_UPTIME_RAW;timer_res_ns=41;cpu_hz=4510000000;hz_source=advertised-pcore-max:Apple-M4-Pro/Max;qos=user_interactive

block-27-mlkem-neon-768.csv
# est_cycles;timer=CLOCK_UPTIME_RAW;timer_res_ns=41;cpu_hz=4510000000;hz_source=advertised-pcore-max:Apple-M4-Pro/Max;qos=user_interactive

block-28-mlkem-sme-768.csv
# est_cycles;timer=CLOCK_UPTIME_RAW;timer_res_ns=41;cpu_hz=4510000000;hz_source=advertised-pcore-max:Apple-M4-Pro/Max;qos=user_interactive

block-28-mlkem-neon-768.csv
# est_cycles;timer=CLOCK_UPTIME_RAW;timer_res_ns=41;cpu_hz=4510000000;hz_source=advertised-pcore-max:Apple-M4-Pro/Max;qos=user_interactive

block-28-mlkem-sve-768.csv
# est_cycles;timer=CLOCK_UPTIME_RAW;timer_res_ns=41;cpu_hz=4510000000;hz_source=advertised-pcore-max:Apple-M4-Pro/Max;qos=user_interactive

block-28-kyber-neon-768.csv
# est_cycles;timer=CLOCK_UPTIME_RAW;timer_res_ns=41;cpu_hz=4510000000;hz_source=advertised-pcore-max:Apple-M4-Pro/Max;qos=user_interactive

block-28-mlkem-ref-768.csv
# est_cycles;timer=CLOCK_UPTIME_RAW;timer_res_ns=41;cpu_hz=4510000000;hz_source=advertised-pcore-max:Apple-M4-Pro/Max;qos=user_interactive

block-28-kyber-sme-768.csv
# est_cycles;timer=CLOCK_UPTIME_RAW;timer_res_ns=41;cpu_hz=4510000000;hz_source=advertised-pcore-max:Apple-M4-Pro/Max;qos=user_interactive

block-28-kyber-ref-768.csv
# est_cycles;timer=CLOCK_UPTIME_RAW;timer_res_ns=41;cpu_hz=4510000000;hz_source=advertised-pcore-max:Apple-M4-Pro/Max;qos=user_interactive

block-28-kyber-sve-768.csv
# est_cycles;timer=CLOCK_UPTIME_RAW;timer_res_ns=41;cpu_hz=4510000000;hz_source=advertised-pcore-max:Apple-M4-Pro/Max;qos=user_interactive

block-29-mlkem-neon-768.csv
# est_cycles;timer=CLOCK_UPTIME_RAW;timer_res_ns=41;cpu_hz=4510000000;hz_source=advertised-pcore-max:Apple-M4-Pro/Max;qos=user_interactive

block-29-kyber-sve-768.csv
# est_cycles;timer=CLOCK_UPTIME_RAW;timer_res_ns=41;cpu_hz=4510000000;hz_source=advertised-pcore-max:Apple-M4-Pro/Max;qos=user_interactive

block-29-mlkem-sve-768.csv
# est_cycles;timer=CLOCK_UPTIME_RAW;timer_res_ns=41;cpu_hz=4510000000;hz_source=advertised-pcore-max:Apple-M4-Pro/Max;qos=user_interactive

block-29-kyber-ref-768.csv
# est_cycles;timer=CLOCK_UPTIME_RAW;timer_res_ns=41;cpu_hz=4510000000;hz_source=advertised-pcore-max:Apple-M4-Pro/Max;qos=user_interactive

block-29-mlkem-sme-768.csv
# est_cycles;timer=CLOCK_UPTIME_RAW;timer_res_ns=41;cpu_hz=4510000000;hz_source=advertised-pcore-max:Apple-M4-Pro/Max;qos=user_interactive

block-29-kyber-neon-768.csv
# est_cycles;timer=CLOCK_UPTIME_RAW;timer_res_ns=41;cpu_hz=4510000000;hz_source=advertised-pcore-max:Apple-M4-Pro/Max;qos=user_interactive

block-29-kyber-sme-768.csv
# est_cycles;timer=CLOCK_UPTIME_RAW;timer_res_ns=41;cpu_hz=4510000000;hz_source=advertised-pcore-max:Apple-M4-Pro/Max;qos=user_interactive

block-29-mlkem-ref-768.csv
# est_cycles;timer=CLOCK_UPTIME_RAW;timer_res_ns=41;cpu_hz=4510000000;hz_source=advertised-pcore-max:Apple-M4-Pro/Max;qos=user_interactive

block-30-kyber-sve-768.csv
# est_cycles;timer=CLOCK_UPTIME_RAW;timer_res_ns=41;cpu_hz=4510000000;hz_source=advertised-pcore-max:Apple-M4-Pro/Max;qos=user_interactive

block-30-mlkem-sve-768.csv
# est_cycles;timer=CLOCK_UPTIME_RAW;timer_res_ns=41;cpu_hz=4510000000;hz_source=advertised-pcore-max:Apple-M4-Pro/Max;qos=user_interactive

block-30-kyber-sme-768.csv
# est_cycles;timer=CLOCK_UPTIME_RAW;timer_res_ns=41;cpu_hz=4510000000;hz_source=advertised-pcore-max:Apple-M4-Pro/Max;qos=user_interactive

block-30-kyber-neon-768.csv
# est_cycles;timer=CLOCK_UPTIME_RAW;timer_res_ns=41;cpu_hz=4510000000;hz_source=advertised-pcore-max:Apple-M4-Pro/Max;qos=user_interactive

block-30-mlkem-sme-768.csv
# est_cycles;timer=CLOCK_UPTIME_RAW;timer_res_ns=41;cpu_hz=4510000000;hz_source=advertised-pcore-max:Apple-M4-Pro/Max;qos=user_interactive

block-30-mlkem-ref-768.csv
# est_cycles;timer=CLOCK_UPTIME_RAW;timer_res_ns=41;cpu_hz=4510000000;hz_source=advertised-pcore-max:Apple-M4-Pro/Max;qos=user_interactive

block-30-kyber-ref-768.csv
# est_cycles;timer=CLOCK_UPTIME_RAW;timer_res_ns=41;cpu_hz=4510000000;hz_source=advertised-pcore-max:Apple-M4-Pro/Max;qos=user_interactive

block-30-mlkem-neon-768.csv
# est_cycles;timer=CLOCK_UPTIME_RAW;timer_res_ns=41;cpu_hz=4510000000;hz_source=advertised-pcore-max:Apple-M4-Pro/Max;qos=user_interactive

block-01-mlkem-sve-768.csv
# est_cycles;timer=CLOCK_UPTIME_RAW;timer_res_ns=41;cpu_hz=4510000000;hz_source=advertised-pcore-max:Apple-M4-Pro/Max;qos=user_interactive

block-02-mlkem-sve-768.csv
# est_cycles;timer=CLOCK_UPTIME_RAW;timer_res_ns=41;cpu_hz=4510000000;hz_source=advertised-pcore-max:Apple-M4-Pro/Max;qos=user_interactive

block-03-mlkem-sve-768.csv
# est_cycles;timer=CLOCK_UPTIME_RAW;timer_res_ns=41;cpu_hz=4510000000;hz_source=advertised-pcore-max:Apple-M4-Pro/Max;qos=user_interactive

block-04-mlkem-sve-768.csv
# est_cycles;timer=CLOCK_UPTIME_RAW;timer_res_ns=41;cpu_hz=4510000000;hz_source=advertised-pcore-max:Apple-M4-Pro/Max;qos=user_interactive

block-05-mlkem-sve-768.csv
# est_cycles;timer=CLOCK_UPTIME_RAW;timer_res_ns=41;cpu_hz=4510000000;hz_source=advertised-pcore-max:Apple-M4-Pro/Max;qos=user_interactive

block-06-mlkem-sve-768.csv
# est_cycles;timer=CLOCK_UPTIME_RAW;timer_res_ns=41;cpu_hz=4510000000;hz_source=advertised-pcore-max:Apple-M4-Pro/Max;qos=user_interactive

block-07-mlkem-sve-768.csv
# est_cycles;timer=CLOCK_UPTIME_RAW;timer_res_ns=41;cpu_hz=4510000000;hz_source=advertised-pcore-max:Apple-M4-Pro/Max;qos=user_interactive

block-08-mlkem-sve-768.csv
# est_cycles;timer=CLOCK_UPTIME_RAW;timer_res_ns=41;cpu_hz=4510000000;hz_source=advertised-pcore-max:Apple-M4-Pro/Max;qos=user_interactive

block-09-mlkem-sve-768.csv
# est_cycles;timer=CLOCK_UPTIME_RAW;timer_res_ns=41;cpu_hz=4510000000;hz_source=advertised-pcore-max:Apple-M4-Pro/Max;qos=user_interactive

block-10-mlkem-sve-768.csv
# est_cycles;timer=CLOCK_UPTIME_RAW;timer_res_ns=41;cpu_hz=4510000000;hz_source=advertised-pcore-max:Apple-M4-Pro/Max;qos=user_interactive

block-11-mlkem-sve-768.csv
# est_cycles;timer=CLOCK_UPTIME_RAW;timer_res_ns=41;cpu_hz=4510000000;hz_source=advertised-pcore-max:Apple-M4-Pro/Max;qos=user_interactive

block-12-mlkem-sve-768.csv
# est_cycles;timer=CLOCK_UPTIME_RAW;timer_res_ns=41;cpu_hz=4510000000;hz_source=advertised-pcore-max:Apple-M4-Pro/Max;qos=user_interactive

block-13-mlkem-sve-768.csv
# est_cycles;timer=CLOCK_UPTIME_RAW;timer_res_ns=41;cpu_hz=4510000000;hz_source=advertised-pcore-max:Apple-M4-Pro/Max;qos=user_interactive

block-14-mlkem-sve-768.csv
# est_cycles;timer=CLOCK_UPTIME_RAW;timer_res_ns=41;cpu_hz=4510000000;hz_source=advertised-pcore-max:Apple-M4-Pro/Max;qos=user_interactive

block-15-mlkem-sve-768.csv
# est_cycles;timer=CLOCK_UPTIME_RAW;timer_res_ns=41;cpu_hz=4510000000;hz_source=advertised-pcore-max:Apple-M4-Pro/Max;qos=user_interactive

block-16-mlkem-sve-768.csv
# est_cycles;timer=CLOCK_UPTIME_RAW;timer_res_ns=41;cpu_hz=4510000000;hz_source=advertised-pcore-max:Apple-M4-Pro/Max;qos=user_interactive

block-17-mlkem-sve-768.csv
# est_cycles;timer=CLOCK_UPTIME_RAW;timer_res_ns=41;cpu_hz=4510000000;hz_source=advertised-pcore-max:Apple-M4-Pro/Max;qos=user_interactive

block-18-mlkem-sve-768.csv
# est_cycles;timer=CLOCK_UPTIME_RAW;timer_res_ns=41;cpu_hz=4510000000;hz_source=advertised-pcore-max:Apple-M4-Pro/Max;qos=user_interactive

block-19-mlkem-sve-768.csv
# est_cycles;timer=CLOCK_UPTIME_RAW;timer_res_ns=41;cpu_hz=4510000000;hz_source=advertised-pcore-max:Apple-M4-Pro/Max;qos=user_interactive

block-20-mlkem-sve-768.csv
# est_cycles;timer=CLOCK_UPTIME_RAW;timer_res_ns=41;cpu_hz=4510000000;hz_source=advertised-pcore-max:Apple-M4-Pro/Max;qos=user_interactive

block-21-mlkem-sve-768.csv
# est_cycles;timer=CLOCK_UPTIME_RAW;timer_res_ns=41;cpu_hz=4510000000;hz_source=advertised-pcore-max:Apple-M4-Pro/Max;qos=user_interactive

block-22-mlkem-sve-768.csv
# est_cycles;timer=CLOCK_UPTIME_RAW;timer_res_ns=41;cpu_hz=4510000000;hz_source=advertised-pcore-max:Apple-M4-Pro/Max;qos=user_interactive

block-23-mlkem-sve-768.csv
# est_cycles;timer=CLOCK_UPTIME_RAW;timer_res_ns=41;cpu_hz=4510000000;hz_source=advertised-pcore-max:Apple-M4-Pro/Max;qos=user_interactive

block-24-mlkem-sve-768.csv
# est_cycles;timer=CLOCK_UPTIME_RAW;timer_res_ns=41;cpu_hz=4510000000;hz_source=advertised-pcore-max:Apple-M4-Pro/Max;qos=user_interactive

block-25-mlkem-sve-768.csv
# est_cycles;timer=CLOCK_UPTIME_RAW;timer_res_ns=41;cpu_hz=4510000000;hz_source=advertised-pcore-max:Apple-M4-Pro/Max;qos=user_interactive

block-26-mlkem-sve-768.csv
# est_cycles;timer=CLOCK_UPTIME_RAW;timer_res_ns=41;cpu_hz=4510000000;hz_source=advertised-pcore-max:Apple-M4-Pro/Max;qos=user_interactive

block-27-mlkem-sve-768.csv
# est_cycles;timer=CLOCK_UPTIME_RAW;timer_res_ns=41;cpu_hz=4510000000;hz_source=advertised-pcore-max:Apple-M4-Pro/Max;qos=user_interactive

block-28-mlkem-sve-768.csv
# est_cycles;timer=CLOCK_UPTIME_RAW;timer_res_ns=41;cpu_hz=4510000000;hz_source=advertised-pcore-max:Apple-M4-Pro/Max;qos=user_interactive

block-29-mlkem-sve-768.csv
# est_cycles;timer=CLOCK_UPTIME_RAW;timer_res_ns=41;cpu_hz=4510000000;hz_source=advertised-pcore-max:Apple-M4-Pro/Max;qos=user_interactive

block-30-mlkem-sve-768.csv
# est_cycles;timer=CLOCK_UPTIME_RAW;timer_res_ns=41;cpu_hz=4510000000;hz_source=advertised-pcore-max:Apple-M4-Pro/Max;qos=user_interactive

block-01-mlkem-sme-512.csv
# est_cycles;timer=CLOCK_UPTIME_RAW;timer_res_ns=41;cpu_hz=4510000000;hz_source=advertised-pcore-max:Apple-M4-Pro/Max;qos=user_interactive

block-01-mlkem-sve-1024.csv
# est_cycles;timer=CLOCK_UPTIME_RAW;timer_res_ns=41;cpu_hz=4510000000;hz_source=advertised-pcore-max:Apple-M4-Pro/Max;qos=user_interactive

block-01-kyber-neon-512.csv
# est_cycles;timer=CLOCK_UPTIME_RAW;timer_res_ns=41;cpu_hz=4510000000;hz_source=advertised-pcore-max:Apple-M4-Pro/Max;qos=user_interactive

block-01-mlkem-sve-512.csv
# est_cycles;timer=CLOCK_UPTIME_RAW;timer_res_ns=41;cpu_hz=4510000000;hz_source=advertised-pcore-max:Apple-M4-Pro/Max;qos=user_interactive

block-01-mlkem-sme-1024.csv
# est_cycles;timer=CLOCK_UPTIME_RAW;timer_res_ns=41;cpu_hz=4510000000;hz_source=advertised-pcore-max:Apple-M4-Pro/Max;qos=user_interactive

block-01-kyber-neon-1024.csv
# est_cycles;timer=CLOCK_UPTIME_RAW;timer_res_ns=41;cpu_hz=4510000000;hz_source=advertised-pcore-max:Apple-M4-Pro/Max;qos=user_interactive

block-01-kyber-sve-512.csv
# est_cycles;timer=CLOCK_UPTIME_RAW;timer_res_ns=41;cpu_hz=4510000000;hz_source=advertised-pcore-max:Apple-M4-Pro/Max;qos=user_interactive

block-01-mlkem-ref-1024.csv
# est_cycles;timer=CLOCK_UPTIME_RAW;timer_res_ns=41;cpu_hz=4510000000;hz_source=advertised-pcore-max:Apple-M4-Pro/Max;qos=user_interactive

block-01-kyber-sve-1024.csv
# est_cycles;timer=CLOCK_UPTIME_RAW;timer_res_ns=41;cpu_hz=4510000000;hz_source=advertised-pcore-max:Apple-M4-Pro/Max;qos=user_interactive

block-01-kyber-sme-1024.csv
# est_cycles;timer=CLOCK_UPTIME_RAW;timer_res_ns=41;cpu_hz=4510000000;hz_source=advertised-pcore-max:Apple-M4-Pro/Max;qos=user_interactive

block-01-kyber-ref-512.csv
# est_cycles;timer=CLOCK_UPTIME_RAW;timer_res_ns=41;cpu_hz=4510000000;hz_source=advertised-pcore-max:Apple-M4-Pro/Max;qos=user_interactive

block-01-mlkem-neon-1024.csv
# est_cycles;timer=CLOCK_UPTIME_RAW;timer_res_ns=41;cpu_hz=4510000000;hz_source=advertised-pcore-max:Apple-M4-Pro/Max;qos=user_interactive

block-01-kyber-ref-1024.csv
# est_cycles;timer=CLOCK_UPTIME_RAW;timer_res_ns=41;cpu_hz=4510000000;hz_source=advertised-pcore-max:Apple-M4-Pro/Max;qos=user_interactive

block-01-kyber-sme-512.csv
# est_cycles;timer=CLOCK_UPTIME_RAW;timer_res_ns=41;cpu_hz=4510000000;hz_source=advertised-pcore-max:Apple-M4-Pro/Max;qos=user_interactive

block-01-mlkem-ref-512.csv
# est_cycles;timer=CLOCK_UPTIME_RAW;timer_res_ns=41;cpu_hz=4510000000;hz_source=advertised-pcore-max:Apple-M4-Pro/Max;qos=user_interactive

block-01-mlkem-neon-512.csv
# est_cycles;timer=CLOCK_UPTIME_RAW;timer_res_ns=41;cpu_hz=4510000000;hz_source=advertised-pcore-max:Apple-M4-Pro/Max;qos=user_interactive

block-02-mlkem-sve-1024.csv
# est_cycles;timer=CLOCK_UPTIME_RAW;timer_res_ns=41;cpu_hz=4510000000;hz_source=advertised-pcore-max:Apple-M4-Pro/Max;qos=user_interactive

block-02-kyber-neon-512.csv
# est_cycles;timer=CLOCK_UPTIME_RAW;timer_res_ns=41;cpu_hz=4510000000;hz_source=advertised-pcore-max:Apple-M4-Pro/Max;qos=user_interactive

block-02-mlkem-sme-512.csv
# est_cycles;timer=CLOCK_UPTIME_RAW;timer_res_ns=41;cpu_hz=4510000000;hz_source=advertised-pcore-max:Apple-M4-Pro/Max;qos=user_interactive

block-02-kyber-sve-512.csv
# est_cycles;timer=CLOCK_UPTIME_RAW;timer_res_ns=41;cpu_hz=4510000000;hz_source=advertised-pcore-max:Apple-M4-Pro/Max;qos=user_interactive

block-02-kyber-sve-1024.csv
# est_cycles;timer=CLOCK_UPTIME_RAW;timer_res_ns=41;cpu_hz=4510000000;hz_source=advertised-pcore-max:Apple-M4-Pro/Max;qos=user_interactive

block-02-mlkem-ref-512.csv
# est_cycles;timer=CLOCK_UPTIME_RAW;timer_res_ns=41;cpu_hz=4510000000;hz_source=advertised-pcore-max:Apple-M4-Pro/Max;qos=user_interactive

block-02-kyber-sme-1024.csv
# est_cycles;timer=CLOCK_UPTIME_RAW;timer_res_ns=41;cpu_hz=4510000000;hz_source=advertised-pcore-max:Apple-M4-Pro/Max;qos=user_interactive

block-02-mlkem-neon-512.csv
# est_cycles;timer=CLOCK_UPTIME_RAW;timer_res_ns=41;cpu_hz=4510000000;hz_source=advertised-pcore-max:Apple-M4-Pro/Max;qos=user_interactive

block-02-mlkem-sme-1024.csv
# est_cycles;timer=CLOCK_UPTIME_RAW;timer_res_ns=41;cpu_hz=4510000000;hz_source=advertised-pcore-max:Apple-M4-Pro/Max;qos=user_interactive

block-02-mlkem-neon-1024.csv
# est_cycles;timer=CLOCK_UPTIME_RAW;timer_res_ns=41;cpu_hz=4510000000;hz_source=advertised-pcore-max:Apple-M4-Pro/Max;qos=user_interactive

block-02-kyber-ref-1024.csv
# est_cycles;timer=CLOCK_UPTIME_RAW;timer_res_ns=41;cpu_hz=4510000000;hz_source=advertised-pcore-max:Apple-M4-Pro/Max;qos=user_interactive

block-02-kyber-ref-512.csv
# est_cycles;timer=CLOCK_UPTIME_RAW;timer_res_ns=41;cpu_hz=4510000000;hz_source=advertised-pcore-max:Apple-M4-Pro/Max;qos=user_interactive

block-02-kyber-sme-512.csv
# est_cycles;timer=CLOCK_UPTIME_RAW;timer_res_ns=41;cpu_hz=4510000000;hz_source=advertised-pcore-max:Apple-M4-Pro/Max;qos=user_interactive

block-02-mlkem-sve-512.csv
# est_cycles;timer=CLOCK_UPTIME_RAW;timer_res_ns=41;cpu_hz=4510000000;hz_source=advertised-pcore-max:Apple-M4-Pro/Max;qos=user_interactive

block-02-kyber-neon-1024.csv
# est_cycles;timer=CLOCK_UPTIME_RAW;timer_res_ns=41;cpu_hz=4510000000;hz_source=advertised-pcore-max:Apple-M4-Pro/Max;qos=user_interactive

block-02-mlkem-ref-1024.csv
# est_cycles;timer=CLOCK_UPTIME_RAW;timer_res_ns=41;cpu_hz=4510000000;hz_source=advertised-pcore-max:Apple-M4-Pro/Max;qos=user_interactive

block-03-kyber-sve-512.csv
# est_cycles;timer=CLOCK_UPTIME_RAW;timer_res_ns=41;cpu_hz=4510000000;hz_source=advertised-pcore-max:Apple-M4-Pro/Max;qos=user_interactive

block-03-kyber-neon-512.csv
# est_cycles;timer=CLOCK_UPTIME_RAW;timer_res_ns=41;cpu_hz=4510000000;hz_source=advertised-pcore-max:Apple-M4-Pro/Max;qos=user_interactive

block-03-mlkem-neon-512.csv
# est_cycles;timer=CLOCK_UPTIME_RAW;timer_res_ns=41;cpu_hz=4510000000;hz_source=advertised-pcore-max:Apple-M4-Pro/Max;qos=user_interactive

block-03-kyber-neon-1024.csv
# est_cycles;timer=CLOCK_UPTIME_RAW;timer_res_ns=41;cpu_hz=4510000000;hz_source=advertised-pcore-max:Apple-M4-Pro/Max;qos=user_interactive

block-03-mlkem-neon-1024.csv
# est_cycles;timer=CLOCK_UPTIME_RAW;timer_res_ns=41;cpu_hz=4510000000;hz_source=advertised-pcore-max:Apple-M4-Pro/Max;qos=user_interactive

block-03-kyber-ref-1024.csv
# est_cycles;timer=CLOCK_UPTIME_RAW;timer_res_ns=41;cpu_hz=4510000000;hz_source=advertised-pcore-max:Apple-M4-Pro/Max;qos=user_interactive

block-03-kyber-sme-1024.csv
# est_cycles;timer=CLOCK_UPTIME_RAW;timer_res_ns=41;cpu_hz=4510000000;hz_source=advertised-pcore-max:Apple-M4-Pro/Max;qos=user_interactive

block-03-mlkem-ref-1024.csv
# est_cycles;timer=CLOCK_UPTIME_RAW;timer_res_ns=41;cpu_hz=4510000000;hz_source=advertised-pcore-max:Apple-M4-Pro/Max;qos=user_interactive

block-03-kyber-sve-1024.csv
# est_cycles;timer=CLOCK_UPTIME_RAW;timer_res_ns=41;cpu_hz=4510000000;hz_source=advertised-pcore-max:Apple-M4-Pro/Max;qos=user_interactive

block-03-mlkem-sve-512.csv
# est_cycles;timer=CLOCK_UPTIME_RAW;timer_res_ns=41;cpu_hz=4510000000;hz_source=advertised-pcore-max:Apple-M4-Pro/Max;qos=user_interactive

block-03-kyber-ref-512.csv
# est_cycles;timer=CLOCK_UPTIME_RAW;timer_res_ns=41;cpu_hz=4510000000;hz_source=advertised-pcore-max:Apple-M4-Pro/Max;qos=user_interactive

block-03-kyber-sme-512.csv
# est_cycles;timer=CLOCK_UPTIME_RAW;timer_res_ns=41;cpu_hz=4510000000;hz_source=advertised-pcore-max:Apple-M4-Pro/Max;qos=user_interactive

block-03-mlkem-sme-512.csv
# est_cycles;timer=CLOCK_UPTIME_RAW;timer_res_ns=41;cpu_hz=4510000000;hz_source=advertised-pcore-max:Apple-M4-Pro/Max;qos=user_interactive

block-03-mlkem-ref-512.csv
# est_cycles;timer=CLOCK_UPTIME_RAW;timer_res_ns=41;cpu_hz=4510000000;hz_source=advertised-pcore-max:Apple-M4-Pro/Max;qos=user_interactive

block-03-mlkem-sve-1024.csv
# est_cycles;timer=CLOCK_UPTIME_RAW;timer_res_ns=41;cpu_hz=4510000000;hz_source=advertised-pcore-max:Apple-M4-Pro/Max;qos=user_interactive

block-03-mlkem-sme-1024.csv
# est_cycles;timer=CLOCK_UPTIME_RAW;timer_res_ns=41;cpu_hz=4510000000;hz_source=advertised-pcore-max:Apple-M4-Pro/Max;qos=user_interactive

block-04-kyber-sme-512.csv
# est_cycles;timer=CLOCK_UPTIME_RAW;timer_res_ns=41;cpu_hz=4510000000;hz_source=advertised-pcore-max:Apple-M4-Pro/Max;qos=user_interactive

block-04-mlkem-neon-1024.csv
# est_cycles;timer=CLOCK_UPTIME_RAW;timer_res_ns=41;cpu_hz=4510000000;hz_source=advertised-pcore-max:Apple-M4-Pro/Max;qos=user_interactive

block-04-mlkem-sve-512.csv
# est_cycles;timer=CLOCK_UPTIME_RAW;timer_res_ns=41;cpu_hz=4510000000;hz_source=advertised-pcore-max:Apple-M4-Pro/Max;qos=user_interactive

block-04-mlkem-sme-1024.csv
# est_cycles;timer=CLOCK_UPTIME_RAW;timer_res_ns=41;cpu_hz=4510000000;hz_source=advertised-pcore-max:Apple-M4-Pro/Max;qos=user_interactive

block-04-mlkem-ref-512.csv
# est_cycles;timer=CLOCK_UPTIME_RAW;timer_res_ns=41;cpu_hz=4510000000;hz_source=advertised-pcore-max:Apple-M4-Pro/Max;qos=user_interactive

block-04-kyber-sme-1024.csv
# est_cycles;timer=CLOCK_UPTIME_RAW;timer_res_ns=41;cpu_hz=4510000000;hz_source=advertised-pcore-max:Apple-M4-Pro/Max;qos=user_interactive

block-04-mlkem-sve-1024.csv
# est_cycles;timer=CLOCK_UPTIME_RAW;timer_res_ns=41;cpu_hz=4510000000;hz_source=advertised-pcore-max:Apple-M4-Pro/Max;qos=user_interactive

block-04-kyber-sve-512.csv
# est_cycles;timer=CLOCK_UPTIME_RAW;timer_res_ns=41;cpu_hz=4510000000;hz_source=advertised-pcore-max:Apple-M4-Pro/Max;qos=user_interactive

block-04-kyber-ref-1024.csv
# est_cycles;timer=CLOCK_UPTIME_RAW;timer_res_ns=41;cpu_hz=4510000000;hz_source=advertised-pcore-max:Apple-M4-Pro/Max;qos=user_interactive

block-04-kyber-neon-1024.csv
# est_cycles;timer=CLOCK_UPTIME_RAW;timer_res_ns=41;cpu_hz=4510000000;hz_source=advertised-pcore-max:Apple-M4-Pro/Max;qos=user_interactive

block-04-mlkem-sme-512.csv
# est_cycles;timer=CLOCK_UPTIME_RAW;timer_res_ns=41;cpu_hz=4510000000;hz_source=advertised-pcore-max:Apple-M4-Pro/Max;qos=user_interactive

block-04-mlkem-neon-512.csv
# est_cycles;timer=CLOCK_UPTIME_RAW;timer_res_ns=41;cpu_hz=4510000000;hz_source=advertised-pcore-max:Apple-M4-Pro/Max;qos=user_interactive

block-04-kyber-ref-512.csv
# est_cycles;timer=CLOCK_UPTIME_RAW;timer_res_ns=41;cpu_hz=4510000000;hz_source=advertised-pcore-max:Apple-M4-Pro/Max;qos=user_interactive

block-04-mlkem-ref-1024.csv
# est_cycles;timer=CLOCK_UPTIME_RAW;timer_res_ns=41;cpu_hz=4510000000;hz_source=advertised-pcore-max:Apple-M4-Pro/Max;qos=user_interactive

block-04-kyber-neon-512.csv
# est_cycles;timer=CLOCK_UPTIME_RAW;timer_res_ns=41;cpu_hz=4510000000;hz_source=advertised-pcore-max:Apple-M4-Pro/Max;qos=user_interactive

block-04-kyber-sve-1024.csv
# est_cycles;timer=CLOCK_UPTIME_RAW;timer_res_ns=41;cpu_hz=4510000000;hz_source=advertised-pcore-max:Apple-M4-Pro/Max;qos=user_interactive

block-05-kyber-ref-512.csv
# est_cycles;timer=CLOCK_UPTIME_RAW;timer_res_ns=41;cpu_hz=4510000000;hz_source=advertised-pcore-max:Apple-M4-Pro/Max;qos=user_interactive

block-05-kyber-sme-1024.csv
# est_cycles;timer=CLOCK_UPTIME_RAW;timer_res_ns=41;cpu_hz=4510000000;hz_source=advertised-pcore-max:Apple-M4-Pro/Max;qos=user_interactive

block-05-kyber-neon-512.csv
# est_cycles;timer=CLOCK_UPTIME_RAW;timer_res_ns=41;cpu_hz=4510000000;hz_source=advertised-pcore-max:Apple-M4-Pro/Max;qos=user_interactive

block-05-kyber-neon-1024.csv
# est_cycles;timer=CLOCK_UPTIME_RAW;timer_res_ns=41;cpu_hz=4510000000;hz_source=advertised-pcore-max:Apple-M4-Pro/Max;qos=user_interactive

block-05-kyber-ref-1024.csv
# est_cycles;timer=CLOCK_UPTIME_RAW;timer_res_ns=41;cpu_hz=4510000000;hz_source=advertised-pcore-max:Apple-M4-Pro/Max;qos=user_interactive

block-05-mlkem-sve-1024.csv
# est_cycles;timer=CLOCK_UPTIME_RAW;timer_res_ns=41;cpu_hz=4510000000;hz_source=advertised-pcore-max:Apple-M4-Pro/Max;qos=user_interactive

block-05-mlkem-sme-1024.csv
# est_cycles;timer=CLOCK_UPTIME_RAW;timer_res_ns=41;cpu_hz=4510000000;hz_source=advertised-pcore-max:Apple-M4-Pro/Max;qos=user_interactive

block-05-mlkem-neon-512.csv
# est_cycles;timer=CLOCK_UPTIME_RAW;timer_res_ns=41;cpu_hz=4510000000;hz_source=advertised-pcore-max:Apple-M4-Pro/Max;qos=user_interactive

block-05-mlkem-ref-1024.csv
# est_cycles;timer=CLOCK_UPTIME_RAW;timer_res_ns=41;cpu_hz=4510000000;hz_source=advertised-pcore-max:Apple-M4-Pro/Max;qos=user_interactive

block-05-mlkem-ref-512.csv
# est_cycles;timer=CLOCK_UPTIME_RAW;timer_res_ns=41;cpu_hz=4510000000;hz_source=advertised-pcore-max:Apple-M4-Pro/Max;qos=user_interactive

block-05-mlkem-sme-512.csv
# est_cycles;timer=CLOCK_UPTIME_RAW;timer_res_ns=41;cpu_hz=4510000000;hz_source=advertised-pcore-max:Apple-M4-Pro/Max;qos=user_interactive

block-05-kyber-sve-512.csv
# est_cycles;timer=CLOCK_UPTIME_RAW;timer_res_ns=41;cpu_hz=4510000000;hz_source=advertised-pcore-max:Apple-M4-Pro/Max;qos=user_interactive

block-05-mlkem-sve-512.csv
# est_cycles;timer=CLOCK_UPTIME_RAW;timer_res_ns=41;cpu_hz=4510000000;hz_source=advertised-pcore-max:Apple-M4-Pro/Max;qos=user_interactive

block-05-mlkem-neon-1024.csv
# est_cycles;timer=CLOCK_UPTIME_RAW;timer_res_ns=41;cpu_hz=4510000000;hz_source=advertised-pcore-max:Apple-M4-Pro/Max;qos=user_interactive

block-05-kyber-sve-1024.csv
# est_cycles;timer=CLOCK_UPTIME_RAW;timer_res_ns=41;cpu_hz=4510000000;hz_source=advertised-pcore-max:Apple-M4-Pro/Max;qos=user_interactive

block-05-kyber-sme-512.csv
# est_cycles;timer=CLOCK_UPTIME_RAW;timer_res_ns=41;cpu_hz=4510000000;hz_source=advertised-pcore-max:Apple-M4-Pro/Max;qos=user_interactive

block-06-mlkem-sve-1024.csv
# est_cycles;timer=CLOCK_UPTIME_RAW;timer_res_ns=41;cpu_hz=4510000000;hz_source=advertised-pcore-max:Apple-M4-Pro/Max;qos=user_interactive

block-06-mlkem-sve-512.csv
# est_cycles;timer=CLOCK_UPTIME_RAW;timer_res_ns=41;cpu_hz=4510000000;hz_source=advertised-pcore-max:Apple-M4-Pro/Max;qos=user_interactive

block-06-kyber-sve-1024.csv
# est_cycles;timer=CLOCK_UPTIME_RAW;timer_res_ns=41;cpu_hz=4510000000;hz_source=advertised-pcore-max:Apple-M4-Pro/Max;qos=user_interactive

block-06-kyber-neon-1024.csv
# est_cycles;timer=CLOCK_UPTIME_RAW;timer_res_ns=41;cpu_hz=4510000000;hz_source=advertised-pcore-max:Apple-M4-Pro/Max;qos=user_interactive

block-06-kyber-sme-512.csv
# est_cycles;timer=CLOCK_UPTIME_RAW;timer_res_ns=41;cpu_hz=4510000000;hz_source=advertised-pcore-max:Apple-M4-Pro/Max;qos=user_interactive

block-06-mlkem-ref-512.csv
# est_cycles;timer=CLOCK_UPTIME_RAW;timer_res_ns=41;cpu_hz=4510000000;hz_source=advertised-pcore-max:Apple-M4-Pro/Max;qos=user_interactive

block-06-kyber-ref-1024.csv
# est_cycles;timer=CLOCK_UPTIME_RAW;timer_res_ns=41;cpu_hz=4510000000;hz_source=advertised-pcore-max:Apple-M4-Pro/Max;qos=user_interactive

block-06-mlkem-neon-512.csv
# est_cycles;timer=CLOCK_UPTIME_RAW;timer_res_ns=41;cpu_hz=4510000000;hz_source=advertised-pcore-max:Apple-M4-Pro/Max;qos=user_interactive

block-06-mlkem-ref-1024.csv
# est_cycles;timer=CLOCK_UPTIME_RAW;timer_res_ns=41;cpu_hz=4510000000;hz_source=advertised-pcore-max:Apple-M4-Pro/Max;qos=user_interactive

block-06-mlkem-sme-512.csv
# est_cycles;timer=CLOCK_UPTIME_RAW;timer_res_ns=41;cpu_hz=4510000000;hz_source=advertised-pcore-max:Apple-M4-Pro/Max;qos=user_interactive

block-06-kyber-sme-1024.csv
# est_cycles;timer=CLOCK_UPTIME_RAW;timer_res_ns=41;cpu_hz=4510000000;hz_source=advertised-pcore-max:Apple-M4-Pro/Max;qos=user_interactive

block-06-kyber-ref-512.csv
# est_cycles;timer=CLOCK_UPTIME_RAW;timer_res_ns=41;cpu_hz=4510000000;hz_source=advertised-pcore-max:Apple-M4-Pro/Max;qos=user_interactive

block-06-kyber-neon-512.csv
# est_cycles;timer=CLOCK_UPTIME_RAW;timer_res_ns=41;cpu_hz=4510000000;hz_source=advertised-pcore-max:Apple-M4-Pro/Max;qos=user_interactive

block-06-mlkem-neon-1024.csv
# est_cycles;timer=CLOCK_UPTIME_RAW;timer_res_ns=41;cpu_hz=4510000000;hz_source=advertised-pcore-max:Apple-M4-Pro/Max;qos=user_interactive

block-06-kyber-sve-512.csv
# est_cycles;timer=CLOCK_UPTIME_RAW;timer_res_ns=41;cpu_hz=4510000000;hz_source=advertised-pcore-max:Apple-M4-Pro/Max;qos=user_interactive

block-06-mlkem-sme-1024.csv
# est_cycles;timer=CLOCK_UPTIME_RAW;timer_res_ns=41;cpu_hz=4510000000;hz_source=advertised-pcore-max:Apple-M4-Pro/Max;qos=user_interactive

block-07-mlkem-sve-1024.csv
# est_cycles;timer=CLOCK_UPTIME_RAW;timer_res_ns=41;cpu_hz=4510000000;hz_source=advertised-pcore-max:Apple-M4-Pro/Max;qos=user_interactive

block-07-kyber-sme-1024.csv
# est_cycles;timer=CLOCK_UPTIME_RAW;timer_res_ns=41;cpu_hz=4510000000;hz_source=advertised-pcore-max:Apple-M4-Pro/Max;qos=user_interactive

block-07-kyber-sme-512.csv
# est_cycles;timer=CLOCK_UPTIME_RAW;timer_res_ns=41;cpu_hz=4510000000;hz_source=advertised-pcore-max:Apple-M4-Pro/Max;qos=user_interactive

block-07-mlkem-ref-1024.csv
# est_cycles;timer=CLOCK_UPTIME_RAW;timer_res_ns=41;cpu_hz=4510000000;hz_source=advertised-pcore-max:Apple-M4-Pro/Max;qos=user_interactive

block-07-kyber-neon-512.csv
# est_cycles;timer=CLOCK_UPTIME_RAW;timer_res_ns=41;cpu_hz=4510000000;hz_source=advertised-pcore-max:Apple-M4-Pro/Max;qos=user_interactive

block-07-mlkem-neon-512.csv
# est_cycles;timer=CLOCK_UPTIME_RAW;timer_res_ns=41;cpu_hz=4510000000;hz_source=advertised-pcore-max:Apple-M4-Pro/Max;qos=user_interactive

block-07-mlkem-neon-1024.csv
# est_cycles;timer=CLOCK_UPTIME_RAW;timer_res_ns=41;cpu_hz=4510000000;hz_source=advertised-pcore-max:Apple-M4-Pro/Max;qos=user_interactive

block-07-mlkem-ref-512.csv
# est_cycles;timer=CLOCK_UPTIME_RAW;timer_res_ns=41;cpu_hz=4510000000;hz_source=advertised-pcore-max:Apple-M4-Pro/Max;qos=user_interactive

block-07-kyber-ref-512.csv
# est_cycles;timer=CLOCK_UPTIME_RAW;timer_res_ns=41;cpu_hz=4510000000;hz_source=advertised-pcore-max:Apple-M4-Pro/Max;qos=user_interactive

block-07-kyber-ref-1024.csv
# est_cycles;timer=CLOCK_UPTIME_RAW;timer_res_ns=41;cpu_hz=4510000000;hz_source=advertised-pcore-max:Apple-M4-Pro/Max;qos=user_interactive

block-07-kyber-neon-1024.csv
# est_cycles;timer=CLOCK_UPTIME_RAW;timer_res_ns=41;cpu_hz=4510000000;hz_source=advertised-pcore-max:Apple-M4-Pro/Max;qos=user_interactive

block-07-mlkem-sve-512.csv
# est_cycles;timer=CLOCK_UPTIME_RAW;timer_res_ns=41;cpu_hz=4510000000;hz_source=advertised-pcore-max:Apple-M4-Pro/Max;qos=user_interactive

block-07-kyber-sve-512.csv
# est_cycles;timer=CLOCK_UPTIME_RAW;timer_res_ns=41;cpu_hz=4510000000;hz_source=advertised-pcore-max:Apple-M4-Pro/Max;qos=user_interactive

block-07-mlkem-sme-512.csv
# est_cycles;timer=CLOCK_UPTIME_RAW;timer_res_ns=41;cpu_hz=4510000000;hz_source=advertised-pcore-max:Apple-M4-Pro/Max;qos=user_interactive

block-07-mlkem-sme-1024.csv
# est_cycles;timer=CLOCK_UPTIME_RAW;timer_res_ns=41;cpu_hz=4510000000;hz_source=advertised-pcore-max:Apple-M4-Pro/Max;qos=user_interactive

block-07-kyber-sve-1024.csv
# est_cycles;timer=CLOCK_UPTIME_RAW;timer_res_ns=41;cpu_hz=4510000000;hz_source=advertised-pcore-max:Apple-M4-Pro/Max;qos=user_interactive

block-08-kyber-ref-512.csv
# est_cycles;timer=CLOCK_UPTIME_RAW;timer_res_ns=41;cpu_hz=4510000000;hz_source=advertised-pcore-max:Apple-M4-Pro/Max;qos=user_interactive

block-08-mlkem-sve-1024.csv
# est_cycles;timer=CLOCK_UPTIME_RAW;timer_res_ns=41;cpu_hz=4510000000;hz_source=advertised-pcore-max:Apple-M4-Pro/Max;qos=user_interactive

block-08-kyber-neon-512.csv
# est_cycles;timer=CLOCK_UPTIME_RAW;timer_res_ns=41;cpu_hz=4510000000;hz_source=advertised-pcore-max:Apple-M4-Pro/Max;qos=user_interactive

block-08-kyber-neon-1024.csv
# est_cycles;timer=CLOCK_UPTIME_RAW;timer_res_ns=41;cpu_hz=4510000000;hz_source=advertised-pcore-max:Apple-M4-Pro/Max;qos=user_interactive

block-08-kyber-sve-512.csv
# est_cycles;timer=CLOCK_UPTIME_RAW;timer_res_ns=41;cpu_hz=4510000000;hz_source=advertised-pcore-max:Apple-M4-Pro/Max;qos=user_interactive

block-08-mlkem-sme-512.csv
# est_cycles;timer=CLOCK_UPTIME_RAW;timer_res_ns=41;cpu_hz=4510000000;hz_source=advertised-pcore-max:Apple-M4-Pro/Max;qos=user_interactive

block-08-mlkem-ref-1024.csv
# est_cycles;timer=CLOCK_UPTIME_RAW;timer_res_ns=41;cpu_hz=4510000000;hz_source=advertised-pcore-max:Apple-M4-Pro/Max;qos=user_interactive

block-08-mlkem-neon-512.csv
# est_cycles;timer=CLOCK_UPTIME_RAW;timer_res_ns=41;cpu_hz=4510000000;hz_source=advertised-pcore-max:Apple-M4-Pro/Max;qos=user_interactive

block-08-mlkem-sme-1024.csv
# est_cycles;timer=CLOCK_UPTIME_RAW;timer_res_ns=41;cpu_hz=4510000000;hz_source=advertised-pcore-max:Apple-M4-Pro/Max;qos=user_interactive

block-08-mlkem-neon-1024.csv
# est_cycles;timer=CLOCK_UPTIME_RAW;timer_res_ns=41;cpu_hz=4510000000;hz_source=advertised-pcore-max:Apple-M4-Pro/Max;qos=user_interactive

block-08-mlkem-sve-512.csv
# est_cycles;timer=CLOCK_UPTIME_RAW;timer_res_ns=41;cpu_hz=4510000000;hz_source=advertised-pcore-max:Apple-M4-Pro/Max;qos=user_interactive

block-08-kyber-sve-1024.csv
# est_cycles;timer=CLOCK_UPTIME_RAW;timer_res_ns=41;cpu_hz=4510000000;hz_source=advertised-pcore-max:Apple-M4-Pro/Max;qos=user_interactive

block-08-kyber-sme-512.csv
# est_cycles;timer=CLOCK_UPTIME_RAW;timer_res_ns=41;cpu_hz=4510000000;hz_source=advertised-pcore-max:Apple-M4-Pro/Max;qos=user_interactive

block-08-kyber-sme-1024.csv
# est_cycles;timer=CLOCK_UPTIME_RAW;timer_res_ns=41;cpu_hz=4510000000;hz_source=advertised-pcore-max:Apple-M4-Pro/Max;qos=user_interactive

block-08-kyber-ref-1024.csv
# est_cycles;timer=CLOCK_UPTIME_RAW;timer_res_ns=41;cpu_hz=4510000000;hz_source=advertised-pcore-max:Apple-M4-Pro/Max;qos=user_interactive

block-08-mlkem-ref-512.csv
# est_cycles;timer=CLOCK_UPTIME_RAW;timer_res_ns=41;cpu_hz=4510000000;hz_source=advertised-pcore-max:Apple-M4-Pro/Max;qos=user_interactive

block-09-mlkem-ref-1024.csv
# est_cycles;timer=CLOCK_UPTIME_RAW;timer_res_ns=41;cpu_hz=4510000000;hz_source=advertised-pcore-max:Apple-M4-Pro/Max;qos=user_interactive

block-09-mlkem-sme-512.csv
# est_cycles;timer=CLOCK_UPTIME_RAW;timer_res_ns=41;cpu_hz=4510000000;hz_source=advertised-pcore-max:Apple-M4-Pro/Max;qos=user_interactive

block-09-kyber-sve-512.csv
# est_cycles;timer=CLOCK_UPTIME_RAW;timer_res_ns=41;cpu_hz=4510000000;hz_source=advertised-pcore-max:Apple-M4-Pro/Max;qos=user_interactive

block-09-mlkem-sve-1024.csv
# est_cycles;timer=CLOCK_UPTIME_RAW;timer_res_ns=41;cpu_hz=4510000000;hz_source=advertised-pcore-max:Apple-M4-Pro/Max;qos=user_interactive

block-09-kyber-sme-1024.csv
# est_cycles;timer=CLOCK_UPTIME_RAW;timer_res_ns=41;cpu_hz=4510000000;hz_source=advertised-pcore-max:Apple-M4-Pro/Max;qos=user_interactive

block-09-mlkem-ref-512.csv
# est_cycles;timer=CLOCK_UPTIME_RAW;timer_res_ns=41;cpu_hz=4510000000;hz_source=advertised-pcore-max:Apple-M4-Pro/Max;qos=user_interactive

block-09-mlkem-neon-1024.csv
# est_cycles;timer=CLOCK_UPTIME_RAW;timer_res_ns=41;cpu_hz=4510000000;hz_source=advertised-pcore-max:Apple-M4-Pro/Max;qos=user_interactive

block-09-mlkem-neon-512.csv
# est_cycles;timer=CLOCK_UPTIME_RAW;timer_res_ns=41;cpu_hz=4510000000;hz_source=advertised-pcore-max:Apple-M4-Pro/Max;qos=user_interactive

block-09-kyber-neon-1024.csv
# est_cycles;timer=CLOCK_UPTIME_RAW;timer_res_ns=41;cpu_hz=4510000000;hz_source=advertised-pcore-max:Apple-M4-Pro/Max;qos=user_interactive

block-09-mlkem-sme-1024.csv
# est_cycles;timer=CLOCK_UPTIME_RAW;timer_res_ns=41;cpu_hz=4510000000;hz_source=advertised-pcore-max:Apple-M4-Pro/Max;qos=user_interactive

block-09-kyber-ref-1024.csv
# est_cycles;timer=CLOCK_UPTIME_RAW;timer_res_ns=41;cpu_hz=4510000000;hz_source=advertised-pcore-max:Apple-M4-Pro/Max;qos=user_interactive

block-09-kyber-sve-1024.csv
# est_cycles;timer=CLOCK_UPTIME_RAW;timer_res_ns=41;cpu_hz=4510000000;hz_source=advertised-pcore-max:Apple-M4-Pro/Max;qos=user_interactive

block-09-kyber-sme-512.csv
# est_cycles;timer=CLOCK_UPTIME_RAW;timer_res_ns=41;cpu_hz=4510000000;hz_source=advertised-pcore-max:Apple-M4-Pro/Max;qos=user_interactive

block-09-kyber-ref-512.csv
# est_cycles;timer=CLOCK_UPTIME_RAW;timer_res_ns=41;cpu_hz=4510000000;hz_source=advertised-pcore-max:Apple-M4-Pro/Max;qos=user_interactive

block-09-mlkem-sve-512.csv
# est_cycles;timer=CLOCK_UPTIME_RAW;timer_res_ns=41;cpu_hz=4510000000;hz_source=advertised-pcore-max:Apple-M4-Pro/Max;qos=user_interactive

block-09-kyber-neon-512.csv
# est_cycles;timer=CLOCK_UPTIME_RAW;timer_res_ns=41;cpu_hz=4510000000;hz_source=advertised-pcore-max:Apple-M4-Pro/Max;qos=user_interactive

block-10-kyber-sme-512.csv
# est_cycles;timer=CLOCK_UPTIME_RAW;timer_res_ns=41;cpu_hz=4510000000;hz_source=advertised-pcore-max:Apple-M4-Pro/Max;qos=user_interactive

block-10-mlkem-sme-1024.csv
# est_cycles;timer=CLOCK_UPTIME_RAW;timer_res_ns=41;cpu_hz=4510000000;hz_source=advertised-pcore-max:Apple-M4-Pro/Max;qos=user_interactive

block-10-mlkem-ref-1024.csv
# est_cycles;timer=CLOCK_UPTIME_RAW;timer_res_ns=41;cpu_hz=4510000000;hz_source=advertised-pcore-max:Apple-M4-Pro/Max;qos=user_interactive

block-10-mlkem-sme-512.csv
# est_cycles;timer=CLOCK_UPTIME_RAW;timer_res_ns=41;cpu_hz=4510000000;hz_source=advertised-pcore-max:Apple-M4-Pro/Max;qos=user_interactive

block-10-kyber-sve-1024.csv
# est_cycles;timer=CLOCK_UPTIME_RAW;timer_res_ns=41;cpu_hz=4510000000;hz_source=advertised-pcore-max:Apple-M4-Pro/Max;qos=user_interactive

block-10-kyber-neon-1024.csv
# est_cycles;timer=CLOCK_UPTIME_RAW;timer_res_ns=41;cpu_hz=4510000000;hz_source=advertised-pcore-max:Apple-M4-Pro/Max;qos=user_interactive

block-10-kyber-ref-512.csv
# est_cycles;timer=CLOCK_UPTIME_RAW;timer_res_ns=41;cpu_hz=4510000000;hz_source=advertised-pcore-max:Apple-M4-Pro/Max;qos=user_interactive

block-10-mlkem-neon-1024.csv
# est_cycles;timer=CLOCK_UPTIME_RAW;timer_res_ns=41;cpu_hz=4510000000;hz_source=advertised-pcore-max:Apple-M4-Pro/Max;qos=user_interactive

block-10-mlkem-ref-512.csv
# est_cycles;timer=CLOCK_UPTIME_RAW;timer_res_ns=41;cpu_hz=4510000000;hz_source=advertised-pcore-max:Apple-M4-Pro/Max;qos=user_interactive

block-10-mlkem-sve-1024.csv
# est_cycles;timer=CLOCK_UPTIME_RAW;timer_res_ns=41;cpu_hz=4510000000;hz_source=advertised-pcore-max:Apple-M4-Pro/Max;qos=user_interactive

block-10-mlkem-neon-512.csv
# est_cycles;timer=CLOCK_UPTIME_RAW;timer_res_ns=41;cpu_hz=4510000000;hz_source=advertised-pcore-max:Apple-M4-Pro/Max;qos=user_interactive

block-10-kyber-neon-512.csv
# est_cycles;timer=CLOCK_UPTIME_RAW;timer_res_ns=41;cpu_hz=4510000000;hz_source=advertised-pcore-max:Apple-M4-Pro/Max;qos=user_interactive

block-10-kyber-ref-1024.csv
# est_cycles;timer=CLOCK_UPTIME_RAW;timer_res_ns=41;cpu_hz=4510000000;hz_source=advertised-pcore-max:Apple-M4-Pro/Max;qos=user_interactive

block-10-mlkem-sve-512.csv
# est_cycles;timer=CLOCK_UPTIME_RAW;timer_res_ns=41;cpu_hz=4510000000;hz_source=advertised-pcore-max:Apple-M4-Pro/Max;qos=user_interactive

block-10-kyber-sve-512.csv
# est_cycles;timer=CLOCK_UPTIME_RAW;timer_res_ns=41;cpu_hz=4510000000;hz_source=advertised-pcore-max:Apple-M4-Pro/Max;qos=user_interactive

block-10-kyber-sme-1024.csv
# est_cycles;timer=CLOCK_UPTIME_RAW;timer_res_ns=41;cpu_hz=4510000000;hz_source=advertised-pcore-max:Apple-M4-Pro/Max;qos=user_interactive

block-11-kyber-neon-512.csv
# est_cycles;timer=CLOCK_UPTIME_RAW;timer_res_ns=41;cpu_hz=4510000000;hz_source=advertised-pcore-max:Apple-M4-Pro/Max;qos=user_interactive

block-11-mlkem-ref-1024.csv
# est_cycles;timer=CLOCK_UPTIME_RAW;timer_res_ns=41;cpu_hz=4510000000;hz_source=advertised-pcore-max:Apple-M4-Pro/Max;qos=user_interactive

block-11-kyber-ref-1024.csv
# est_cycles;timer=CLOCK_UPTIME_RAW;timer_res_ns=41;cpu_hz=4510000000;hz_source=advertised-pcore-max:Apple-M4-Pro/Max;qos=user_interactive

block-11-mlkem-neon-1024.csv
# est_cycles;timer=CLOCK_UPTIME_RAW;timer_res_ns=41;cpu_hz=4510000000;hz_source=advertised-pcore-max:Apple-M4-Pro/Max;qos=user_interactive

block-11-mlkem-ref-512.csv
# est_cycles;timer=CLOCK_UPTIME_RAW;timer_res_ns=41;cpu_hz=4510000000;hz_source=advertised-pcore-max:Apple-M4-Pro/Max;qos=user_interactive

block-11-mlkem-neon-512.csv
# est_cycles;timer=CLOCK_UPTIME_RAW;timer_res_ns=41;cpu_hz=4510000000;hz_source=advertised-pcore-max:Apple-M4-Pro/Max;qos=user_interactive

block-11-mlkem-sme-1024.csv
# est_cycles;timer=CLOCK_UPTIME_RAW;timer_res_ns=41;cpu_hz=4510000000;hz_source=advertised-pcore-max:Apple-M4-Pro/Max;qos=user_interactive

block-11-mlkem-sme-512.csv
# est_cycles;timer=CLOCK_UPTIME_RAW;timer_res_ns=41;cpu_hz=4510000000;hz_source=advertised-pcore-max:Apple-M4-Pro/Max;qos=user_interactive

block-11-mlkem-sve-512.csv
# est_cycles;timer=CLOCK_UPTIME_RAW;timer_res_ns=41;cpu_hz=4510000000;hz_source=advertised-pcore-max:Apple-M4-Pro/Max;qos=user_interactive

block-11-kyber-sve-512.csv
# est_cycles;timer=CLOCK_UPTIME_RAW;timer_res_ns=41;cpu_hz=4510000000;hz_source=advertised-pcore-max:Apple-M4-Pro/Max;qos=user_interactive

block-11-kyber-ref-512.csv
# est_cycles;timer=CLOCK_UPTIME_RAW;timer_res_ns=41;cpu_hz=4510000000;hz_source=advertised-pcore-max:Apple-M4-Pro/Max;qos=user_interactive

block-11-kyber-neon-1024.csv
# est_cycles;timer=CLOCK_UPTIME_RAW;timer_res_ns=41;cpu_hz=4510000000;hz_source=advertised-pcore-max:Apple-M4-Pro/Max;qos=user_interactive

block-11-kyber-sme-1024.csv
# est_cycles;timer=CLOCK_UPTIME_RAW;timer_res_ns=41;cpu_hz=4510000000;hz_source=advertised-pcore-max:Apple-M4-Pro/Max;qos=user_interactive

block-11-kyber-sme-512.csv
# est_cycles;timer=CLOCK_UPTIME_RAW;timer_res_ns=41;cpu_hz=4510000000;hz_source=advertised-pcore-max:Apple-M4-Pro/Max;qos=user_interactive

block-11-mlkem-sve-1024.csv
# est_cycles;timer=CLOCK_UPTIME_RAW;timer_res_ns=41;cpu_hz=4510000000;hz_source=advertised-pcore-max:Apple-M4-Pro/Max;qos=user_interactive

block-11-kyber-sve-1024.csv
# est_cycles;timer=CLOCK_UPTIME_RAW;timer_res_ns=41;cpu_hz=4510000000;hz_source=advertised-pcore-max:Apple-M4-Pro/Max;qos=user_interactive

block-12-mlkem-sve-1024.csv
# est_cycles;timer=CLOCK_UPTIME_RAW;timer_res_ns=41;cpu_hz=4510000000;hz_source=advertised-pcore-max:Apple-M4-Pro/Max;qos=user_interactive

block-12-kyber-neon-1024.csv
# est_cycles;timer=CLOCK_UPTIME_RAW;timer_res_ns=41;cpu_hz=4510000000;hz_source=advertised-pcore-max:Apple-M4-Pro/Max;qos=user_interactive

block-12-mlkem-neon-512.csv
# est_cycles;timer=CLOCK_UPTIME_RAW;timer_res_ns=41;cpu_hz=4510000000;hz_source=advertised-pcore-max:Apple-M4-Pro/Max;qos=user_interactive

block-12-mlkem-neon-1024.csv
# est_cycles;timer=CLOCK_UPTIME_RAW;timer_res_ns=41;cpu_hz=4510000000;hz_source=advertised-pcore-max:Apple-M4-Pro/Max;qos=user_interactive

block-12-kyber-sme-1024.csv
# est_cycles;timer=CLOCK_UPTIME_RAW;timer_res_ns=41;cpu_hz=4510000000;hz_source=advertised-pcore-max:Apple-M4-Pro/Max;qos=user_interactive

block-12-kyber-neon-512.csv
# est_cycles;timer=CLOCK_UPTIME_RAW;timer_res_ns=41;cpu_hz=4510000000;hz_source=advertised-pcore-max:Apple-M4-Pro/Max;qos=user_interactive

block-12-mlkem-sve-512.csv
# est_cycles;timer=CLOCK_UPTIME_RAW;timer_res_ns=41;cpu_hz=4510000000;hz_source=advertised-pcore-max:Apple-M4-Pro/Max;qos=user_interactive

block-12-kyber-ref-1024.csv
# est_cycles;timer=CLOCK_UPTIME_RAW;timer_res_ns=41;cpu_hz=4510000000;hz_source=advertised-pcore-max:Apple-M4-Pro/Max;qos=user_interactive

block-12-mlkem-sme-1024.csv
# est_cycles;timer=CLOCK_UPTIME_RAW;timer_res_ns=41;cpu_hz=4510000000;hz_source=advertised-pcore-max:Apple-M4-Pro/Max;qos=user_interactive

block-12-kyber-ref-512.csv
# est_cycles;timer=CLOCK_UPTIME_RAW;timer_res_ns=41;cpu_hz=4510000000;hz_source=advertised-pcore-max:Apple-M4-Pro/Max;qos=user_interactive

block-12-mlkem-ref-512.csv
# est_cycles;timer=CLOCK_UPTIME_RAW;timer_res_ns=41;cpu_hz=4510000000;hz_source=advertised-pcore-max:Apple-M4-Pro/Max;qos=user_interactive

block-12-mlkem-sme-512.csv
# est_cycles;timer=CLOCK_UPTIME_RAW;timer_res_ns=41;cpu_hz=4510000000;hz_source=advertised-pcore-max:Apple-M4-Pro/Max;qos=user_interactive

block-12-kyber-sve-512.csv
# est_cycles;timer=CLOCK_UPTIME_RAW;timer_res_ns=41;cpu_hz=4510000000;hz_source=advertised-pcore-max:Apple-M4-Pro/Max;qos=user_interactive

block-12-mlkem-ref-1024.csv
# est_cycles;timer=CLOCK_UPTIME_RAW;timer_res_ns=41;cpu_hz=4510000000;hz_source=advertised-pcore-max:Apple-M4-Pro/Max;qos=user_interactive

block-12-kyber-sve-1024.csv
# est_cycles;timer=CLOCK_UPTIME_RAW;timer_res_ns=41;cpu_hz=4510000000;hz_source=advertised-pcore-max:Apple-M4-Pro/Max;qos=user_interactive

block-12-kyber-sme-512.csv
# est_cycles;timer=CLOCK_UPTIME_RAW;timer_res_ns=41;cpu_hz=4510000000;hz_source=advertised-pcore-max:Apple-M4-Pro/Max;qos=user_interactive

block-13-mlkem-sme-512.csv
# est_cycles;timer=CLOCK_UPTIME_RAW;timer_res_ns=41;cpu_hz=4510000000;hz_source=advertised-pcore-max:Apple-M4-Pro/Max;qos=user_interactive

block-13-mlkem-sve-512.csv
# est_cycles;timer=CLOCK_UPTIME_RAW;timer_res_ns=41;cpu_hz=4510000000;hz_source=advertised-pcore-max:Apple-M4-Pro/Max;qos=user_interactive

block-13-mlkem-sme-1024.csv
# est_cycles;timer=CLOCK_UPTIME_RAW;timer_res_ns=41;cpu_hz=4510000000;hz_source=advertised-pcore-max:Apple-M4-Pro/Max;qos=user_interactive

block-13-mlkem-sve-1024.csv
# est_cycles;timer=CLOCK_UPTIME_RAW;timer_res_ns=41;cpu_hz=4510000000;hz_source=advertised-pcore-max:Apple-M4-Pro/Max;qos=user_interactive

block-13-kyber-ref-1024.csv
# est_cycles;timer=CLOCK_UPTIME_RAW;timer_res_ns=41;cpu_hz=4510000000;hz_source=advertised-pcore-max:Apple-M4-Pro/Max;qos=user_interactive

block-13-kyber-ref-512.csv
# est_cycles;timer=CLOCK_UPTIME_RAW;timer_res_ns=41;cpu_hz=4510000000;hz_source=advertised-pcore-max:Apple-M4-Pro/Max;qos=user_interactive

block-13-kyber-neon-512.csv
# est_cycles;timer=CLOCK_UPTIME_RAW;timer_res_ns=41;cpu_hz=4510000000;hz_source=advertised-pcore-max:Apple-M4-Pro/Max;qos=user_interactive

block-13-mlkem-ref-1024.csv
# est_cycles;timer=CLOCK_UPTIME_RAW;timer_res_ns=41;cpu_hz=4510000000;hz_source=advertised-pcore-max:Apple-M4-Pro/Max;qos=user_interactive

block-13-kyber-neon-1024.csv
# est_cycles;timer=CLOCK_UPTIME_RAW;timer_res_ns=41;cpu_hz=4510000000;hz_source=advertised-pcore-max:Apple-M4-Pro/Max;qos=user_interactive

block-13-mlkem-neon-1024.csv
# est_cycles;timer=CLOCK_UPTIME_RAW;timer_res_ns=41;cpu_hz=4510000000;hz_source=advertised-pcore-max:Apple-M4-Pro/Max;qos=user_interactive

block-13-kyber-sve-1024.csv
# est_cycles;timer=CLOCK_UPTIME_RAW;timer_res_ns=41;cpu_hz=4510000000;hz_source=advertised-pcore-max:Apple-M4-Pro/Max;qos=user_interactive

block-13-mlkem-neon-512.csv
# est_cycles;timer=CLOCK_UPTIME_RAW;timer_res_ns=41;cpu_hz=4510000000;hz_source=advertised-pcore-max:Apple-M4-Pro/Max;qos=user_interactive

block-13-mlkem-ref-512.csv
# est_cycles;timer=CLOCK_UPTIME_RAW;timer_res_ns=41;cpu_hz=4510000000;hz_source=advertised-pcore-max:Apple-M4-Pro/Max;qos=user_interactive

block-13-kyber-sme-512.csv
# est_cycles;timer=CLOCK_UPTIME_RAW;timer_res_ns=41;cpu_hz=4510000000;hz_source=advertised-pcore-max:Apple-M4-Pro/Max;qos=user_interactive

block-13-kyber-sme-1024.csv
# est_cycles;timer=CLOCK_UPTIME_RAW;timer_res_ns=41;cpu_hz=4510000000;hz_source=advertised-pcore-max:Apple-M4-Pro/Max;qos=user_interactive

block-13-kyber-sve-512.csv
# est_cycles;timer=CLOCK_UPTIME_RAW;timer_res_ns=41;cpu_hz=4510000000;hz_source=advertised-pcore-max:Apple-M4-Pro/Max;qos=user_interactive

block-14-kyber-neon-512.csv
# est_cycles;timer=CLOCK_UPTIME_RAW;timer_res_ns=41;cpu_hz=4510000000;hz_source=advertised-pcore-max:Apple-M4-Pro/Max;qos=user_interactive

block-14-kyber-ref-512.csv
# est_cycles;timer=CLOCK_UPTIME_RAW;timer_res_ns=41;cpu_hz=4510000000;hz_source=advertised-pcore-max:Apple-M4-Pro/Max;qos=user_interactive

block-14-kyber-sve-1024.csv
# est_cycles;timer=CLOCK_UPTIME_RAW;timer_res_ns=41;cpu_hz=4510000000;hz_source=advertised-pcore-max:Apple-M4-Pro/Max;qos=user_interactive

block-14-mlkem-sve-1024.csv
# est_cycles;timer=CLOCK_UPTIME_RAW;timer_res_ns=41;cpu_hz=4510000000;hz_source=advertised-pcore-max:Apple-M4-Pro/Max;qos=user_interactive

block-14-kyber-sme-1024.csv
# est_cycles;timer=CLOCK_UPTIME_RAW;timer_res_ns=41;cpu_hz=4510000000;hz_source=advertised-pcore-max:Apple-M4-Pro/Max;qos=user_interactive

block-14-kyber-sme-512.csv
# est_cycles;timer=CLOCK_UPTIME_RAW;timer_res_ns=41;cpu_hz=4510000000;hz_source=advertised-pcore-max:Apple-M4-Pro/Max;qos=user_interactive

block-14-kyber-sve-512.csv
# est_cycles;timer=CLOCK_UPTIME_RAW;timer_res_ns=41;cpu_hz=4510000000;hz_source=advertised-pcore-max:Apple-M4-Pro/Max;qos=user_interactive

block-14-mlkem-ref-1024.csv
# est_cycles;timer=CLOCK_UPTIME_RAW;timer_res_ns=41;cpu_hz=4510000000;hz_source=advertised-pcore-max:Apple-M4-Pro/Max;qos=user_interactive

block-14-mlkem-sme-1024.csv
# est_cycles;timer=CLOCK_UPTIME_RAW;timer_res_ns=41;cpu_hz=4510000000;hz_source=advertised-pcore-max:Apple-M4-Pro/Max;qos=user_interactive

block-14-kyber-ref-1024.csv
# est_cycles;timer=CLOCK_UPTIME_RAW;timer_res_ns=41;cpu_hz=4510000000;hz_source=advertised-pcore-max:Apple-M4-Pro/Max;qos=user_interactive

block-14-mlkem-neon-1024.csv
# est_cycles;timer=CLOCK_UPTIME_RAW;timer_res_ns=41;cpu_hz=4510000000;hz_source=advertised-pcore-max:Apple-M4-Pro/Max;qos=user_interactive

block-14-kyber-neon-1024.csv
# est_cycles;timer=CLOCK_UPTIME_RAW;timer_res_ns=41;cpu_hz=4510000000;hz_source=advertised-pcore-max:Apple-M4-Pro/Max;qos=user_interactive

block-14-mlkem-ref-512.csv
# est_cycles;timer=CLOCK_UPTIME_RAW;timer_res_ns=41;cpu_hz=4510000000;hz_source=advertised-pcore-max:Apple-M4-Pro/Max;qos=user_interactive

block-14-mlkem-neon-512.csv
# est_cycles;timer=CLOCK_UPTIME_RAW;timer_res_ns=41;cpu_hz=4510000000;hz_source=advertised-pcore-max:Apple-M4-Pro/Max;qos=user_interactive

block-14-mlkem-sme-512.csv
# est_cycles;timer=CLOCK_UPTIME_RAW;timer_res_ns=41;cpu_hz=4510000000;hz_source=advertised-pcore-max:Apple-M4-Pro/Max;qos=user_interactive

block-14-mlkem-sve-512.csv
# est_cycles;timer=CLOCK_UPTIME_RAW;timer_res_ns=41;cpu_hz=4510000000;hz_source=advertised-pcore-max:Apple-M4-Pro/Max;qos=user_interactive

block-15-mlkem-sve-512.csv
# est_cycles;timer=CLOCK_UPTIME_RAW;timer_res_ns=41;cpu_hz=4510000000;hz_source=advertised-pcore-max:Apple-M4-Pro/Max;qos=user_interactive

block-15-mlkem-neon-512.csv
# est_cycles;timer=CLOCK_UPTIME_RAW;timer_res_ns=41;cpu_hz=4510000000;hz_source=advertised-pcore-max:Apple-M4-Pro/Max;qos=user_interactive

block-15-mlkem-sme-1024.csv
# est_cycles;timer=CLOCK_UPTIME_RAW;timer_res_ns=41;cpu_hz=4510000000;hz_source=advertised-pcore-max:Apple-M4-Pro/Max;qos=user_interactive

block-15-kyber-neon-512.csv
# est_cycles;timer=CLOCK_UPTIME_RAW;timer_res_ns=41;cpu_hz=4510000000;hz_source=advertised-pcore-max:Apple-M4-Pro/Max;qos=user_interactive

block-15-kyber-sme-512.csv
# est_cycles;timer=CLOCK_UPTIME_RAW;timer_res_ns=41;cpu_hz=4510000000;hz_source=advertised-pcore-max:Apple-M4-Pro/Max;qos=user_interactive

block-15-mlkem-neon-1024.csv
# est_cycles;timer=CLOCK_UPTIME_RAW;timer_res_ns=41;cpu_hz=4510000000;hz_source=advertised-pcore-max:Apple-M4-Pro/Max;qos=user_interactive

block-15-mlkem-sve-1024.csv
# est_cycles;timer=CLOCK_UPTIME_RAW;timer_res_ns=41;cpu_hz=4510000000;hz_source=advertised-pcore-max:Apple-M4-Pro/Max;qos=user_interactive

block-15-kyber-sme-1024.csv
# est_cycles;timer=CLOCK_UPTIME_RAW;timer_res_ns=41;cpu_hz=4510000000;hz_source=advertised-pcore-max:Apple-M4-Pro/Max;qos=user_interactive

block-15-kyber-neon-1024.csv
# est_cycles;timer=CLOCK_UPTIME_RAW;timer_res_ns=41;cpu_hz=4510000000;hz_source=advertised-pcore-max:Apple-M4-Pro/Max;qos=user_interactive

block-15-mlkem-sme-512.csv
# est_cycles;timer=CLOCK_UPTIME_RAW;timer_res_ns=41;cpu_hz=4510000000;hz_source=advertised-pcore-max:Apple-M4-Pro/Max;qos=user_interactive

block-15-mlkem-ref-1024.csv
# est_cycles;timer=CLOCK_UPTIME_RAW;timer_res_ns=41;cpu_hz=4510000000;hz_source=advertised-pcore-max:Apple-M4-Pro/Max;qos=user_interactive

block-15-mlkem-ref-512.csv
# est_cycles;timer=CLOCK_UPTIME_RAW;timer_res_ns=41;cpu_hz=4510000000;hz_source=advertised-pcore-max:Apple-M4-Pro/Max;qos=user_interactive

block-15-kyber-ref-512.csv
# est_cycles;timer=CLOCK_UPTIME_RAW;timer_res_ns=41;cpu_hz=4510000000;hz_source=advertised-pcore-max:Apple-M4-Pro/Max;qos=user_interactive

block-15-kyber-sve-1024.csv
# est_cycles;timer=CLOCK_UPTIME_RAW;timer_res_ns=41;cpu_hz=4510000000;hz_source=advertised-pcore-max:Apple-M4-Pro/Max;qos=user_interactive

block-15-kyber-ref-1024.csv
# est_cycles;timer=CLOCK_UPTIME_RAW;timer_res_ns=41;cpu_hz=4510000000;hz_source=advertised-pcore-max:Apple-M4-Pro/Max;qos=user_interactive

block-15-kyber-sve-512.csv
# est_cycles;timer=CLOCK_UPTIME_RAW;timer_res_ns=41;cpu_hz=4510000000;hz_source=advertised-pcore-max:Apple-M4-Pro/Max;qos=user_interactive

block-16-mlkem-sme-1024.csv
# est_cycles;timer=CLOCK_UPTIME_RAW;timer_res_ns=41;cpu_hz=4510000000;hz_source=advertised-pcore-max:Apple-M4-Pro/Max;qos=user_interactive

block-16-kyber-sme-512.csv
# est_cycles;timer=CLOCK_UPTIME_RAW;timer_res_ns=41;cpu_hz=4510000000;hz_source=advertised-pcore-max:Apple-M4-Pro/Max;qos=user_interactive

block-16-kyber-neon-512.csv
# est_cycles;timer=CLOCK_UPTIME_RAW;timer_res_ns=41;cpu_hz=4510000000;hz_source=advertised-pcore-max:Apple-M4-Pro/Max;qos=user_interactive

block-16-mlkem-neon-1024.csv
# est_cycles;timer=CLOCK_UPTIME_RAW;timer_res_ns=41;cpu_hz=4510000000;hz_source=advertised-pcore-max:Apple-M4-Pro/Max;qos=user_interactive

block-16-kyber-sve-512.csv
# est_cycles;timer=CLOCK_UPTIME_RAW;timer_res_ns=41;cpu_hz=4510000000;hz_source=advertised-pcore-max:Apple-M4-Pro/Max;qos=user_interactive

block-16-mlkem-sme-512.csv
# est_cycles;timer=CLOCK_UPTIME_RAW;timer_res_ns=41;cpu_hz=4510000000;hz_source=advertised-pcore-max:Apple-M4-Pro/Max;qos=user_interactive

block-16-kyber-neon-1024.csv
# est_cycles;timer=CLOCK_UPTIME_RAW;timer_res_ns=41;cpu_hz=4510000000;hz_source=advertised-pcore-max:Apple-M4-Pro/Max;qos=user_interactive

block-16-mlkem-ref-1024.csv
# est_cycles;timer=CLOCK_UPTIME_RAW;timer_res_ns=41;cpu_hz=4510000000;hz_source=advertised-pcore-max:Apple-M4-Pro/Max;qos=user_interactive

block-16-mlkem-neon-512.csv
# est_cycles;timer=CLOCK_UPTIME_RAW;timer_res_ns=41;cpu_hz=4510000000;hz_source=advertised-pcore-max:Apple-M4-Pro/Max;qos=user_interactive

block-16-kyber-ref-512.csv
# est_cycles;timer=CLOCK_UPTIME_RAW;timer_res_ns=41;cpu_hz=4510000000;hz_source=advertised-pcore-max:Apple-M4-Pro/Max;qos=user_interactive

block-16-mlkem-sve-1024.csv
# est_cycles;timer=CLOCK_UPTIME_RAW;timer_res_ns=41;cpu_hz=4510000000;hz_source=advertised-pcore-max:Apple-M4-Pro/Max;qos=user_interactive

block-16-mlkem-sve-512.csv
# est_cycles;timer=CLOCK_UPTIME_RAW;timer_res_ns=41;cpu_hz=4510000000;hz_source=advertised-pcore-max:Apple-M4-Pro/Max;qos=user_interactive

block-16-mlkem-ref-512.csv
# est_cycles;timer=CLOCK_UPTIME_RAW;timer_res_ns=41;cpu_hz=4510000000;hz_source=advertised-pcore-max:Apple-M4-Pro/Max;qos=user_interactive

block-16-kyber-sve-1024.csv
# est_cycles;timer=CLOCK_UPTIME_RAW;timer_res_ns=41;cpu_hz=4510000000;hz_source=advertised-pcore-max:Apple-M4-Pro/Max;qos=user_interactive

block-16-kyber-ref-1024.csv
# est_cycles;timer=CLOCK_UPTIME_RAW;timer_res_ns=41;cpu_hz=4510000000;hz_source=advertised-pcore-max:Apple-M4-Pro/Max;qos=user_interactive

block-16-kyber-sme-1024.csv
# est_cycles;timer=CLOCK_UPTIME_RAW;timer_res_ns=41;cpu_hz=4510000000;hz_source=advertised-pcore-max:Apple-M4-Pro/Max;qos=user_interactive

block-17-kyber-neon-1024.csv
# est_cycles;timer=CLOCK_UPTIME_RAW;timer_res_ns=41;cpu_hz=4510000000;hz_source=advertised-pcore-max:Apple-M4-Pro/Max;qos=user_interactive

block-17-mlkem-sme-1024.csv
# est_cycles;timer=CLOCK_UPTIME_RAW;timer_res_ns=41;cpu_hz=4510000000;hz_source=advertised-pcore-max:Apple-M4-Pro/Max;qos=user_interactive

block-17-kyber-sme-512.csv
# est_cycles;timer=CLOCK_UPTIME_RAW;timer_res_ns=41;cpu_hz=4510000000;hz_source=advertised-pcore-max:Apple-M4-Pro/Max;qos=user_interactive

block-17-kyber-sve-1024.csv
# est_cycles;timer=CLOCK_UPTIME_RAW;timer_res_ns=41;cpu_hz=4510000000;hz_source=advertised-pcore-max:Apple-M4-Pro/Max;qos=user_interactive

block-17-kyber-ref-1024.csv
# est_cycles;timer=CLOCK_UPTIME_RAW;timer_res_ns=41;cpu_hz=4510000000;hz_source=advertised-pcore-max:Apple-M4-Pro/Max;qos=user_interactive

block-17-kyber-ref-512.csv
# est_cycles;timer=CLOCK_UPTIME_RAW;timer_res_ns=41;cpu_hz=4510000000;hz_source=advertised-pcore-max:Apple-M4-Pro/Max;qos=user_interactive

block-17-mlkem-neon-512.csv
# est_cycles;timer=CLOCK_UPTIME_RAW;timer_res_ns=41;cpu_hz=4510000000;hz_source=advertised-pcore-max:Apple-M4-Pro/Max;qos=user_interactive

block-17-mlkem-sme-512.csv
# est_cycles;timer=CLOCK_UPTIME_RAW;timer_res_ns=41;cpu_hz=4510000000;hz_source=advertised-pcore-max:Apple-M4-Pro/Max;qos=user_interactive

block-17-mlkem-ref-1024.csv
# est_cycles;timer=CLOCK_UPTIME_RAW;timer_res_ns=41;cpu_hz=4510000000;hz_source=advertised-pcore-max:Apple-M4-Pro/Max;qos=user_interactive

block-17-kyber-sve-512.csv
# est_cycles;timer=CLOCK_UPTIME_RAW;timer_res_ns=41;cpu_hz=4510000000;hz_source=advertised-pcore-max:Apple-M4-Pro/Max;qos=user_interactive

block-17-kyber-neon-512.csv
# est_cycles;timer=CLOCK_UPTIME_RAW;timer_res_ns=41;cpu_hz=4510000000;hz_source=advertised-pcore-max:Apple-M4-Pro/Max;qos=user_interactive

block-17-mlkem-sve-512.csv
# est_cycles;timer=CLOCK_UPTIME_RAW;timer_res_ns=41;cpu_hz=4510000000;hz_source=advertised-pcore-max:Apple-M4-Pro/Max;qos=user_interactive

block-17-mlkem-neon-1024.csv
# est_cycles;timer=CLOCK_UPTIME_RAW;timer_res_ns=41;cpu_hz=4510000000;hz_source=advertised-pcore-max:Apple-M4-Pro/Max;qos=user_interactive

block-17-kyber-sme-1024.csv
# est_cycles;timer=CLOCK_UPTIME_RAW;timer_res_ns=41;cpu_hz=4510000000;hz_source=advertised-pcore-max:Apple-M4-Pro/Max;qos=user_interactive

block-17-mlkem-sve-1024.csv
# est_cycles;timer=CLOCK_UPTIME_RAW;timer_res_ns=41;cpu_hz=4510000000;hz_source=advertised-pcore-max:Apple-M4-Pro/Max;qos=user_interactive

block-17-mlkem-ref-512.csv
# est_cycles;timer=CLOCK_UPTIME_RAW;timer_res_ns=41;cpu_hz=4510000000;hz_source=advertised-pcore-max:Apple-M4-Pro/Max;qos=user_interactive

block-18-kyber-sve-512.csv
# est_cycles;timer=CLOCK_UPTIME_RAW;timer_res_ns=41;cpu_hz=4510000000;hz_source=advertised-pcore-max:Apple-M4-Pro/Max;qos=user_interactive

block-18-kyber-ref-512.csv
# est_cycles;timer=CLOCK_UPTIME_RAW;timer_res_ns=41;cpu_hz=4510000000;hz_source=advertised-pcore-max:Apple-M4-Pro/Max;qos=user_interactive

block-18-kyber-sme-512.csv
# est_cycles;timer=CLOCK_UPTIME_RAW;timer_res_ns=41;cpu_hz=4510000000;hz_source=advertised-pcore-max:Apple-M4-Pro/Max;qos=user_interactive

block-18-mlkem-sme-1024.csv
# est_cycles;timer=CLOCK_UPTIME_RAW;timer_res_ns=41;cpu_hz=4510000000;hz_source=advertised-pcore-max:Apple-M4-Pro/Max;qos=user_interactive

block-18-mlkem-sve-512.csv
# est_cycles;timer=CLOCK_UPTIME_RAW;timer_res_ns=41;cpu_hz=4510000000;hz_source=advertised-pcore-max:Apple-M4-Pro/Max;qos=user_interactive

block-18-kyber-sme-1024.csv
# est_cycles;timer=CLOCK_UPTIME_RAW;timer_res_ns=41;cpu_hz=4510000000;hz_source=advertised-pcore-max:Apple-M4-Pro/Max;qos=user_interactive

block-18-mlkem-ref-512.csv
# est_cycles;timer=CLOCK_UPTIME_RAW;timer_res_ns=41;cpu_hz=4510000000;hz_source=advertised-pcore-max:Apple-M4-Pro/Max;qos=user_interactive

block-18-mlkem-sve-1024.csv
# est_cycles;timer=CLOCK_UPTIME_RAW;timer_res_ns=41;cpu_hz=4510000000;hz_source=advertised-pcore-max:Apple-M4-Pro/Max;qos=user_interactive

block-18-mlkem-neon-512.csv
# est_cycles;timer=CLOCK_UPTIME_RAW;timer_res_ns=41;cpu_hz=4510000000;hz_source=advertised-pcore-max:Apple-M4-Pro/Max;qos=user_interactive

block-18-mlkem-neon-1024.csv
# est_cycles;timer=CLOCK_UPTIME_RAW;timer_res_ns=41;cpu_hz=4510000000;hz_source=advertised-pcore-max:Apple-M4-Pro/Max;qos=user_interactive

block-18-mlkem-ref-1024.csv
# est_cycles;timer=CLOCK_UPTIME_RAW;timer_res_ns=41;cpu_hz=4510000000;hz_source=advertised-pcore-max:Apple-M4-Pro/Max;qos=user_interactive

block-18-kyber-neon-1024.csv
# est_cycles;timer=CLOCK_UPTIME_RAW;timer_res_ns=41;cpu_hz=4510000000;hz_source=advertised-pcore-max:Apple-M4-Pro/Max;qos=user_interactive

block-18-kyber-ref-1024.csv
# est_cycles;timer=CLOCK_UPTIME_RAW;timer_res_ns=41;cpu_hz=4510000000;hz_source=advertised-pcore-max:Apple-M4-Pro/Max;qos=user_interactive

block-18-kyber-neon-512.csv
# est_cycles;timer=CLOCK_UPTIME_RAW;timer_res_ns=41;cpu_hz=4510000000;hz_source=advertised-pcore-max:Apple-M4-Pro/Max;qos=user_interactive

block-18-kyber-sve-1024.csv
# est_cycles;timer=CLOCK_UPTIME_RAW;timer_res_ns=41;cpu_hz=4510000000;hz_source=advertised-pcore-max:Apple-M4-Pro/Max;qos=user_interactive

block-18-mlkem-sme-512.csv
# est_cycles;timer=CLOCK_UPTIME_RAW;timer_res_ns=41;cpu_hz=4510000000;hz_source=advertised-pcore-max:Apple-M4-Pro/Max;qos=user_interactive

block-19-kyber-ref-1024.csv
# est_cycles;timer=CLOCK_UPTIME_RAW;timer_res_ns=41;cpu_hz=4510000000;hz_source=advertised-pcore-max:Apple-M4-Pro/Max;qos=user_interactive

block-19-kyber-ref-512.csv
# est_cycles;timer=CLOCK_UPTIME_RAW;timer_res_ns=41;cpu_hz=4510000000;hz_source=advertised-pcore-max:Apple-M4-Pro/Max;qos=user_interactive

block-19-mlkem-sme-1024.csv
# est_cycles;timer=CLOCK_UPTIME_RAW;timer_res_ns=41;cpu_hz=4510000000;hz_source=advertised-pcore-max:Apple-M4-Pro/Max;qos=user_interactive

block-19-mlkem-sve-1024.csv
# est_cycles;timer=CLOCK_UPTIME_RAW;timer_res_ns=41;cpu_hz=4510000000;hz_source=advertised-pcore-max:Apple-M4-Pro/Max;qos=user_interactive

block-19-mlkem-neon-1024.csv
# est_cycles;timer=CLOCK_UPTIME_RAW;timer_res_ns=41;cpu_hz=4510000000;hz_source=advertised-pcore-max:Apple-M4-Pro/Max;qos=user_interactive

block-19-kyber-sme-512.csv
# est_cycles;timer=CLOCK_UPTIME_RAW;timer_res_ns=41;cpu_hz=4510000000;hz_source=advertised-pcore-max:Apple-M4-Pro/Max;qos=user_interactive

block-19-kyber-sve-512.csv
# est_cycles;timer=CLOCK_UPTIME_RAW;timer_res_ns=41;cpu_hz=4510000000;hz_source=advertised-pcore-max:Apple-M4-Pro/Max;qos=user_interactive

block-19-mlkem-ref-512.csv
# est_cycles;timer=CLOCK_UPTIME_RAW;timer_res_ns=41;cpu_hz=4510000000;hz_source=advertised-pcore-max:Apple-M4-Pro/Max;qos=user_interactive

block-19-kyber-neon-512.csv
# est_cycles;timer=CLOCK_UPTIME_RAW;timer_res_ns=41;cpu_hz=4510000000;hz_source=advertised-pcore-max:Apple-M4-Pro/Max;qos=user_interactive

block-19-mlkem-neon-512.csv
# est_cycles;timer=CLOCK_UPTIME_RAW;timer_res_ns=41;cpu_hz=4510000000;hz_source=advertised-pcore-max:Apple-M4-Pro/Max;qos=user_interactive

block-19-kyber-sve-1024.csv
# est_cycles;timer=CLOCK_UPTIME_RAW;timer_res_ns=41;cpu_hz=4510000000;hz_source=advertised-pcore-max:Apple-M4-Pro/Max;qos=user_interactive

block-19-mlkem-sme-512.csv
# est_cycles;timer=CLOCK_UPTIME_RAW;timer_res_ns=41;cpu_hz=4510000000;hz_source=advertised-pcore-max:Apple-M4-Pro/Max;qos=user_interactive

block-19-mlkem-sve-512.csv
# est_cycles;timer=CLOCK_UPTIME_RAW;timer_res_ns=41;cpu_hz=4510000000;hz_source=advertised-pcore-max:Apple-M4-Pro/Max;qos=user_interactive

block-19-mlkem-ref-1024.csv
# est_cycles;timer=CLOCK_UPTIME_RAW;timer_res_ns=41;cpu_hz=4510000000;hz_source=advertised-pcore-max:Apple-M4-Pro/Max;qos=user_interactive

block-19-kyber-neon-1024.csv
# est_cycles;timer=CLOCK_UPTIME_RAW;timer_res_ns=41;cpu_hz=4510000000;hz_source=advertised-pcore-max:Apple-M4-Pro/Max;qos=user_interactive

block-19-kyber-sme-1024.csv
# est_cycles;timer=CLOCK_UPTIME_RAW;timer_res_ns=41;cpu_hz=4510000000;hz_source=advertised-pcore-max:Apple-M4-Pro/Max;qos=user_interactive

block-20-mlkem-sve-512.csv
# est_cycles;timer=CLOCK_UPTIME_RAW;timer_res_ns=41;cpu_hz=4510000000;hz_source=advertised-pcore-max:Apple-M4-Pro/Max;qos=user_interactive

block-20-mlkem-sve-1024.csv
# est_cycles;timer=CLOCK_UPTIME_RAW;timer_res_ns=41;cpu_hz=4510000000;hz_source=advertised-pcore-max:Apple-M4-Pro/Max;qos=user_interactive

block-20-kyber-sme-1024.csv
# est_cycles;timer=CLOCK_UPTIME_RAW;timer_res_ns=41;cpu_hz=4510000000;hz_source=advertised-pcore-max:Apple-M4-Pro/Max;qos=user_interactive

block-20-mlkem-ref-1024.csv
# est_cycles;timer=CLOCK_UPTIME_RAW;timer_res_ns=41;cpu_hz=4510000000;hz_source=advertised-pcore-max:Apple-M4-Pro/Max;qos=user_interactive

block-20-kyber-ref-512.csv
# est_cycles;timer=CLOCK_UPTIME_RAW;timer_res_ns=41;cpu_hz=4510000000;hz_source=advertised-pcore-max:Apple-M4-Pro/Max;qos=user_interactive

block-20-mlkem-neon-1024.csv
# est_cycles;timer=CLOCK_UPTIME_RAW;timer_res_ns=41;cpu_hz=4510000000;hz_source=advertised-pcore-max:Apple-M4-Pro/Max;qos=user_interactive

block-20-kyber-ref-1024.csv
# est_cycles;timer=CLOCK_UPTIME_RAW;timer_res_ns=41;cpu_hz=4510000000;hz_source=advertised-pcore-max:Apple-M4-Pro/Max;qos=user_interactive

block-20-kyber-sme-512.csv
# est_cycles;timer=CLOCK_UPTIME_RAW;timer_res_ns=41;cpu_hz=4510000000;hz_source=advertised-pcore-max:Apple-M4-Pro/Max;qos=user_interactive

block-20-mlkem-sme-1024.csv
# est_cycles;timer=CLOCK_UPTIME_RAW;timer_res_ns=41;cpu_hz=4510000000;hz_source=advertised-pcore-max:Apple-M4-Pro/Max;qos=user_interactive

block-20-mlkem-neon-512.csv
# est_cycles;timer=CLOCK_UPTIME_RAW;timer_res_ns=41;cpu_hz=4510000000;hz_source=advertised-pcore-max:Apple-M4-Pro/Max;qos=user_interactive

block-20-mlkem-ref-512.csv
# est_cycles;timer=CLOCK_UPTIME_RAW;timer_res_ns=41;cpu_hz=4510000000;hz_source=advertised-pcore-max:Apple-M4-Pro/Max;qos=user_interactive

block-20-kyber-neon-1024.csv
# est_cycles;timer=CLOCK_UPTIME_RAW;timer_res_ns=41;cpu_hz=4510000000;hz_source=advertised-pcore-max:Apple-M4-Pro/Max;qos=user_interactive

block-20-kyber-sve-1024.csv
# est_cycles;timer=CLOCK_UPTIME_RAW;timer_res_ns=41;cpu_hz=4510000000;hz_source=advertised-pcore-max:Apple-M4-Pro/Max;qos=user_interactive

block-20-kyber-neon-512.csv
# est_cycles;timer=CLOCK_UPTIME_RAW;timer_res_ns=41;cpu_hz=4510000000;hz_source=advertised-pcore-max:Apple-M4-Pro/Max;qos=user_interactive

block-20-mlkem-sme-512.csv
# est_cycles;timer=CLOCK_UPTIME_RAW;timer_res_ns=41;cpu_hz=4510000000;hz_source=advertised-pcore-max:Apple-M4-Pro/Max;qos=user_interactive

block-20-kyber-sve-512.csv
# est_cycles;timer=CLOCK_UPTIME_RAW;timer_res_ns=41;cpu_hz=4510000000;hz_source=advertised-pcore-max:Apple-M4-Pro/Max;qos=user_interactive

block-21-kyber-sme-512.csv
# est_cycles;timer=CLOCK_UPTIME_RAW;timer_res_ns=41;cpu_hz=4510000000;hz_source=advertised-pcore-max:Apple-M4-Pro/Max;qos=user_interactive

block-21-kyber-sme-1024.csv
# est_cycles;timer=CLOCK_UPTIME_RAW;timer_res_ns=41;cpu_hz=4510000000;hz_source=advertised-pcore-max:Apple-M4-Pro/Max;qos=user_interactive

block-21-kyber-sve-512.csv
# est_cycles;timer=CLOCK_UPTIME_RAW;timer_res_ns=41;cpu_hz=4510000000;hz_source=advertised-pcore-max:Apple-M4-Pro/Max;qos=user_interactive

block-21-mlkem-ref-1024.csv
# est_cycles;timer=CLOCK_UPTIME_RAW;timer_res_ns=41;cpu_hz=4510000000;hz_source=advertised-pcore-max:Apple-M4-Pro/Max;qos=user_interactive

block-21-mlkem-sve-1024.csv
# est_cycles;timer=CLOCK_UPTIME_RAW;timer_res_ns=41;cpu_hz=4510000000;hz_source=advertised-pcore-max:Apple-M4-Pro/Max;qos=user_interactive

block-21-mlkem-ref-512.csv
# est_cycles;timer=CLOCK_UPTIME_RAW;timer_res_ns=41;cpu_hz=4510000000;hz_source=advertised-pcore-max:Apple-M4-Pro/Max;qos=user_interactive

block-21-kyber-neon-512.csv
# est_cycles;timer=CLOCK_UPTIME_RAW;timer_res_ns=41;cpu_hz=4510000000;hz_source=advertised-pcore-max:Apple-M4-Pro/Max;qos=user_interactive

block-21-kyber-ref-1024.csv
# est_cycles;timer=CLOCK_UPTIME_RAW;timer_res_ns=41;cpu_hz=4510000000;hz_source=advertised-pcore-max:Apple-M4-Pro/Max;qos=user_interactive

block-21-kyber-sve-1024.csv
# est_cycles;timer=CLOCK_UPTIME_RAW;timer_res_ns=41;cpu_hz=4510000000;hz_source=advertised-pcore-max:Apple-M4-Pro/Max;qos=user_interactive

block-21-kyber-ref-512.csv
# est_cycles;timer=CLOCK_UPTIME_RAW;timer_res_ns=41;cpu_hz=4510000000;hz_source=advertised-pcore-max:Apple-M4-Pro/Max;qos=user_interactive

block-21-mlkem-neon-512.csv
# est_cycles;timer=CLOCK_UPTIME_RAW;timer_res_ns=41;cpu_hz=4510000000;hz_source=advertised-pcore-max:Apple-M4-Pro/Max;qos=user_interactive

block-21-mlkem-neon-1024.csv
# est_cycles;timer=CLOCK_UPTIME_RAW;timer_res_ns=41;cpu_hz=4510000000;hz_source=advertised-pcore-max:Apple-M4-Pro/Max;qos=user_interactive

block-21-mlkem-sme-1024.csv
# est_cycles;timer=CLOCK_UPTIME_RAW;timer_res_ns=41;cpu_hz=4510000000;hz_source=advertised-pcore-max:Apple-M4-Pro/Max;qos=user_interactive

block-21-mlkem-sve-512.csv
# est_cycles;timer=CLOCK_UPTIME_RAW;timer_res_ns=41;cpu_hz=4510000000;hz_source=advertised-pcore-max:Apple-M4-Pro/Max;qos=user_interactive

block-21-kyber-neon-1024.csv
# est_cycles;timer=CLOCK_UPTIME_RAW;timer_res_ns=41;cpu_hz=4510000000;hz_source=advertised-pcore-max:Apple-M4-Pro/Max;qos=user_interactive

block-21-mlkem-sme-512.csv
# est_cycles;timer=CLOCK_UPTIME_RAW;timer_res_ns=41;cpu_hz=4510000000;hz_source=advertised-pcore-max:Apple-M4-Pro/Max;qos=user_interactive

block-22-kyber-neon-1024.csv
# est_cycles;timer=CLOCK_UPTIME_RAW;timer_res_ns=41;cpu_hz=4510000000;hz_source=advertised-pcore-max:Apple-M4-Pro/Max;qos=user_interactive

block-22-mlkem-sme-512.csv
# est_cycles;timer=CLOCK_UPTIME_RAW;timer_res_ns=41;cpu_hz=4510000000;hz_source=advertised-pcore-max:Apple-M4-Pro/Max;qos=user_interactive

block-22-mlkem-neon-512.csv
# est_cycles;timer=CLOCK_UPTIME_RAW;timer_res_ns=41;cpu_hz=4510000000;hz_source=advertised-pcore-max:Apple-M4-Pro/Max;qos=user_interactive

block-22-kyber-ref-1024.csv
# est_cycles;timer=CLOCK_UPTIME_RAW;timer_res_ns=41;cpu_hz=4510000000;hz_source=advertised-pcore-max:Apple-M4-Pro/Max;qos=user_interactive

block-22-kyber-ref-512.csv
# est_cycles;timer=CLOCK_UPTIME_RAW;timer_res_ns=41;cpu_hz=4510000000;hz_source=advertised-pcore-max:Apple-M4-Pro/Max;qos=user_interactive

block-22-mlkem-sme-1024.csv
# est_cycles;timer=CLOCK_UPTIME_RAW;timer_res_ns=41;cpu_hz=4510000000;hz_source=advertised-pcore-max:Apple-M4-Pro/Max;qos=user_interactive

block-22-mlkem-sve-1024.csv
# est_cycles;timer=CLOCK_UPTIME_RAW;timer_res_ns=41;cpu_hz=4510000000;hz_source=advertised-pcore-max:Apple-M4-Pro/Max;qos=user_interactive

block-22-kyber-sme-1024.csv
# est_cycles;timer=CLOCK_UPTIME_RAW;timer_res_ns=41;cpu_hz=4510000000;hz_source=advertised-pcore-max:Apple-M4-Pro/Max;qos=user_interactive

block-22-mlkem-ref-512.csv
# est_cycles;timer=CLOCK_UPTIME_RAW;timer_res_ns=41;cpu_hz=4510000000;hz_source=advertised-pcore-max:Apple-M4-Pro/Max;qos=user_interactive

block-22-mlkem-sve-512.csv
# est_cycles;timer=CLOCK_UPTIME_RAW;timer_res_ns=41;cpu_hz=4510000000;hz_source=advertised-pcore-max:Apple-M4-Pro/Max;qos=user_interactive

block-22-kyber-sve-512.csv
# est_cycles;timer=CLOCK_UPTIME_RAW;timer_res_ns=41;cpu_hz=4510000000;hz_source=advertised-pcore-max:Apple-M4-Pro/Max;qos=user_interactive

block-22-kyber-sve-1024.csv
# est_cycles;timer=CLOCK_UPTIME_RAW;timer_res_ns=41;cpu_hz=4510000000;hz_source=advertised-pcore-max:Apple-M4-Pro/Max;qos=user_interactive

block-22-kyber-neon-512.csv
# est_cycles;timer=CLOCK_UPTIME_RAW;timer_res_ns=41;cpu_hz=4510000000;hz_source=advertised-pcore-max:Apple-M4-Pro/Max;qos=user_interactive

block-22-mlkem-neon-1024.csv
# est_cycles;timer=CLOCK_UPTIME_RAW;timer_res_ns=41;cpu_hz=4510000000;hz_source=advertised-pcore-max:Apple-M4-Pro/Max;qos=user_interactive

block-22-mlkem-ref-1024.csv
# est_cycles;timer=CLOCK_UPTIME_RAW;timer_res_ns=41;cpu_hz=4510000000;hz_source=advertised-pcore-max:Apple-M4-Pro/Max;qos=user_interactive

block-22-kyber-sme-512.csv
# est_cycles;timer=CLOCK_UPTIME_RAW;timer_res_ns=41;cpu_hz=4510000000;hz_source=advertised-pcore-max:Apple-M4-Pro/Max;qos=user_interactive

block-23-kyber-ref-512.csv
# est_cycles;timer=CLOCK_UPTIME_RAW;timer_res_ns=41;cpu_hz=4510000000;hz_source=advertised-pcore-max:Apple-M4-Pro/Max;qos=user_interactive

block-23-mlkem-sve-1024.csv
# est_cycles;timer=CLOCK_UPTIME_RAW;timer_res_ns=41;cpu_hz=4510000000;hz_source=advertised-pcore-max:Apple-M4-Pro/Max;qos=user_interactive

block-23-kyber-sme-1024.csv
# est_cycles;timer=CLOCK_UPTIME_RAW;timer_res_ns=41;cpu_hz=4510000000;hz_source=advertised-pcore-max:Apple-M4-Pro/Max;qos=user_interactive

block-23-mlkem-sve-512.csv
# est_cycles;timer=CLOCK_UPTIME_RAW;timer_res_ns=41;cpu_hz=4510000000;hz_source=advertised-pcore-max:Apple-M4-Pro/Max;qos=user_interactive

block-23-kyber-sve-512.csv
# est_cycles;timer=CLOCK_UPTIME_RAW;timer_res_ns=41;cpu_hz=4510000000;hz_source=advertised-pcore-max:Apple-M4-Pro/Max;qos=user_interactive

block-23-mlkem-ref-512.csv
# est_cycles;timer=CLOCK_UPTIME_RAW;timer_res_ns=41;cpu_hz=4510000000;hz_source=advertised-pcore-max:Apple-M4-Pro/Max;qos=user_interactive

block-23-mlkem-sme-1024.csv
# est_cycles;timer=CLOCK_UPTIME_RAW;timer_res_ns=41;cpu_hz=4510000000;hz_source=advertised-pcore-max:Apple-M4-Pro/Max;qos=user_interactive

block-23-mlkem-sme-512.csv
# est_cycles;timer=CLOCK_UPTIME_RAW;timer_res_ns=41;cpu_hz=4510000000;hz_source=advertised-pcore-max:Apple-M4-Pro/Max;qos=user_interactive

block-23-mlkem-ref-1024.csv
# est_cycles;timer=CLOCK_UPTIME_RAW;timer_res_ns=41;cpu_hz=4510000000;hz_source=advertised-pcore-max:Apple-M4-Pro/Max;qos=user_interactive

block-23-kyber-neon-512.csv
# est_cycles;timer=CLOCK_UPTIME_RAW;timer_res_ns=41;cpu_hz=4510000000;hz_source=advertised-pcore-max:Apple-M4-Pro/Max;qos=user_interactive

block-23-kyber-neon-1024.csv
# est_cycles;timer=CLOCK_UPTIME_RAW;timer_res_ns=41;cpu_hz=4510000000;hz_source=advertised-pcore-max:Apple-M4-Pro/Max;qos=user_interactive

block-23-mlkem-neon-1024.csv
# est_cycles;timer=CLOCK_UPTIME_RAW;timer_res_ns=41;cpu_hz=4510000000;hz_source=advertised-pcore-max:Apple-M4-Pro/Max;qos=user_interactive

block-23-kyber-sve-1024.csv
# est_cycles;timer=CLOCK_UPTIME_RAW;timer_res_ns=41;cpu_hz=4510000000;hz_source=advertised-pcore-max:Apple-M4-Pro/Max;qos=user_interactive

block-23-kyber-ref-1024.csv
# est_cycles;timer=CLOCK_UPTIME_RAW;timer_res_ns=41;cpu_hz=4510000000;hz_source=advertised-pcore-max:Apple-M4-Pro/Max;qos=user_interactive

block-23-mlkem-neon-512.csv
# est_cycles;timer=CLOCK_UPTIME_RAW;timer_res_ns=41;cpu_hz=4510000000;hz_source=advertised-pcore-max:Apple-M4-Pro/Max;qos=user_interactive

block-23-kyber-sme-512.csv
# est_cycles;timer=CLOCK_UPTIME_RAW;timer_res_ns=41;cpu_hz=4510000000;hz_source=advertised-pcore-max:Apple-M4-Pro/Max;qos=user_interactive

block-24-mlkem-neon-1024.csv
# est_cycles;timer=CLOCK_UPTIME_RAW;timer_res_ns=41;cpu_hz=4510000000;hz_source=advertised-pcore-max:Apple-M4-Pro/Max;qos=user_interactive

block-24-kyber-sme-512.csv
# est_cycles;timer=CLOCK_UPTIME_RAW;timer_res_ns=41;cpu_hz=4510000000;hz_source=advertised-pcore-max:Apple-M4-Pro/Max;qos=user_interactive

block-24-mlkem-ref-512.csv
# est_cycles;timer=CLOCK_UPTIME_RAW;timer_res_ns=41;cpu_hz=4510000000;hz_source=advertised-pcore-max:Apple-M4-Pro/Max;qos=user_interactive

block-24-mlkem-sve-1024.csv
# est_cycles;timer=CLOCK_UPTIME_RAW;timer_res_ns=41;cpu_hz=4510000000;hz_source=advertised-pcore-max:Apple-M4-Pro/Max;qos=user_interactive

block-24-kyber-neon-512.csv
# est_cycles;timer=CLOCK_UPTIME_RAW;timer_res_ns=41;cpu_hz=4510000000;hz_source=advertised-pcore-max:Apple-M4-Pro/Max;qos=user_interactive

block-24-mlkem-neon-512.csv
# est_cycles;timer=CLOCK_UPTIME_RAW;timer_res_ns=41;cpu_hz=4510000000;hz_source=advertised-pcore-max:Apple-M4-Pro/Max;qos=user_interactive

block-24-kyber-neon-1024.csv
# est_cycles;timer=CLOCK_UPTIME_RAW;timer_res_ns=41;cpu_hz=4510000000;hz_source=advertised-pcore-max:Apple-M4-Pro/Max;qos=user_interactive

block-24-kyber-sve-512.csv
# est_cycles;timer=CLOCK_UPTIME_RAW;timer_res_ns=41;cpu_hz=4510000000;hz_source=advertised-pcore-max:Apple-M4-Pro/Max;qos=user_interactive

block-24-mlkem-sve-512.csv
# est_cycles;timer=CLOCK_UPTIME_RAW;timer_res_ns=41;cpu_hz=4510000000;hz_source=advertised-pcore-max:Apple-M4-Pro/Max;qos=user_interactive

block-24-kyber-ref-512.csv
# est_cycles;timer=CLOCK_UPTIME_RAW;timer_res_ns=41;cpu_hz=4510000000;hz_source=advertised-pcore-max:Apple-M4-Pro/Max;qos=user_interactive

block-24-mlkem-ref-1024.csv
# est_cycles;timer=CLOCK_UPTIME_RAW;timer_res_ns=41;cpu_hz=4510000000;hz_source=advertised-pcore-max:Apple-M4-Pro/Max;qos=user_interactive

block-24-kyber-ref-1024.csv
# est_cycles;timer=CLOCK_UPTIME_RAW;timer_res_ns=41;cpu_hz=4510000000;hz_source=advertised-pcore-max:Apple-M4-Pro/Max;qos=user_interactive

block-24-mlkem-sme-1024.csv
# est_cycles;timer=CLOCK_UPTIME_RAW;timer_res_ns=41;cpu_hz=4510000000;hz_source=advertised-pcore-max:Apple-M4-Pro/Max;qos=user_interactive

block-24-kyber-sme-1024.csv
# est_cycles;timer=CLOCK_UPTIME_RAW;timer_res_ns=41;cpu_hz=4510000000;hz_source=advertised-pcore-max:Apple-M4-Pro/Max;qos=user_interactive

block-24-kyber-sve-1024.csv
# est_cycles;timer=CLOCK_UPTIME_RAW;timer_res_ns=41;cpu_hz=4510000000;hz_source=advertised-pcore-max:Apple-M4-Pro/Max;qos=user_interactive

block-24-mlkem-sme-512.csv
# est_cycles;timer=CLOCK_UPTIME_RAW;timer_res_ns=41;cpu_hz=4510000000;hz_source=advertised-pcore-max:Apple-M4-Pro/Max;qos=user_interactive

block-25-mlkem-ref-512.csv
# est_cycles;timer=CLOCK_UPTIME_RAW;timer_res_ns=41;cpu_hz=4510000000;hz_source=advertised-pcore-max:Apple-M4-Pro/Max;qos=user_interactive

block-25-mlkem-ref-1024.csv
# est_cycles;timer=CLOCK_UPTIME_RAW;timer_res_ns=41;cpu_hz=4510000000;hz_source=advertised-pcore-max:Apple-M4-Pro/Max;qos=user_interactive

block-25-mlkem-sme-1024.csv
# est_cycles;timer=CLOCK_UPTIME_RAW;timer_res_ns=41;cpu_hz=4510000000;hz_source=advertised-pcore-max:Apple-M4-Pro/Max;qos=user_interactive

block-25-kyber-neon-512.csv
# est_cycles;timer=CLOCK_UPTIME_RAW;timer_res_ns=41;cpu_hz=4510000000;hz_source=advertised-pcore-max:Apple-M4-Pro/Max;qos=user_interactive

block-25-mlkem-neon-1024.csv
# est_cycles;timer=CLOCK_UPTIME_RAW;timer_res_ns=41;cpu_hz=4510000000;hz_source=advertised-pcore-max:Apple-M4-Pro/Max;qos=user_interactive

block-25-kyber-sme-512.csv
# est_cycles;timer=CLOCK_UPTIME_RAW;timer_res_ns=41;cpu_hz=4510000000;hz_source=advertised-pcore-max:Apple-M4-Pro/Max;qos=user_interactive

block-25-kyber-neon-1024.csv
# est_cycles;timer=CLOCK_UPTIME_RAW;timer_res_ns=41;cpu_hz=4510000000;hz_source=advertised-pcore-max:Apple-M4-Pro/Max;qos=user_interactive

block-25-kyber-sve-512.csv
# est_cycles;timer=CLOCK_UPTIME_RAW;timer_res_ns=41;cpu_hz=4510000000;hz_source=advertised-pcore-max:Apple-M4-Pro/Max;qos=user_interactive

block-25-kyber-sme-1024.csv
# est_cycles;timer=CLOCK_UPTIME_RAW;timer_res_ns=41;cpu_hz=4510000000;hz_source=advertised-pcore-max:Apple-M4-Pro/Max;qos=user_interactive

block-25-mlkem-sme-512.csv
# est_cycles;timer=CLOCK_UPTIME_RAW;timer_res_ns=41;cpu_hz=4510000000;hz_source=advertised-pcore-max:Apple-M4-Pro/Max;qos=user_interactive

block-25-kyber-ref-512.csv
# est_cycles;timer=CLOCK_UPTIME_RAW;timer_res_ns=41;cpu_hz=4510000000;hz_source=advertised-pcore-max:Apple-M4-Pro/Max;qos=user_interactive

block-25-mlkem-neon-512.csv
# est_cycles;timer=CLOCK_UPTIME_RAW;timer_res_ns=41;cpu_hz=4510000000;hz_source=advertised-pcore-max:Apple-M4-Pro/Max;qos=user_interactive

block-25-kyber-ref-1024.csv
# est_cycles;timer=CLOCK_UPTIME_RAW;timer_res_ns=41;cpu_hz=4510000000;hz_source=advertised-pcore-max:Apple-M4-Pro/Max;qos=user_interactive

block-25-mlkem-sve-1024.csv
# est_cycles;timer=CLOCK_UPTIME_RAW;timer_res_ns=41;cpu_hz=4510000000;hz_source=advertised-pcore-max:Apple-M4-Pro/Max;qos=user_interactive

block-25-kyber-sve-1024.csv
# est_cycles;timer=CLOCK_UPTIME_RAW;timer_res_ns=41;cpu_hz=4510000000;hz_source=advertised-pcore-max:Apple-M4-Pro/Max;qos=user_interactive

block-25-mlkem-sve-512.csv
# est_cycles;timer=CLOCK_UPTIME_RAW;timer_res_ns=41;cpu_hz=4510000000;hz_source=advertised-pcore-max:Apple-M4-Pro/Max;qos=user_interactive

block-26-mlkem-sme-1024.csv
# est_cycles;timer=CLOCK_UPTIME_RAW;timer_res_ns=41;cpu_hz=4510000000;hz_source=advertised-pcore-max:Apple-M4-Pro/Max;qos=user_interactive

block-26-mlkem-sme-512.csv
# est_cycles;timer=CLOCK_UPTIME_RAW;timer_res_ns=41;cpu_hz=4510000000;hz_source=advertised-pcore-max:Apple-M4-Pro/Max;qos=user_interactive

block-26-mlkem-neon-1024.csv
# est_cycles;timer=CLOCK_UPTIME_RAW;timer_res_ns=41;cpu_hz=4510000000;hz_source=advertised-pcore-max:Apple-M4-Pro/Max;qos=user_interactive

block-26-mlkem-ref-1024.csv
# est_cycles;timer=CLOCK_UPTIME_RAW;timer_res_ns=41;cpu_hz=4510000000;hz_source=advertised-pcore-max:Apple-M4-Pro/Max;qos=user_interactive

block-26-kyber-neon-1024.csv
# est_cycles;timer=CLOCK_UPTIME_RAW;timer_res_ns=41;cpu_hz=4510000000;hz_source=advertised-pcore-max:Apple-M4-Pro/Max;qos=user_interactive

block-26-mlkem-ref-512.csv
# est_cycles;timer=CLOCK_UPTIME_RAW;timer_res_ns=41;cpu_hz=4510000000;hz_source=advertised-pcore-max:Apple-M4-Pro/Max;qos=user_interactive

block-26-kyber-neon-512.csv
# est_cycles;timer=CLOCK_UPTIME_RAW;timer_res_ns=41;cpu_hz=4510000000;hz_source=advertised-pcore-max:Apple-M4-Pro/Max;qos=user_interactive

block-26-kyber-sme-1024.csv
# est_cycles;timer=CLOCK_UPTIME_RAW;timer_res_ns=41;cpu_hz=4510000000;hz_source=advertised-pcore-max:Apple-M4-Pro/Max;qos=user_interactive

block-26-mlkem-sve-512.csv
# est_cycles;timer=CLOCK_UPTIME_RAW;timer_res_ns=41;cpu_hz=4510000000;hz_source=advertised-pcore-max:Apple-M4-Pro/Max;qos=user_interactive

block-26-kyber-sve-1024.csv
# est_cycles;timer=CLOCK_UPTIME_RAW;timer_res_ns=41;cpu_hz=4510000000;hz_source=advertised-pcore-max:Apple-M4-Pro/Max;qos=user_interactive

block-26-kyber-sme-512.csv
# est_cycles;timer=CLOCK_UPTIME_RAW;timer_res_ns=41;cpu_hz=4510000000;hz_source=advertised-pcore-max:Apple-M4-Pro/Max;qos=user_interactive

block-26-kyber-sve-512.csv
# est_cycles;timer=CLOCK_UPTIME_RAW;timer_res_ns=41;cpu_hz=4510000000;hz_source=advertised-pcore-max:Apple-M4-Pro/Max;qos=user_interactive

block-26-mlkem-neon-512.csv
# est_cycles;timer=CLOCK_UPTIME_RAW;timer_res_ns=41;cpu_hz=4510000000;hz_source=advertised-pcore-max:Apple-M4-Pro/Max;qos=user_interactive

block-01-mlkem-sme-512.csv
# est_cycles;timer=CLOCK_UPTIME_RAW;timer_res_ns=41;cpu_hz=4510000000;hz_source=advertised-pcore-max:Apple-M4-Pro/Max;qos=user_interactive

block-01-mlkem-sve-1024.csv
# est_cycles;timer=CLOCK_UPTIME_RAW;timer_res_ns=41;cpu_hz=4510000000;hz_source=advertised-pcore-max:Apple-M4-Pro/Max;qos=user_interactive

block-01-kyber-neon-512.csv
# est_cycles;timer=CLOCK_UPTIME_RAW;timer_res_ns=41;cpu_hz=4510000000;hz_source=advertised-pcore-max:Apple-M4-Pro/Max;qos=user_interactive

block-01-mlkem-sve-512.csv
# est_cycles;timer=CLOCK_UPTIME_RAW;timer_res_ns=41;cpu_hz=4510000000;hz_source=advertised-pcore-max:Apple-M4-Pro/Max;qos=user_interactive

block-01-mlkem-sme-1024.csv
# est_cycles;timer=CLOCK_UPTIME_RAW;timer_res_ns=41;cpu_hz=4510000000;hz_source=advertised-pcore-max:Apple-M4-Pro/Max;qos=user_interactive

block-01-kyber-neon-1024.csv
# est_cycles;timer=CLOCK_UPTIME_RAW;timer_res_ns=41;cpu_hz=4510000000;hz_source=advertised-pcore-max:Apple-M4-Pro/Max;qos=user_interactive

block-01-kyber-sve-512.csv
# est_cycles;timer=CLOCK_UPTIME_RAW;timer_res_ns=41;cpu_hz=4510000000;hz_source=advertised-pcore-max:Apple-M4-Pro/Max;qos=user_interactive

block-01-mlkem-ref-1024.csv
# est_cycles;timer=CLOCK_UPTIME_RAW;timer_res_ns=41;cpu_hz=4510000000;hz_source=advertised-pcore-max:Apple-M4-Pro/Max;qos=user_interactive

block-01-kyber-sve-1024.csv
# est_cycles;timer=CLOCK_UPTIME_RAW;timer_res_ns=41;cpu_hz=4510000000;hz_source=advertised-pcore-max:Apple-M4-Pro/Max;qos=user_interactive

block-01-kyber-sme-1024.csv
# est_cycles;timer=CLOCK_UPTIME_RAW;timer_res_ns=41;cpu_hz=4510000000;hz_source=advertised-pcore-max:Apple-M4-Pro/Max;qos=user_interactive

block-01-kyber-ref-512.csv
# est_cycles;timer=CLOCK_UPTIME_RAW;timer_res_ns=41;cpu_hz=4510000000;hz_source=advertised-pcore-max:Apple-M4-Pro/Max;qos=user_interactive

block-01-mlkem-neon-1024.csv
# est_cycles;timer=CLOCK_UPTIME_RAW;timer_res_ns=41;cpu_hz=4510000000;hz_source=advertised-pcore-max:Apple-M4-Pro/Max;qos=user_interactive

block-01-kyber-ref-1024.csv
# est_cycles;timer=CLOCK_UPTIME_RAW;timer_res_ns=41;cpu_hz=4510000000;hz_source=advertised-pcore-max:Apple-M4-Pro/Max;qos=user_interactive

block-01-kyber-sme-512.csv
# est_cycles;timer=CLOCK_UPTIME_RAW;timer_res_ns=41;cpu_hz=4510000000;hz_source=advertised-pcore-max:Apple-M4-Pro/Max;qos=user_interactive

block-01-mlkem-ref-512.csv
# est_cycles;timer=CLOCK_UPTIME_RAW;timer_res_ns=41;cpu_hz=4510000000;hz_source=advertised-pcore-max:Apple-M4-Pro/Max;qos=user_interactive

block-01-mlkem-neon-512.csv
# est_cycles;timer=CLOCK_UPTIME_RAW;timer_res_ns=41;cpu_hz=4510000000;hz_source=advertised-pcore-max:Apple-M4-Pro/Max;qos=user_interactive

block-02-mlkem-sve-1024.csv
# est_cycles;timer=CLOCK_UPTIME_RAW;timer_res_ns=41;cpu_hz=4510000000;hz_source=advertised-pcore-max:Apple-M4-Pro/Max;qos=user_interactive

block-02-kyber-neon-512.csv
# est_cycles;timer=CLOCK_UPTIME_RAW;timer_res_ns=41;cpu_hz=4510000000;hz_source=advertised-pcore-max:Apple-M4-Pro/Max;qos=user_interactive

block-02-mlkem-sme-512.csv
# est_cycles;timer=CLOCK_UPTIME_RAW;timer_res_ns=41;cpu_hz=4510000000;hz_source=advertised-pcore-max:Apple-M4-Pro/Max;qos=user_interactive

block-02-kyber-sve-512.csv
# est_cycles;timer=CLOCK_UPTIME_RAW;timer_res_ns=41;cpu_hz=4510000000;hz_source=advertised-pcore-max:Apple-M4-Pro/Max;qos=user_interactive

block-02-kyber-sve-1024.csv
# est_cycles;timer=CLOCK_UPTIME_RAW;timer_res_ns=41;cpu_hz=4510000000;hz_source=advertised-pcore-max:Apple-M4-Pro/Max;qos=user_interactive

block-02-mlkem-ref-512.csv
# est_cycles;timer=CLOCK_UPTIME_RAW;timer_res_ns=41;cpu_hz=4510000000;hz_source=advertised-pcore-max:Apple-M4-Pro/Max;qos=user_interactive

block-02-kyber-sme-1024.csv
# est_cycles;timer=CLOCK_UPTIME_RAW;timer_res_ns=41;cpu_hz=4510000000;hz_source=advertised-pcore-max:Apple-M4-Pro/Max;qos=user_interactive

block-02-mlkem-neon-512.csv
# est_cycles;timer=CLOCK_UPTIME_RAW;timer_res_ns=41;cpu_hz=4510000000;hz_source=advertised-pcore-max:Apple-M4-Pro/Max;qos=user_interactive

block-02-mlkem-sme-1024.csv
# est_cycles;timer=CLOCK_UPTIME_RAW;timer_res_ns=41;cpu_hz=4510000000;hz_source=advertised-pcore-max:Apple-M4-Pro/Max;qos=user_interactive

block-02-mlkem-neon-1024.csv
# est_cycles;timer=CLOCK_UPTIME_RAW;timer_res_ns=41;cpu_hz=4510000000;hz_source=advertised-pcore-max:Apple-M4-Pro/Max;qos=user_interactive

block-02-kyber-ref-1024.csv
# est_cycles;timer=CLOCK_UPTIME_RAW;timer_res_ns=41;cpu_hz=4510000000;hz_source=advertised-pcore-max:Apple-M4-Pro/Max;qos=user_interactive

block-02-kyber-ref-512.csv
# est_cycles;timer=CLOCK_UPTIME_RAW;timer_res_ns=41;cpu_hz=4510000000;hz_source=advertised-pcore-max:Apple-M4-Pro/Max;qos=user_interactive

block-02-kyber-sme-512.csv
# est_cycles;timer=CLOCK_UPTIME_RAW;timer_res_ns=41;cpu_hz=4510000000;hz_source=advertised-pcore-max:Apple-M4-Pro/Max;qos=user_interactive

block-02-mlkem-sve-512.csv
# est_cycles;timer=CLOCK_UPTIME_RAW;timer_res_ns=41;cpu_hz=4510000000;hz_source=advertised-pcore-max:Apple-M4-Pro/Max;qos=user_interactive

block-02-kyber-neon-1024.csv
# est_cycles;timer=CLOCK_UPTIME_RAW;timer_res_ns=41;cpu_hz=4510000000;hz_source=advertised-pcore-max:Apple-M4-Pro/Max;qos=user_interactive

block-02-mlkem-ref-1024.csv
# est_cycles;timer=CLOCK_UPTIME_RAW;timer_res_ns=41;cpu_hz=4510000000;hz_source=advertised-pcore-max:Apple-M4-Pro/Max;qos=user_interactive

block-03-kyber-sve-512.csv
# est_cycles;timer=CLOCK_UPTIME_RAW;timer_res_ns=41;cpu_hz=4510000000;hz_source=advertised-pcore-max:Apple-M4-Pro/Max;qos=user_interactive

block-03-kyber-neon-512.csv
# est_cycles;timer=CLOCK_UPTIME_RAW;timer_res_ns=41;cpu_hz=4510000000;hz_source=advertised-pcore-max:Apple-M4-Pro/Max;qos=user_interactive

block-03-mlkem-neon-512.csv
# est_cycles;timer=CLOCK_UPTIME_RAW;timer_res_ns=41;cpu_hz=4510000000;hz_source=advertised-pcore-max:Apple-M4-Pro/Max;qos=user_interactive

block-03-kyber-neon-1024.csv
# est_cycles;timer=CLOCK_UPTIME_RAW;timer_res_ns=41;cpu_hz=4510000000;hz_source=advertised-pcore-max:Apple-M4-Pro/Max;qos=user_interactive

block-03-mlkem-neon-1024.csv
# est_cycles;timer=CLOCK_UPTIME_RAW;timer_res_ns=41;cpu_hz=4510000000;hz_source=advertised-pcore-max:Apple-M4-Pro/Max;qos=user_interactive

block-03-kyber-ref-1024.csv
# est_cycles;timer=CLOCK_UPTIME_RAW;timer_res_ns=41;cpu_hz=4510000000;hz_source=advertised-pcore-max:Apple-M4-Pro/Max;qos=user_interactive

block-03-kyber-sme-1024.csv
# est_cycles;timer=CLOCK_UPTIME_RAW;timer_res_ns=41;cpu_hz=4510000000;hz_source=advertised-pcore-max:Apple-M4-Pro/Max;qos=user_interactive

block-03-mlkem-ref-1024.csv
# est_cycles;timer=CLOCK_UPTIME_RAW;timer_res_ns=41;cpu_hz=4510000000;hz_source=advertised-pcore-max:Apple-M4-Pro/Max;qos=user_interactive

block-03-kyber-sve-1024.csv
# est_cycles;timer=CLOCK_UPTIME_RAW;timer_res_ns=41;cpu_hz=4510000000;hz_source=advertised-pcore-max:Apple-M4-Pro/Max;qos=user_interactive

block-03-mlkem-sve-512.csv
# est_cycles;timer=CLOCK_UPTIME_RAW;timer_res_ns=41;cpu_hz=4510000000;hz_source=advertised-pcore-max:Apple-M4-Pro/Max;qos=user_interactive

block-03-kyber-ref-512.csv
# est_cycles;timer=CLOCK_UPTIME_RAW;timer_res_ns=41;cpu_hz=4510000000;hz_source=advertised-pcore-max:Apple-M4-Pro/Max;qos=user_interactive

block-03-kyber-sme-512.csv
# est_cycles;timer=CLOCK_UPTIME_RAW;timer_res_ns=41;cpu_hz=4510000000;hz_source=advertised-pcore-max:Apple-M4-Pro/Max;qos=user_interactive

block-03-mlkem-sme-512.csv
# est_cycles;timer=CLOCK_UPTIME_RAW;timer_res_ns=41;cpu_hz=4510000000;hz_source=advertised-pcore-max:Apple-M4-Pro/Max;qos=user_interactive

block-03-mlkem-ref-512.csv
# est_cycles;timer=CLOCK_UPTIME_RAW;timer_res_ns=41;cpu_hz=4510000000;hz_source=advertised-pcore-max:Apple-M4-Pro/Max;qos=user_interactive

block-03-mlkem-sve-1024.csv
# est_cycles;timer=CLOCK_UPTIME_RAW;timer_res_ns=41;cpu_hz=4510000000;hz_source=advertised-pcore-max:Apple-M4-Pro/Max;qos=user_interactive

block-03-mlkem-sme-1024.csv
# est_cycles;timer=CLOCK_UPTIME_RAW;timer_res_ns=41;cpu_hz=4510000000;hz_source=advertised-pcore-max:Apple-M4-Pro/Max;qos=user_interactive

block-04-kyber-sme-512.csv
# est_cycles;timer=CLOCK_UPTIME_RAW;timer_res_ns=41;cpu_hz=4510000000;hz_source=advertised-pcore-max:Apple-M4-Pro/Max;qos=user_interactive

block-04-mlkem-neon-1024.csv
# est_cycles;timer=CLOCK_UPTIME_RAW;timer_res_ns=41;cpu_hz=4510000000;hz_source=advertised-pcore-max:Apple-M4-Pro/Max;qos=user_interactive

block-04-mlkem-sve-512.csv
# est_cycles;timer=CLOCK_UPTIME_RAW;timer_res_ns=41;cpu_hz=4510000000;hz_source=advertised-pcore-max:Apple-M4-Pro/Max;qos=user_interactive

block-04-mlkem-sme-1024.csv
# est_cycles;timer=CLOCK_UPTIME_RAW;timer_res_ns=41;cpu_hz=4510000000;hz_source=advertised-pcore-max:Apple-M4-Pro/Max;qos=user_interactive

block-04-mlkem-ref-512.csv
# est_cycles;timer=CLOCK_UPTIME_RAW;timer_res_ns=41;cpu_hz=4510000000;hz_source=advertised-pcore-max:Apple-M4-Pro/Max;qos=user_interactive

block-04-kyber-sme-1024.csv
# est_cycles;timer=CLOCK_UPTIME_RAW;timer_res_ns=41;cpu_hz=4510000000;hz_source=advertised-pcore-max:Apple-M4-Pro/Max;qos=user_interactive

block-04-mlkem-sve-1024.csv
# est_cycles;timer=CLOCK_UPTIME_RAW;timer_res_ns=41;cpu_hz=4510000000;hz_source=advertised-pcore-max:Apple-M4-Pro/Max;qos=user_interactive

block-04-kyber-sve-512.csv
# est_cycles;timer=CLOCK_UPTIME_RAW;timer_res_ns=41;cpu_hz=4510000000;hz_source=advertised-pcore-max:Apple-M4-Pro/Max;qos=user_interactive

block-04-kyber-ref-1024.csv
# est_cycles;timer=CLOCK_UPTIME_RAW;timer_res_ns=41;cpu_hz=4510000000;hz_source=advertised-pcore-max:Apple-M4-Pro/Max;qos=user_interactive

block-04-kyber-neon-1024.csv
# est_cycles;timer=CLOCK_UPTIME_RAW;timer_res_ns=41;cpu_hz=4510000000;hz_source=advertised-pcore-max:Apple-M4-Pro/Max;qos=user_interactive

block-04-mlkem-sme-512.csv
# est_cycles;timer=CLOCK_UPTIME_RAW;timer_res_ns=41;cpu_hz=4510000000;hz_source=advertised-pcore-max:Apple-M4-Pro/Max;qos=user_interactive

block-04-mlkem-neon-512.csv
# est_cycles;timer=CLOCK_UPTIME_RAW;timer_res_ns=41;cpu_hz=4510000000;hz_source=advertised-pcore-max:Apple-M4-Pro/Max;qos=user_interactive

block-04-kyber-ref-512.csv
# est_cycles;timer=CLOCK_UPTIME_RAW;timer_res_ns=41;cpu_hz=4510000000;hz_source=advertised-pcore-max:Apple-M4-Pro/Max;qos=user_interactive

block-04-mlkem-ref-1024.csv
# est_cycles;timer=CLOCK_UPTIME_RAW;timer_res_ns=41;cpu_hz=4510000000;hz_source=advertised-pcore-max:Apple-M4-Pro/Max;qos=user_interactive

block-04-kyber-neon-512.csv
# est_cycles;timer=CLOCK_UPTIME_RAW;timer_res_ns=41;cpu_hz=4510000000;hz_source=advertised-pcore-max:Apple-M4-Pro/Max;qos=user_interactive

block-04-kyber-sve-1024.csv
# est_cycles;timer=CLOCK_UPTIME_RAW;timer_res_ns=41;cpu_hz=4510000000;hz_source=advertised-pcore-max:Apple-M4-Pro/Max;qos=user_interactive

block-05-kyber-ref-512.csv
# est_cycles;timer=CLOCK_UPTIME_RAW;timer_res_ns=41;cpu_hz=4510000000;hz_source=advertised-pcore-max:Apple-M4-Pro/Max;qos=user_interactive

block-05-kyber-sme-1024.csv
# est_cycles;timer=CLOCK_UPTIME_RAW;timer_res_ns=41;cpu_hz=4510000000;hz_source=advertised-pcore-max:Apple-M4-Pro/Max;qos=user_interactive

block-05-kyber-neon-512.csv
# est_cycles;timer=CLOCK_UPTIME_RAW;timer_res_ns=41;cpu_hz=4510000000;hz_source=advertised-pcore-max:Apple-M4-Pro/Max;qos=user_interactive

block-05-kyber-neon-1024.csv
# est_cycles;timer=CLOCK_UPTIME_RAW;timer_res_ns=41;cpu_hz=4510000000;hz_source=advertised-pcore-max:Apple-M4-Pro/Max;qos=user_interactive

block-05-kyber-ref-1024.csv
# est_cycles;timer=CLOCK_UPTIME_RAW;timer_res_ns=41;cpu_hz=4510000000;hz_source=advertised-pcore-max:Apple-M4-Pro/Max;qos=user_interactive

block-05-mlkem-sve-1024.csv
# est_cycles;timer=CLOCK_UPTIME_RAW;timer_res_ns=41;cpu_hz=4510000000;hz_source=advertised-pcore-max:Apple-M4-Pro/Max;qos=user_interactive

block-05-mlkem-sme-1024.csv
# est_cycles;timer=CLOCK_UPTIME_RAW;timer_res_ns=41;cpu_hz=4510000000;hz_source=advertised-pcore-max:Apple-M4-Pro/Max;qos=user_interactive

block-05-mlkem-neon-512.csv
# est_cycles;timer=CLOCK_UPTIME_RAW;timer_res_ns=41;cpu_hz=4510000000;hz_source=advertised-pcore-max:Apple-M4-Pro/Max;qos=user_interactive

block-05-mlkem-ref-1024.csv
# est_cycles;timer=CLOCK_UPTIME_RAW;timer_res_ns=41;cpu_hz=4510000000;hz_source=advertised-pcore-max:Apple-M4-Pro/Max;qos=user_interactive

block-05-mlkem-ref-512.csv
# est_cycles;timer=CLOCK_UPTIME_RAW;timer_res_ns=41;cpu_hz=4510000000;hz_source=advertised-pcore-max:Apple-M4-Pro/Max;qos=user_interactive

block-05-mlkem-sme-512.csv
# est_cycles;timer=CLOCK_UPTIME_RAW;timer_res_ns=41;cpu_hz=4510000000;hz_source=advertised-pcore-max:Apple-M4-Pro/Max;qos=user_interactive

block-05-kyber-sve-512.csv
# est_cycles;timer=CLOCK_UPTIME_RAW;timer_res_ns=41;cpu_hz=4510000000;hz_source=advertised-pcore-max:Apple-M4-Pro/Max;qos=user_interactive

block-05-mlkem-sve-512.csv
# est_cycles;timer=CLOCK_UPTIME_RAW;timer_res_ns=41;cpu_hz=4510000000;hz_source=advertised-pcore-max:Apple-M4-Pro/Max;qos=user_interactive

block-05-mlkem-neon-1024.csv
# est_cycles;timer=CLOCK_UPTIME_RAW;timer_res_ns=41;cpu_hz=4510000000;hz_source=advertised-pcore-max:Apple-M4-Pro/Max;qos=user_interactive

block-05-kyber-sve-1024.csv
# est_cycles;timer=CLOCK_UPTIME_RAW;timer_res_ns=41;cpu_hz=4510000000;hz_source=advertised-pcore-max:Apple-M4-Pro/Max;qos=user_interactive

block-05-kyber-sme-512.csv
# est_cycles;timer=CLOCK_UPTIME_RAW;timer_res_ns=41;cpu_hz=4510000000;hz_source=advertised-pcore-max:Apple-M4-Pro/Max;qos=user_interactive

block-06-mlkem-sve-1024.csv
# est_cycles;timer=CLOCK_UPTIME_RAW;timer_res_ns=41;cpu_hz=4510000000;hz_source=advertised-pcore-max:Apple-M4-Pro/Max;qos=user_interactive

block-06-mlkem-sve-512.csv
# est_cycles;timer=CLOCK_UPTIME_RAW;timer_res_ns=41;cpu_hz=4510000000;hz_source=advertised-pcore-max:Apple-M4-Pro/Max;qos=user_interactive

block-06-kyber-sve-1024.csv
# est_cycles;timer=CLOCK_UPTIME_RAW;timer_res_ns=41;cpu_hz=4510000000;hz_source=advertised-pcore-max:Apple-M4-Pro/Max;qos=user_interactive

block-06-kyber-neon-1024.csv
# est_cycles;timer=CLOCK_UPTIME_RAW;timer_res_ns=41;cpu_hz=4510000000;hz_source=advertised-pcore-max:Apple-M4-Pro/Max;qos=user_interactive

block-06-kyber-sme-512.csv
# est_cycles;timer=CLOCK_UPTIME_RAW;timer_res_ns=41;cpu_hz=4510000000;hz_source=advertised-pcore-max:Apple-M4-Pro/Max;qos=user_interactive

block-06-mlkem-ref-512.csv
# est_cycles;timer=CLOCK_UPTIME_RAW;timer_res_ns=41;cpu_hz=4510000000;hz_source=advertised-pcore-max:Apple-M4-Pro/Max;qos=user_interactive

block-06-kyber-ref-1024.csv
# est_cycles;timer=CLOCK_UPTIME_RAW;timer_res_ns=41;cpu_hz=4510000000;hz_source=advertised-pcore-max:Apple-M4-Pro/Max;qos=user_interactive

block-06-mlkem-neon-512.csv
# est_cycles;timer=CLOCK_UPTIME_RAW;timer_res_ns=41;cpu_hz=4510000000;hz_source=advertised-pcore-max:Apple-M4-Pro/Max;qos=user_interactive

block-06-mlkem-ref-1024.csv
# est_cycles;timer=CLOCK_UPTIME_RAW;timer_res_ns=41;cpu_hz=4510000000;hz_source=advertised-pcore-max:Apple-M4-Pro/Max;qos=user_interactive

block-06-mlkem-sme-512.csv
# est_cycles;timer=CLOCK_UPTIME_RAW;timer_res_ns=41;cpu_hz=4510000000;hz_source=advertised-pcore-max:Apple-M4-Pro/Max;qos=user_interactive

block-06-kyber-sme-1024.csv
# est_cycles;timer=CLOCK_UPTIME_RAW;timer_res_ns=41;cpu_hz=4510000000;hz_source=advertised-pcore-max:Apple-M4-Pro/Max;qos=user_interactive

block-06-kyber-ref-512.csv
# est_cycles;timer=CLOCK_UPTIME_RAW;timer_res_ns=41;cpu_hz=4510000000;hz_source=advertised-pcore-max:Apple-M4-Pro/Max;qos=user_interactive

block-06-kyber-neon-512.csv
# est_cycles;timer=CLOCK_UPTIME_RAW;timer_res_ns=41;cpu_hz=4510000000;hz_source=advertised-pcore-max:Apple-M4-Pro/Max;qos=user_interactive

block-06-mlkem-neon-1024.csv
# est_cycles;timer=CLOCK_UPTIME_RAW;timer_res_ns=41;cpu_hz=4510000000;hz_source=advertised-pcore-max:Apple-M4-Pro/Max;qos=user_interactive

block-06-kyber-sve-512.csv
# est_cycles;timer=CLOCK_UPTIME_RAW;timer_res_ns=41;cpu_hz=4510000000;hz_source=advertised-pcore-max:Apple-M4-Pro/Max;qos=user_interactive

block-06-mlkem-sme-1024.csv
# est_cycles;timer=CLOCK_UPTIME_RAW;timer_res_ns=41;cpu_hz=4510000000;hz_source=advertised-pcore-max:Apple-M4-Pro/Max;qos=user_interactive

block-07-mlkem-sve-1024.csv
# est_cycles;timer=CLOCK_UPTIME_RAW;timer_res_ns=41;cpu_hz=4510000000;hz_source=advertised-pcore-max:Apple-M4-Pro/Max;qos=user_interactive

block-07-kyber-sme-1024.csv
# est_cycles;timer=CLOCK_UPTIME_RAW;timer_res_ns=41;cpu_hz=4510000000;hz_source=advertised-pcore-max:Apple-M4-Pro/Max;qos=user_interactive

block-07-kyber-sme-512.csv
# est_cycles;timer=CLOCK_UPTIME_RAW;timer_res_ns=41;cpu_hz=4510000000;hz_source=advertised-pcore-max:Apple-M4-Pro/Max;qos=user_interactive

block-07-mlkem-ref-1024.csv
# est_cycles;timer=CLOCK_UPTIME_RAW;timer_res_ns=41;cpu_hz=4510000000;hz_source=advertised-pcore-max:Apple-M4-Pro/Max;qos=user_interactive

block-07-kyber-neon-512.csv
# est_cycles;timer=CLOCK_UPTIME_RAW;timer_res_ns=41;cpu_hz=4510000000;hz_source=advertised-pcore-max:Apple-M4-Pro/Max;qos=user_interactive

block-07-mlkem-neon-512.csv
# est_cycles;timer=CLOCK_UPTIME_RAW;timer_res_ns=41;cpu_hz=4510000000;hz_source=advertised-pcore-max:Apple-M4-Pro/Max;qos=user_interactive

block-07-mlkem-neon-1024.csv
# est_cycles;timer=CLOCK_UPTIME_RAW;timer_res_ns=41;cpu_hz=4510000000;hz_source=advertised-pcore-max:Apple-M4-Pro/Max;qos=user_interactive

block-07-mlkem-ref-512.csv
# est_cycles;timer=CLOCK_UPTIME_RAW;timer_res_ns=41;cpu_hz=4510000000;hz_source=advertised-pcore-max:Apple-M4-Pro/Max;qos=user_interactive

block-07-kyber-ref-512.csv
# est_cycles;timer=CLOCK_UPTIME_RAW;timer_res_ns=41;cpu_hz=4510000000;hz_source=advertised-pcore-max:Apple-M4-Pro/Max;qos=user_interactive

block-07-kyber-ref-1024.csv
# est_cycles;timer=CLOCK_UPTIME_RAW;timer_res_ns=41;cpu_hz=4510000000;hz_source=advertised-pcore-max:Apple-M4-Pro/Max;qos=user_interactive

block-07-kyber-neon-1024.csv
# est_cycles;timer=CLOCK_UPTIME_RAW;timer_res_ns=41;cpu_hz=4510000000;hz_source=advertised-pcore-max:Apple-M4-Pro/Max;qos=user_interactive

block-07-mlkem-sve-512.csv
# est_cycles;timer=CLOCK_UPTIME_RAW;timer_res_ns=41;cpu_hz=4510000000;hz_source=advertised-pcore-max:Apple-M4-Pro/Max;qos=user_interactive

block-07-kyber-sve-512.csv
# est_cycles;timer=CLOCK_UPTIME_RAW;timer_res_ns=41;cpu_hz=4510000000;hz_source=advertised-pcore-max:Apple-M4-Pro/Max;qos=user_interactive

block-07-mlkem-sme-512.csv
# est_cycles;timer=CLOCK_UPTIME_RAW;timer_res_ns=41;cpu_hz=4510000000;hz_source=advertised-pcore-max:Apple-M4-Pro/Max;qos=user_interactive

block-07-mlkem-sme-1024.csv
# est_cycles;timer=CLOCK_UPTIME_RAW;timer_res_ns=41;cpu_hz=4510000000;hz_source=advertised-pcore-max:Apple-M4-Pro/Max;qos=user_interactive

block-07-kyber-sve-1024.csv
# est_cycles;timer=CLOCK_UPTIME_RAW;timer_res_ns=41;cpu_hz=4510000000;hz_source=advertised-pcore-max:Apple-M4-Pro/Max;qos=user_interactive

block-08-kyber-ref-512.csv
# est_cycles;timer=CLOCK_UPTIME_RAW;timer_res_ns=41;cpu_hz=4510000000;hz_source=advertised-pcore-max:Apple-M4-Pro/Max;qos=user_interactive

block-08-mlkem-sve-1024.csv
# est_cycles;timer=CLOCK_UPTIME_RAW;timer_res_ns=41;cpu_hz=4510000000;hz_source=advertised-pcore-max:Apple-M4-Pro/Max;qos=user_interactive

block-08-kyber-neon-512.csv
# est_cycles;timer=CLOCK_UPTIME_RAW;timer_res_ns=41;cpu_hz=4510000000;hz_source=advertised-pcore-max:Apple-M4-Pro/Max;qos=user_interactive

block-08-kyber-neon-1024.csv
# est_cycles;timer=CLOCK_UPTIME_RAW;timer_res_ns=41;cpu_hz=4510000000;hz_source=advertised-pcore-max:Apple-M4-Pro/Max;qos=user_interactive

block-08-kyber-sve-512.csv
# est_cycles;timer=CLOCK_UPTIME_RAW;timer_res_ns=41;cpu_hz=4510000000;hz_source=advertised-pcore-max:Apple-M4-Pro/Max;qos=user_interactive

block-08-mlkem-sme-512.csv
# est_cycles;timer=CLOCK_UPTIME_RAW;timer_res_ns=41;cpu_hz=4510000000;hz_source=advertised-pcore-max:Apple-M4-Pro/Max;qos=user_interactive

block-08-mlkem-ref-1024.csv
# est_cycles;timer=CLOCK_UPTIME_RAW;timer_res_ns=41;cpu_hz=4510000000;hz_source=advertised-pcore-max:Apple-M4-Pro/Max;qos=user_interactive

block-08-mlkem-neon-512.csv
# est_cycles;timer=CLOCK_UPTIME_RAW;timer_res_ns=41;cpu_hz=4510000000;hz_source=advertised-pcore-max:Apple-M4-Pro/Max;qos=user_interactive

block-08-mlkem-sme-1024.csv
# est_cycles;timer=CLOCK_UPTIME_RAW;timer_res_ns=41;cpu_hz=4510000000;hz_source=advertised-pcore-max:Apple-M4-Pro/Max;qos=user_interactive

block-08-mlkem-neon-1024.csv
# est_cycles;timer=CLOCK_UPTIME_RAW;timer_res_ns=41;cpu_hz=4510000000;hz_source=advertised-pcore-max:Apple-M4-Pro/Max;qos=user_interactive

block-08-mlkem-sve-512.csv
# est_cycles;timer=CLOCK_UPTIME_RAW;timer_res_ns=41;cpu_hz=4510000000;hz_source=advertised-pcore-max:Apple-M4-Pro/Max;qos=user_interactive

block-08-kyber-sve-1024.csv
# est_cycles;timer=CLOCK_UPTIME_RAW;timer_res_ns=41;cpu_hz=4510000000;hz_source=advertised-pcore-max:Apple-M4-Pro/Max;qos=user_interactive

block-08-kyber-sme-512.csv
# est_cycles;timer=CLOCK_UPTIME_RAW;timer_res_ns=41;cpu_hz=4510000000;hz_source=advertised-pcore-max:Apple-M4-Pro/Max;qos=user_interactive

block-08-kyber-sme-1024.csv
# est_cycles;timer=CLOCK_UPTIME_RAW;timer_res_ns=41;cpu_hz=4510000000;hz_source=advertised-pcore-max:Apple-M4-Pro/Max;qos=user_interactive

block-08-kyber-ref-1024.csv
# est_cycles;timer=CLOCK_UPTIME_RAW;timer_res_ns=41;cpu_hz=4510000000;hz_source=advertised-pcore-max:Apple-M4-Pro/Max;qos=user_interactive

block-08-mlkem-ref-512.csv
# est_cycles;timer=CLOCK_UPTIME_RAW;timer_res_ns=41;cpu_hz=4510000000;hz_source=advertised-pcore-max:Apple-M4-Pro/Max;qos=user_interactive

block-09-mlkem-ref-1024.csv
# est_cycles;timer=CLOCK_UPTIME_RAW;timer_res_ns=41;cpu_hz=4510000000;hz_source=advertised-pcore-max:Apple-M4-Pro/Max;qos=user_interactive

block-09-mlkem-sme-512.csv
# est_cycles;timer=CLOCK_UPTIME_RAW;timer_res_ns=41;cpu_hz=4510000000;hz_source=advertised-pcore-max:Apple-M4-Pro/Max;qos=user_interactive

block-09-kyber-sve-512.csv
# est_cycles;timer=CLOCK_UPTIME_RAW;timer_res_ns=41;cpu_hz=4510000000;hz_source=advertised-pcore-max:Apple-M4-Pro/Max;qos=user_interactive

block-09-mlkem-sve-1024.csv
# est_cycles;timer=CLOCK_UPTIME_RAW;timer_res_ns=41;cpu_hz=4510000000;hz_source=advertised-pcore-max:Apple-M4-Pro/Max;qos=user_interactive

block-09-kyber-sme-1024.csv
# est_cycles;timer=CLOCK_UPTIME_RAW;timer_res_ns=41;cpu_hz=4510000000;hz_source=advertised-pcore-max:Apple-M4-Pro/Max;qos=user_interactive

block-09-mlkem-ref-512.csv
# est_cycles;timer=CLOCK_UPTIME_RAW;timer_res_ns=41;cpu_hz=4510000000;hz_source=advertised-pcore-max:Apple-M4-Pro/Max;qos=user_interactive

block-09-mlkem-neon-1024.csv
# est_cycles;timer=CLOCK_UPTIME_RAW;timer_res_ns=41;cpu_hz=4510000000;hz_source=advertised-pcore-max:Apple-M4-Pro/Max;qos=user_interactive

block-09-mlkem-neon-512.csv
# est_cycles;timer=CLOCK_UPTIME_RAW;timer_res_ns=41;cpu_hz=4510000000;hz_source=advertised-pcore-max:Apple-M4-Pro/Max;qos=user_interactive

block-09-kyber-neon-1024.csv
# est_cycles;timer=CLOCK_UPTIME_RAW;timer_res_ns=41;cpu_hz=4510000000;hz_source=advertised-pcore-max:Apple-M4-Pro/Max;qos=user_interactive

block-09-mlkem-sme-1024.csv
# est_cycles;timer=CLOCK_UPTIME_RAW;timer_res_ns=41;cpu_hz=4510000000;hz_source=advertised-pcore-max:Apple-M4-Pro/Max;qos=user_interactive

block-09-kyber-ref-1024.csv
# est_cycles;timer=CLOCK_UPTIME_RAW;timer_res_ns=41;cpu_hz=4510000000;hz_source=advertised-pcore-max:Apple-M4-Pro/Max;qos=user_interactive

block-09-kyber-sve-1024.csv
# est_cycles;timer=CLOCK_UPTIME_RAW;timer_res_ns=41;cpu_hz=4510000000;hz_source=advertised-pcore-max:Apple-M4-Pro/Max;qos=user_interactive

block-09-kyber-sme-512.csv
# est_cycles;timer=CLOCK_UPTIME_RAW;timer_res_ns=41;cpu_hz=4510000000;hz_source=advertised-pcore-max:Apple-M4-Pro/Max;qos=user_interactive

block-09-kyber-ref-512.csv
# est_cycles;timer=CLOCK_UPTIME_RAW;timer_res_ns=41;cpu_hz=4510000000;hz_source=advertised-pcore-max:Apple-M4-Pro/Max;qos=user_interactive

block-09-mlkem-sve-512.csv
# est_cycles;timer=CLOCK_UPTIME_RAW;timer_res_ns=41;cpu_hz=4510000000;hz_source=advertised-pcore-max:Apple-M4-Pro/Max;qos=user_interactive

block-09-kyber-neon-512.csv
# est_cycles;timer=CLOCK_UPTIME_RAW;timer_res_ns=41;cpu_hz=4510000000;hz_source=advertised-pcore-max:Apple-M4-Pro/Max;qos=user_interactive

block-10-kyber-sme-512.csv
# est_cycles;timer=CLOCK_UPTIME_RAW;timer_res_ns=41;cpu_hz=4510000000;hz_source=advertised-pcore-max:Apple-M4-Pro/Max;qos=user_interactive

block-10-mlkem-sme-1024.csv
# est_cycles;timer=CLOCK_UPTIME_RAW;timer_res_ns=41;cpu_hz=4510000000;hz_source=advertised-pcore-max:Apple-M4-Pro/Max;qos=user_interactive

block-10-mlkem-ref-1024.csv
# est_cycles;timer=CLOCK_UPTIME_RAW;timer_res_ns=41;cpu_hz=4510000000;hz_source=advertised-pcore-max:Apple-M4-Pro/Max;qos=user_interactive

block-10-mlkem-sme-512.csv
# est_cycles;timer=CLOCK_UPTIME_RAW;timer_res_ns=41;cpu_hz=4510000000;hz_source=advertised-pcore-max:Apple-M4-Pro/Max;qos=user_interactive

block-10-kyber-sve-1024.csv
# est_cycles;timer=CLOCK_UPTIME_RAW;timer_res_ns=41;cpu_hz=4510000000;hz_source=advertised-pcore-max:Apple-M4-Pro/Max;qos=user_interactive

block-10-kyber-neon-1024.csv
# est_cycles;timer=CLOCK_UPTIME_RAW;timer_res_ns=41;cpu_hz=4510000000;hz_source=advertised-pcore-max:Apple-M4-Pro/Max;qos=user_interactive

block-10-kyber-ref-512.csv
# est_cycles;timer=CLOCK_UPTIME_RAW;timer_res_ns=41;cpu_hz=4510000000;hz_source=advertised-pcore-max:Apple-M4-Pro/Max;qos=user_interactive

block-10-mlkem-neon-1024.csv
# est_cycles;timer=CLOCK_UPTIME_RAW;timer_res_ns=41;cpu_hz=4510000000;hz_source=advertised-pcore-max:Apple-M4-Pro/Max;qos=user_interactive

block-10-mlkem-ref-512.csv
# est_cycles;timer=CLOCK_UPTIME_RAW;timer_res_ns=41;cpu_hz=4510000000;hz_source=advertised-pcore-max:Apple-M4-Pro/Max;qos=user_interactive

block-10-mlkem-sve-1024.csv
# est_cycles;timer=CLOCK_UPTIME_RAW;timer_res_ns=41;cpu_hz=4510000000;hz_source=advertised-pcore-max:Apple-M4-Pro/Max;qos=user_interactive

block-10-mlkem-neon-512.csv
# est_cycles;timer=CLOCK_UPTIME_RAW;timer_res_ns=41;cpu_hz=4510000000;hz_source=advertised-pcore-max:Apple-M4-Pro/Max;qos=user_interactive

block-10-kyber-neon-512.csv
# est_cycles;timer=CLOCK_UPTIME_RAW;timer_res_ns=41;cpu_hz=4510000000;hz_source=advertised-pcore-max:Apple-M4-Pro/Max;qos=user_interactive

block-10-kyber-ref-1024.csv
# est_cycles;timer=CLOCK_UPTIME_RAW;timer_res_ns=41;cpu_hz=4510000000;hz_source=advertised-pcore-max:Apple-M4-Pro/Max;qos=user_interactive

block-10-mlkem-sve-512.csv
# est_cycles;timer=CLOCK_UPTIME_RAW;timer_res_ns=41;cpu_hz=4510000000;hz_source=advertised-pcore-max:Apple-M4-Pro/Max;qos=user_interactive

block-10-kyber-sve-512.csv
# est_cycles;timer=CLOCK_UPTIME_RAW;timer_res_ns=41;cpu_hz=4510000000;hz_source=advertised-pcore-max:Apple-M4-Pro/Max;qos=user_interactive

block-10-kyber-sme-1024.csv
# est_cycles;timer=CLOCK_UPTIME_RAW;timer_res_ns=41;cpu_hz=4510000000;hz_source=advertised-pcore-max:Apple-M4-Pro/Max;qos=user_interactive

block-11-kyber-neon-512.csv
# est_cycles;timer=CLOCK_UPTIME_RAW;timer_res_ns=41;cpu_hz=4510000000;hz_source=advertised-pcore-max:Apple-M4-Pro/Max;qos=user_interactive

block-11-mlkem-ref-1024.csv
# est_cycles;timer=CLOCK_UPTIME_RAW;timer_res_ns=41;cpu_hz=4510000000;hz_source=advertised-pcore-max:Apple-M4-Pro/Max;qos=user_interactive

block-11-kyber-ref-1024.csv
# est_cycles;timer=CLOCK_UPTIME_RAW;timer_res_ns=41;cpu_hz=4510000000;hz_source=advertised-pcore-max:Apple-M4-Pro/Max;qos=user_interactive

block-11-mlkem-neon-1024.csv
# est_cycles;timer=CLOCK_UPTIME_RAW;timer_res_ns=41;cpu_hz=4510000000;hz_source=advertised-pcore-max:Apple-M4-Pro/Max;qos=user_interactive

block-11-mlkem-ref-512.csv
# est_cycles;timer=CLOCK_UPTIME_RAW;timer_res_ns=41;cpu_hz=4510000000;hz_source=advertised-pcore-max:Apple-M4-Pro/Max;qos=user_interactive

block-11-mlkem-neon-512.csv
# est_cycles;timer=CLOCK_UPTIME_RAW;timer_res_ns=41;cpu_hz=4510000000;hz_source=advertised-pcore-max:Apple-M4-Pro/Max;qos=user_interactive

block-11-mlkem-sme-1024.csv
# est_cycles;timer=CLOCK_UPTIME_RAW;timer_res_ns=41;cpu_hz=4510000000;hz_source=advertised-pcore-max:Apple-M4-Pro/Max;qos=user_interactive

block-11-mlkem-sme-512.csv
# est_cycles;timer=CLOCK_UPTIME_RAW;timer_res_ns=41;cpu_hz=4510000000;hz_source=advertised-pcore-max:Apple-M4-Pro/Max;qos=user_interactive

block-11-mlkem-sve-512.csv
# est_cycles;timer=CLOCK_UPTIME_RAW;timer_res_ns=41;cpu_hz=4510000000;hz_source=advertised-pcore-max:Apple-M4-Pro/Max;qos=user_interactive

block-11-kyber-sve-512.csv
# est_cycles;timer=CLOCK_UPTIME_RAW;timer_res_ns=41;cpu_hz=4510000000;hz_source=advertised-pcore-max:Apple-M4-Pro/Max;qos=user_interactive

block-11-kyber-ref-512.csv
# est_cycles;timer=CLOCK_UPTIME_RAW;timer_res_ns=41;cpu_hz=4510000000;hz_source=advertised-pcore-max:Apple-M4-Pro/Max;qos=user_interactive

block-11-kyber-neon-1024.csv
# est_cycles;timer=CLOCK_UPTIME_RAW;timer_res_ns=41;cpu_hz=4510000000;hz_source=advertised-pcore-max:Apple-M4-Pro/Max;qos=user_interactive

block-11-kyber-sme-1024.csv
# est_cycles;timer=CLOCK_UPTIME_RAW;timer_res_ns=41;cpu_hz=4510000000;hz_source=advertised-pcore-max:Apple-M4-Pro/Max;qos=user_interactive

block-11-kyber-sme-512.csv
# est_cycles;timer=CLOCK_UPTIME_RAW;timer_res_ns=41;cpu_hz=4510000000;hz_source=advertised-pcore-max:Apple-M4-Pro/Max;qos=user_interactive

block-11-mlkem-sve-1024.csv
# est_cycles;timer=CLOCK_UPTIME_RAW;timer_res_ns=41;cpu_hz=4510000000;hz_source=advertised-pcore-max:Apple-M4-Pro/Max;qos=user_interactive

block-11-kyber-sve-1024.csv
# est_cycles;timer=CLOCK_UPTIME_RAW;timer_res_ns=41;cpu_hz=4510000000;hz_source=advertised-pcore-max:Apple-M4-Pro/Max;qos=user_interactive

block-12-mlkem-sve-1024.csv
# est_cycles;timer=CLOCK_UPTIME_RAW;timer_res_ns=41;cpu_hz=4510000000;hz_source=advertised-pcore-max:Apple-M4-Pro/Max;qos=user_interactive

block-12-kyber-neon-1024.csv
# est_cycles;timer=CLOCK_UPTIME_RAW;timer_res_ns=41;cpu_hz=4510000000;hz_source=advertised-pcore-max:Apple-M4-Pro/Max;qos=user_interactive

block-12-mlkem-neon-512.csv
# est_cycles;timer=CLOCK_UPTIME_RAW;timer_res_ns=41;cpu_hz=4510000000;hz_source=advertised-pcore-max:Apple-M4-Pro/Max;qos=user_interactive

block-12-mlkem-neon-1024.csv
# est_cycles;timer=CLOCK_UPTIME_RAW;timer_res_ns=41;cpu_hz=4510000000;hz_source=advertised-pcore-max:Apple-M4-Pro/Max;qos=user_interactive

block-12-kyber-sme-1024.csv
# est_cycles;timer=CLOCK_UPTIME_RAW;timer_res_ns=41;cpu_hz=4510000000;hz_source=advertised-pcore-max:Apple-M4-Pro/Max;qos=user_interactive

block-12-kyber-neon-512.csv
# est_cycles;timer=CLOCK_UPTIME_RAW;timer_res_ns=41;cpu_hz=4510000000;hz_source=advertised-pcore-max:Apple-M4-Pro/Max;qos=user_interactive

block-12-mlkem-sve-512.csv
# est_cycles;timer=CLOCK_UPTIME_RAW;timer_res_ns=41;cpu_hz=4510000000;hz_source=advertised-pcore-max:Apple-M4-Pro/Max;qos=user_interactive

block-12-kyber-ref-1024.csv
# est_cycles;timer=CLOCK_UPTIME_RAW;timer_res_ns=41;cpu_hz=4510000000;hz_source=advertised-pcore-max:Apple-M4-Pro/Max;qos=user_interactive

block-12-mlkem-sme-1024.csv
# est_cycles;timer=CLOCK_UPTIME_RAW;timer_res_ns=41;cpu_hz=4510000000;hz_source=advertised-pcore-max:Apple-M4-Pro/Max;qos=user_interactive

block-12-kyber-ref-512.csv
# est_cycles;timer=CLOCK_UPTIME_RAW;timer_res_ns=41;cpu_hz=4510000000;hz_source=advertised-pcore-max:Apple-M4-Pro/Max;qos=user_interactive

block-12-mlkem-ref-512.csv
# est_cycles;timer=CLOCK_UPTIME_RAW;timer_res_ns=41;cpu_hz=4510000000;hz_source=advertised-pcore-max:Apple-M4-Pro/Max;qos=user_interactive

block-12-mlkem-sme-512.csv
# est_cycles;timer=CLOCK_UPTIME_RAW;timer_res_ns=41;cpu_hz=4510000000;hz_source=advertised-pcore-max:Apple-M4-Pro/Max;qos=user_interactive

block-12-kyber-sve-512.csv
# est_cycles;timer=CLOCK_UPTIME_RAW;timer_res_ns=41;cpu_hz=4510000000;hz_source=advertised-pcore-max:Apple-M4-Pro/Max;qos=user_interactive

block-12-mlkem-ref-1024.csv
# est_cycles;timer=CLOCK_UPTIME_RAW;timer_res_ns=41;cpu_hz=4510000000;hz_source=advertised-pcore-max:Apple-M4-Pro/Max;qos=user_interactive

block-12-kyber-sve-1024.csv
# est_cycles;timer=CLOCK_UPTIME_RAW;timer_res_ns=41;cpu_hz=4510000000;hz_source=advertised-pcore-max:Apple-M4-Pro/Max;qos=user_interactive

block-12-kyber-sme-512.csv
# est_cycles;timer=CLOCK_UPTIME_RAW;timer_res_ns=41;cpu_hz=4510000000;hz_source=advertised-pcore-max:Apple-M4-Pro/Max;qos=user_interactive

block-13-mlkem-sme-512.csv
# est_cycles;timer=CLOCK_UPTIME_RAW;timer_res_ns=41;cpu_hz=4510000000;hz_source=advertised-pcore-max:Apple-M4-Pro/Max;qos=user_interactive

block-13-mlkem-sve-512.csv
# est_cycles;timer=CLOCK_UPTIME_RAW;timer_res_ns=41;cpu_hz=4510000000;hz_source=advertised-pcore-max:Apple-M4-Pro/Max;qos=user_interactive

block-13-mlkem-sme-1024.csv
# est_cycles;timer=CLOCK_UPTIME_RAW;timer_res_ns=41;cpu_hz=4510000000;hz_source=advertised-pcore-max:Apple-M4-Pro/Max;qos=user_interactive

block-13-mlkem-sve-1024.csv
# est_cycles;timer=CLOCK_UPTIME_RAW;timer_res_ns=41;cpu_hz=4510000000;hz_source=advertised-pcore-max:Apple-M4-Pro/Max;qos=user_interactive

block-13-kyber-ref-1024.csv
# est_cycles;timer=CLOCK_UPTIME_RAW;timer_res_ns=41;cpu_hz=4510000000;hz_source=advertised-pcore-max:Apple-M4-Pro/Max;qos=user_interactive

block-13-kyber-ref-512.csv
# est_cycles;timer=CLOCK_UPTIME_RAW;timer_res_ns=41;cpu_hz=4510000000;hz_source=advertised-pcore-max:Apple-M4-Pro/Max;qos=user_interactive

block-13-kyber-neon-512.csv
# est_cycles;timer=CLOCK_UPTIME_RAW;timer_res_ns=41;cpu_hz=4510000000;hz_source=advertised-pcore-max:Apple-M4-Pro/Max;qos=user_interactive

block-13-mlkem-ref-1024.csv
# est_cycles;timer=CLOCK_UPTIME_RAW;timer_res_ns=41;cpu_hz=4510000000;hz_source=advertised-pcore-max:Apple-M4-Pro/Max;qos=user_interactive

block-13-kyber-neon-1024.csv
# est_cycles;timer=CLOCK_UPTIME_RAW;timer_res_ns=41;cpu_hz=4510000000;hz_source=advertised-pcore-max:Apple-M4-Pro/Max;qos=user_interactive

block-13-mlkem-neon-1024.csv
# est_cycles;timer=CLOCK_UPTIME_RAW;timer_res_ns=41;cpu_hz=4510000000;hz_source=advertised-pcore-max:Apple-M4-Pro/Max;qos=user_interactive

block-13-kyber-sve-1024.csv
# est_cycles;timer=CLOCK_UPTIME_RAW;timer_res_ns=41;cpu_hz=4510000000;hz_source=advertised-pcore-max:Apple-M4-Pro/Max;qos=user_interactive

block-13-mlkem-neon-512.csv
# est_cycles;timer=CLOCK_UPTIME_RAW;timer_res_ns=41;cpu_hz=4510000000;hz_source=advertised-pcore-max:Apple-M4-Pro/Max;qos=user_interactive

block-13-mlkem-ref-512.csv
# est_cycles;timer=CLOCK_UPTIME_RAW;timer_res_ns=41;cpu_hz=4510000000;hz_source=advertised-pcore-max:Apple-M4-Pro/Max;qos=user_interactive

block-13-kyber-sme-512.csv
# est_cycles;timer=CLOCK_UPTIME_RAW;timer_res_ns=41;cpu_hz=4510000000;hz_source=advertised-pcore-max:Apple-M4-Pro/Max;qos=user_interactive

block-13-kyber-sme-1024.csv
# est_cycles;timer=CLOCK_UPTIME_RAW;timer_res_ns=41;cpu_hz=4510000000;hz_source=advertised-pcore-max:Apple-M4-Pro/Max;qos=user_interactive

block-13-kyber-sve-512.csv
# est_cycles;timer=CLOCK_UPTIME_RAW;timer_res_ns=41;cpu_hz=4510000000;hz_source=advertised-pcore-max:Apple-M4-Pro/Max;qos=user_interactive

block-14-kyber-neon-512.csv
# est_cycles;timer=CLOCK_UPTIME_RAW;timer_res_ns=41;cpu_hz=4510000000;hz_source=advertised-pcore-max:Apple-M4-Pro/Max;qos=user_interactive

block-14-kyber-ref-512.csv
# est_cycles;timer=CLOCK_UPTIME_RAW;timer_res_ns=41;cpu_hz=4510000000;hz_source=advertised-pcore-max:Apple-M4-Pro/Max;qos=user_interactive

block-14-kyber-sve-1024.csv
# est_cycles;timer=CLOCK_UPTIME_RAW;timer_res_ns=41;cpu_hz=4510000000;hz_source=advertised-pcore-max:Apple-M4-Pro/Max;qos=user_interactive

block-14-mlkem-sve-1024.csv
# est_cycles;timer=CLOCK_UPTIME_RAW;timer_res_ns=41;cpu_hz=4510000000;hz_source=advertised-pcore-max:Apple-M4-Pro/Max;qos=user_interactive

block-14-kyber-sme-1024.csv
# est_cycles;timer=CLOCK_UPTIME_RAW;timer_res_ns=41;cpu_hz=4510000000;hz_source=advertised-pcore-max:Apple-M4-Pro/Max;qos=user_interactive

block-14-kyber-sme-512.csv
# est_cycles;timer=CLOCK_UPTIME_RAW;timer_res_ns=41;cpu_hz=4510000000;hz_source=advertised-pcore-max:Apple-M4-Pro/Max;qos=user_interactive

block-14-kyber-sve-512.csv
# est_cycles;timer=CLOCK_UPTIME_RAW;timer_res_ns=41;cpu_hz=4510000000;hz_source=advertised-pcore-max:Apple-M4-Pro/Max;qos=user_interactive

block-14-mlkem-ref-1024.csv
# est_cycles;timer=CLOCK_UPTIME_RAW;timer_res_ns=41;cpu_hz=4510000000;hz_source=advertised-pcore-max:Apple-M4-Pro/Max;qos=user_interactive

block-14-mlkem-sme-1024.csv
# est_cycles;timer=CLOCK_UPTIME_RAW;timer_res_ns=41;cpu_hz=4510000000;hz_source=advertised-pcore-max:Apple-M4-Pro/Max;qos=user_interactive

block-14-kyber-ref-1024.csv
# est_cycles;timer=CLOCK_UPTIME_RAW;timer_res_ns=41;cpu_hz=4510000000;hz_source=advertised-pcore-max:Apple-M4-Pro/Max;qos=user_interactive

block-14-mlkem-neon-1024.csv
# est_cycles;timer=CLOCK_UPTIME_RAW;timer_res_ns=41;cpu_hz=4510000000;hz_source=advertised-pcore-max:Apple-M4-Pro/Max;qos=user_interactive

block-14-kyber-neon-1024.csv
# est_cycles;timer=CLOCK_UPTIME_RAW;timer_res_ns=41;cpu_hz=4510000000;hz_source=advertised-pcore-max:Apple-M4-Pro/Max;qos=user_interactive

block-14-mlkem-ref-512.csv
# est_cycles;timer=CLOCK_UPTIME_RAW;timer_res_ns=41;cpu_hz=4510000000;hz_source=advertised-pcore-max:Apple-M4-Pro/Max;qos=user_interactive

block-14-mlkem-neon-512.csv
# est_cycles;timer=CLOCK_UPTIME_RAW;timer_res_ns=41;cpu_hz=4510000000;hz_source=advertised-pcore-max:Apple-M4-Pro/Max;qos=user_interactive

block-14-mlkem-sme-512.csv
# est_cycles;timer=CLOCK_UPTIME_RAW;timer_res_ns=41;cpu_hz=4510000000;hz_source=advertised-pcore-max:Apple-M4-Pro/Max;qos=user_interactive

block-14-mlkem-sve-512.csv
# est_cycles;timer=CLOCK_UPTIME_RAW;timer_res_ns=41;cpu_hz=4510000000;hz_source=advertised-pcore-max:Apple-M4-Pro/Max;qos=user_interactive

block-15-mlkem-sve-512.csv
# est_cycles;timer=CLOCK_UPTIME_RAW;timer_res_ns=41;cpu_hz=4510000000;hz_source=advertised-pcore-max:Apple-M4-Pro/Max;qos=user_interactive

block-15-mlkem-neon-512.csv
# est_cycles;timer=CLOCK_UPTIME_RAW;timer_res_ns=41;cpu_hz=4510000000;hz_source=advertised-pcore-max:Apple-M4-Pro/Max;qos=user_interactive

block-15-mlkem-sme-1024.csv
# est_cycles;timer=CLOCK_UPTIME_RAW;timer_res_ns=41;cpu_hz=4510000000;hz_source=advertised-pcore-max:Apple-M4-Pro/Max;qos=user_interactive

block-15-kyber-neon-512.csv
# est_cycles;timer=CLOCK_UPTIME_RAW;timer_res_ns=41;cpu_hz=4510000000;hz_source=advertised-pcore-max:Apple-M4-Pro/Max;qos=user_interactive

block-15-kyber-sme-512.csv
# est_cycles;timer=CLOCK_UPTIME_RAW;timer_res_ns=41;cpu_hz=4510000000;hz_source=advertised-pcore-max:Apple-M4-Pro/Max;qos=user_interactive

block-15-mlkem-neon-1024.csv
# est_cycles;timer=CLOCK_UPTIME_RAW;timer_res_ns=41;cpu_hz=4510000000;hz_source=advertised-pcore-max:Apple-M4-Pro/Max;qos=user_interactive

block-15-mlkem-sve-1024.csv
# est_cycles;timer=CLOCK_UPTIME_RAW;timer_res_ns=41;cpu_hz=4510000000;hz_source=advertised-pcore-max:Apple-M4-Pro/Max;qos=user_interactive

block-15-kyber-sme-1024.csv
# est_cycles;timer=CLOCK_UPTIME_RAW;timer_res_ns=41;cpu_hz=4510000000;hz_source=advertised-pcore-max:Apple-M4-Pro/Max;qos=user_interactive

block-15-kyber-neon-1024.csv
# est_cycles;timer=CLOCK_UPTIME_RAW;timer_res_ns=41;cpu_hz=4510000000;hz_source=advertised-pcore-max:Apple-M4-Pro/Max;qos=user_interactive

block-15-mlkem-sme-512.csv
# est_cycles;timer=CLOCK_UPTIME_RAW;timer_res_ns=41;cpu_hz=4510000000;hz_source=advertised-pcore-max:Apple-M4-Pro/Max;qos=user_interactive

block-15-mlkem-ref-1024.csv
# est_cycles;timer=CLOCK_UPTIME_RAW;timer_res_ns=41;cpu_hz=4510000000;hz_source=advertised-pcore-max:Apple-M4-Pro/Max;qos=user_interactive

block-15-mlkem-ref-512.csv
# est_cycles;timer=CLOCK_UPTIME_RAW;timer_res_ns=41;cpu_hz=4510000000;hz_source=advertised-pcore-max:Apple-M4-Pro/Max;qos=user_interactive

block-15-kyber-ref-512.csv
# est_cycles;timer=CLOCK_UPTIME_RAW;timer_res_ns=41;cpu_hz=4510000000;hz_source=advertised-pcore-max:Apple-M4-Pro/Max;qos=user_interactive

block-15-kyber-sve-1024.csv
# est_cycles;timer=CLOCK_UPTIME_RAW;timer_res_ns=41;cpu_hz=4510000000;hz_source=advertised-pcore-max:Apple-M4-Pro/Max;qos=user_interactive

block-15-kyber-ref-1024.csv
# est_cycles;timer=CLOCK_UPTIME_RAW;timer_res_ns=41;cpu_hz=4510000000;hz_source=advertised-pcore-max:Apple-M4-Pro/Max;qos=user_interactive

block-15-kyber-sve-512.csv
# est_cycles;timer=CLOCK_UPTIME_RAW;timer_res_ns=41;cpu_hz=4510000000;hz_source=advertised-pcore-max:Apple-M4-Pro/Max;qos=user_interactive

block-16-mlkem-sme-1024.csv
# est_cycles;timer=CLOCK_UPTIME_RAW;timer_res_ns=41;cpu_hz=4510000000;hz_source=advertised-pcore-max:Apple-M4-Pro/Max;qos=user_interactive

block-16-kyber-sme-512.csv
# est_cycles;timer=CLOCK_UPTIME_RAW;timer_res_ns=41;cpu_hz=4510000000;hz_source=advertised-pcore-max:Apple-M4-Pro/Max;qos=user_interactive

block-16-kyber-neon-512.csv
# est_cycles;timer=CLOCK_UPTIME_RAW;timer_res_ns=41;cpu_hz=4510000000;hz_source=advertised-pcore-max:Apple-M4-Pro/Max;qos=user_interactive

block-16-mlkem-neon-1024.csv
# est_cycles;timer=CLOCK_UPTIME_RAW;timer_res_ns=41;cpu_hz=4510000000;hz_source=advertised-pcore-max:Apple-M4-Pro/Max;qos=user_interactive

block-16-kyber-sve-512.csv
# est_cycles;timer=CLOCK_UPTIME_RAW;timer_res_ns=41;cpu_hz=4510000000;hz_source=advertised-pcore-max:Apple-M4-Pro/Max;qos=user_interactive

block-16-mlkem-sme-512.csv
# est_cycles;timer=CLOCK_UPTIME_RAW;timer_res_ns=41;cpu_hz=4510000000;hz_source=advertised-pcore-max:Apple-M4-Pro/Max;qos=user_interactive

block-16-kyber-neon-1024.csv
# est_cycles;timer=CLOCK_UPTIME_RAW;timer_res_ns=41;cpu_hz=4510000000;hz_source=advertised-pcore-max:Apple-M4-Pro/Max;qos=user_interactive

block-16-mlkem-ref-1024.csv
# est_cycles;timer=CLOCK_UPTIME_RAW;timer_res_ns=41;cpu_hz=4510000000;hz_source=advertised-pcore-max:Apple-M4-Pro/Max;qos=user_interactive

block-16-mlkem-neon-512.csv
# est_cycles;timer=CLOCK_UPTIME_RAW;timer_res_ns=41;cpu_hz=4510000000;hz_source=advertised-pcore-max:Apple-M4-Pro/Max;qos=user_interactive

block-16-kyber-ref-512.csv
# est_cycles;timer=CLOCK_UPTIME_RAW;timer_res_ns=41;cpu_hz=4510000000;hz_source=advertised-pcore-max:Apple-M4-Pro/Max;qos=user_interactive

block-16-mlkem-sve-1024.csv
# est_cycles;timer=CLOCK_UPTIME_RAW;timer_res_ns=41;cpu_hz=4510000000;hz_source=advertised-pcore-max:Apple-M4-Pro/Max;qos=user_interactive

block-16-mlkem-sve-512.csv
# est_cycles;timer=CLOCK_UPTIME_RAW;timer_res_ns=41;cpu_hz=4510000000;hz_source=advertised-pcore-max:Apple-M4-Pro/Max;qos=user_interactive

block-16-mlkem-ref-512.csv
# est_cycles;timer=CLOCK_UPTIME_RAW;timer_res_ns=41;cpu_hz=4510000000;hz_source=advertised-pcore-max:Apple-M4-Pro/Max;qos=user_interactive

block-16-kyber-sve-1024.csv
# est_cycles;timer=CLOCK_UPTIME_RAW;timer_res_ns=41;cpu_hz=4510000000;hz_source=advertised-pcore-max:Apple-M4-Pro/Max;qos=user_interactive

block-16-kyber-ref-1024.csv
# est_cycles;timer=CLOCK_UPTIME_RAW;timer_res_ns=41;cpu_hz=4510000000;hz_source=advertised-pcore-max:Apple-M4-Pro/Max;qos=user_interactive

block-16-kyber-sme-1024.csv
# est_cycles;timer=CLOCK_UPTIME_RAW;timer_res_ns=41;cpu_hz=4510000000;hz_source=advertised-pcore-max:Apple-M4-Pro/Max;qos=user_interactive

block-17-kyber-neon-1024.csv
# est_cycles;timer=CLOCK_UPTIME_RAW;timer_res_ns=41;cpu_hz=4510000000;hz_source=advertised-pcore-max:Apple-M4-Pro/Max;qos=user_interactive

block-17-mlkem-sme-1024.csv
# est_cycles;timer=CLOCK_UPTIME_RAW;timer_res_ns=41;cpu_hz=4510000000;hz_source=advertised-pcore-max:Apple-M4-Pro/Max;qos=user_interactive

block-17-kyber-sme-512.csv
# est_cycles;timer=CLOCK_UPTIME_RAW;timer_res_ns=41;cpu_hz=4510000000;hz_source=advertised-pcore-max:Apple-M4-Pro/Max;qos=user_interactive

block-17-kyber-sve-1024.csv
# est_cycles;timer=CLOCK_UPTIME_RAW;timer_res_ns=41;cpu_hz=4510000000;hz_source=advertised-pcore-max:Apple-M4-Pro/Max;qos=user_interactive

block-17-kyber-ref-1024.csv
# est_cycles;timer=CLOCK_UPTIME_RAW;timer_res_ns=41;cpu_hz=4510000000;hz_source=advertised-pcore-max:Apple-M4-Pro/Max;qos=user_interactive

block-17-kyber-ref-512.csv
# est_cycles;timer=CLOCK_UPTIME_RAW;timer_res_ns=41;cpu_hz=4510000000;hz_source=advertised-pcore-max:Apple-M4-Pro/Max;qos=user_interactive

block-17-mlkem-neon-512.csv
# est_cycles;timer=CLOCK_UPTIME_RAW;timer_res_ns=41;cpu_hz=4510000000;hz_source=advertised-pcore-max:Apple-M4-Pro/Max;qos=user_interactive

block-17-mlkem-sme-512.csv
# est_cycles;timer=CLOCK_UPTIME_RAW;timer_res_ns=41;cpu_hz=4510000000;hz_source=advertised-pcore-max:Apple-M4-Pro/Max;qos=user_interactive

block-17-mlkem-ref-1024.csv
# est_cycles;timer=CLOCK_UPTIME_RAW;timer_res_ns=41;cpu_hz=4510000000;hz_source=advertised-pcore-max:Apple-M4-Pro/Max;qos=user_interactive

block-17-kyber-sve-512.csv
# est_cycles;timer=CLOCK_UPTIME_RAW;timer_res_ns=41;cpu_hz=4510000000;hz_source=advertised-pcore-max:Apple-M4-Pro/Max;qos=user_interactive

block-17-kyber-neon-512.csv
# est_cycles;timer=CLOCK_UPTIME_RAW;timer_res_ns=41;cpu_hz=4510000000;hz_source=advertised-pcore-max:Apple-M4-Pro/Max;qos=user_interactive

block-17-mlkem-sve-512.csv
# est_cycles;timer=CLOCK_UPTIME_RAW;timer_res_ns=41;cpu_hz=4510000000;hz_source=advertised-pcore-max:Apple-M4-Pro/Max;qos=user_interactive

block-17-mlkem-neon-1024.csv
# est_cycles;timer=CLOCK_UPTIME_RAW;timer_res_ns=41;cpu_hz=4510000000;hz_source=advertised-pcore-max:Apple-M4-Pro/Max;qos=user_interactive

block-17-kyber-sme-1024.csv
# est_cycles;timer=CLOCK_UPTIME_RAW;timer_res_ns=41;cpu_hz=4510000000;hz_source=advertised-pcore-max:Apple-M4-Pro/Max;qos=user_interactive

block-17-mlkem-sve-1024.csv
# est_cycles;timer=CLOCK_UPTIME_RAW;timer_res_ns=41;cpu_hz=4510000000;hz_source=advertised-pcore-max:Apple-M4-Pro/Max;qos=user_interactive

block-17-mlkem-ref-512.csv
# est_cycles;timer=CLOCK_UPTIME_RAW;timer_res_ns=41;cpu_hz=4510000000;hz_source=advertised-pcore-max:Apple-M4-Pro/Max;qos=user_interactive

block-18-kyber-sve-512.csv
# est_cycles;timer=CLOCK_UPTIME_RAW;timer_res_ns=41;cpu_hz=4510000000;hz_source=advertised-pcore-max:Apple-M4-Pro/Max;qos=user_interactive

block-18-kyber-ref-512.csv
# est_cycles;timer=CLOCK_UPTIME_RAW;timer_res_ns=41;cpu_hz=4510000000;hz_source=advertised-pcore-max:Apple-M4-Pro/Max;qos=user_interactive

block-18-kyber-sme-512.csv
# est_cycles;timer=CLOCK_UPTIME_RAW;timer_res_ns=41;cpu_hz=4510000000;hz_source=advertised-pcore-max:Apple-M4-Pro/Max;qos=user_interactive

block-18-mlkem-sme-1024.csv
# est_cycles;timer=CLOCK_UPTIME_RAW;timer_res_ns=41;cpu_hz=4510000000;hz_source=advertised-pcore-max:Apple-M4-Pro/Max;qos=user_interactive

block-18-mlkem-sve-512.csv
# est_cycles;timer=CLOCK_UPTIME_RAW;timer_res_ns=41;cpu_hz=4510000000;hz_source=advertised-pcore-max:Apple-M4-Pro/Max;qos=user_interactive

block-18-kyber-sme-1024.csv
# est_cycles;timer=CLOCK_UPTIME_RAW;timer_res_ns=41;cpu_hz=4510000000;hz_source=advertised-pcore-max:Apple-M4-Pro/Max;qos=user_interactive

block-18-mlkem-ref-512.csv
# est_cycles;timer=CLOCK_UPTIME_RAW;timer_res_ns=41;cpu_hz=4510000000;hz_source=advertised-pcore-max:Apple-M4-Pro/Max;qos=user_interactive

block-18-mlkem-sve-1024.csv
# est_cycles;timer=CLOCK_UPTIME_RAW;timer_res_ns=41;cpu_hz=4510000000;hz_source=advertised-pcore-max:Apple-M4-Pro/Max;qos=user_interactive

block-18-mlkem-neon-512.csv
# est_cycles;timer=CLOCK_UPTIME_RAW;timer_res_ns=41;cpu_hz=4510000000;hz_source=advertised-pcore-max:Apple-M4-Pro/Max;qos=user_interactive

block-18-mlkem-neon-1024.csv
# est_cycles;timer=CLOCK_UPTIME_RAW;timer_res_ns=41;cpu_hz=4510000000;hz_source=advertised-pcore-max:Apple-M4-Pro/Max;qos=user_interactive

block-18-mlkem-ref-1024.csv
# est_cycles;timer=CLOCK_UPTIME_RAW;timer_res_ns=41;cpu_hz=4510000000;hz_source=advertised-pcore-max:Apple-M4-Pro/Max;qos=user_interactive

block-18-kyber-neon-1024.csv
# est_cycles;timer=CLOCK_UPTIME_RAW;timer_res_ns=41;cpu_hz=4510000000;hz_source=advertised-pcore-max:Apple-M4-Pro/Max;qos=user_interactive

block-18-kyber-ref-1024.csv
# est_cycles;timer=CLOCK_UPTIME_RAW;timer_res_ns=41;cpu_hz=4510000000;hz_source=advertised-pcore-max:Apple-M4-Pro/Max;qos=user_interactive

block-18-kyber-neon-512.csv
# est_cycles;timer=CLOCK_UPTIME_RAW;timer_res_ns=41;cpu_hz=4510000000;hz_source=advertised-pcore-max:Apple-M4-Pro/Max;qos=user_interactive

block-18-kyber-sve-1024.csv
# est_cycles;timer=CLOCK_UPTIME_RAW;timer_res_ns=41;cpu_hz=4510000000;hz_source=advertised-pcore-max:Apple-M4-Pro/Max;qos=user_interactive

block-18-mlkem-sme-512.csv
# est_cycles;timer=CLOCK_UPTIME_RAW;timer_res_ns=41;cpu_hz=4510000000;hz_source=advertised-pcore-max:Apple-M4-Pro/Max;qos=user_interactive

block-19-kyber-ref-1024.csv
# est_cycles;timer=CLOCK_UPTIME_RAW;timer_res_ns=41;cpu_hz=4510000000;hz_source=advertised-pcore-max:Apple-M4-Pro/Max;qos=user_interactive

block-19-kyber-ref-512.csv
# est_cycles;timer=CLOCK_UPTIME_RAW;timer_res_ns=41;cpu_hz=4510000000;hz_source=advertised-pcore-max:Apple-M4-Pro/Max;qos=user_interactive

block-19-mlkem-sme-1024.csv
# est_cycles;timer=CLOCK_UPTIME_RAW;timer_res_ns=41;cpu_hz=4510000000;hz_source=advertised-pcore-max:Apple-M4-Pro/Max;qos=user_interactive

block-19-mlkem-sve-1024.csv
# est_cycles;timer=CLOCK_UPTIME_RAW;timer_res_ns=41;cpu_hz=4510000000;hz_source=advertised-pcore-max:Apple-M4-Pro/Max;qos=user_interactive

block-19-mlkem-neon-1024.csv
# est_cycles;timer=CLOCK_UPTIME_RAW;timer_res_ns=41;cpu_hz=4510000000;hz_source=advertised-pcore-max:Apple-M4-Pro/Max;qos=user_interactive

block-19-kyber-sme-512.csv
# est_cycles;timer=CLOCK_UPTIME_RAW;timer_res_ns=41;cpu_hz=4510000000;hz_source=advertised-pcore-max:Apple-M4-Pro/Max;qos=user_interactive

block-19-kyber-sve-512.csv
# est_cycles;timer=CLOCK_UPTIME_RAW;timer_res_ns=41;cpu_hz=4510000000;hz_source=advertised-pcore-max:Apple-M4-Pro/Max;qos=user_interactive

block-19-mlkem-ref-512.csv
# est_cycles;timer=CLOCK_UPTIME_RAW;timer_res_ns=41;cpu_hz=4510000000;hz_source=advertised-pcore-max:Apple-M4-Pro/Max;qos=user_interactive

block-19-kyber-neon-512.csv
# est_cycles;timer=CLOCK_UPTIME_RAW;timer_res_ns=41;cpu_hz=4510000000;hz_source=advertised-pcore-max:Apple-M4-Pro/Max;qos=user_interactive

block-19-mlkem-neon-512.csv
# est_cycles;timer=CLOCK_UPTIME_RAW;timer_res_ns=41;cpu_hz=4510000000;hz_source=advertised-pcore-max:Apple-M4-Pro/Max;qos=user_interactive

block-19-kyber-sve-1024.csv
# est_cycles;timer=CLOCK_UPTIME_RAW;timer_res_ns=41;cpu_hz=4510000000;hz_source=advertised-pcore-max:Apple-M4-Pro/Max;qos=user_interactive

block-19-mlkem-sme-512.csv
# est_cycles;timer=CLOCK_UPTIME_RAW;timer_res_ns=41;cpu_hz=4510000000;hz_source=advertised-pcore-max:Apple-M4-Pro/Max;qos=user_interactive

block-19-mlkem-sve-512.csv
# est_cycles;timer=CLOCK_UPTIME_RAW;timer_res_ns=41;cpu_hz=4510000000;hz_source=advertised-pcore-max:Apple-M4-Pro/Max;qos=user_interactive

block-19-mlkem-ref-1024.csv
# est_cycles;timer=CLOCK_UPTIME_RAW;timer_res_ns=41;cpu_hz=4510000000;hz_source=advertised-pcore-max:Apple-M4-Pro/Max;qos=user_interactive

block-19-kyber-neon-1024.csv
# est_cycles;timer=CLOCK_UPTIME_RAW;timer_res_ns=41;cpu_hz=4510000000;hz_source=advertised-pcore-max:Apple-M4-Pro/Max;qos=user_interactive

block-19-kyber-sme-1024.csv
# est_cycles;timer=CLOCK_UPTIME_RAW;timer_res_ns=41;cpu_hz=4510000000;hz_source=advertised-pcore-max:Apple-M4-Pro/Max;qos=user_interactive

block-20-mlkem-sve-512.csv
# est_cycles;timer=CLOCK_UPTIME_RAW;timer_res_ns=41;cpu_hz=4510000000;hz_source=advertised-pcore-max:Apple-M4-Pro/Max;qos=user_interactive

block-20-mlkem-sve-1024.csv
# est_cycles;timer=CLOCK_UPTIME_RAW;timer_res_ns=41;cpu_hz=4510000000;hz_source=advertised-pcore-max:Apple-M4-Pro/Max;qos=user_interactive

block-20-kyber-sme-1024.csv
# est_cycles;timer=CLOCK_UPTIME_RAW;timer_res_ns=41;cpu_hz=4510000000;hz_source=advertised-pcore-max:Apple-M4-Pro/Max;qos=user_interactive

block-20-mlkem-ref-1024.csv
# est_cycles;timer=CLOCK_UPTIME_RAW;timer_res_ns=41;cpu_hz=4510000000;hz_source=advertised-pcore-max:Apple-M4-Pro/Max;qos=user_interactive

block-20-kyber-ref-512.csv
# est_cycles;timer=CLOCK_UPTIME_RAW;timer_res_ns=41;cpu_hz=4510000000;hz_source=advertised-pcore-max:Apple-M4-Pro/Max;qos=user_interactive

block-20-mlkem-neon-1024.csv
# est_cycles;timer=CLOCK_UPTIME_RAW;timer_res_ns=41;cpu_hz=4510000000;hz_source=advertised-pcore-max:Apple-M4-Pro/Max;qos=user_interactive

block-20-kyber-ref-1024.csv
# est_cycles;timer=CLOCK_UPTIME_RAW;timer_res_ns=41;cpu_hz=4510000000;hz_source=advertised-pcore-max:Apple-M4-Pro/Max;qos=user_interactive

block-20-kyber-sme-512.csv
# est_cycles;timer=CLOCK_UPTIME_RAW;timer_res_ns=41;cpu_hz=4510000000;hz_source=advertised-pcore-max:Apple-M4-Pro/Max;qos=user_interactive

block-20-mlkem-sme-1024.csv
# est_cycles;timer=CLOCK_UPTIME_RAW;timer_res_ns=41;cpu_hz=4510000000;hz_source=advertised-pcore-max:Apple-M4-Pro/Max;qos=user_interactive

block-20-mlkem-neon-512.csv
# est_cycles;timer=CLOCK_UPTIME_RAW;timer_res_ns=41;cpu_hz=4510000000;hz_source=advertised-pcore-max:Apple-M4-Pro/Max;qos=user_interactive

block-20-mlkem-ref-512.csv
# est_cycles;timer=CLOCK_UPTIME_RAW;timer_res_ns=41;cpu_hz=4510000000;hz_source=advertised-pcore-max:Apple-M4-Pro/Max;qos=user_interactive

block-20-kyber-neon-1024.csv
# est_cycles;timer=CLOCK_UPTIME_RAW;timer_res_ns=41;cpu_hz=4510000000;hz_source=advertised-pcore-max:Apple-M4-Pro/Max;qos=user_interactive

block-20-kyber-sve-1024.csv
# est_cycles;timer=CLOCK_UPTIME_RAW;timer_res_ns=41;cpu_hz=4510000000;hz_source=advertised-pcore-max:Apple-M4-Pro/Max;qos=user_interactive

block-20-kyber-neon-512.csv
# est_cycles;timer=CLOCK_UPTIME_RAW;timer_res_ns=41;cpu_hz=4510000000;hz_source=advertised-pcore-max:Apple-M4-Pro/Max;qos=user_interactive

block-20-mlkem-sme-512.csv
# est_cycles;timer=CLOCK_UPTIME_RAW;timer_res_ns=41;cpu_hz=4510000000;hz_source=advertised-pcore-max:Apple-M4-Pro/Max;qos=user_interactive

block-20-kyber-sve-512.csv
# est_cycles;timer=CLOCK_UPTIME_RAW;timer_res_ns=41;cpu_hz=4510000000;hz_source=advertised-pcore-max:Apple-M4-Pro/Max;qos=user_interactive

block-21-kyber-sme-512.csv
# est_cycles;timer=CLOCK_UPTIME_RAW;timer_res_ns=41;cpu_hz=4510000000;hz_source=advertised-pcore-max:Apple-M4-Pro/Max;qos=user_interactive

block-21-kyber-sme-1024.csv
# est_cycles;timer=CLOCK_UPTIME_RAW;timer_res_ns=41;cpu_hz=4510000000;hz_source=advertised-pcore-max:Apple-M4-Pro/Max;qos=user_interactive

block-21-kyber-sve-512.csv
# est_cycles;timer=CLOCK_UPTIME_RAW;timer_res_ns=41;cpu_hz=4510000000;hz_source=advertised-pcore-max:Apple-M4-Pro/Max;qos=user_interactive

block-21-mlkem-ref-1024.csv
# est_cycles;timer=CLOCK_UPTIME_RAW;timer_res_ns=41;cpu_hz=4510000000;hz_source=advertised-pcore-max:Apple-M4-Pro/Max;qos=user_interactive

block-21-mlkem-sve-1024.csv
# est_cycles;timer=CLOCK_UPTIME_RAW;timer_res_ns=41;cpu_hz=4510000000;hz_source=advertised-pcore-max:Apple-M4-Pro/Max;qos=user_interactive

block-21-mlkem-ref-512.csv
# est_cycles;timer=CLOCK_UPTIME_RAW;timer_res_ns=41;cpu_hz=4510000000;hz_source=advertised-pcore-max:Apple-M4-Pro/Max;qos=user_interactive

block-21-kyber-neon-512.csv
# est_cycles;timer=CLOCK_UPTIME_RAW;timer_res_ns=41;cpu_hz=4510000000;hz_source=advertised-pcore-max:Apple-M4-Pro/Max;qos=user_interactive

block-21-kyber-ref-1024.csv
# est_cycles;timer=CLOCK_UPTIME_RAW;timer_res_ns=41;cpu_hz=4510000000;hz_source=advertised-pcore-max:Apple-M4-Pro/Max;qos=user_interactive

block-21-kyber-sve-1024.csv
# est_cycles;timer=CLOCK_UPTIME_RAW;timer_res_ns=41;cpu_hz=4510000000;hz_source=advertised-pcore-max:Apple-M4-Pro/Max;qos=user_interactive

block-21-kyber-ref-512.csv
# est_cycles;timer=CLOCK_UPTIME_RAW;timer_res_ns=41;cpu_hz=4510000000;hz_source=advertised-pcore-max:Apple-M4-Pro/Max;qos=user_interactive

block-21-mlkem-neon-512.csv
# est_cycles;timer=CLOCK_UPTIME_RAW;timer_res_ns=41;cpu_hz=4510000000;hz_source=advertised-pcore-max:Apple-M4-Pro/Max;qos=user_interactive

block-21-mlkem-neon-1024.csv
# est_cycles;timer=CLOCK_UPTIME_RAW;timer_res_ns=41;cpu_hz=4510000000;hz_source=advertised-pcore-max:Apple-M4-Pro/Max;qos=user_interactive

block-21-mlkem-sme-1024.csv
# est_cycles;timer=CLOCK_UPTIME_RAW;timer_res_ns=41;cpu_hz=4510000000;hz_source=advertised-pcore-max:Apple-M4-Pro/Max;qos=user_interactive

block-21-mlkem-sve-512.csv
# est_cycles;timer=CLOCK_UPTIME_RAW;timer_res_ns=41;cpu_hz=4510000000;hz_source=advertised-pcore-max:Apple-M4-Pro/Max;qos=user_interactive

block-21-kyber-neon-1024.csv
# est_cycles;timer=CLOCK_UPTIME_RAW;timer_res_ns=41;cpu_hz=4510000000;hz_source=advertised-pcore-max:Apple-M4-Pro/Max;qos=user_interactive

block-21-mlkem-sme-512.csv
# est_cycles;timer=CLOCK_UPTIME_RAW;timer_res_ns=41;cpu_hz=4510000000;hz_source=advertised-pcore-max:Apple-M4-Pro/Max;qos=user_interactive

block-22-kyber-neon-1024.csv
# est_cycles;timer=CLOCK_UPTIME_RAW;timer_res_ns=41;cpu_hz=4510000000;hz_source=advertised-pcore-max:Apple-M4-Pro/Max;qos=user_interactive

block-22-mlkem-sme-512.csv
# est_cycles;timer=CLOCK_UPTIME_RAW;timer_res_ns=41;cpu_hz=4510000000;hz_source=advertised-pcore-max:Apple-M4-Pro/Max;qos=user_interactive

block-22-mlkem-neon-512.csv
# est_cycles;timer=CLOCK_UPTIME_RAW;timer_res_ns=41;cpu_hz=4510000000;hz_source=advertised-pcore-max:Apple-M4-Pro/Max;qos=user_interactive

block-22-kyber-ref-1024.csv
# est_cycles;timer=CLOCK_UPTIME_RAW;timer_res_ns=41;cpu_hz=4510000000;hz_source=advertised-pcore-max:Apple-M4-Pro/Max;qos=user_interactive

block-22-kyber-ref-512.csv
# est_cycles;timer=CLOCK_UPTIME_RAW;timer_res_ns=41;cpu_hz=4510000000;hz_source=advertised-pcore-max:Apple-M4-Pro/Max;qos=user_interactive

block-22-mlkem-sme-1024.csv
# est_cycles;timer=CLOCK_UPTIME_RAW;timer_res_ns=41;cpu_hz=4510000000;hz_source=advertised-pcore-max:Apple-M4-Pro/Max;qos=user_interactive

block-22-mlkem-sve-1024.csv
# est_cycles;timer=CLOCK_UPTIME_RAW;timer_res_ns=41;cpu_hz=4510000000;hz_source=advertised-pcore-max:Apple-M4-Pro/Max;qos=user_interactive

block-22-kyber-sme-1024.csv
# est_cycles;timer=CLOCK_UPTIME_RAW;timer_res_ns=41;cpu_hz=4510000000;hz_source=advertised-pcore-max:Apple-M4-Pro/Max;qos=user_interactive

block-22-mlkem-ref-512.csv
# est_cycles;timer=CLOCK_UPTIME_RAW;timer_res_ns=41;cpu_hz=4510000000;hz_source=advertised-pcore-max:Apple-M4-Pro/Max;qos=user_interactive

block-22-mlkem-sve-512.csv
# est_cycles;timer=CLOCK_UPTIME_RAW;timer_res_ns=41;cpu_hz=4510000000;hz_source=advertised-pcore-max:Apple-M4-Pro/Max;qos=user_interactive

block-22-kyber-sve-512.csv
# est_cycles;timer=CLOCK_UPTIME_RAW;timer_res_ns=41;cpu_hz=4510000000;hz_source=advertised-pcore-max:Apple-M4-Pro/Max;qos=user_interactive

block-22-kyber-sve-1024.csv
# est_cycles;timer=CLOCK_UPTIME_RAW;timer_res_ns=41;cpu_hz=4510000000;hz_source=advertised-pcore-max:Apple-M4-Pro/Max;qos=user_interactive

block-22-kyber-neon-512.csv
# est_cycles;timer=CLOCK_UPTIME_RAW;timer_res_ns=41;cpu_hz=4510000000;hz_source=advertised-pcore-max:Apple-M4-Pro/Max;qos=user_interactive

block-22-mlkem-neon-1024.csv
# est_cycles;timer=CLOCK_UPTIME_RAW;timer_res_ns=41;cpu_hz=4510000000;hz_source=advertised-pcore-max:Apple-M4-Pro/Max;qos=user_interactive

block-22-mlkem-ref-1024.csv
# est_cycles;timer=CLOCK_UPTIME_RAW;timer_res_ns=41;cpu_hz=4510000000;hz_source=advertised-pcore-max:Apple-M4-Pro/Max;qos=user_interactive

block-22-kyber-sme-512.csv
# est_cycles;timer=CLOCK_UPTIME_RAW;timer_res_ns=41;cpu_hz=4510000000;hz_source=advertised-pcore-max:Apple-M4-Pro/Max;qos=user_interactive

block-23-kyber-ref-512.csv
# est_cycles;timer=CLOCK_UPTIME_RAW;timer_res_ns=41;cpu_hz=4510000000;hz_source=advertised-pcore-max:Apple-M4-Pro/Max;qos=user_interactive

block-23-mlkem-sve-1024.csv
# est_cycles;timer=CLOCK_UPTIME_RAW;timer_res_ns=41;cpu_hz=4510000000;hz_source=advertised-pcore-max:Apple-M4-Pro/Max;qos=user_interactive

block-23-kyber-sme-1024.csv
# est_cycles;timer=CLOCK_UPTIME_RAW;timer_res_ns=41;cpu_hz=4510000000;hz_source=advertised-pcore-max:Apple-M4-Pro/Max;qos=user_interactive

block-23-mlkem-sve-512.csv
# est_cycles;timer=CLOCK_UPTIME_RAW;timer_res_ns=41;cpu_hz=4510000000;hz_source=advertised-pcore-max:Apple-M4-Pro/Max;qos=user_interactive

block-23-kyber-sve-512.csv
# est_cycles;timer=CLOCK_UPTIME_RAW;timer_res_ns=41;cpu_hz=4510000000;hz_source=advertised-pcore-max:Apple-M4-Pro/Max;qos=user_interactive

block-23-mlkem-ref-512.csv
# est_cycles;timer=CLOCK_UPTIME_RAW;timer_res_ns=41;cpu_hz=4510000000;hz_source=advertised-pcore-max:Apple-M4-Pro/Max;qos=user_interactive

block-23-mlkem-sme-1024.csv
# est_cycles;timer=CLOCK_UPTIME_RAW;timer_res_ns=41;cpu_hz=4510000000;hz_source=advertised-pcore-max:Apple-M4-Pro/Max;qos=user_interactive

block-23-mlkem-sme-512.csv
# est_cycles;timer=CLOCK_UPTIME_RAW;timer_res_ns=41;cpu_hz=4510000000;hz_source=advertised-pcore-max:Apple-M4-Pro/Max;qos=user_interactive

block-23-mlkem-ref-1024.csv
# est_cycles;timer=CLOCK_UPTIME_RAW;timer_res_ns=41;cpu_hz=4510000000;hz_source=advertised-pcore-max:Apple-M4-Pro/Max;qos=user_interactive

block-23-kyber-neon-512.csv
# est_cycles;timer=CLOCK_UPTIME_RAW;timer_res_ns=41;cpu_hz=4510000000;hz_source=advertised-pcore-max:Apple-M4-Pro/Max;qos=user_interactive

block-23-kyber-neon-1024.csv
# est_cycles;timer=CLOCK_UPTIME_RAW;timer_res_ns=41;cpu_hz=4510000000;hz_source=advertised-pcore-max:Apple-M4-Pro/Max;qos=user_interactive

block-23-mlkem-neon-1024.csv
# est_cycles;timer=CLOCK_UPTIME_RAW;timer_res_ns=41;cpu_hz=4510000000;hz_source=advertised-pcore-max:Apple-M4-Pro/Max;qos=user_interactive

block-23-kyber-sve-1024.csv
# est_cycles;timer=CLOCK_UPTIME_RAW;timer_res_ns=41;cpu_hz=4510000000;hz_source=advertised-pcore-max:Apple-M4-Pro/Max;qos=user_interactive

block-23-kyber-ref-1024.csv
# est_cycles;timer=CLOCK_UPTIME_RAW;timer_res_ns=41;cpu_hz=4510000000;hz_source=advertised-pcore-max:Apple-M4-Pro/Max;qos=user_interactive

block-23-mlkem-neon-512.csv
# est_cycles;timer=CLOCK_UPTIME_RAW;timer_res_ns=41;cpu_hz=4510000000;hz_source=advertised-pcore-max:Apple-M4-Pro/Max;qos=user_interactive

block-23-kyber-sme-512.csv
# est_cycles;timer=CLOCK_UPTIME_RAW;timer_res_ns=41;cpu_hz=4510000000;hz_source=advertised-pcore-max:Apple-M4-Pro/Max;qos=user_interactive

block-24-mlkem-neon-1024.csv
# est_cycles;timer=CLOCK_UPTIME_RAW;timer_res_ns=41;cpu_hz=4510000000;hz_source=advertised-pcore-max:Apple-M4-Pro/Max;qos=user_interactive

block-24-kyber-sme-512.csv
# est_cycles;timer=CLOCK_UPTIME_RAW;timer_res_ns=41;cpu_hz=4510000000;hz_source=advertised-pcore-max:Apple-M4-Pro/Max;qos=user_interactive

block-24-mlkem-ref-512.csv
# est_cycles;timer=CLOCK_UPTIME_RAW;timer_res_ns=41;cpu_hz=4510000000;hz_source=advertised-pcore-max:Apple-M4-Pro/Max;qos=user_interactive

block-24-mlkem-sve-1024.csv
# est_cycles;timer=CLOCK_UPTIME_RAW;timer_res_ns=41;cpu_hz=4510000000;hz_source=advertised-pcore-max:Apple-M4-Pro/Max;qos=user_interactive

block-24-kyber-neon-512.csv
# est_cycles;timer=CLOCK_UPTIME_RAW;timer_res_ns=41;cpu_hz=4510000000;hz_source=advertised-pcore-max:Apple-M4-Pro/Max;qos=user_interactive

block-24-mlkem-neon-512.csv
# est_cycles;timer=CLOCK_UPTIME_RAW;timer_res_ns=41;cpu_hz=4510000000;hz_source=advertised-pcore-max:Apple-M4-Pro/Max;qos=user_interactive

block-24-kyber-neon-1024.csv
# est_cycles;timer=CLOCK_UPTIME_RAW;timer_res_ns=41;cpu_hz=4510000000;hz_source=advertised-pcore-max:Apple-M4-Pro/Max;qos=user_interactive

block-24-kyber-sve-512.csv
# est_cycles;timer=CLOCK_UPTIME_RAW;timer_res_ns=41;cpu_hz=4510000000;hz_source=advertised-pcore-max:Apple-M4-Pro/Max;qos=user_interactive

block-24-mlkem-sve-512.csv
# est_cycles;timer=CLOCK_UPTIME_RAW;timer_res_ns=41;cpu_hz=4510000000;hz_source=advertised-pcore-max:Apple-M4-Pro/Max;qos=user_interactive

block-24-kyber-ref-512.csv
# est_cycles;timer=CLOCK_UPTIME_RAW;timer_res_ns=41;cpu_hz=4510000000;hz_source=advertised-pcore-max:Apple-M4-Pro/Max;qos=user_interactive

block-24-mlkem-ref-1024.csv
# est_cycles;timer=CLOCK_UPTIME_RAW;timer_res_ns=41;cpu_hz=4510000000;hz_source=advertised-pcore-max:Apple-M4-Pro/Max;qos=user_interactive

block-24-kyber-ref-1024.csv
# est_cycles;timer=CLOCK_UPTIME_RAW;timer_res_ns=41;cpu_hz=4510000000;hz_source=advertised-pcore-max:Apple-M4-Pro/Max;qos=user_interactive

block-24-mlkem-sme-1024.csv
# est_cycles;timer=CLOCK_UPTIME_RAW;timer_res_ns=41;cpu_hz=4510000000;hz_source=advertised-pcore-max:Apple-M4-Pro/Max;qos=user_interactive

block-24-kyber-sme-1024.csv
# est_cycles;timer=CLOCK_UPTIME_RAW;timer_res_ns=41;cpu_hz=4510000000;hz_source=advertised-pcore-max:Apple-M4-Pro/Max;qos=user_interactive

block-24-kyber-sve-1024.csv
# est_cycles;timer=CLOCK_UPTIME_RAW;timer_res_ns=41;cpu_hz=4510000000;hz_source=advertised-pcore-max:Apple-M4-Pro/Max;qos=user_interactive

block-24-mlkem-sme-512.csv
# est_cycles;timer=CLOCK_UPTIME_RAW;timer_res_ns=41;cpu_hz=4510000000;hz_source=advertised-pcore-max:Apple-M4-Pro/Max;qos=user_interactive

block-25-mlkem-ref-512.csv
# est_cycles;timer=CLOCK_UPTIME_RAW;timer_res_ns=41;cpu_hz=4510000000;hz_source=advertised-pcore-max:Apple-M4-Pro/Max;qos=user_interactive

block-25-mlkem-ref-1024.csv
# est_cycles;timer=CLOCK_UPTIME_RAW;timer_res_ns=41;cpu_hz=4510000000;hz_source=advertised-pcore-max:Apple-M4-Pro/Max;qos=user_interactive

block-25-mlkem-sme-1024.csv
# est_cycles;timer=CLOCK_UPTIME_RAW;timer_res_ns=41;cpu_hz=4510000000;hz_source=advertised-pcore-max:Apple-M4-Pro/Max;qos=user_interactive

block-25-kyber-neon-512.csv
# est_cycles;timer=CLOCK_UPTIME_RAW;timer_res_ns=41;cpu_hz=4510000000;hz_source=advertised-pcore-max:Apple-M4-Pro/Max;qos=user_interactive

block-25-mlkem-neon-1024.csv
# est_cycles;timer=CLOCK_UPTIME_RAW;timer_res_ns=41;cpu_hz=4510000000;hz_source=advertised-pcore-max:Apple-M4-Pro/Max;qos=user_interactive

block-25-kyber-sme-512.csv
# est_cycles;timer=CLOCK_UPTIME_RAW;timer_res_ns=41;cpu_hz=4510000000;hz_source=advertised-pcore-max:Apple-M4-Pro/Max;qos=user_interactive

block-25-kyber-neon-1024.csv
# est_cycles;timer=CLOCK_UPTIME_RAW;timer_res_ns=41;cpu_hz=4510000000;hz_source=advertised-pcore-max:Apple-M4-Pro/Max;qos=user_interactive

block-25-kyber-sve-512.csv
# est_cycles;timer=CLOCK_UPTIME_RAW;timer_res_ns=41;cpu_hz=4510000000;hz_source=advertised-pcore-max:Apple-M4-Pro/Max;qos=user_interactive

block-25-kyber-sme-1024.csv
# est_cycles;timer=CLOCK_UPTIME_RAW;timer_res_ns=41;cpu_hz=4510000000;hz_source=advertised-pcore-max:Apple-M4-Pro/Max;qos=user_interactive

block-25-mlkem-sme-512.csv
# est_cycles;timer=CLOCK_UPTIME_RAW;timer_res_ns=41;cpu_hz=4510000000;hz_source=advertised-pcore-max:Apple-M4-Pro/Max;qos=user_interactive

block-25-kyber-ref-512.csv
# est_cycles;timer=CLOCK_UPTIME_RAW;timer_res_ns=41;cpu_hz=4510000000;hz_source=advertised-pcore-max:Apple-M4-Pro/Max;qos=user_interactive

block-25-mlkem-neon-512.csv
# est_cycles;timer=CLOCK_UPTIME_RAW;timer_res_ns=41;cpu_hz=4510000000;hz_source=advertised-pcore-max:Apple-M4-Pro/Max;qos=user_interactive

block-25-kyber-ref-1024.csv
# est_cycles;timer=CLOCK_UPTIME_RAW;timer_res_ns=41;cpu_hz=4510000000;hz_source=advertised-pcore-max:Apple-M4-Pro/Max;qos=user_interactive

block-25-mlkem-sve-1024.csv
# est_cycles;timer=CLOCK_UPTIME_RAW;timer_res_ns=41;cpu_hz=4510000000;hz_source=advertised-pcore-max:Apple-M4-Pro/Max;qos=user_interactive

block-25-kyber-sve-1024.csv
# est_cycles;timer=CLOCK_UPTIME_RAW;timer_res_ns=41;cpu_hz=4510000000;hz_source=advertised-pcore-max:Apple-M4-Pro/Max;qos=user_interactive

block-25-mlkem-sve-512.csv
# est_cycles;timer=CLOCK_UPTIME_RAW;timer_res_ns=41;cpu_hz=4510000000;hz_source=advertised-pcore-max:Apple-M4-Pro/Max;qos=user_interactive

block-26-mlkem-sme-1024.csv
# est_cycles;timer=CLOCK_UPTIME_RAW;timer_res_ns=41;cpu_hz=4510000000;hz_source=advertised-pcore-max:Apple-M4-Pro/Max;qos=user_interactive

block-26-mlkem-sme-512.csv
# est_cycles;timer=CLOCK_UPTIME_RAW;timer_res_ns=41;cpu_hz=4510000000;hz_source=advertised-pcore-max:Apple-M4-Pro/Max;qos=user_interactive

block-26-mlkem-neon-1024.csv
# est_cycles;timer=CLOCK_UPTIME_RAW;timer_res_ns=41;cpu_hz=4510000000;hz_source=advertised-pcore-max:Apple-M4-Pro/Max;qos=user_interactive

block-26-mlkem-ref-1024.csv
# est_cycles;timer=CLOCK_UPTIME_RAW;timer_res_ns=41;cpu_hz=4510000000;hz_source=advertised-pcore-max:Apple-M4-Pro/Max;qos=user_interactive

block-26-kyber-neon-1024.csv
# est_cycles;timer=CLOCK_UPTIME_RAW;timer_res_ns=41;cpu_hz=4510000000;hz_source=advertised-pcore-max:Apple-M4-Pro/Max;qos=user_interactive

block-26-mlkem-ref-512.csv
# est_cycles;timer=CLOCK_UPTIME_RAW;timer_res_ns=41;cpu_hz=4510000000;hz_source=advertised-pcore-max:Apple-M4-Pro/Max;qos=user_interactive

block-26-kyber-neon-512.csv
# est_cycles;timer=CLOCK_UPTIME_RAW;timer_res_ns=41;cpu_hz=4510000000;hz_source=advertised-pcore-max:Apple-M4-Pro/Max;qos=user_interactive

block-26-kyber-sme-1024.csv
# est_cycles;timer=CLOCK_UPTIME_RAW;timer_res_ns=41;cpu_hz=4510000000;hz_source=advertised-pcore-max:Apple-M4-Pro/Max;qos=user_interactive

block-26-mlkem-sve-512.csv
# est_cycles;timer=CLOCK_UPTIME_RAW;timer_res_ns=41;cpu_hz=4510000000;hz_source=advertised-pcore-max:Apple-M4-Pro/Max;qos=user_interactive

block-26-kyber-sve-1024.csv
# est_cycles;timer=CLOCK_UPTIME_RAW;timer_res_ns=41;cpu_hz=4510000000;hz_source=advertised-pcore-max:Apple-M4-Pro/Max;qos=user_interactive

block-26-kyber-sme-512.csv
# est_cycles;timer=CLOCK_UPTIME_RAW;timer_res_ns=41;cpu_hz=4510000000;hz_source=advertised-pcore-max:Apple-M4-Pro/Max;qos=user_interactive

block-26-kyber-sve-512.csv
# est_cycles;timer=CLOCK_UPTIME_RAW;timer_res_ns=41;cpu_hz=4510000000;hz_source=advertised-pcore-max:Apple-M4-Pro/Max;qos=user_interactive

block-26-mlkem-neon-512.csv
# est_cycles;timer=CLOCK_UPTIME_RAW;timer_res_ns=41;cpu_hz=4510000000;hz_source=advertised-pcore-max:Apple-M4-Pro/Max;qos=user_interactive

block-26-kyber-ref-1024.csv
# est_cycles;timer=CLOCK_UPTIME_RAW;timer_res_ns=41;cpu_hz=4510000000;hz_source=advertised-pcore-max:Apple-M4-Pro/Max;qos=user_interactive

block-26-mlkem-sve-1024.csv
# est_cycles;timer=CLOCK_UPTIME_RAW;timer_res_ns=41;cpu_hz=4510000000;hz_source=advertised-pcore-max:Apple-M4-Pro/Max;qos=user_interactive

block-26-kyber-ref-512.csv
# est_cycles;timer=CLOCK_UPTIME_RAW;timer_res_ns=41;cpu_hz=4510000000;hz_source=advertised-pcore-max:Apple-M4-Pro/Max;qos=user_interactive

block-27-mlkem-sme-512.csv
# est_cycles;timer=CLOCK_UPTIME_RAW;timer_res_ns=41;cpu_hz=4510000000;hz_source=advertised-pcore-max:Apple-M4-Pro/Max;qos=user_interactive

block-27-kyber-neon-1024.csv
# est_cycles;timer=CLOCK_UPTIME_RAW;timer_res_ns=41;cpu_hz=4510000000;hz_source=advertised-pcore-max:Apple-M4-Pro/Max;qos=user_interactive

block-27-mlkem-neon-512.csv
# est_cycles;timer=CLOCK_UPTIME_RAW;timer_res_ns=41;cpu_hz=4510000000;hz_source=advertised-pcore-max:Apple-M4-Pro/Max;qos=user_interactive

block-27-kyber-ref-512.csv
# est_cycles;timer=CLOCK_UPTIME_RAW;timer_res_ns=41;cpu_hz=4510000000;hz_source=advertised-pcore-max:Apple-M4-Pro/Max;qos=user_interactive

block-27-kyber-ref-1024.csv
# est_cycles;timer=CLOCK_UPTIME_RAW;timer_res_ns=41;cpu_hz=4510000000;hz_source=advertised-pcore-max:Apple-M4-Pro/Max;qos=user_interactive

block-27-mlkem-ref-1024.csv
# est_cycles;timer=CLOCK_UPTIME_RAW;timer_res_ns=41;cpu_hz=4510000000;hz_source=advertised-pcore-max:Apple-M4-Pro/Max;qos=user_interactive

block-27-mlkem-sve-1024.csv
# est_cycles;timer=CLOCK_UPTIME_RAW;timer_res_ns=41;cpu_hz=4510000000;hz_source=advertised-pcore-max:Apple-M4-Pro/Max;qos=user_interactive

block-27-kyber-neon-512.csv
# est_cycles;timer=CLOCK_UPTIME_RAW;timer_res_ns=41;cpu_hz=4510000000;hz_source=advertised-pcore-max:Apple-M4-Pro/Max;qos=user_interactive

block-27-mlkem-sme-1024.csv
# est_cycles;timer=CLOCK_UPTIME_RAW;timer_res_ns=41;cpu_hz=4510000000;hz_source=advertised-pcore-max:Apple-M4-Pro/Max;qos=user_interactive

block-27-kyber-sme-512.csv
# est_cycles;timer=CLOCK_UPTIME_RAW;timer_res_ns=41;cpu_hz=4510000000;hz_source=advertised-pcore-max:Apple-M4-Pro/Max;qos=user_interactive

block-27-mlkem-ref-512.csv
# est_cycles;timer=CLOCK_UPTIME_RAW;timer_res_ns=41;cpu_hz=4510000000;hz_source=advertised-pcore-max:Apple-M4-Pro/Max;qos=user_interactive

block-27-kyber-sve-512.csv
# est_cycles;timer=CLOCK_UPTIME_RAW;timer_res_ns=41;cpu_hz=4510000000;hz_source=advertised-pcore-max:Apple-M4-Pro/Max;qos=user_interactive

block-27-mlkem-neon-1024.csv
# est_cycles;timer=CLOCK_UPTIME_RAW;timer_res_ns=41;cpu_hz=4510000000;hz_source=advertised-pcore-max:Apple-M4-Pro/Max;qos=user_interactive

block-27-kyber-sve-1024.csv
# est_cycles;timer=CLOCK_UPTIME_RAW;timer_res_ns=41;cpu_hz=4510000000;hz_source=advertised-pcore-max:Apple-M4-Pro/Max;qos=user_interactive

block-27-kyber-sme-1024.csv
# est_cycles;timer=CLOCK_UPTIME_RAW;timer_res_ns=41;cpu_hz=4510000000;hz_source=advertised-pcore-max:Apple-M4-Pro/Max;qos=user_interactive

block-27-mlkem-sve-512.csv
# est_cycles;timer=CLOCK_UPTIME_RAW;timer_res_ns=41;cpu_hz=4510000000;hz_source=advertised-pcore-max:Apple-M4-Pro/Max;qos=user_interactive

block-28-kyber-sve-1024.csv
# est_cycles;timer=CLOCK_UPTIME_RAW;timer_res_ns=41;cpu_hz=4510000000;hz_source=advertised-pcore-max:Apple-M4-Pro/Max;qos=user_interactive

block-28-mlkem-sme-512.csv
# est_cycles;timer=CLOCK_UPTIME_RAW;timer_res_ns=41;cpu_hz=4510000000;hz_source=advertised-pcore-max:Apple-M4-Pro/Max;qos=user_interactive

block-28-mlkem-sve-512.csv
# est_cycles;timer=CLOCK_UPTIME_RAW;timer_res_ns=41;cpu_hz=4510000000;hz_source=advertised-pcore-max:Apple-M4-Pro/Max;qos=user_interactive

block-28-kyber-neon-1024.csv
# est_cycles;timer=CLOCK_UPTIME_RAW;timer_res_ns=41;cpu_hz=4510000000;hz_source=advertised-pcore-max:Apple-M4-Pro/Max;qos=user_interactive

block-28-kyber-sme-512.csv
# est_cycles;timer=CLOCK_UPTIME_RAW;timer_res_ns=41;cpu_hz=4510000000;hz_source=advertised-pcore-max:Apple-M4-Pro/Max;qos=user_interactive

block-28-mlkem-sme-1024.csv
# est_cycles;timer=CLOCK_UPTIME_RAW;timer_res_ns=41;cpu_hz=4510000000;hz_source=advertised-pcore-max:Apple-M4-Pro/Max;qos=user_interactive

block-28-kyber-sve-512.csv
# est_cycles;timer=CLOCK_UPTIME_RAW;timer_res_ns=41;cpu_hz=4510000000;hz_source=advertised-pcore-max:Apple-M4-Pro/Max;qos=user_interactive

block-28-kyber-ref-512.csv
# est_cycles;timer=CLOCK_UPTIME_RAW;timer_res_ns=41;cpu_hz=4510000000;hz_source=advertised-pcore-max:Apple-M4-Pro/Max;qos=user_interactive

block-28-kyber-neon-512.csv
# est_cycles;timer=CLOCK_UPTIME_RAW;timer_res_ns=41;cpu_hz=4510000000;hz_source=advertised-pcore-max:Apple-M4-Pro/Max;qos=user_interactive

block-28-kyber-ref-1024.csv
# est_cycles;timer=CLOCK_UPTIME_RAW;timer_res_ns=41;cpu_hz=4510000000;hz_source=advertised-pcore-max:Apple-M4-Pro/Max;qos=user_interactive

block-28-kyber-sme-1024.csv
# est_cycles;timer=CLOCK_UPTIME_RAW;timer_res_ns=41;cpu_hz=4510000000;hz_source=advertised-pcore-max:Apple-M4-Pro/Max;qos=user_interactive

block-28-mlkem-neon-512.csv
# est_cycles;timer=CLOCK_UPTIME_RAW;timer_res_ns=41;cpu_hz=4510000000;hz_source=advertised-pcore-max:Apple-M4-Pro/Max;qos=user_interactive

block-28-mlkem-ref-512.csv
# est_cycles;timer=CLOCK_UPTIME_RAW;timer_res_ns=41;cpu_hz=4510000000;hz_source=advertised-pcore-max:Apple-M4-Pro/Max;qos=user_interactive

block-28-mlkem-ref-1024.csv
# est_cycles;timer=CLOCK_UPTIME_RAW;timer_res_ns=41;cpu_hz=4510000000;hz_source=advertised-pcore-max:Apple-M4-Pro/Max;qos=user_interactive

block-28-mlkem-sve-1024.csv
# est_cycles;timer=CLOCK_UPTIME_RAW;timer_res_ns=41;cpu_hz=4510000000;hz_source=advertised-pcore-max:Apple-M4-Pro/Max;qos=user_interactive

block-28-mlkem-neon-1024.csv
# est_cycles;timer=CLOCK_UPTIME_RAW;timer_res_ns=41;cpu_hz=4510000000;hz_source=advertised-pcore-max:Apple-M4-Pro/Max;qos=user_interactive

block-29-mlkem-sme-1024.csv
# est_cycles;timer=CLOCK_UPTIME_RAW;timer_res_ns=41;cpu_hz=4510000000;hz_source=advertised-pcore-max:Apple-M4-Pro/Max;qos=user_interactive

block-29-mlkem-neon-1024.csv
# est_cycles;timer=CLOCK_UPTIME_RAW;timer_res_ns=41;cpu_hz=4510000000;hz_source=advertised-pcore-max:Apple-M4-Pro/Max;qos=user_interactive

block-29-mlkem-sve-512.csv
# est_cycles;timer=CLOCK_UPTIME_RAW;timer_res_ns=41;cpu_hz=4510000000;hz_source=advertised-pcore-max:Apple-M4-Pro/Max;qos=user_interactive

block-29-kyber-ref-512.csv
# est_cycles;timer=CLOCK_UPTIME_RAW;timer_res_ns=41;cpu_hz=4510000000;hz_source=advertised-pcore-max:Apple-M4-Pro/Max;qos=user_interactive

block-29-mlkem-sme-512.csv
# est_cycles;timer=CLOCK_UPTIME_RAW;timer_res_ns=41;cpu_hz=4510000000;hz_source=advertised-pcore-max:Apple-M4-Pro/Max;qos=user_interactive

block-29-kyber-sve-1024.csv
# est_cycles;timer=CLOCK_UPTIME_RAW;timer_res_ns=41;cpu_hz=4510000000;hz_source=advertised-pcore-max:Apple-M4-Pro/Max;qos=user_interactive

block-29-kyber-neon-1024.csv
# est_cycles;timer=CLOCK_UPTIME_RAW;timer_res_ns=41;cpu_hz=4510000000;hz_source=advertised-pcore-max:Apple-M4-Pro/Max;qos=user_interactive

block-29-mlkem-sve-1024.csv
# est_cycles;timer=CLOCK_UPTIME_RAW;timer_res_ns=41;cpu_hz=4510000000;hz_source=advertised-pcore-max:Apple-M4-Pro/Max;qos=user_interactive

block-29-kyber-ref-1024.csv
# est_cycles;timer=CLOCK_UPTIME_RAW;timer_res_ns=41;cpu_hz=4510000000;hz_source=advertised-pcore-max:Apple-M4-Pro/Max;qos=user_interactive

block-29-kyber-sme-512.csv
# est_cycles;timer=CLOCK_UPTIME_RAW;timer_res_ns=41;cpu_hz=4510000000;hz_source=advertised-pcore-max:Apple-M4-Pro/Max;qos=user_interactive

block-29-mlkem-ref-1024.csv
# est_cycles;timer=CLOCK_UPTIME_RAW;timer_res_ns=41;cpu_hz=4510000000;hz_source=advertised-pcore-max:Apple-M4-Pro/Max;qos=user_interactive

block-29-kyber-neon-512.csv
# est_cycles;timer=CLOCK_UPTIME_RAW;timer_res_ns=41;cpu_hz=4510000000;hz_source=advertised-pcore-max:Apple-M4-Pro/Max;qos=user_interactive

block-29-mlkem-ref-512.csv
# est_cycles;timer=CLOCK_UPTIME_RAW;timer_res_ns=41;cpu_hz=4510000000;hz_source=advertised-pcore-max:Apple-M4-Pro/Max;qos=user_interactive

block-29-kyber-sme-1024.csv
# est_cycles;timer=CLOCK_UPTIME_RAW;timer_res_ns=41;cpu_hz=4510000000;hz_source=advertised-pcore-max:Apple-M4-Pro/Max;qos=user_interactive

block-29-mlkem-neon-512.csv
# est_cycles;timer=CLOCK_UPTIME_RAW;timer_res_ns=41;cpu_hz=4510000000;hz_source=advertised-pcore-max:Apple-M4-Pro/Max;qos=user_interactive

block-29-kyber-sve-512.csv
# est_cycles;timer=CLOCK_UPTIME_RAW;timer_res_ns=41;cpu_hz=4510000000;hz_source=advertised-pcore-max:Apple-M4-Pro/Max;qos=user_interactive

block-30-mlkem-ref-512.csv
# est_cycles;timer=CLOCK_UPTIME_RAW;timer_res_ns=41;cpu_hz=4510000000;hz_source=advertised-pcore-max:Apple-M4-Pro/Max;qos=user_interactive

block-30-mlkem-neon-1024.csv
# est_cycles;timer=CLOCK_UPTIME_RAW;timer_res_ns=41;cpu_hz=4510000000;hz_source=advertised-pcore-max:Apple-M4-Pro/Max;qos=user_interactive

block-30-kyber-sve-1024.csv
# est_cycles;timer=CLOCK_UPTIME_RAW;timer_res_ns=41;cpu_hz=4510000000;hz_source=advertised-pcore-max:Apple-M4-Pro/Max;qos=user_interactive

block-30-mlkem-neon-512.csv
# est_cycles;timer=CLOCK_UPTIME_RAW;timer_res_ns=41;cpu_hz=4510000000;hz_source=advertised-pcore-max:Apple-M4-Pro/Max;qos=user_interactive

block-30-kyber-ref-1024.csv
# est_cycles;timer=CLOCK_UPTIME_RAW;timer_res_ns=41;cpu_hz=4510000000;hz_source=advertised-pcore-max:Apple-M4-Pro/Max;qos=user_interactive

block-30-kyber-sme-512.csv
# est_cycles;timer=CLOCK_UPTIME_RAW;timer_res_ns=41;cpu_hz=4510000000;hz_source=advertised-pcore-max:Apple-M4-Pro/Max;qos=user_interactive

block-30-mlkem-sve-512.csv
# est_cycles;timer=CLOCK_UPTIME_RAW;timer_res_ns=41;cpu_hz=4510000000;hz_source=advertised-pcore-max:Apple-M4-Pro/Max;qos=user_interactive

block-30-kyber-neon-1024.csv
# est_cycles;timer=CLOCK_UPTIME_RAW;timer_res_ns=41;cpu_hz=4510000000;hz_source=advertised-pcore-max:Apple-M4-Pro/Max;qos=user_interactive

block-30-kyber-ref-512.csv
# est_cycles;timer=CLOCK_UPTIME_RAW;timer_res_ns=41;cpu_hz=4510000000;hz_source=advertised-pcore-max:Apple-M4-Pro/Max;qos=user_interactive

block-30-mlkem-sme-512.csv
# est_cycles;timer=CLOCK_UPTIME_RAW;timer_res_ns=41;cpu_hz=4510000000;hz_source=advertised-pcore-max:Apple-M4-Pro/Max;qos=user_interactive

block-30-mlkem-sme-1024.csv
# est_cycles;timer=CLOCK_UPTIME_RAW;timer_res_ns=41;cpu_hz=4510000000;hz_source=advertised-pcore-max:Apple-M4-Pro/Max;qos=user_interactive

block-30-mlkem-ref-1024.csv
# est_cycles;timer=CLOCK_UPTIME_RAW;timer_res_ns=41;cpu_hz=4510000000;hz_source=advertised-pcore-max:Apple-M4-Pro/Max;qos=user_interactive

block-30-mlkem-sve-1024.csv
# est_cycles;timer=CLOCK_UPTIME_RAW;timer_res_ns=41;cpu_hz=4510000000;hz_source=advertised-pcore-max:Apple-M4-Pro/Max;qos=user_interactive

block-30-kyber-neon-512.csv
# est_cycles;timer=CLOCK_UPTIME_RAW;timer_res_ns=41;cpu_hz=4510000000;hz_source=advertised-pcore-max:Apple-M4-Pro/Max;qos=user_interactive

block-30-kyber-sme-1024.csv
# est_cycles;timer=CLOCK_UPTIME_RAW;timer_res_ns=41;cpu_hz=4510000000;hz_source=advertised-pcore-max:Apple-M4-Pro/Max;qos=user_interactive

block-30-kyber-sve-512.csv
# est_cycles;timer=CLOCK_UPTIME_RAW;timer_res_ns=41;cpu_hz=4510000000;hz_source=advertised-pcore-max:Apple-M4-Pro/Max;qos=user_interactive

block-01-mlkem-sve-768.csv
# est_cycles;timer=CLOCK_UPTIME_RAW;timer_res_ns=41;cpu_hz=4510000000;hz_source=advertised-pcore-max:Apple-M4-Pro/Max;qos=user_interactive

block-01-kyber-sve-512.csv
# est_cycles;timer=CLOCK_UPTIME_RAW;timer_res_ns=41;cpu_hz=4510000000;hz_source=advertised-pcore-max:Apple-M4-Pro/Max;qos=user_interactive

block-01-mlkem-sve-1024.csv
# est_cycles;timer=CLOCK_UPTIME_RAW;timer_res_ns=41;cpu_hz=4510000000;hz_source=advertised-pcore-max:Apple-M4-Pro/Max;qos=user_interactive

block-01-kyber-sve-768.csv
# est_cycles;timer=CLOCK_UPTIME_RAW;timer_res_ns=41;cpu_hz=4510000000;hz_source=advertised-pcore-max:Apple-M4-Pro/Max;qos=user_interactive

block-01-kyber-sve-1024.csv
# est_cycles;timer=CLOCK_UPTIME_RAW;timer_res_ns=41;cpu_hz=4510000000;hz_source=advertised-pcore-max:Apple-M4-Pro/Max;qos=user_interactive

block-01-mlkem-sve-512.csv
# est_cycles;timer=CLOCK_UPTIME_RAW;timer_res_ns=41;cpu_hz=4510000000;hz_source=advertised-pcore-max:Apple-M4-Pro/Max;qos=user_interactive

block-02-mlkem-sve-1024.csv
# est_cycles;timer=CLOCK_UPTIME_RAW;timer_res_ns=41;cpu_hz=4510000000;hz_source=advertised-pcore-max:Apple-M4-Pro/Max;qos=user_interactive

block-02-kyber-sve-1024.csv
# est_cycles;timer=CLOCK_UPTIME_RAW;timer_res_ns=41;cpu_hz=4510000000;hz_source=advertised-pcore-max:Apple-M4-Pro/Max;qos=user_interactive

block-02-kyber-sve-512.csv
# est_cycles;timer=CLOCK_UPTIME_RAW;timer_res_ns=41;cpu_hz=4510000000;hz_source=advertised-pcore-max:Apple-M4-Pro/Max;qos=user_interactive

block-02-mlkem-sve-512.csv
# est_cycles;timer=CLOCK_UPTIME_RAW;timer_res_ns=41;cpu_hz=4510000000;hz_source=advertised-pcore-max:Apple-M4-Pro/Max;qos=user_interactive

block-02-mlkem-sve-768.csv
# est_cycles;timer=CLOCK_UPTIME_RAW;timer_res_ns=41;cpu_hz=4510000000;hz_source=advertised-pcore-max:Apple-M4-Pro/Max;qos=user_interactive

block-02-kyber-sve-768.csv
# est_cycles;timer=CLOCK_UPTIME_RAW;timer_res_ns=41;cpu_hz=4510000000;hz_source=advertised-pcore-max:Apple-M4-Pro/Max;qos=user_interactive

block-03-mlkem-sve-1024.csv
# est_cycles;timer=CLOCK_UPTIME_RAW;timer_res_ns=41;cpu_hz=4510000000;hz_source=advertised-pcore-max:Apple-M4-Pro/Max;qos=user_interactive

block-03-kyber-sve-1024.csv
# est_cycles;timer=CLOCK_UPTIME_RAW;timer_res_ns=41;cpu_hz=4510000000;hz_source=advertised-pcore-max:Apple-M4-Pro/Max;qos=user_interactive

block-03-mlkem-sve-512.csv
# est_cycles;timer=CLOCK_UPTIME_RAW;timer_res_ns=41;cpu_hz=4510000000;hz_source=advertised-pcore-max:Apple-M4-Pro/Max;qos=user_interactive

block-03-kyber-sve-768.csv
# est_cycles;timer=CLOCK_UPTIME_RAW;timer_res_ns=41;cpu_hz=4510000000;hz_source=advertised-pcore-max:Apple-M4-Pro/Max;qos=user_interactive

block-03-mlkem-sve-768.csv
# est_cycles;timer=CLOCK_UPTIME_RAW;timer_res_ns=41;cpu_hz=4510000000;hz_source=advertised-pcore-max:Apple-M4-Pro/Max;qos=user_interactive

block-03-kyber-sve-512.csv
# est_cycles;timer=CLOCK_UPTIME_RAW;timer_res_ns=41;cpu_hz=4510000000;hz_source=advertised-pcore-max:Apple-M4-Pro/Max;qos=user_interactive

block-04-mlkem-sve-768.csv
# est_cycles;timer=CLOCK_UPTIME_RAW;timer_res_ns=41;cpu_hz=4510000000;hz_source=advertised-pcore-max:Apple-M4-Pro/Max;qos=user_interactive

block-04-kyber-sve-768.csv
# est_cycles;timer=CLOCK_UPTIME_RAW;timer_res_ns=41;cpu_hz=4510000000;hz_source=advertised-pcore-max:Apple-M4-Pro/Max;qos=user_interactive

block-04-kyber-sve-512.csv
# est_cycles;timer=CLOCK_UPTIME_RAW;timer_res_ns=41;cpu_hz=4510000000;hz_source=advertised-pcore-max:Apple-M4-Pro/Max;qos=user_interactive

block-04-mlkem-sve-1024.csv
# est_cycles;timer=CLOCK_UPTIME_RAW;timer_res_ns=41;cpu_hz=4510000000;hz_source=advertised-pcore-max:Apple-M4-Pro/Max;qos=user_interactive

block-04-mlkem-sve-512.csv
# est_cycles;timer=CLOCK_UPTIME_RAW;timer_res_ns=41;cpu_hz=4510000000;hz_source=advertised-pcore-max:Apple-M4-Pro/Max;qos=user_interactive

block-04-kyber-sve-1024.csv
# est_cycles;timer=CLOCK_UPTIME_RAW;timer_res_ns=41;cpu_hz=4510000000;hz_source=advertised-pcore-max:Apple-M4-Pro/Max;qos=user_interactive

block-05-mlkem-sve-768.csv
# est_cycles;timer=CLOCK_UPTIME_RAW;timer_res_ns=41;cpu_hz=4510000000;hz_source=advertised-pcore-max:Apple-M4-Pro/Max;qos=user_interactive

block-05-mlkem-sve-512.csv
# est_cycles;timer=CLOCK_UPTIME_RAW;timer_res_ns=41;cpu_hz=4510000000;hz_source=advertised-pcore-max:Apple-M4-Pro/Max;qos=user_interactive

block-05-mlkem-sve-1024.csv
# est_cycles;timer=CLOCK_UPTIME_RAW;timer_res_ns=41;cpu_hz=4510000000;hz_source=advertised-pcore-max:Apple-M4-Pro/Max;qos=user_interactive

block-05-kyber-sve-512.csv
# est_cycles;timer=CLOCK_UPTIME_RAW;timer_res_ns=41;cpu_hz=4510000000;hz_source=advertised-pcore-max:Apple-M4-Pro/Max;qos=user_interactive

block-05-kyber-sve-1024.csv
# est_cycles;timer=CLOCK_UPTIME_RAW;timer_res_ns=41;cpu_hz=4510000000;hz_source=advertised-pcore-max:Apple-M4-Pro/Max;qos=user_interactive

block-05-kyber-sve-768.csv
# est_cycles;timer=CLOCK_UPTIME_RAW;timer_res_ns=41;cpu_hz=4510000000;hz_source=advertised-pcore-max:Apple-M4-Pro/Max;qos=user_interactive

block-06-kyber-sve-768.csv
# est_cycles;timer=CLOCK_UPTIME_RAW;timer_res_ns=41;cpu_hz=4510000000;hz_source=advertised-pcore-max:Apple-M4-Pro/Max;qos=user_interactive

block-06-kyber-sve-512.csv
# est_cycles;timer=CLOCK_UPTIME_RAW;timer_res_ns=41;cpu_hz=4510000000;hz_source=advertised-pcore-max:Apple-M4-Pro/Max;qos=user_interactive

block-06-kyber-sve-1024.csv
# est_cycles;timer=CLOCK_UPTIME_RAW;timer_res_ns=41;cpu_hz=4510000000;hz_source=advertised-pcore-max:Apple-M4-Pro/Max;qos=user_interactive

block-06-mlkem-sve-1024.csv
# est_cycles;timer=CLOCK_UPTIME_RAW;timer_res_ns=41;cpu_hz=4510000000;hz_source=advertised-pcore-max:Apple-M4-Pro/Max;qos=user_interactive

block-06-mlkem-sve-512.csv
# est_cycles;timer=CLOCK_UPTIME_RAW;timer_res_ns=41;cpu_hz=4510000000;hz_source=advertised-pcore-max:Apple-M4-Pro/Max;qos=user_interactive

block-06-mlkem-sve-768.csv
# est_cycles;timer=CLOCK_UPTIME_RAW;timer_res_ns=41;cpu_hz=4510000000;hz_source=advertised-pcore-max:Apple-M4-Pro/Max;qos=user_interactive

block-07-kyber-sve-512.csv
# est_cycles;timer=CLOCK_UPTIME_RAW;timer_res_ns=41;cpu_hz=4510000000;hz_source=advertised-pcore-max:Apple-M4-Pro/Max;qos=user_interactive

block-07-kyber-sve-768.csv
# est_cycles;timer=CLOCK_UPTIME_RAW;timer_res_ns=41;cpu_hz=4510000000;hz_source=advertised-pcore-max:Apple-M4-Pro/Max;qos=user_interactive

block-07-kyber-sve-1024.csv
# est_cycles;timer=CLOCK_UPTIME_RAW;timer_res_ns=41;cpu_hz=4510000000;hz_source=advertised-pcore-max:Apple-M4-Pro/Max;qos=user_interactive

block-07-mlkem-sve-512.csv
# est_cycles;timer=CLOCK_UPTIME_RAW;timer_res_ns=41;cpu_hz=4510000000;hz_source=advertised-pcore-max:Apple-M4-Pro/Max;qos=user_interactive

block-07-mlkem-sve-1024.csv
# est_cycles;timer=CLOCK_UPTIME_RAW;timer_res_ns=41;cpu_hz=4510000000;hz_source=advertised-pcore-max:Apple-M4-Pro/Max;qos=user_interactive

block-07-mlkem-sve-768.csv
# est_cycles;timer=CLOCK_UPTIME_RAW;timer_res_ns=41;cpu_hz=4510000000;hz_source=advertised-pcore-max:Apple-M4-Pro/Max;qos=user_interactive

block-08-mlkem-sve-768.csv
# est_cycles;timer=CLOCK_UPTIME_RAW;timer_res_ns=41;cpu_hz=4510000000;hz_source=advertised-pcore-max:Apple-M4-Pro/Max;qos=user_interactive

block-08-kyber-sve-1024.csv
# est_cycles;timer=CLOCK_UPTIME_RAW;timer_res_ns=41;cpu_hz=4510000000;hz_source=advertised-pcore-max:Apple-M4-Pro/Max;qos=user_interactive

block-08-kyber-sve-512.csv
# est_cycles;timer=CLOCK_UPTIME_RAW;timer_res_ns=41;cpu_hz=4510000000;hz_source=advertised-pcore-max:Apple-M4-Pro/Max;qos=user_interactive

block-08-mlkem-sve-512.csv
# est_cycles;timer=CLOCK_UPTIME_RAW;timer_res_ns=41;cpu_hz=4510000000;hz_source=advertised-pcore-max:Apple-M4-Pro/Max;qos=user_interactive

block-08-mlkem-sve-1024.csv
# est_cycles;timer=CLOCK_UPTIME_RAW;timer_res_ns=41;cpu_hz=4510000000;hz_source=advertised-pcore-max:Apple-M4-Pro/Max;qos=user_interactive

block-08-kyber-sve-768.csv
# est_cycles;timer=CLOCK_UPTIME_RAW;timer_res_ns=41;cpu_hz=4510000000;hz_source=advertised-pcore-max:Apple-M4-Pro/Max;qos=user_interactive

block-09-mlkem-sve-768.csv
# est_cycles;timer=CLOCK_UPTIME_RAW;timer_res_ns=41;cpu_hz=4510000000;hz_source=advertised-pcore-max:Apple-M4-Pro/Max;qos=user_interactive

block-09-mlkem-sve-512.csv
# est_cycles;timer=CLOCK_UPTIME_RAW;timer_res_ns=41;cpu_hz=4510000000;hz_source=advertised-pcore-max:Apple-M4-Pro/Max;qos=user_interactive

block-09-mlkem-sve-1024.csv
# est_cycles;timer=CLOCK_UPTIME_RAW;timer_res_ns=41;cpu_hz=4510000000;hz_source=advertised-pcore-max:Apple-M4-Pro/Max;qos=user_interactive

block-09-kyber-sve-1024.csv
# est_cycles;timer=CLOCK_UPTIME_RAW;timer_res_ns=41;cpu_hz=4510000000;hz_source=advertised-pcore-max:Apple-M4-Pro/Max;qos=user_interactive

block-09-kyber-sve-512.csv
# est_cycles;timer=CLOCK_UPTIME_RAW;timer_res_ns=41;cpu_hz=4510000000;hz_source=advertised-pcore-max:Apple-M4-Pro/Max;qos=user_interactive

block-09-kyber-sve-768.csv
# est_cycles;timer=CLOCK_UPTIME_RAW;timer_res_ns=41;cpu_hz=4510000000;hz_source=advertised-pcore-max:Apple-M4-Pro/Max;qos=user_interactive

block-10-mlkem-sve-1024.csv
# est_cycles;timer=CLOCK_UPTIME_RAW;timer_res_ns=41;cpu_hz=4510000000;hz_source=advertised-pcore-max:Apple-M4-Pro/Max;qos=user_interactive

block-10-kyber-sve-768.csv
# est_cycles;timer=CLOCK_UPTIME_RAW;timer_res_ns=41;cpu_hz=4510000000;hz_source=advertised-pcore-max:Apple-M4-Pro/Max;qos=user_interactive

block-10-kyber-sve-1024.csv
# est_cycles;timer=CLOCK_UPTIME_RAW;timer_res_ns=41;cpu_hz=4510000000;hz_source=advertised-pcore-max:Apple-M4-Pro/Max;qos=user_interactive

block-10-mlkem-sve-768.csv
# est_cycles;timer=CLOCK_UPTIME_RAW;timer_res_ns=41;cpu_hz=4510000000;hz_source=advertised-pcore-max:Apple-M4-Pro/Max;qos=user_interactive

block-10-mlkem-sve-512.csv
# est_cycles;timer=CLOCK_UPTIME_RAW;timer_res_ns=41;cpu_hz=4510000000;hz_source=advertised-pcore-max:Apple-M4-Pro/Max;qos=user_interactive

block-10-kyber-sve-512.csv
# est_cycles;timer=CLOCK_UPTIME_RAW;timer_res_ns=41;cpu_hz=4510000000;hz_source=advertised-pcore-max:Apple-M4-Pro/Max;qos=user_interactive

block-11-mlkem-sve-1024.csv
# est_cycles;timer=CLOCK_UPTIME_RAW;timer_res_ns=41;cpu_hz=4510000000;hz_source=advertised-pcore-max:Apple-M4-Pro/Max;qos=user_interactive

block-11-kyber-sve-512.csv
# est_cycles;timer=CLOCK_UPTIME_RAW;timer_res_ns=41;cpu_hz=4510000000;hz_source=advertised-pcore-max:Apple-M4-Pro/Max;qos=user_interactive

block-11-mlkem-sve-512.csv
# est_cycles;timer=CLOCK_UPTIME_RAW;timer_res_ns=41;cpu_hz=4510000000;hz_source=advertised-pcore-max:Apple-M4-Pro/Max;qos=user_interactive

block-11-kyber-sve-768.csv
# est_cycles;timer=CLOCK_UPTIME_RAW;timer_res_ns=41;cpu_hz=4510000000;hz_source=advertised-pcore-max:Apple-M4-Pro/Max;qos=user_interactive

block-11-kyber-sve-1024.csv
# est_cycles;timer=CLOCK_UPTIME_RAW;timer_res_ns=41;cpu_hz=4510000000;hz_source=advertised-pcore-max:Apple-M4-Pro/Max;qos=user_interactive

block-11-mlkem-sve-768.csv
# est_cycles;timer=CLOCK_UPTIME_RAW;timer_res_ns=41;cpu_hz=4510000000;hz_source=advertised-pcore-max:Apple-M4-Pro/Max;qos=user_interactive

block-12-mlkem-sve-1024.csv
# est_cycles;timer=CLOCK_UPTIME_RAW;timer_res_ns=41;cpu_hz=4510000000;hz_source=advertised-pcore-max:Apple-M4-Pro/Max;qos=user_interactive

block-12-kyber-sve-512.csv
# est_cycles;timer=CLOCK_UPTIME_RAW;timer_res_ns=41;cpu_hz=4510000000;hz_source=advertised-pcore-max:Apple-M4-Pro/Max;qos=user_interactive

block-12-mlkem-sve-768.csv
# est_cycles;timer=CLOCK_UPTIME_RAW;timer_res_ns=41;cpu_hz=4510000000;hz_source=advertised-pcore-max:Apple-M4-Pro/Max;qos=user_interactive

block-12-kyber-sve-1024.csv
# est_cycles;timer=CLOCK_UPTIME_RAW;timer_res_ns=41;cpu_hz=4510000000;hz_source=advertised-pcore-max:Apple-M4-Pro/Max;qos=user_interactive

block-12-kyber-sve-768.csv
# est_cycles;timer=CLOCK_UPTIME_RAW;timer_res_ns=41;cpu_hz=4510000000;hz_source=advertised-pcore-max:Apple-M4-Pro/Max;qos=user_interactive

block-12-mlkem-sve-512.csv
# est_cycles;timer=CLOCK_UPTIME_RAW;timer_res_ns=41;cpu_hz=4510000000;hz_source=advertised-pcore-max:Apple-M4-Pro/Max;qos=user_interactive

block-13-mlkem-sve-768.csv
# est_cycles;timer=CLOCK_UPTIME_RAW;timer_res_ns=41;cpu_hz=4510000000;hz_source=advertised-pcore-max:Apple-M4-Pro/Max;qos=user_interactive

block-13-mlkem-sve-512.csv
# est_cycles;timer=CLOCK_UPTIME_RAW;timer_res_ns=41;cpu_hz=4510000000;hz_source=advertised-pcore-max:Apple-M4-Pro/Max;qos=user_interactive

block-13-kyber-sve-768.csv
# est_cycles;timer=CLOCK_UPTIME_RAW;timer_res_ns=41;cpu_hz=4510000000;hz_source=advertised-pcore-max:Apple-M4-Pro/Max;qos=user_interactive

block-13-kyber-sve-512.csv
# est_cycles;timer=CLOCK_UPTIME_RAW;timer_res_ns=41;cpu_hz=4510000000;hz_source=advertised-pcore-max:Apple-M4-Pro/Max;qos=user_interactive

block-13-kyber-sve-1024.csv
# est_cycles;timer=CLOCK_UPTIME_RAW;timer_res_ns=41;cpu_hz=4510000000;hz_source=advertised-pcore-max:Apple-M4-Pro/Max;qos=user_interactive

block-13-mlkem-sve-1024.csv
# est_cycles;timer=CLOCK_UPTIME_RAW;timer_res_ns=41;cpu_hz=4510000000;hz_source=advertised-pcore-max:Apple-M4-Pro/Max;qos=user_interactive

block-14-mlkem-sve-1024.csv
# est_cycles;timer=CLOCK_UPTIME_RAW;timer_res_ns=41;cpu_hz=4510000000;hz_source=advertised-pcore-max:Apple-M4-Pro/Max;qos=user_interactive

block-14-kyber-sve-768.csv
# est_cycles;timer=CLOCK_UPTIME_RAW;timer_res_ns=41;cpu_hz=4510000000;hz_source=advertised-pcore-max:Apple-M4-Pro/Max;qos=user_interactive

block-14-kyber-sve-512.csv
# est_cycles;timer=CLOCK_UPTIME_RAW;timer_res_ns=41;cpu_hz=4510000000;hz_source=advertised-pcore-max:Apple-M4-Pro/Max;qos=user_interactive

block-14-mlkem-sve-768.csv
# est_cycles;timer=CLOCK_UPTIME_RAW;timer_res_ns=41;cpu_hz=4510000000;hz_source=advertised-pcore-max:Apple-M4-Pro/Max;qos=user_interactive

block-14-mlkem-sve-512.csv
# est_cycles;timer=CLOCK_UPTIME_RAW;timer_res_ns=41;cpu_hz=4510000000;hz_source=advertised-pcore-max:Apple-M4-Pro/Max;qos=user_interactive

block-14-kyber-sve-1024.csv
# est_cycles;timer=CLOCK_UPTIME_RAW;timer_res_ns=41;cpu_hz=4510000000;hz_source=advertised-pcore-max:Apple-M4-Pro/Max;qos=user_interactive

block-15-mlkem-sve-768.csv
# est_cycles;timer=CLOCK_UPTIME_RAW;timer_res_ns=41;cpu_hz=4510000000;hz_source=advertised-pcore-max:Apple-M4-Pro/Max;qos=user_interactive

block-15-kyber-sve-512.csv
# est_cycles;timer=CLOCK_UPTIME_RAW;timer_res_ns=41;cpu_hz=4510000000;hz_source=advertised-pcore-max:Apple-M4-Pro/Max;qos=user_interactive

block-15-mlkem-sve-1024.csv
# est_cycles;timer=CLOCK_UPTIME_RAW;timer_res_ns=41;cpu_hz=4510000000;hz_source=advertised-pcore-max:Apple-M4-Pro/Max;qos=user_interactive

block-15-kyber-sve-1024.csv
# est_cycles;timer=CLOCK_UPTIME_RAW;timer_res_ns=41;cpu_hz=4510000000;hz_source=advertised-pcore-max:Apple-M4-Pro/Max;qos=user_interactive

block-15-kyber-sve-768.csv
# est_cycles;timer=CLOCK_UPTIME_RAW;timer_res_ns=41;cpu_hz=4510000000;hz_source=advertised-pcore-max:Apple-M4-Pro/Max;qos=user_interactive

block-15-mlkem-sve-512.csv
# est_cycles;timer=CLOCK_UPTIME_RAW;timer_res_ns=41;cpu_hz=4510000000;hz_source=advertised-pcore-max:Apple-M4-Pro/Max;qos=user_interactive

block-16-mlkem-sve-1024.csv
# est_cycles;timer=CLOCK_UPTIME_RAW;timer_res_ns=41;cpu_hz=4510000000;hz_source=advertised-pcore-max:Apple-M4-Pro/Max;qos=user_interactive

block-16-mlkem-sve-512.csv
# est_cycles;timer=CLOCK_UPTIME_RAW;timer_res_ns=41;cpu_hz=4510000000;hz_source=advertised-pcore-max:Apple-M4-Pro/Max;qos=user_interactive

block-16-kyber-sve-1024.csv
# est_cycles;timer=CLOCK_UPTIME_RAW;timer_res_ns=41;cpu_hz=4510000000;hz_source=advertised-pcore-max:Apple-M4-Pro/Max;qos=user_interactive

block-16-kyber-sve-512.csv
# est_cycles;timer=CLOCK_UPTIME_RAW;timer_res_ns=41;cpu_hz=4510000000;hz_source=advertised-pcore-max:Apple-M4-Pro/Max;qos=user_interactive

block-16-kyber-sve-768.csv
# est_cycles;timer=CLOCK_UPTIME_RAW;timer_res_ns=41;cpu_hz=4510000000;hz_source=advertised-pcore-max:Apple-M4-Pro/Max;qos=user_interactive

block-16-mlkem-sve-768.csv
# est_cycles;timer=CLOCK_UPTIME_RAW;timer_res_ns=41;cpu_hz=4510000000;hz_source=advertised-pcore-max:Apple-M4-Pro/Max;qos=user_interactive

block-17-kyber-sve-512.csv
# est_cycles;timer=CLOCK_UPTIME_RAW;timer_res_ns=41;cpu_hz=4510000000;hz_source=advertised-pcore-max:Apple-M4-Pro/Max;qos=user_interactive

block-17-kyber-sve-1024.csv
# est_cycles;timer=CLOCK_UPTIME_RAW;timer_res_ns=41;cpu_hz=4510000000;hz_source=advertised-pcore-max:Apple-M4-Pro/Max;qos=user_interactive

block-17-kyber-sve-768.csv
# est_cycles;timer=CLOCK_UPTIME_RAW;timer_res_ns=41;cpu_hz=4510000000;hz_source=advertised-pcore-max:Apple-M4-Pro/Max;qos=user_interactive

block-17-mlkem-sve-1024.csv
# est_cycles;timer=CLOCK_UPTIME_RAW;timer_res_ns=41;cpu_hz=4510000000;hz_source=advertised-pcore-max:Apple-M4-Pro/Max;qos=user_interactive

block-17-mlkem-sve-512.csv
# est_cycles;timer=CLOCK_UPTIME_RAW;timer_res_ns=41;cpu_hz=4510000000;hz_source=advertised-pcore-max:Apple-M4-Pro/Max;qos=user_interactive

block-17-mlkem-sve-768.csv
# est_cycles;timer=CLOCK_UPTIME_RAW;timer_res_ns=41;cpu_hz=4510000000;hz_source=advertised-pcore-max:Apple-M4-Pro/Max;qos=user_interactive

block-18-mlkem-sve-512.csv
# est_cycles;timer=CLOCK_UPTIME_RAW;timer_res_ns=41;cpu_hz=4510000000;hz_source=advertised-pcore-max:Apple-M4-Pro/Max;qos=user_interactive

block-18-mlkem-sve-1024.csv
# est_cycles;timer=CLOCK_UPTIME_RAW;timer_res_ns=41;cpu_hz=4510000000;hz_source=advertised-pcore-max:Apple-M4-Pro/Max;qos=user_interactive

block-18-mlkem-sve-768.csv
# est_cycles;timer=CLOCK_UPTIME_RAW;timer_res_ns=41;cpu_hz=4510000000;hz_source=advertised-pcore-max:Apple-M4-Pro/Max;qos=user_interactive

block-18-kyber-sve-768.csv
# est_cycles;timer=CLOCK_UPTIME_RAW;timer_res_ns=41;cpu_hz=4510000000;hz_source=advertised-pcore-max:Apple-M4-Pro/Max;qos=user_interactive

block-18-kyber-sve-512.csv
# est_cycles;timer=CLOCK_UPTIME_RAW;timer_res_ns=41;cpu_hz=4510000000;hz_source=advertised-pcore-max:Apple-M4-Pro/Max;qos=user_interactive

block-18-kyber-sve-1024.csv
# est_cycles;timer=CLOCK_UPTIME_RAW;timer_res_ns=41;cpu_hz=4510000000;hz_source=advertised-pcore-max:Apple-M4-Pro/Max;qos=user_interactive

block-19-kyber-sve-512.csv
# est_cycles;timer=CLOCK_UPTIME_RAW;timer_res_ns=41;cpu_hz=4510000000;hz_source=advertised-pcore-max:Apple-M4-Pro/Max;qos=user_interactive

block-19-kyber-sve-768.csv
# est_cycles;timer=CLOCK_UPTIME_RAW;timer_res_ns=41;cpu_hz=4510000000;hz_source=advertised-pcore-max:Apple-M4-Pro/Max;qos=user_interactive

block-19-mlkem-sve-768.csv
# est_cycles;timer=CLOCK_UPTIME_RAW;timer_res_ns=41;cpu_hz=4510000000;hz_source=advertised-pcore-max:Apple-M4-Pro/Max;qos=user_interactive

block-19-mlkem-sve-512.csv
# est_cycles;timer=CLOCK_UPTIME_RAW;timer_res_ns=41;cpu_hz=4510000000;hz_source=advertised-pcore-max:Apple-M4-Pro/Max;qos=user_interactive

block-19-kyber-sve-1024.csv
# est_cycles;timer=CLOCK_UPTIME_RAW;timer_res_ns=41;cpu_hz=4510000000;hz_source=advertised-pcore-max:Apple-M4-Pro/Max;qos=user_interactive

block-19-mlkem-sve-1024.csv
# est_cycles;timer=CLOCK_UPTIME_RAW;timer_res_ns=41;cpu_hz=4510000000;hz_source=advertised-pcore-max:Apple-M4-Pro/Max;qos=user_interactive

block-20-mlkem-sve-1024.csv
# est_cycles;timer=CLOCK_UPTIME_RAW;timer_res_ns=41;cpu_hz=4510000000;hz_source=advertised-pcore-max:Apple-M4-Pro/Max;qos=user_interactive

block-20-mlkem-sve-512.csv
# est_cycles;timer=CLOCK_UPTIME_RAW;timer_res_ns=41;cpu_hz=4510000000;hz_source=advertised-pcore-max:Apple-M4-Pro/Max;qos=user_interactive

block-20-kyber-sve-512.csv
# est_cycles;timer=CLOCK_UPTIME_RAW;timer_res_ns=41;cpu_hz=4510000000;hz_source=advertised-pcore-max:Apple-M4-Pro/Max;qos=user_interactive

block-20-kyber-sve-1024.csv
# est_cycles;timer=CLOCK_UPTIME_RAW;timer_res_ns=41;cpu_hz=4510000000;hz_source=advertised-pcore-max:Apple-M4-Pro/Max;qos=user_interactive

block-20-mlkem-sve-768.csv
# est_cycles;timer=CLOCK_UPTIME_RAW;timer_res_ns=41;cpu_hz=4510000000;hz_source=advertised-pcore-max:Apple-M4-Pro/Max;qos=user_interactive

block-20-kyber-sve-768.csv
# est_cycles;timer=CLOCK_UPTIME_RAW;timer_res_ns=41;cpu_hz=4510000000;hz_source=advertised-pcore-max:Apple-M4-Pro/Max;qos=user_interactive

block-21-mlkem-sve-1024.csv
# est_cycles;timer=CLOCK_UPTIME_RAW;timer_res_ns=41;cpu_hz=4510000000;hz_source=advertised-pcore-max:Apple-M4-Pro/Max;qos=user_interactive

block-21-kyber-sve-512.csv
# est_cycles;timer=CLOCK_UPTIME_RAW;timer_res_ns=41;cpu_hz=4510000000;hz_source=advertised-pcore-max:Apple-M4-Pro/Max;qos=user_interactive

block-21-mlkem-sve-768.csv
# est_cycles;timer=CLOCK_UPTIME_RAW;timer_res_ns=41;cpu_hz=4510000000;hz_source=advertised-pcore-max:Apple-M4-Pro/Max;qos=user_interactive

block-21-kyber-sve-1024.csv
# est_cycles;timer=CLOCK_UPTIME_RAW;timer_res_ns=41;cpu_hz=4510000000;hz_source=advertised-pcore-max:Apple-M4-Pro/Max;qos=user_interactive

block-21-mlkem-sve-512.csv
# est_cycles;timer=CLOCK_UPTIME_RAW;timer_res_ns=41;cpu_hz=4510000000;hz_source=advertised-pcore-max:Apple-M4-Pro/Max;qos=user_interactive

block-21-kyber-sve-768.csv
# est_cycles;timer=CLOCK_UPTIME_RAW;timer_res_ns=41;cpu_hz=4510000000;hz_source=advertised-pcore-max:Apple-M4-Pro/Max;qos=user_interactive

block-22-mlkem-sve-1024.csv
# est_cycles;timer=CLOCK_UPTIME_RAW;timer_res_ns=41;cpu_hz=4510000000;hz_source=advertised-pcore-max:Apple-M4-Pro/Max;qos=user_interactive

block-22-kyber-sve-1024.csv
# est_cycles;timer=CLOCK_UPTIME_RAW;timer_res_ns=41;cpu_hz=4510000000;hz_source=advertised-pcore-max:Apple-M4-Pro/Max;qos=user_interactive

block-22-mlkem-sve-512.csv
# est_cycles;timer=CLOCK_UPTIME_RAW;timer_res_ns=41;cpu_hz=4510000000;hz_source=advertised-pcore-max:Apple-M4-Pro/Max;qos=user_interactive

block-22-kyber-sve-768.csv
# est_cycles;timer=CLOCK_UPTIME_RAW;timer_res_ns=41;cpu_hz=4510000000;hz_source=advertised-pcore-max:Apple-M4-Pro/Max;qos=user_interactive

block-22-mlkem-sve-768.csv
# est_cycles;timer=CLOCK_UPTIME_RAW;timer_res_ns=41;cpu_hz=4510000000;hz_source=advertised-pcore-max:Apple-M4-Pro/Max;qos=user_interactive

block-22-kyber-sve-512.csv
# est_cycles;timer=CLOCK_UPTIME_RAW;timer_res_ns=41;cpu_hz=4510000000;hz_source=advertised-pcore-max:Apple-M4-Pro/Max;qos=user_interactive

block-23-mlkem-sve-1024.csv
# est_cycles;timer=CLOCK_UPTIME_RAW;timer_res_ns=41;cpu_hz=4510000000;hz_source=advertised-pcore-max:Apple-M4-Pro/Max;qos=user_interactive

block-23-mlkem-sve-768.csv
# est_cycles;timer=CLOCK_UPTIME_RAW;timer_res_ns=41;cpu_hz=4510000000;hz_source=advertised-pcore-max:Apple-M4-Pro/Max;qos=user_interactive

block-23-kyber-sve-512.csv
# est_cycles;timer=CLOCK_UPTIME_RAW;timer_res_ns=41;cpu_hz=4510000000;hz_source=advertised-pcore-max:Apple-M4-Pro/Max;qos=user_interactive

block-23-mlkem-sve-512.csv
# est_cycles;timer=CLOCK_UPTIME_RAW;timer_res_ns=41;cpu_hz=4510000000;hz_source=advertised-pcore-max:Apple-M4-Pro/Max;qos=user_interactive

block-23-kyber-sve-768.csv
# est_cycles;timer=CLOCK_UPTIME_RAW;timer_res_ns=41;cpu_hz=4510000000;hz_source=advertised-pcore-max:Apple-M4-Pro/Max;qos=user_interactive

block-23-kyber-sve-1024.csv
# est_cycles;timer=CLOCK_UPTIME_RAW;timer_res_ns=41;cpu_hz=4510000000;hz_source=advertised-pcore-max:Apple-M4-Pro/Max;qos=user_interactive

block-24-mlkem-sve-512.csv
# est_cycles;timer=CLOCK_UPTIME_RAW;timer_res_ns=41;cpu_hz=4510000000;hz_source=advertised-pcore-max:Apple-M4-Pro/Max;qos=user_interactive

block-24-mlkem-sve-768.csv
# est_cycles;timer=CLOCK_UPTIME_RAW;timer_res_ns=41;cpu_hz=4510000000;hz_source=advertised-pcore-max:Apple-M4-Pro/Max;qos=user_interactive

block-24-kyber-sve-512.csv
# est_cycles;timer=CLOCK_UPTIME_RAW;timer_res_ns=41;cpu_hz=4510000000;hz_source=advertised-pcore-max:Apple-M4-Pro/Max;qos=user_interactive

block-24-kyber-sve-768.csv
# est_cycles;timer=CLOCK_UPTIME_RAW;timer_res_ns=41;cpu_hz=4510000000;hz_source=advertised-pcore-max:Apple-M4-Pro/Max;qos=user_interactive

block-24-kyber-sve-1024.csv
# est_cycles;timer=CLOCK_UPTIME_RAW;timer_res_ns=41;cpu_hz=4510000000;hz_source=advertised-pcore-max:Apple-M4-Pro/Max;qos=user_interactive

block-24-mlkem-sve-1024.csv
# est_cycles;timer=CLOCK_UPTIME_RAW;timer_res_ns=41;cpu_hz=4510000000;hz_source=advertised-pcore-max:Apple-M4-Pro/Max;qos=user_interactive

block-25-mlkem-sve-1024.csv
# est_cycles;timer=CLOCK_UPTIME_RAW;timer_res_ns=41;cpu_hz=4510000000;hz_source=advertised-pcore-max:Apple-M4-Pro/Max;qos=user_interactive

block-25-kyber-sve-1024.csv
# est_cycles;timer=CLOCK_UPTIME_RAW;timer_res_ns=41;cpu_hz=4510000000;hz_source=advertised-pcore-max:Apple-M4-Pro/Max;qos=user_interactive

block-25-mlkem-sve-512.csv
# est_cycles;timer=CLOCK_UPTIME_RAW;timer_res_ns=41;cpu_hz=4510000000;hz_source=advertised-pcore-max:Apple-M4-Pro/Max;qos=user_interactive

block-25-kyber-sve-512.csv
# est_cycles;timer=CLOCK_UPTIME_RAW;timer_res_ns=41;cpu_hz=4510000000;hz_source=advertised-pcore-max:Apple-M4-Pro/Max;qos=user_interactive

block-25-mlkem-sve-768.csv
# est_cycles;timer=CLOCK_UPTIME_RAW;timer_res_ns=41;cpu_hz=4510000000;hz_source=advertised-pcore-max:Apple-M4-Pro/Max;qos=user_interactive

block-25-kyber-sve-768.csv
# est_cycles;timer=CLOCK_UPTIME_RAW;timer_res_ns=41;cpu_hz=4510000000;hz_source=advertised-pcore-max:Apple-M4-Pro/Max;qos=user_interactive

block-26-kyber-sve-512.csv
# est_cycles;timer=CLOCK_UPTIME_RAW;timer_res_ns=41;cpu_hz=4510000000;hz_source=advertised-pcore-max:Apple-M4-Pro/Max;qos=user_interactive

block-26-mlkem-sve-1024.csv
# est_cycles;timer=CLOCK_UPTIME_RAW;timer_res_ns=41;cpu_hz=4510000000;hz_source=advertised-pcore-max:Apple-M4-Pro/Max;qos=user_interactive

block-26-mlkem-sve-768.csv
# est_cycles;timer=CLOCK_UPTIME_RAW;timer_res_ns=41;cpu_hz=4510000000;hz_source=advertised-pcore-max:Apple-M4-Pro/Max;qos=user_interactive

block-26-kyber-sve-1024.csv
# est_cycles;timer=CLOCK_UPTIME_RAW;timer_res_ns=41;cpu_hz=4510000000;hz_source=advertised-pcore-max:Apple-M4-Pro/Max;qos=user_interactive

block-26-kyber-sve-768.csv
# est_cycles;timer=CLOCK_UPTIME_RAW;timer_res_ns=41;cpu_hz=4510000000;hz_source=advertised-pcore-max:Apple-M4-Pro/Max;qos=user_interactive

block-26-mlkem-sve-512.csv
# est_cycles;timer=CLOCK_UPTIME_RAW;timer_res_ns=41;cpu_hz=4510000000;hz_source=advertised-pcore-max:Apple-M4-Pro/Max;qos=user_interactive

block-27-kyber-sve-1024.csv
# est_cycles;timer=CLOCK_UPTIME_RAW;timer_res_ns=41;cpu_hz=4510000000;hz_source=advertised-pcore-max:Apple-M4-Pro/Max;qos=user_interactive

block-27-kyber-sve-512.csv
# est_cycles;timer=CLOCK_UPTIME_RAW;timer_res_ns=41;cpu_hz=4510000000;hz_source=advertised-pcore-max:Apple-M4-Pro/Max;qos=user_interactive

block-27-mlkem-sve-512.csv
# est_cycles;timer=CLOCK_UPTIME_RAW;timer_res_ns=41;cpu_hz=4510000000;hz_source=advertised-pcore-max:Apple-M4-Pro/Max;qos=user_interactive

block-27-mlkem-sve-1024.csv
# est_cycles;timer=CLOCK_UPTIME_RAW;timer_res_ns=41;cpu_hz=4510000000;hz_source=advertised-pcore-max:Apple-M4-Pro/Max;qos=user_interactive

block-27-mlkem-sve-768.csv
# est_cycles;timer=CLOCK_UPTIME_RAW;timer_res_ns=41;cpu_hz=4510000000;hz_source=advertised-pcore-max:Apple-M4-Pro/Max;qos=user_interactive

block-27-kyber-sve-768.csv
# est_cycles;timer=CLOCK_UPTIME_RAW;timer_res_ns=41;cpu_hz=4510000000;hz_source=advertised-pcore-max:Apple-M4-Pro/Max;qos=user_interactive

block-28-kyber-sve-768.csv
# est_cycles;timer=CLOCK_UPTIME_RAW;timer_res_ns=41;cpu_hz=4510000000;hz_source=advertised-pcore-max:Apple-M4-Pro/Max;qos=user_interactive

block-28-kyber-sve-512.csv
# est_cycles;timer=CLOCK_UPTIME_RAW;timer_res_ns=41;cpu_hz=4510000000;hz_source=advertised-pcore-max:Apple-M4-Pro/Max;qos=user_interactive

block-28-mlkem-sve-768.csv
# est_cycles;timer=CLOCK_UPTIME_RAW;timer_res_ns=41;cpu_hz=4510000000;hz_source=advertised-pcore-max:Apple-M4-Pro/Max;qos=user_interactive

block-28-kyber-sve-1024.csv
# est_cycles;timer=CLOCK_UPTIME_RAW;timer_res_ns=41;cpu_hz=4510000000;hz_source=advertised-pcore-max:Apple-M4-Pro/Max;qos=user_interactive

block-28-mlkem-sve-1024.csv
# est_cycles;timer=CLOCK_UPTIME_RAW;timer_res_ns=41;cpu_hz=4510000000;hz_source=advertised-pcore-max:Apple-M4-Pro/Max;qos=user_interactive

block-28-mlkem-sve-512.csv
# est_cycles;timer=CLOCK_UPTIME_RAW;timer_res_ns=41;cpu_hz=4510000000;hz_source=advertised-pcore-max:Apple-M4-Pro/Max;qos=user_interactive

block-29-mlkem-sve-512.csv
# est_cycles;timer=CLOCK_UPTIME_RAW;timer_res_ns=41;cpu_hz=4510000000;hz_source=advertised-pcore-max:Apple-M4-Pro/Max;qos=user_interactive

block-29-kyber-sve-1024.csv
# est_cycles;timer=CLOCK_UPTIME_RAW;timer_res_ns=41;cpu_hz=4510000000;hz_source=advertised-pcore-max:Apple-M4-Pro/Max;qos=user_interactive

block-29-mlkem-sve-768.csv
# est_cycles;timer=CLOCK_UPTIME_RAW;timer_res_ns=41;cpu_hz=4510000000;hz_source=advertised-pcore-max:Apple-M4-Pro/Max;qos=user_interactive

block-29-mlkem-sve-1024.csv
# est_cycles;timer=CLOCK_UPTIME_RAW;timer_res_ns=41;cpu_hz=4510000000;hz_source=advertised-pcore-max:Apple-M4-Pro/Max;qos=user_interactive

block-29-kyber-sve-512.csv
# est_cycles;timer=CLOCK_UPTIME_RAW;timer_res_ns=41;cpu_hz=4510000000;hz_source=advertised-pcore-max:Apple-M4-Pro/Max;qos=user_interactive

block-29-kyber-sve-768.csv
# est_cycles;timer=CLOCK_UPTIME_RAW;timer_res_ns=41;cpu_hz=4510000000;hz_source=advertised-pcore-max:Apple-M4-Pro/Max;qos=user_interactive

block-30-mlkem-sve-512.csv
# est_cycles;timer=CLOCK_UPTIME_RAW;timer_res_ns=41;cpu_hz=4510000000;hz_source=advertised-pcore-max:Apple-M4-Pro/Max;qos=user_interactive

block-30-kyber-sve-512.csv
# est_cycles;timer=CLOCK_UPTIME_RAW;timer_res_ns=41;cpu_hz=4510000000;hz_source=advertised-pcore-max:Apple-M4-Pro/Max;qos=user_interactive

block-30-mlkem-sve-768.csv
# est_cycles;timer=CLOCK_UPTIME_RAW;timer_res_ns=41;cpu_hz=4510000000;hz_source=advertised-pcore-max:Apple-M4-Pro/Max;qos=user_interactive

block-30-mlkem-sve-1024.csv
# est_cycles;timer=CLOCK_UPTIME_RAW;timer_res_ns=41;cpu_hz=4510000000;hz_source=advertised-pcore-max:Apple-M4-Pro/Max;qos=user_interactive

block-30-kyber-sve-768.csv
# est_cycles;timer=CLOCK_UPTIME_RAW;timer_res_ns=41;cpu_hz=4510000000;hz_source=advertised-pcore-max:Apple-M4-Pro/Max;qos=user_interactive

block-30-kyber-sve-1024.csv
# est_cycles;timer=CLOCK_UPTIME_RAW;timer_res_ns=41;cpu_hz=4510000000;hz_source=advertised-pcore-max:Apple-M4-Pro/Max;qos=user_interactive

